11/18/1999,30.3,33.29,26.88,28.26,65638967
11/19/1999,27.47,27.51,25.47,26.03,16850215
11/22/1999,27.11,28.3,26.29,28.26,7106216
11/23/1999,27.04,27.32,25.61,25.69,6693088
11/24/1999,25.79,26.95,25.71,26.35,5261739
11/26/1999,26.31,26.71,26.23,26.39,1919867
11/29/1999,26.39,27.32,26.11,26.99,4517371
11/30/1999,26.95,27.55,26.27,27.11,4766085
12/01/1999,26.99,27.79,26.79,27.67,3253637
12/02/1999,28,28.8,27.76,28.44,3425930
12/03/1999,28.58,29.06,28.18,28.58,3396548
12/06/1999,29.06,29.82,29.02,29.38,2497129
12/07/1999,29.38,29.54,28.46,29.06,2448236
12/08/1999,29.14,29.38,28.86,28.94,2072052
12/09/1999,29.08,29.52,29.08,29.4,2254379
12/10/1999,29.06,29.22,28.7,28.74,1866975
12/13/1999,29.59,29.75,28.86,29.22,4418699
12/14/1999,29.7,29.7,27.53,27.62,2530904
12/15/1999,26.97,27.17,26.33,26.77,3232239
12/16/1999,28.09,30.47,28.09,30.34,2750328
12/17/1999,29.78,30.26,29.18,29.5,4122887
12/20/1999,29.76,30.2,29.68,30.04,1327082
12/21/1999,29.98,29.98,29.54,29.94,2505996
12/22/1999,30.26,30.83,30.06,30.55,2057790
12/23/1999,30.54,32.15,30.5,31.91,2390218
12/27/1999,32.07,34.16,31.83,33.92,2235849
12/28/1999,34.9,39.44,34.7,39.44,3889239
12/29/1999,42.18,52.94,42.14,46.24,11027947
12/30/1999,48.91,51.48,47.98,50.8,7233098
12/31/1999,51.12,51.28,49.03,49.59,2114808
01/03/2000,50.68,50.8,43.36,46.13,5049150
01/04/2000,44.33,44.82,42.14,42.71,5172701
01/05/2000,42.51,42.51,38.7,40.1,6383929
01/06/2000,40.38,40.62,38.08,38.53,2734958
01/07/2000,37.93,42.35,37.89,41.74,3117957
01/10/2000,44.37,44.78,43.45,44.21,2362101
01/11/2000,44.27,44.27,42.67,43.67,2046975
01/12/2000,44.04,44.04,41.49,42.79,1569282
01/13/2000,43.89,44.81,42.37,43.45,1250938
01/14/2000,43.03,44.55,43.03,43.91,1450906
01/18/2000,44.07,46.8,43.75,45.92,2318846
01/19/2000,45.75,45.75,44.36,44.96,2949432
01/20/2000,45.46,45.54,43.37,43.73,2222855
01/21/2000,44.43,44.59,42.71,44.11,2132712
01/24/2000,44.03,46.16,43.71,43.95,2307239
01/25/2000,44.21,44.78,42.73,43.41,1269568
01/26/2000,43.63,44.47,43.59,43.87,1129061
01/27/2000,44.83,45.24,43.15,43.99,965831
01/28/2000,44.72,44.72,43.39,43.63,1739217
01/31/2000,43.37,43.41,41.56,42.53,1151564
02/01/2000,42.51,46.2,42.51,45.64,1520348
02/02/2000,47.48,49.21,47.27,49.13,2091378
02/03/2000,48.29,49.93,47.4,49.93,1975662
02/04/2000,49.97,49.97,48.21,48.93,1265067
02/07/2000,49.89,51.38,48.97,51.06,1410426
02/08/2000,52.02,52.95,50.41,50.57,1292377
02/09/2000,49.85,50.53,48.61,48.65,1292719
02/10/2000,49.45,50.61,48.37,49.25,1180287
02/11/2000,49.13,49.33,48.05,48.41,834302
02/14/2000,48.35,49.43,48.07,49.07,912560
02/15/2000,49.33,53.47,49.33,52.43,2215574
02/16/2000,51.36,52.56,50.96,52.04,1981559
02/17/2000,61.07,62.96,58.53,62.3,890383
02/18/2000,56.6,61.32,56.36,60.44,4448803
02/22/2000,61.57,62.45,57.72,58.85,2479894
02/23/2000,58.84,64.54,58.84,63.58,1871490
02/24/2000,65.34,74.4,64.78,68.32,3235323
02/25/2000,66.41,73.19,66.33,69.42,2261197
02/28/2000,70.13,70.82,63.73,64.86,1827988
02/29/2000,65.34,68.85,65.26,66.51,1057454
03/01/2000,67.07,71.73,66.91,70.12,1150900
03/02/2000,71.74,71.78,66.89,67.62,1251320
03/03/2000,67.12,71.47,67.12,69.64,1339598
03/06/2000,75.88,107.44,75.55,102.11,5925073
03/07/2000,102.35,105.63,85.95,91.2,8205546
03/08/2000,98.21,102.24,94.17,97.62,4111825
03/09/2000,94.49,98.98,93.2,98.18,2759685
03/10/2000,98.09,99.3,90.4,91.36,2712566
03/13/2000,83.57,89.27,83.21,84.25,2839428
03/14/2000,85.35,87.28,76.29,78.01,3739164
03/15/2000,81.17,81.17,71.75,73.37,3369401
03/16/2000,73.87,78.33,71.32,75.82,3055611
03/17/2000,76.66,81.6,75.9,77.75,1718448
03/20/2000,77.41,78.09,72.63,72.99,1489587
03/21/2000,71.95,74.06,68.7,73.86,2760803
03/22/2000,73.05,77.79,70.15,76.59,2172079
03/23/2000,76.52,79.41,75.08,76.93,2156706
03/24/2000,78.55,80,76.9,77.07,1319253
03/27/2000,75.78,76.62,72.57,73.5,926588
03/28/2000,73.23,78.33,72.91,76.48,1533639
03/29/2000,76.42,77.71,70.64,71.93,1376010
03/30/2000,69.52,72.29,63.7,67.39,2240282
03/31/2000,68.12,68.12,57.83,66.75,4056783
04/03/2000,66.21,66.37,58.98,62.88,2213850
04/04/2000,63.12,65.94,52.82,59.86,3853229
04/05/2000,59.7,64.29,58.01,62.12,2279464
04/06/2000,63.31,67.54,62.47,67.3,1512597
04/07/2000,68.74,79.93,68.46,78.65,3296972
04/10/2000,78.46,78.46,67.77,68.69,3248753
04/11/2000,64.86,67.35,63.94,64.82,2041199
04/12/2000,63.54,64.35,55.11,55.23,4705059
04/13/2000,56.54,62.32,55.89,57.78,4110706
04/14/2000,56.35,57.44,52.02,53.1,3156868
04/17/2000,52.7,54.39,48.09,51.06,2917225
04/18/2000,50.11,56.54,48.27,55.85,4158218
04/19/2000,55.93,57.82,54,55.97,2687473
04/20/2000,56.42,58.9,56.09,57.78,1609691
04/24/2000,55.84,59.2,54.51,58.96,1865543
04/25/2000,58.15,58.72,56.3,57.8,1272942
04/26/2000,61.17,61.21,58.92,58.92,1062470
04/27/2000,57.16,59.8,57.08,58.36,2533499
04/28/2000,57.82,57.86,55.85,56.9,1974357
05/01/2000,57.05,61.96,57.05,61.12,2094594
05/02/2000,63.9,67.72,63.37,64.71,4063885
05/03/2000,62.62,62.94,57.56,58.76,2555210
05/04/2000,58.8,58.8,56.71,57.92,1302713
05/05/2000,57.9,59.99,57.54,58.74,1402835
05/08/2000,59.05,59.05,54.35,54.39,1189426
05/09/2000,54.95,55.59,50.49,51.46,1895123
05/10/2000,50.8,51.24,48.71,49.39,1765821
05/11/2000,49.83,51.04,48.87,49.11,1863611
05/12/2000,55.64,64.91,54.48,58.16,14222631
05/15/2000,57.86,58.5,54.73,56.57,4892859
05/16/2000,53.53,57.58,53.46,56.84,6919766
05/17/2000,53.51,53.75,49.37,50.05,13637097
05/18/2000,48.14,48.72,45.25,45.6,7042942
05/19/2000,46.68,47.97,42.47,42.79,5832271
05/22/2000,43.82,44.47,39.2,40.06,8506233
05/23/2000,40.56,41.42,37.04,37.25,5666929
05/24/2000,37.57,38.99,35.13,37.89,8674556
05/25/2000,41.52,46.04,40.82,44.15,7787847
05/26/2000,42.95,43.91,41.26,41.83,5522702
05/30/2000,42.54,49.13,42.46,48.37,5920619
05/31/2000,47.54,50.23,46.74,47.26,4835706
06/01/2000,47.64,48.84,46.56,47.04,4389192
06/02/2000,47.17,52.62,47.17,52.54,18786737
06/05/2000,53.28,55.09,50.32,50.74,11453819
06/06/2000,48.98,49.18,44.99,45.6,13286111
06/07/2000,45.42,46.88,42.54,43.03,12543507
06/08/2000,43.78,45.62,43.66,44.39,10434996
06/09/2000,44.74,46.7,44.74,45.58,10296492
06/12/2000,46.66,46.66,42.24,42.37,6282395
06/13/2000,41.37,46.01,41.37,44.41,8598388
06/14/2000,45.42,45.9,43.01,43.53,6166089
06/15/2000,43.67,43.67,41.66,42.31,7484374
06/16/2000,42.59,42.83,40.02,40.14,7188853
06/19/2000,40.07,43.9,40.07,43.5,7458508
06/20/2000,44.27,48.73,43.91,47.28,12855558
06/21/2000,47.06,51.27,47.02,50.47,9962933
06/22/2000,51.9,51.94,48.4,48.65,7392020
06/23/2000,47.54,49.83,47.5,48.19,4411314
06/26/2000,48.23,49.07,47.62,48.19,4202972
06/27/2000,48.13,49.37,47.64,48.41,4531131
06/28/2000,50.42,51.34,49.78,51.22,10924446
06/29/2000,51.42,51.46,48.28,48.6,9595354
06/30/2000,47.64,49.38,46.59,47.36,9475147
07/03/2000,47.54,47.66,46.1,47.3,3531880
07/05/2000,46.42,46.78,44.81,45.01,5960388
07/06/2000,45,45.28,43.91,44.35,4658548
07/07/2000,44.98,45.26,42.89,43.33,6643922
07/10/2000,43.51,45.12,43.43,43.99,5963531
07/11/2000,43.65,44.01,42.45,43.25,4626575
07/12/2000,44.76,45.52,43.87,44.15,4188059
07/13/2000,44.49,46.75,44.33,45.42,6388844
07/14/2000,45.94,50.27,45.94,49.47,8399512
07/17/2000,49.37,51.98,48.97,50.25,6801412
07/18/2000,50.13,50.13,47.56,49.17,4063249
07/19/2000,48.89,48.93,46.8,47.48,3920937
07/20/2000,35.01,36.16,34.18,34.68,5312440
07/21/2000,33.18,33.34,29.8,30.76,39892934
07/24/2000,32.73,32.85,31.26,31.79,15202468
07/25/2000,30.82,31.09,28.66,28.74,10310220
07/26/2000,29.2,29.64,27.22,27.62,12733137
07/27/2000,27.82,28.25,25.38,26.17,11063439
07/28/2000,26.81,26.89,25.37,26.49,10676103
07/31/2000,26.41,27.14,25.81,26.13,8939646
08/01/2000,26.42,26.74,25.89,26.01,6493810
08/02/2000,25.79,26.47,25.39,25.75,7435742
08/03/2000,25.84,26.54,25.46,26.33,9291895
08/04/2000,25.95,26.55,25.39,25.79,5740965
08/07/2000,26.09,26.49,25.01,25.53,6149438
08/08/2000,25.69,25.69,24.72,24.93,5601811
08/09/2000,24.87,25.59,24.71,25.27,5213459
08/10/2000,25.09,25.57,24.85,25.05,3472175
08/11/2000,25.57,26.25,25.05,26.05,3791382
08/14/2000,26.99,28,26.67,27.92,6145122
08/15/2000,27.85,28.17,27.25,27.29,5023556
08/16/2000,28.61,28.9,27.94,27.94,3349822
08/17/2000,27.7,30.34,27.7,29.86,11018353
08/18/2000,36.95,37.19,35.23,36.35,19806750
08/21/2000,37.76,38.98,37.15,38.85,9427585
08/22/2000,38.87,38.91,38.03,38.75,5508137
08/23/2000,38.51,38.83,38.15,38.79,3627672
08/24/2000,38.73,38.93,37.93,38.41,3373529
08/25/2000,38.39,38.63,37.35,37.51,2696196
08/28/2000,37.43,37.79,36.75,37.67,4120736
08/29/2000,37.5,40.93,37.42,40.61,6696793
08/30/2000,41.02,41.1,39.13,39.42,3449978
08/31/2000,39.99,40.31,38.77,39.18,3284337
09/01/2000,39.01,40.3,38.65,39.7,3467698
09/05/2000,39.6,40.12,39.32,39.72,2266881
09/06/2000,39.62,40.06,38.41,38.53,2473147
09/07/2000,38.57,39.94,38.09,39.7,2351465
09/08/2000,38.91,39.24,37.99,38.03,2233759
09/11/2000,38.01,38.01,36.08,36.32,3283063
09/12/2000,35.78,37.11,35.3,35.38,3155041
09/13/2000,36.49,36.49,34.44,35.28,3884210
09/14/2000,35.7,36.47,35.66,35.82,3771083
09/15/2000,35.63,37.62,35.59,36.74,4180319
09/18/2000,37.07,37.44,34.07,34.68,5184761
09/19/2000,34.52,34.8,33.51,34.48,3541336
09/20/2000,34.44,34.64,33.27,33.68,2187801
09/21/2000,32.44,32.44,30.56,30.83,3382310
09/22/2000,31.34,32.48,31.21,32.11,3769011
09/25/2000,32.25,33.33,30.93,31.05,2644697
09/26/2000,31.15,31.67,28.98,29.02,3384512
09/27/2000,29.62,29.98,28.46,29.58,4341627
09/28/2000,29.57,31.09,29.57,30.81,4694966
09/29/2000,31.11,31.99,30.79,31.35,4077186
10/02/2000,31.55,32.99,31.55,32.47,3231300
10/03/2000,32.79,35.69,32.35,34.08,6087178
10/04/2000,33.94,37.63,33.7,37.19,6096210
10/05/2000,37.23,37.23,35.1,35.38,4438692
10/06/2000,35.84,35.92,32.87,33.52,3102678
10/09/2000,33.5,33.5,32.21,32.53,2394768
10/10/2000,33.2,34.04,31.11,31.79,3428535
10/11/2000,30.93,31.13,28.88,29.32,6074035
10/12/2000,30.32,30.52,28.05,28.74,4585526
10/13/2000,27.88,28.88,27.44,28.56,5649511
10/16/2000,28.82,31.27,28.62,29.82,4507959
10/17/2000,29.92,29.96,27.39,27.8,3128523
10/18/2000,26.07,27.28,25.23,26.23,6167460
10/19/2000,27.29,28.86,27.17,28.1,5064473
10/20/2000,28.14,30.67,28.1,29.86,5120870
10/23/2000,29.92,33.34,29.24,32.77,5395165
10/24/2000,32.81,32.93,30.52,30.85,3921271
10/25/2000,28.82,29.1,27.13,27.37,5742888
10/26/2000,27.34,28.58,26.93,28.3,7012691
10/27/2000,29.5,30.39,28.9,29.34,4689286
10/30/2000,28.72,29.48,28.04,29.28,2960869
10/31/2000,29.28,30.56,29.28,29.76,4184436
11/01/2000,29.54,30.39,29.26,30.06,3630381
11/02/2000,30.28,31.29,30.12,30.89,3726805
11/03/2000,30.55,30.59,29.38,30.1,2477665
11/06/2000,30.18,30.18,29.5,29.74,2455758
11/07/2000,29.3,29.74,29.26,29.5,2396077
11/08/2000,29.54,30.39,28.26,28.46,2543693
11/09/2000,28.68,28.68,26.71,27.96,4256746
11/10/2000,26.97,27.45,25.25,25.33,5274986
11/13/2000,25.27,26.28,24.54,25.15,6356070
11/14/2000,25.95,27.64,25.87,27.36,4097697
11/15/2000,27.45,28.34,27.13,27.86,2593809
11/16/2000,27.6,28.08,26.51,26.71,2984167
11/17/2000,28.28,30.53,28.16,30.41,8438229
11/20/2000,30.1,30.14,28.14,28.66,4472150
11/21/2000,31.25,32.45,29.76,31.21,10859399
11/22/2000,31.56,31.8,29.53,30.83,3935247
11/24/2000,31.43,33.12,31.31,32.67,1889975
11/27/2000,32.75,33.4,32.15,32.39,3245825
11/28/2000,32.43,33.88,32.39,32.55,3788566
11/29/2000,33.17,34.7,32.81,34.58,4655461
11/30/2000,34.1,34.22,32.57,33.46,5303062
12/01/2000,33.94,35.06,33.82,34.1,3807320
12/04/2000,33.33,33.97,32.33,32.85,3145039
12/05/2000,33.88,35.76,33.76,35.36,5921964
12/06/2000,35.4,36.48,33.44,33.48,4580593
12/07/2000,33.68,35.2,32.96,34.72,3326286
12/08/2000,36.13,38.37,35.97,38.25,4453400
12/11/2000,37.71,38.15,36.67,37.03,3448398
12/12/2000,37.47,37.67,36.59,36.79,2281620
12/13/2000,37.99,38.15,37.15,37.35,4285042
12/14/2000,37.45,38.33,37.33,38.01,4489190
12/15/2000,38.07,38.35,35.02,36.51,6403719
12/18/2000,36.55,37.43,36.18,36.59,3665254
12/19/2000,36.57,38.41,36.45,36.69,3501241
12/20/2000,35.38,35.42,32.75,33.72,5047584
12/21/2000,33.72,34.58,32.03,32.99,4335582
12/22/2000,32.83,35.8,32.79,35.12,2742055
12/26/2000,35.14,35.42,34.02,34.38,1747304
12/27/2000,34.42,35.98,34.42,35.9,4162085
12/28/2000,35.72,36.21,34.92,35.52,1961019
12/29/2000,35.62,36.31,34.5,35.1,2289699
01/02/2001,34.9,34.9,31.78,32.67,2477960
01/03/2001,31.59,36.33,30.58,36.01,4979769
01/04/2001,36.43,38.23,35.43,37.51,4875409
01/05/2001,36.77,37.41,34.36,35.36,3646110
01/08/2001,34.8,35.76,33.56,34.24,2417714
01/09/2001,34.36,35.28,33.27,34.04,2636169
01/10/2001,33.74,35.66,33.66,35.5,2547960
01/11/2001,35.88,37.05,34.48,36.97,3802594
01/12/2001,36.99,37.27,35.78,36.02,2681395
01/16/2001,36.14,37.43,35.54,37.35,2784570
01/17/2001,37.87,40.6,37.87,39.76,8954158
01/18/2001,39.8,43.69,38.79,43.37,7269709
01/19/2001,43.35,43.35,41.46,42.11,6440946
01/22/2001,42.19,42.19,39.45,40.26,2963998
01/23/2001,40.3,40.94,39.54,40.26,3233215
01/24/2001,40.11,40.35,36.93,37.25,5509713
01/25/2001,36.41,36.85,34.68,35.48,4579746
01/26/2001,34.88,35.76,33.84,35.08,4066990
01/29/2001,35.62,36.26,34.66,34.97,3147039
01/30/2001,35.53,35.53,34.99,35.17,2434165
01/31/2001,35.39,35.87,34.3,34.97,2752808
02/01/2001,34.81,35.23,34.06,34.55,3776210
02/02/2001,34.66,35.22,33.46,33.46,3333198
02/05/2001,34.69,34.91,31.07,31.6,4036834
02/06/2001,31.75,33.74,31.75,32.71,3565600
02/07/2001,32.38,32.83,31.58,32.18,1971868
02/08/2001,32.27,35.16,32.27,34.81,4569942
02/09/2001,34.84,35.16,33.42,33.7,2705277
02/12/2001,33.62,34.07,32.37,32.79,3290393
02/13/2001,32.74,33.13,30.43,30.44,4707326
02/14/2001,30.93,31.41,30.63,30.88,4650689
02/15/2001,31.85,35.25,31.78,34.65,4267601
02/16/2001,32.11,32.43,31.24,32.11,5360165
02/20/2001,31.5,31.66,27.53,28.36,6830064
02/21/2001,26.97,27.13,25.18,25.82,10208040
02/22/2001,25.66,26.07,24.73,25.09,7364612
02/23/2001,25.06,25.25,22.8,24.63,5780847
02/26/2001,24.13,24.81,23.88,24.67,4067943
02/27/2001,24.22,25.44,23.67,24.53,3881414
02/28/2001,24.69,24.95,23.02,23.09,3844220
03/01/2001,23.03,25.02,22.07,24.63,5561136
03/02/2001,23.41,25.84,23.4,24.43,3743922
03/05/2001,24.33,25.1,23.73,24.53,2230273
03/06/2001,25.07,26.5,25.07,26.11,3993099
03/07/2001,27.15,27.2,26.06,26.32,2826270
03/08/2001,26.32,26.48,25.44,25.68,3104636
03/09/2001,25.08,25.32,23.51,23.82,2979837
03/12/2001,23.12,23.51,22.48,22.48,3609643
03/13/2001,22.88,23.7,22.59,23.48,2845648
03/14/2001,22.61,23.56,22.44,22.67,4020282
03/15/2001,22.85,23.54,22.22,22.33,3081296
03/16/2001,22.14,23.01,21.86,22.27,4542922
03/19/2001,22.22,24.11,21.58,23.76,2545740
03/20/2001,23.28,23.28,22.03,22.03,4547663
03/21/2001,21.14,21.6,18.948,20.36,9142705
03/22/2001,20.49,22.47,20.45,22.35,5018882
03/23/2001,22.3,25.31,22.29,24.35,5541416
03/26/2001,23.84,24.17,23.21,23.81,3079004
03/27/2001,23.77,23.79,22.96,23.71,2910969
03/28/2001,22.51,22.59,20.84,21.03,4530519
03/29/2001,20.55,21.31,19.267,19.267,9371098
03/30/2001,19.671,20.46,19.414,19.716,5545472
04/02/2001,20.72,20.92,19.465,19.806,3860240
04/03/2001,19.305,19.561,17.958,18.971,5655176
04/04/2001,18.432,18.875,17.822,18.046,3193193
04/05/2001,18.489,20.06,18.463,19.64,3765695
04/06/2001,16.754,17.978,16.109,17.798,8134388
04/09/2001,17.651,18.126,17.337,17.748,3226205
04/10/2001,18.117,19.582,17.898,19.164,3285446
04/11/2001,20.07,20.94,19.91,20.34,3656424
04/12/2001,19.912,22.16,19.276,21.81,3687425
04/16/2001,21.32,21.55,20.76,21.4,2339495
04/17/2001,20.66,21.76,20.35,21.46,1940480
04/18/2001,22.17,24.99,21.98,24.38,5358060
04/19/2001,24.01,26.01,24.01,25.04,4225121
04/20/2001,25.1,26.4,24.8,25.88,3867208
04/23/2001,25.43,25.75,24.6,25.63,3064268
04/24/2001,24.96,25.18,23.42,23.93,2909217
04/25/2001,23.74,25.03,23.44,24.96,2390142
04/26/2001,24.56,26.31,24.4,24.41,3077617
04/27/2001,25.3,25.81,24.56,24.92,1775977
04/30/2001,25.31,25.85,24.95,25.05,1824845
05/01/2001,24.36,25.35,24.13,25.16,2103983
05/02/2001,25.61,25.96,25.17,25.53,1887304
05/03/2001,25.21,25.21,24.33,24.69,1717008
05/04/2001,24.31,25.1,23.82,24.64,2475993
05/07/2001,24.2,25.09,24,24.83,1922405
05/08/2001,24.97,25.42,24.29,24.68,1726566
05/09/2001,24.32,25.63,24.06,25.07,2714257
05/10/2001,25.69,26.45,25.09,25.18,2635073
05/11/2001,25.21,25.9,25.21,25.52,2240889
05/14/2001,25.61,25.61,24.45,24.85,1900847
05/15/2001,24.38,25.04,23.83,23.98,2576653
05/16/2001,23.42,24.73,22.8,24.72,3465944
05/17/2001,24.39,25.35,24.08,24.89,3236310
05/18/2001,24.41,25.02,22.93,23.12,9926104
05/21/2001,23.12,24.6,22.93,24.4,6897646
05/22/2001,24.87,25.54,24.28,25.22,3834484
05/23/2001,24.62,24.67,24.07,24.37,3770780
05/24/2001,24.27,24.38,23.36,23.4,3016915
05/25/2001,23.65,24.74,23.65,24.19,2133028
05/29/2001,24.21,24.21,22.85,23.06,2399221
05/30/2001,21.91,22.36,21.03,21.1,3737453
05/31/2001,21.21,21.85,20.72,21.53,5064848
06/01/2001,22.14,22.3,21.09,21.83,2407598
06/04/2001,21.83,21.95,21.38,21.52,2392364
06/05/2001,21.51,22.05,21.51,21.91,3547819
06/06/2001,21.91,22.42,21.54,22,2178048
06/07/2001,21.51,23.41,21.51,23.02,3075247
06/08/2001,22.63,22.93,22.38,22.48,1397026
06/11/2001,22.1,22.48,21.3,21.68,3451739
06/12/2001,21.21,21.61,20.62,21.39,3167138
06/13/2001,21.46,21.73,20.98,21.02,1740622
06/14/2001,20.65,20.66,19.494,19.97,3652534
06/15/2001,19.27,19.873,18.615,19.572,4357063
06/18/2001,19.456,19.95,18.801,19.27,2702645
06/19/2001,19.588,19.703,18.624,18.83,3538509
06/20/2001,18.784,18.836,17.458,18.297,4979039
06/21/2001,18.464,19.042,18.188,18.997,3422812
06/22/2001,18.637,19.511,18.483,18.868,3772444
06/25/2001,18.945,19.267,18.785,19.01,2534392
06/26/2001,18.849,19.267,18.322,18.721,3740290
06/27/2001,18.243,19.558,18.243,19.198,3558793
06/28/2001,19.263,20.48,19.263,20.36,4579701
06/29/2001,19.389,20.99,18.958,20.87,6335664
07/02/2001,20.87,21.51,20.56,21.25,2286135
07/03/2001,21.34,21.34,20.78,20.87,989882
07/05/2001,20.88,21.15,20.26,20.66,2194416
07/06/2001,20.46,20.46,18.687,19.393,2343570
07/09/2001,19.366,19.687,19.019,19.206,1503279
07/10/2001,19.239,19.554,18.061,18.145,3630825
07/11/2001,18.23,18.487,16.848,17.233,4665232
07/12/2001,18.303,20.23,18.175,19.742,3716185
07/13/2001,19.751,20.61,19.154,19.456,3041907
07/16/2001,19.383,19.698,18.322,18.54,2419457
07/17/2001,18.143,19.228,17.989,18.945,3107032
07/18/2001,18.043,18.775,18.043,18.3,1606425
07/19/2001,18.393,19.588,18.393,18.599,2047129
07/20/2001,18.4,18.81,17.881,18.598,2260605
07/23/2001,18.634,18.866,17.709,17.779,2200732
07/24/2001,17.77,17.996,17.384,17.584,2683068
07/25/2001,17.597,17.879,17.289,17.879,2475177
07/26/2001,17.973,18.968,17.748,18.769,2718886
07/27/2001,18.718,19.385,18.499,19.334,1987031
07/30/2001,18.606,19.182,18.606,18.945,1980740
07/31/2001,18.692,19.496,18.293,18.338,2303676
08/01/2001,18.949,20.48,18.769,20.39,3770663
08/02/2001,20.21,20.98,19.99,20.41,2818066
08/03/2001,20.02,20.76,19.97,20.12,1550964
08/06/2001,20.09,20.2,19.578,19.809,1805375
08/07/2001,19.796,20.43,19.591,19.925,1584240
08/08/2001,19.08,19.659,18.579,18.586,3331369
08/09/2001,18.589,18.589,17.992,18.396,1759041
08/10/2001,18.412,18.509,17.68,18.348,2559323
08/13/2001,18.624,18.849,18.111,18.573,1267945
08/14/2001,18.621,19.071,18.621,18.974,2371088
08/15/2001,18.56,18.74,17.635,17.886,1733834
08/16/2001,17.5,17.822,17.083,17.661,2733789
08/17/2001,17.552,17.552,16.832,16.967,2275340
08/20/2001,16.762,16.929,16.242,16.756,2414444
08/21/2001,16.228,17.387,15.648,16.943,8163319
08/22/2001,17.244,17.334,16.768,16.942,2764938
08/23/2001,16.935,17.199,16.621,16.813,3935367
08/24/2001,16.988,17.981,16.859,17.879,2144362
08/27/2001,18.014,18.021,17.385,17.43,1466510
08/28/2001,17.468,17.854,17.186,17.661,2017993
08/29/2001,17.577,17.706,17.391,17.456,2040034
08/30/2001,17.243,17.66,16.609,16.762,2128172
08/31/2001,16.653,17.199,16.62,17,1537305
09/04/2001,16.961,17.348,16.479,16.55,2036819
09/05/2001,16.313,16.59,15.612,15.766,4505007
09/06/2001,15.648,15.776,14.909,15.404,4243413
09/07/2001,14.899,15.574,14.842,14.996,2540256
09/10/2001,14.472,14.91,14.382,14.781,2975386
09/17/2001,13.615,14.471,13.518,13.937,3785181
09/18/2001,13.808,14.386,13.487,13.955,2284739
09/19/2001,13.827,14.771,12.915,14.61,4418897
09/20/2001,14.132,14.139,13.194,13.368,3166244
09/21/2001,11.575,13.151,11.575,12.926,4437854
09/24/2001,13.169,13.933,12.976,13.483,2967895
09/25/2001,13.625,13.625,11.89,12.693,3667243
09/26/2001,12.829,12.989,11.896,12.378,3364361
09/27/2001,12.369,12.428,11.954,12.356,2749596
09/28/2001,12.43,12.764,12.174,12.584,3246240
10/01/2001,12.308,12.514,12.032,12.103,2115063
10/02/2001,12.212,12.919,12.212,12.88,3495961
10/03/2001,12.795,13.845,12.601,13.6,4464512
10/04/2001,13.615,14.289,13.525,13.936,3863006
10/05/2001,13.814,13.846,13.12,13.544,2932810
10/08/2001,13.438,14.139,13.245,13.74,2224812
10/09/2001,13.753,13.785,13.13,13.349,1917221
10/10/2001,13.198,14.116,13.165,14.09,2138837
10/11/2001,14.228,15.661,14.228,15.475,4340239
10/12/2001,14.973,15.249,14.704,15.005,3998555
10/15/2001,15.057,15.173,14.388,14.903,2754984
10/16/2001,14.758,15.387,14.758,15.304,1770380
10/17/2001,15.734,15.921,14.835,15.169,3012979
10/18/2001,14.662,14.951,14.457,14.591,1502209
10/19/2001,14.549,15.122,14.453,14.974,1728580
10/22/2001,14.582,15.25,14.517,15.16,1556445
10/23/2001,15.166,15.834,15.16,15.314,1967899
10/24/2001,15.23,15.564,14.922,15.564,1819986
10/25/2001,15.095,15.5,14.325,15.494,2657097
10/26/2001,15.352,15.789,15.327,15.628,2104125
10/29/2001,15.32,15.327,14.485,14.729,1922799
10/30/2001,14.636,14.764,14.155,14.264,2129035
10/31/2001,14.389,14.903,14.228,14.299,1869340
11/01/2001,14.212,14.778,14.174,14.701,1709090
11/02/2001,14.88,15.073,14.662,14.951,1461945
11/05/2001,15.066,15.934,15.066,15.715,3042712
11/06/2001,15.939,16.371,15.565,16.313,2550073
11/07/2001,16.049,16.229,15.76,15.863,1741926
11/08/2001,15.799,16.531,15.766,15.895,2957561
11/09/2001,15.673,16.02,15.609,15.924,1458704
11/12/2001,15.635,15.917,15.154,15.834,2344546
11/13/2001,15.545,16.059,15.532,16.02,3300686
11/14/2001,16.274,16.656,16.209,16.255,2696302
11/15/2001,16.229,16.352,15.592,16.075,2571812
11/16/2001,15.352,15.577,14.517,15.494,12829545
11/19/2001,15.416,15.898,15.127,15.673,14443013
11/20/2001,15.571,15.577,15.153,15.275,14751452
11/21/2001,15.336,15.677,15.214,15.619,9332655
11/23/2001,15.657,16.12,15.587,16.12,2797483
11/26/2001,16.13,16.874,16.066,16.874,7648903
11/27/2001,16.823,17.716,16.759,17.343,8977126
11/28/2001,17.019,17.5,16.858,17.308,6275110
11/29/2001,17.199,17.584,16.755,17.43,5057439
11/30/2001,17.7,17.7,17.365,17.475,5215728
12/03/2001,17.472,17.793,17.279,17.664,3717981
12/04/2001,17.809,18.059,17.506,18.059,3638465
12/05/2001,18.302,19.371,18.192,19.222,7497286
12/06/2001,19.238,19.263,18.82,19.109,3355924
12/07/2001,19.061,19.812,18.875,19.376,6390872
12/10/2001,19.263,19.778,18.781,19.206,4054811
12/11/2001,19.241,19.408,18.798,18.804,3490621
12/12/2001,18.923,19.822,18.904,19.713,5828592
12/13/2001,19.074,19.119,18.31,18.316,3805866
12/14/2001,18.04,18.644,18.014,18.49,3378021
12/17/2001,18.294,18.93,18.178,18.563,5261621
12/18/2001,18.631,18.92,18.264,18.483,3345267
12/19/2001,18.046,18.715,18.014,18.303,2788185
12/20/2001,18.075,18.146,17.607,17.793,4409551
12/21/2001,17.722,18.185,17.722,17.94,4040531
12/24/2001,18.29,18.367,18.046,18.31,1387537
12/26/2001,18.406,18.521,18.053,18.072,2749677
12/27/2001,18.001,18.618,18.001,18.509,2121456
12/28/2001,18.64,18.763,18.351,18.576,1772008
12/31/2001,18.422,18.679,18.262,18.319,2363359
01/02/2002,18.31,18.843,18.278,18.785,3351350
01/03/2002,18.939,20.04,18.894,19.973,4967149
01/04/2002,20.49,21.16,20.33,21.05,7716951
01/07/2002,21,21.14,20.69,20.96,5628894
01/08/2002,20.97,21.12,20.71,21.04,3841329
01/09/2002,21.03,21.41,20.37,20.51,3265935
01/10/2002,20.53,20.53,20.1,20.37,1897800
01/11/2002,20.37,20.49,19.723,19.934,2173243
01/14/2002,19.588,19.665,19.312,19.536,3449605
01/15/2002,19.536,20.005,19.382,19.556,2653766
01/16/2002,19.138,19.138,18.4,18.534,3818484
01/17/2002,18.557,18.936,18.377,18.865,2170200
01/18/2002,18.509,18.605,18.136,18.29,2444812
01/22/2002,18.236,18.3,17.369,17.446,2401322
01/23/2002,17.075,18.23,17.075,17.982,3397809
01/24/2002,18.297,18.785,18.175,18.49,1600073
01/25/2002,18.499,18.82,18.21,18.66,2616724
01/28/2002,18.634,19.135,18.531,19.032,3213945
01/29/2002,18.881,19.331,18.624,18.785,2265889
01/30/2002,18.496,18.965,18.097,18.888,2934746
01/31/2002,18.823,19.517,18.733,19.485,3068793
02/01/2002,19.383,19.46,18.784,18.964,1705278
02/04/2002,18.685,19.071,18.185,18.358,1723076
02/05/2002,18.197,18.563,17.337,17.439,4304921
02/06/2002,17.597,17.693,16.974,17.327,4134406
02/07/2002,17.504,17.517,16.893,16.925,2904115
02/08/2002,16.958,17.125,15.949,16.682,4595990
02/11/2002,16.389,17.289,16.389,17.16,3186652
02/12/2002,17.032,17.315,16.685,16.781,3660309
02/13/2002,16.977,17.388,16.977,17.234,3218468
02/14/2002,17.276,17.533,16.993,17.533,3402729
02/15/2002,17.732,17.751,17.449,17.642,3260860
02/19/2002,17.211,17.263,16.698,16.73,2543995
02/20/2002,17.982,19.138,17.982,18.534,7636020
02/21/2002,18.676,19.03,18.065,18.065,3703094
02/22/2002,18.098,18.387,17.847,18.162,2268429
02/25/2002,18.313,19.02,18.281,18.615,2068938
02/26/2002,18.637,19.209,18.566,19.068,3044854
02/27/2002,19.266,20.53,19.183,19.665,6719431
02/28/2002,20.58,20.63,19.966,19.979,4228857
03/01/2002,20.2,21.39,20.17,21.19,6905903
03/04/2002,21.25,22.6,21.09,22.43,6319203
03/05/2002,22.33,23.06,22.04,22.4,4959571
03/06/2002,22.35,22.64,21.96,22.11,4487248
03/07/2002,22.48,22.61,22.16,22.35,2779896
03/08/2002,22.51,23.35,22.49,23.17,5313323
03/11/2002,23.18,23.76,23.17,23.25,4814829
03/12/2002,22.61,23.23,22.58,23.12,4511236
03/13/2002,23.01,23.04,22.73,22.9,6331919
03/14/2002,22.93,23.09,22.74,22.9,3573201
03/15/2002,23.05,24.07,22.94,23.98,4984874
03/18/2002,23.96,24.4,23.6,23.8,5762519
03/19/2002,23.81,24.02,23.27,23.5,3275387
03/20/2002,23.1,23.3,22.01,22.08,5730611
03/21/2002,22.08,22.74,22.01,22.69,2906345
03/22/2002,22.55,22.73,21.91,22.07,2247807
03/25/2002,22.11,22.37,21.38,21.45,2654940
03/26/2002,21.58,22.09,21.36,21.53,4095156
03/27/2002,21.75,21.86,21.19,21.38,5941490
03/28/2002,21.79,22.7,21.63,22.46,4034803
04/01/2002,22.45,23.65,22.3,23.45,3942401
04/02/2002,23.41,23.45,22.74,22.89,7479081
04/03/2002,23.46,23.75,22.25,22.49,4543527
04/04/2002,22.6,22.73,21.81,21.94,3180948
04/05/2002,22,22.31,21.64,21.76,1547446
04/08/2002,21.33,22.21,21.1,21.99,2849398
04/09/2002,21.89,22.11,20.92,21.06,3069055
04/10/2002,21.22,21.48,21.09,21.29,5695915
04/11/2002,20.97,21.1,20.52,20.68,5210615
04/12/2002,20.69,20.97,20.48,20.78,3496152
04/15/2002,20.78,21.07,20.52,20.83,2593409
04/16/2002,21.19,21.87,21.1,21.74,10035418
04/17/2002,22,22.49,21.8,22.46,4145315
04/18/2002,22.25,22.31,21.52,22.22,3972104
04/19/2002,22.49,22.66,22.37,22.46,3926623
04/22/2002,22.2,22.26,21.32,21.67,3078863
04/23/2002,21.68,22.03,20.74,20.75,8920826
04/24/2002,20.9,21.06,19.98,19.992,4326398
04/25/2002,19.822,20.03,19.213,19.899,3742050
04/26/2002,19.909,20.037,19.138,19.241,2684291
04/29/2002,19.109,19.578,18.878,19.039,4403195
04/30/2002,19.173,19.623,18.942,19.295,3023843
05/01/2002,19.267,19.812,18.624,19.549,3641740
05/02/2002,19.398,19.405,18.628,18.685,4407723
05/03/2002,18.618,18.669,18.201,18.316,3496441
05/06/2002,18.162,18.74,17.879,17.886,2744710
05/07/2002,18.242,18.307,17.831,17.857,3733882
05/08/2002,18.509,19.665,18.476,19.28,3704935
05/09/2002,19.122,19.334,18.422,18.441,5479579
05/10/2002,18.448,18.569,17.594,17.966,4095988
05/13/2002,17.937,18.585,17.777,18.29,2461188
05/14/2002,19.459,20.069,19.138,19.941,4673328
05/15/2002,19.25,19.668,19.071,19.122,3688428
05/16/2002,19.109,19.141,18.788,19.006,3457427
05/17/2002,19.09,19.308,18.447,19.257,5624978
05/20/2002,19.019,19.109,18.769,18.872,2785795
05/21/2002,18.952,19.26,18.156,18.329,2631178
05/22/2002,18.332,18.596,17.799,18.05,3966792
05/23/2002,18.056,18.178,17.581,17.87,3305453
05/24/2002,17.886,17.963,17.449,17.52,2892872
05/28/2002,17.565,17.912,17.282,17.43,2063163
05/29/2002,17.282,17.391,17.134,17.16,1907628
05/30/2002,17.083,17.147,16.344,16.781,4578964
05/31/2002,16.791,17.234,16.707,16.926,3296367
06/03/2002,17.045,17.084,16.254,16.363,1982566
06/04/2002,16.409,16.544,16.042,16.357,2996631
06/05/2002,16.28,16.402,15.734,16.12,2818508
06/06/2002,15.773,16.287,15.58,15.811,2287851
06/07/2002,15.275,15.52,15.121,15.205,3601678
06/10/2002,15.224,16.207,14.98,15.879,4049178
06/11/2002,15.889,16.684,15.889,16.235,7716150
06/12/2002,16.222,16.505,15.542,15.844,3727229
06/13/2002,15.927,15.978,15.355,15.413,4386036
06/14/2002,14.928,15.359,14.768,15.095,3263284
06/17/2002,15.381,16.422,15.317,16.19,4802410
06/18/2002,16.248,16.678,15.914,16.229,3744986
06/19/2002,15.853,16.02,15.295,15.629,4233880
06/20/2002,15.568,15.921,15.304,15.387,4201077
06/21/2002,15.423,15.545,15.121,15.378,4655158
06/24/2002,15.413,15.889,15.111,15.516,4221141
06/25/2002,15.837,15.958,15.08,15.151,2703101
06/26/2002,14.736,14.986,14.345,14.941,3236315
06/27/2002,14.935,15.744,14.909,15.552,1897684
06/28/2002,15.239,15.538,14.966,15.188,3440583
07/01/2002,15.102,15.398,14.696,14.812,2893247
07/02/2002,14.694,14.881,13.833,14.077,4468557
07/03/2002,13.956,14.816,13.808,14.784,5053874
07/05/2002,14.768,15.571,14.736,15.384,3079662
07/08/2002,15.423,15.462,14.498,14.761,4210034
07/09/2002,14.755,15.303,14.498,14.498,3484952
07/10/2002,14.803,14.964,14.174,14.187,2676666
07/11/2002,14.104,15.38,13.848,15.149,4117029
07/12/2002,15.253,15.606,14.848,15.33,4903933
07/15/2002,15.137,15.35,14.378,15.105,3171901
07/16/2002,14.675,15.708,14.572,14.964,4058165
07/17/2002,15.118,15.477,14.148,14.591,3987735
07/18/2002,14.582,14.871,13.901,13.952,3282400
07/19/2002,13.821,13.969,13.113,13.3,5082528
07/22/2002,13.159,13.449,12.677,12.812,4741773
07/23/2002,12.877,13.114,12.478,12.677,4412039
07/24/2002,12.501,12.558,11.584,12.186,7003201
07/25/2002,11.977,12.067,10.276,10.783,6994966
07/26/2002,10.953,11.3,10.863,11.114,3778146
07/29/2002,11.299,11.75,11.299,11.737,3216661
07/30/2002,11.737,12.096,11.276,11.929,5277418
07/31/2002,11.987,12.148,11.473,12.116,2535107
08/01/2002,11.923,12.155,11.331,11.376,4282897
08/02/2002,11.114,11.204,10.439,10.812,2906414
08/05/2002,10.941,10.973,9.931,10.047,2115142
08/06/2002,10.212,10.737,10.212,10.468,2209584
08/07/2002,10.927,10.992,10.265,10.812,2440535
08/08/2002,10.921,11.114,10.253,11.043,3264289
08/09/2002,10.68,10.943,10.52,10.738,2494935
08/12/2002,10.487,10.732,10.294,10.552,1723974
08/13/2002,10.581,10.748,10.195,10.195,3368314
08/14/2002,10.128,10.301,9.672,10.301,3311484
08/15/2002,10.517,10.562,10.227,10.279,3608909
08/16/2002,10.276,10.764,9.967,10.243,5265157
08/19/2002,10.198,11.349,10.159,11.188,4567091
08/20/2002,10.433,10.85,10.112,10.407,11574694
08/21/2002,10.494,11.072,10.308,10.956,4007254
08/22/2002,10.873,11.027,10.584,10.95,3721828
08/23/2002,10.815,10.821,10.276,10.302,2726676
08/26/2002,10.288,10.526,10.288,10.404,2459282
08/27/2002,10.407,10.465,9.63,9.836,5130723
08/28/2002,9.749,9.8,9.511,9.537,5021491
08/29/2002,9.216,9.338,9.12,9.12,9170388
08/30/2002,8.937,8.943,8.57,8.615,5903327
09/03/2002,8.567,8.574,8.201,8.246,7402248
09/04/2002,8.375,8.766,8.349,8.67,4954065
09/05/2002,8.554,8.831,8.426,8.799,7656580
09/06/2002,9.023,9.216,8.92,9.087,5841929
09/09/2002,9.071,9.515,9.039,9.45,5569703
09/10/2002,9.546,10.042,9.411,9.784,5045691
09/11/2002,10.33,10.33,9.829,9.906,3147148
09/12/2002,9.909,10.231,9.781,9.807,4819691
09/13/2002,9.866,10.015,9.452,9.62,3667553
09/16/2002,9.589,9.775,9.215,9.35,2776095
09/17/2002,9.582,9.678,9.389,9.466,3314419
09/18/2002,9.538,9.603,9.252,9.473,5912593
09/19/2002,9.376,9.376,8.991,9.036,3795430
09/20/2002,9.065,9.187,8.827,8.975,4288220
09/23/2002,8.93,8.962,8.506,8.57,4338521
09/24/2002,8.509,8.798,8.407,8.477,4799917
09/25/2002,8.625,9.21,8.573,9.017,3191610
09/26/2002,9.068,9.184,8.657,8.85,4618370
09/27/2002,8.786,8.997,8.407,8.407,3717270
09/30/2002,8.272,8.658,7.95,8.368,4002727
10/01/2002,8.513,8.513,8.063,8.378,4601508
10/02/2002,8.375,8.644,8.028,8.028,3128991
10/03/2002,8.028,8.143,7.854,7.899,3607172
10/04/2002,7.896,7.947,7.53,7.595,3535843
10/07/2002,7.575,8.017,7.395,7.408,3806553
10/08/2002,7.488,7.99,7.468,7.829,4812846
10/09/2002,7.69,7.767,7.011,7.017,4956303
10/10/2002,7.042,7.158,6.9455,6.9584,7337663
10/11/2002,7.032,7.231,6.8717,7,5690109
10/14/2002,6.8654,7.173,6.7371,7.077,3450608
10/15/2002,7.308,7.72,7.237,7.611,3839868
10/16/2002,7.466,7.595,7.131,7.209,4426151
10/17/2002,7.678,7.774,7.581,7.768,4106078
10/18/2002,7.745,7.822,7.257,7.771,5036289
10/21/2002,7.658,8.109,7.459,8.031,3749906
10/22/2002,7.729,7.973,7.684,7.89,3835710
10/23/2002,7.832,7.992,7.511,7.71,5844025
10/24/2002,7.874,8.702,7.835,8.381,4661655
10/25/2002,8.339,8.423,8.076,8.301,3272814
10/28/2002,8.477,8.986,8.477,8.651,2864259
10/29/2002,8.477,8.67,7.931,8.169,3143011
10/30/2002,8.175,8.966,8.156,8.901,3676667
10/31/2002,8.965,9.119,8.696,8.843,4653399
11/01/2002,8.782,9.412,8.486,9.354,3016960
11/04/2002,9.479,10.057,9.447,9.646,4232004
11/05/2002,9.643,9.842,9.444,9.669,2387452
11/06/2002,9.649,9.829,9.36,9.604,2378467
11/07/2002,9.483,9.489,9.013,9.11,2566479
11/08/2002,9.007,9.297,8.866,9.007,2718039
11/11/2002,8.85,8.985,8.67,8.696,1782414
11/12/2002,8.686,9.077,8.686,8.872,2329653
11/13/2002,8.667,8.853,8.468,8.609,3258979
11/14/2002,8.606,8.997,8.477,8.978,2519391
11/15/2002,8.843,9.274,8.741,8.856,3569861
11/18/2002,8.805,9.049,8.689,8.728,3162027
11/19/2002,9.476,10.966,9.444,10.658,19634981
11/20/2002,10.654,11.046,10.282,10.924,7144764
11/21/2002,11.181,11.913,11.174,11.708,8283010
11/22/2002,11.73,12.052,11.569,11.711,4908457
11/25/2002,11.637,12.601,11.553,12.53,5505343
11/26/2002,12.61,12.61,12,12.045,4415400
11/27/2002,12.18,12.597,12.122,12.565,2619185
11/29/2002,12.581,12.62,12.292,12.465,1241003
12/02/2002,12.687,12.944,12.141,12.392,2996635
12/03/2002,12.238,12.244,11.563,11.595,4135307
12/04/2002,11.274,11.281,10.741,10.985,5372163
12/05/2002,11.146,11.223,10.857,10.882,2318474
12/06/2002,10.789,11.014,10.558,10.796,3210658
12/09/2002,10.658,10.786,10.497,10.536,3445198
12/10/2002,10.542,11.037,10.542,11.017,3337123
12/11/2002,10.889,11.422,10.805,11.126,3266199
12/12/2002,11.075,11.325,10.915,11.037,3792035
12/13/2002,10.947,11.075,10.683,11.017,2925404
12/16/2002,11.046,11.387,11.02,11.316,1906668
12/17/2002,11.316,11.515,10.995,11.175,1776664
12/18/2002,11.046,11.059,10.661,10.821,2061914
12/19/2002,10.658,11.017,10.574,10.767,2891008
12/20/2002,10.82,11.561,10.82,11.529,5302676
12/23/2002,11.512,12,11.467,11.897,4304169
12/24/2002,11.794,11.871,11.64,11.711,1079383
12/26/2002,11.775,11.994,11.717,11.749,1699418
12/27/2002,11.656,11.875,11.631,11.688,1542936
12/30/2002,11.618,11.753,11.296,11.541,2264429
12/31/2002,11.534,11.688,11.431,11.528,1643992
01/02/2003,11.704,12.327,11.653,12.289,3417844
01/03/2003,12.202,12.485,12.087,12.234,2740026
01/06/2003,12.202,12.915,12.202,12.819,5734189
01/07/2003,12.809,13.053,12.655,12.687,3393944
01/08/2003,12.645,12.645,12.048,12.093,3190912
01/09/2003,12.173,12.687,12.173,12.565,4708837
01/10/2003,12.459,12.844,12.324,12.78,4463741
01/13/2003,12.835,12.989,12.462,12.597,1767160
01/14/2003,12.597,12.88,12.527,12.79,3608365
01/15/2003,12.786,12.838,12.023,12.132,3941493
01/16/2003,12.334,12.52,11.923,11.993,3059344
01/17/2003,11.836,11.843,11.444,11.592,1830532
01/21/2003,11.82,11.884,11.338,11.358,2697704
01/22/2003,11.268,11.403,11.159,11.191,3230212
01/23/2003,11.329,11.444,10.995,11.162,3686059
01/24/2003,11.162,11.271,10.725,10.725,3617614
01/27/2003,10.52,10.751,10.365,10.41,2765753
01/28/2003,10.503,10.87,10.42,10.773,3078246
01/29/2003,10.542,10.992,10.381,10.934,2958654
01/30/2003,10.921,10.921,10.285,10.362,2067683
01/31/2003,10.291,10.742,10.176,10.568,3041150
02/03/2003,10.581,10.799,10.433,10.593,1949317
02/04/2003,10.613,10.613,10.143,10.446,2007958
02/05/2003,10.471,10.805,10.343,10.478,2440174
02/06/2003,10.452,10.452,7.864,7.903,22718133
02/07/2003,7.89,7.948,7.272,7.337,11715925
02/10/2003,7.353,7.675,7.328,7.533,9427755
02/11/2003,7.7,7.867,7.649,7.732,5435981
02/12/2003,7.751,8.067,7.719,7.97,6516381
02/13/2003,8.188,8.246,7.815,7.983,6083868
02/14/2003,7.931,8.092,7.784,8.021,2943234
02/18/2003,8.108,8.204,8.031,8.153,2965574
02/19/2003,8.127,8.134,7.928,8.044,3664748
02/20/2003,8.095,8.314,7.992,8.076,4279875
02/21/2003,8.298,8.778,8.099,8.657,6449809
02/24/2003,8.532,8.532,8.288,8.352,2945981
02/25/2003,8.31,8.471,8.111,8.464,2789240
02/26/2003,8.461,8.59,8.185,8.224,3066952
02/27/2003,8.262,8.461,8.262,8.423,2445751
02/28/2003,8.458,8.67,8.4,8.477,2322413
03/03/2003,8.596,8.756,8.282,8.371,2117884
03/04/2003,8.368,8.432,8.195,8.253,2236622
03/05/2003,8.211,8.359,8.114,8.359,3185714
03/06/2003,8.307,8.391,8.095,8.384,2380209
03/07/2003,8.352,8.577,8.274,8.571,2997569
03/10/2003,8.448,8.448,8.217,8.301,3409226
03/11/2003,8.269,8.352,8.011,8.05,2354361
03/12/2003,8.076,8.076,7.787,7.96,3986369
03/13/2003,8.262,8.359,8.031,8.359,2760186
03/14/2003,8.493,8.718,8.468,8.583,2423580
03/17/2003,8.587,9.068,8.343,9.042,2691161
03/18/2003,9.03,9.505,8.94,9.505,4429162
03/19/2003,9.415,9.511,9.055,9.409,4724750
03/20/2003,9.283,9.637,9.091,9.521,3058358
03/21/2003,9.633,9.633,9.312,9.505,2619824
03/24/2003,9.409,9.466,9.113,9.158,2170132
03/25/2003,9.132,9.164,8.978,9.12,3415501
03/26/2003,9.062,9.094,8.921,9.023,2298980
03/27/2003,8.994,9.161,8.872,9.078,2130292
03/28/2003,9.023,9.113,8.901,8.933,1195165
03/31/2003,8.59,8.647,8.346,8.448,2552426
04/01/2003,8.484,8.735,8.464,8.651,1651314
04/02/2003,8.907,9.351,8.882,9.216,3559829
04/03/2003,9.229,9.383,9.036,9.242,2113532
04/04/2003,9.331,9.331,9.055,9.216,3220350
04/07/2003,9.489,9.713,9.123,9.174,2562473
04/08/2003,9.158,9.318,9.055,9.209,1682775
04/09/2003,9.21,9.332,8.65,8.811,3437036
04/10/2003,8.831,9.081,8.811,9.042,2471441
04/11/2003,9.248,9.325,8.882,8.985,2129187
04/14/2003,8.959,9.075,8.914,9.055,2064403
04/15/2003,9.058,9.168,8.956,9.103,3209610
04/16/2003,9.283,9.572,9.238,9.373,2594021
04/17/2003,9.312,9.608,9.242,9.595,1627784
04/21/2003,9.601,9.82,9.505,9.813,2387499
04/22/2003,9.72,10.002,9.675,9.977,2957023
04/23/2003,9.941,10.552,9.915,10.404,3172801
04/24/2003,10.304,10.375,10.112,10.227,2643583
04/25/2003,10.224,10.231,9.935,10.018,4026082
04/28/2003,9.961,10.282,9.916,10.282,2225875
04/29/2003,10.202,10.426,9.99,10.343,2416024
04/30/2003,10.285,10.433,10.125,10.298,2486839
05/01/2003,10.288,10.436,9.987,10.398,1967088
05/02/2003,10.372,10.475,10.301,10.436,3263514
05/05/2003,10.481,10.552,10.237,10.282,3827542
05/06/2003,10.221,10.42,10.189,10.311,2881356
05/07/2003,10.195,10.44,10.157,10.253,2600473
05/08/2003,10.112,10.298,10.105,10.298,3952846
05/09/2003,10.311,10.516,10.311,10.484,2056160
05/12/2003,10.08,10.51,10.08,10.484,4952762
05/13/2003,10.455,10.584,10.321,10.442,1764667
05/14/2003,10.484,10.523,10.279,10.459,2133522
05/15/2003,10.574,10.76,10.478,10.722,2462825
05/16/2003,10.616,10.648,10.301,10.584,2588635
05/19/2003,10.34,10.43,9.942,9.961,3632555
05/20/2003,10.308,10.526,10.237,10.301,4968242
05/21/2003,10.256,10.32,9.987,10.179,2740342
05/22/2003,10.189,10.439,10.182,10.375,2835696
05/23/2003,10.34,10.526,10.231,10.442,2873162
05/27/2003,10.262,11.098,10.178,10.995,4141378
05/28/2003,11.001,11.367,10.982,11.335,4692950
05/29/2003,11.287,11.563,11.184,11.326,2870811
05/30/2003,11.313,11.755,11.313,11.659,3657285
06/02/2003,12.212,12.295,11.923,12.019,6627205
06/03/2003,12.029,12.254,11.958,12.234,4170381
06/04/2003,12.202,12.812,12.196,12.787,2856193
06/05/2003,12.684,12.716,12.356,12.62,4010309
06/06/2003,12.69,12.787,12.337,12.395,4298050
06/09/2003,12.202,12.292,11.971,12.067,2792356
06/10/2003,12.071,12.18,11.929,12.077,3547897
06/11/2003,12.077,12.205,10.664,12.128,2687755
06/12/2003,12.132,12.132,11.765,12.099,1666098
06/13/2003,12.08,12.299,12.016,12.151,3443525
06/16/2003,12.186,12.398,12.154,12.359,2491269
06/17/2003,12.498,12.517,12.292,12.363,1992264
06/18/2003,12.343,12.716,12.215,12.549,2000678
06/19/2003,12.588,12.677,12.202,12.369,2579035
06/20/2003,12.514,12.546,12.193,12.25,3339146
06/23/2003,12.202,12.247,12.074,12.132,2084799
06/24/2003,12.074,12.125,11.785,12.042,2847312
06/25/2003,11.916,12.231,11.916,12.129,3364199
06/26/2003,12.138,12.491,11.977,12.427,3430142
06/27/2003,12.299,12.806,12.234,12.555,3637381
06/30/2003,12.52,12.687,12.494,12.559,3262913
07/01/2003,12.504,12.793,12.401,12.78,4603105
07/02/2003,12.812,13.063,12.69,13.037,5608675
07/03/2003,12.963,12.97,12.732,12.835,2570439
07/07/2003,12.962,13.67,12.962,13.645,6008997
07/08/2003,13.686,13.956,13.416,13.911,3082841
07/09/2003,13.91,14.097,13.493,13.981,3403352
07/10/2003,13.714,13.714,13.317,13.541,2755257
07/11/2003,13.577,13.968,13.493,13.943,3313657
07/14/2003,14.097,14.386,14.077,14.225,5117090
07/15/2003,14.325,14.543,14.138,14.273,5513858
07/16/2003,14.312,14.363,13.759,14.087,4515020
07/17/2003,13.936,14.007,13.345,13.551,5250387
07/18/2003,13.634,13.776,13.435,13.621,2110431
07/21/2003,13.49,13.496,13.117,13.169,3239538
07/22/2003,13.358,13.808,13.358,13.795,3152660
07/23/2003,13.824,13.92,13.451,13.907,2373709
07/24/2003,13.946,14.306,13.817,13.882,3520406
07/25/2003,13.898,13.994,13.673,13.962,2046204
07/28/2003,13.907,14.228,13.824,14.106,2103758
07/29/2003,14.122,14.187,13.91,14.09,2951956
07/30/2003,14.077,14.103,13.769,13.853,2203616
07/31/2003,13.949,14.213,13.82,13.943,2278278
08/01/2003,13.952,14.029,13.689,13.843,2008635
08/04/2003,13.821,14.007,13.564,13.846,1736464
08/05/2003,13.772,13.926,13.349,13.387,2944998
08/06/2003,13.336,13.426,13.053,13.214,2076963
08/07/2003,13.146,13.339,13.037,13.281,1650702
08/08/2003,13.316,13.503,13.182,13.284,1504566
08/11/2003,13.349,13.535,13.284,13.503,1440171
08/12/2003,13.519,13.673,13.39,13.647,1577657
08/13/2003,13.695,13.907,13.567,13.785,1812535
08/14/2003,13.772,13.991,13.58,13.978,1655557
08/15/2003,13.914,14.049,13.837,13.984,719048
08/18/2003,13.991,14.466,13.978,14.421,2754198
08/19/2003,14.944,15.664,14.88,15.593,9462259
08/20/2003,15.362,15.754,15.311,15.657,4406588
08/21/2003,15.68,16.225,15.673,15.994,2684198
08/22/2003,16.084,16.251,15.564,15.609,4181671
08/25/2003,15.539,15.667,15.41,15.474,1897864
08/26/2003,15.317,15.432,15.131,15.426,3125377
08/27/2003,15.375,15.869,15.323,15.741,4541447
08/28/2003,15.728,15.779,15.51,15.6,3301680
08/29/2003,15.51,15.632,15.465,15.619,2784250
09/02/2003,15.664,15.882,15.542,15.85,5192407
09/03/2003,15.799,15.863,15.606,15.734,5364050
09/04/2003,15.734,16.178,15.734,16.152,4412830
09/05/2003,16.152,16.454,15.953,16.377,5698660
09/08/2003,16.332,17.006,16.332,16.974,4895370
09/09/2003,16.884,16.967,16.499,16.627,3451693
09/10/2003,16.309,16.425,15.673,15.731,3687786
09/11/2003,15.783,16.174,15.705,16.078,3083999
09/12/2003,16.088,16.135,15.773,16.03,3022220
09/15/2003,15.934,16.062,15.689,15.728,1860614
09/16/2003,15.6,15.933,15.555,15.863,4349330
09/17/2003,15.869,15.901,15.58,15.792,3208049
09/18/2003,15.638,15.882,15.542,15.773,2730364
09/19/2003,15.799,16.113,15.766,16.081,4446606
09/22/2003,15.766,15.85,15.542,15.689,2500863
09/23/2003,15.612,15.856,15.612,15.831,1702223
09/24/2003,15.824,15.824,14.816,14.823,4426974
09/25/2003,14.88,15.291,14.623,14.655,2880801
09/26/2003,14.565,14.719,14.315,14.386,2191542
09/29/2003,14.424,14.707,14.257,14.553,2010374
09/30/2003,14.463,14.463,14.193,14.199,2005393
10/01/2003,14.225,14.463,14.155,14.289,3104545
10/02/2003,14.193,14.244,14.026,14.122,3341065
10/03/2003,14.838,15.076,14.273,14.768,5473255
10/06/2003,14.749,14.896,14.627,14.813,1398544
10/07/2003,14.713,15.137,14.585,15.041,2686702
10/08/2003,15.211,15.256,14.916,15.031,2331740
10/09/2003,15.05,15.404,15.05,15.16,2036086
10/10/2003,15.102,15.262,15.063,15.237,1299820
10/13/2003,15.288,15.404,15.224,15.333,1358453
10/14/2003,15.272,15.497,15.221,15.471,2322027
10/15/2003,15.648,15.693,15.436,15.571,3261070
10/16/2003,15.545,15.667,15.429,15.616,2496135
10/17/2003,15.603,15.603,15.314,15.397,2705677
10/20/2003,15.359,15.417,15.198,15.294,1427280
10/21/2003,15.269,15.558,15.224,15.423,2296237
10/22/2003,15.285,15.311,14.964,15.079,1517868
10/23/2003,15.076,15.076,14.543,14.755,2371973
10/24/2003,14.752,14.829,14.546,14.816,1804832
10/27/2003,14.845,14.864,14.588,14.691,1579865
10/28/2003,14.784,15.42,14.771,15.401,2961736
10/29/2003,15.394,15.522,15.266,15.484,2689631
10/30/2003,15.574,16.255,15.535,15.933,6462428
10/31/2003,16.033,16.078,15.834,15.994,2836257
11/03/2003,16.052,16.316,16.039,16.239,3266837
11/04/2003,16.242,16.409,16.152,16.312,3034401
11/05/2003,16.219,16.476,16.155,16.438,2062119
11/06/2003,16.45,16.862,16.45,16.862,3762262
11/07/2003,16.877,17.475,16.73,17.218,4393104
11/10/2003,17.141,17.199,16.537,16.621,3013666
11/11/2003,16.515,16.836,16.386,16.669,2566307
11/12/2003,16.621,17.34,16.524,17.256,3956279
11/13/2003,17.305,17.407,16.951,17.022,3436383
11/14/2003,17.019,17.597,17.019,17.089,4649499
11/17/2003,17.089,17.34,16.441,17.179,7166714
11/18/2003,18.56,18.849,17.777,17.834,12089170
11/19/2003,17.748,17.928,17.6,17.786,3472488
11/20/2003,17.622,17.963,17.501,17.501,2818132
11/21/2003,17.494,17.526,17.186,17.462,3644091
11/24/2003,17.481,17.873,17.449,17.802,3762824
11/25/2003,17.789,17.976,17.661,17.841,2953662
11/26/2003,17.879,18.13,17.873,17.982,2106840
11/28/2003,17.918,18.188,17.918,18.162,1452153
12/01/2003,18.265,18.265,18.046,18.162,2969091
12/02/2003,18.175,18.246,17.815,17.841,3362499
12/03/2003,17.87,18.23,17.87,18.159,5453876
12/04/2003,18.143,18.239,17.847,17.976,4661807
12/05/2003,17.757,17.757,17.199,17.289,2899318
12/08/2003,17.298,17.69,17.183,17.632,3285804
12/09/2003,17.793,17.908,17.215,17.253,3484956
12/10/2003,17.179,17.398,16.879,17.045,5000792
12/11/2003,17.109,17.61,17.109,17.52,2984324
12/12/2003,17.565,17.61,17.391,17.5,2317126
12/15/2003,17.639,17.832,17.356,17.394,3638579
12/16/2003,17.314,17.738,17.237,17.629,2738859
12/17/2003,17.687,17.693,17.205,17.436,2249874
12/18/2003,17.324,18.03,17.324,17.882,4046700
12/19/2003,18.107,18.127,17.864,17.992,4752592
12/22/2003,17.989,18.31,17.886,18.213,2848799
12/23/2003,18.101,18.229,18.043,18.165,2655332
12/24/2003,18.072,18.143,17.956,18.027,703959
12/26/2003,17.963,18.059,17.924,17.956,654688
12/29/2003,17.969,18.375,17.918,18.361,2152222
12/30/2003,18.329,18.515,18.297,18.438,1908746
12/31/2003,18.387,18.881,18.323,18.791,3474284
01/02/2004,18.791,18.817,18.489,18.489,3013529
01/05/2004,18.949,18.987,18.762,18.974,5614260
01/06/2004,18.974,19.584,18.923,19.578,5393906
01/07/2004,19.594,19.825,19.466,19.819,4629170
01/08/2004,19.841,20.76,19.803,20.73,8122572
01/09/2004,20.6,20.81,20.47,20.6,4412134
01/12/2004,20.58,20.82,20.29,20.81,3666964
01/13/2004,20.83,20.93,20.57,20.71,5932655
01/14/2004,20.71,20.79,20.55,20.64,5106027
01/15/2004,20.71,21.16,20.56,21.14,6576572
01/16/2004,21.14,22.07,21.03,22,6338954
01/20/2004,21.99,22.01,21.55,21.85,5522442
01/21/2004,21.92,22.47,21.72,22.31,6312138
01/22/2004,22.32,22.51,21.83,21.83,5182146
01/23/2004,21.83,21.94,21.35,21.48,3329700
01/26/2004,21.24,21.85,21.19,21.79,5233723
01/27/2004,24.03,24.89,23.13,23.15,29546799
01/28/2004,23.33,23.6,23.08,23.09,7840297
01/29/2004,23.16,23.44,22.51,22.89,5833641
01/30/2004,22.89,23.8,22.71,23.67,8320938
02/02/2004,23.74,23.93,23.26,23.38,4386269
02/03/2004,23.16,23.6,23.12,23.42,5550619
02/04/2004,23.31,23.31,22.63,22.67,3959708
02/05/2004,22.64,22.93,22.57,22.64,3378968
02/06/2004,22.62,23.69,22.6,23.64,5053639
02/09/2004,23.69,24.05,23.65,23.83,5161157
02/10/2004,23.7,24.07,23.64,24,2797429
02/11/2004,23.96,24.16,23.7,24.02,4173559
02/12/2004,23.87,24.05,23.61,23.7,3287142
02/13/2004,23.76,23.94,23.58,23.8,3087321
02/17/2004,23.82,24.16,23.68,24.07,4575858
02/18/2004,23.12,23.56,22.67,23.11,12918560
02/19/2004,23.38,23.57,23.12,23.18,5307373
02/20/2004,23.17,23.17,22.44,22.51,5186336
02/23/2004,22.43,22.44,21.43,21.65,5712628
02/24/2004,21.51,21.9,21.32,21.67,6457294
02/25/2004,21.37,21.98,21.37,21.82,3882749
02/26/2004,21.8,22.11,21.68,21.96,3000835
02/27/2004,21.96,22.11,21.69,21.96,4354895
03/01/2004,21.91,22.13,21.77,22.07,3591333
03/02/2004,22.04,22.3,21.92,21.99,2436374
03/03/2004,21.98,22.02,21.67,21.82,2293617
03/04/2004,21.85,21.88,21.68,21.8,2055372
03/05/2004,21.68,22.48,21.65,22.35,3126199
03/08/2004,22.35,22.39,21.59,21.59,3326613
03/09/2004,22.07,22.07,21.04,21.08,4489825
03/10/2004,21.18,21.3,20.28,20.28,6401776
03/11/2004,20.15,20.53,19.402,19.408,7418003
03/12/2004,19.382,20.48,19.382,20.34,7100928
03/15/2004,20.3,20.44,19.417,19.437,4942996
03/16/2004,19.427,19.575,19.087,19.389,5354559
03/17/2004,19.456,20.48,19.45,20.32,6218978
03/18/2004,20.04,20.1,19.568,19.652,5357359
03/19/2004,19.861,20.021,19.559,19.604,4887170
03/22/2004,19.488,19.662,19.148,19.373,4420402
03/23/2004,19.395,19.446,18.502,18.56,6409962
03/24/2004,18.567,19.093,18.477,18.817,5188777
03/25/2004,19.09,19.9,18.961,19.7,4560548
03/26/2004,19.572,19.995,19.495,19.796,3437960
03/29/2004,19.912,20.29,19.912,20.08,3853981
03/30/2004,20.11,20.29,19.915,20.2,3327711
03/31/2004,20.21,20.51,20.15,20.33,3666882
04/01/2004,20.3,20.54,20.23,20.33,3303086
04/02/2004,20.6,20.83,20.39,20.74,5198675
04/05/2004,20.7,20.93,20.52,20.84,3382544
04/06/2004,20.64,21.02,20.48,20.93,3283326
04/07/2004,20.7,20.88,20.25,20.44,3625471
04/08/2004,20.53,21,20.28,20.43,2400231
04/12/2004,20.44,20.72,20.39,20.47,1085458
04/13/2004,20.49,20.5,19.694,19.912,2962999
04/14/2004,19.774,19.999,19.575,19.735,2849833
04/15/2004,19.815,19.828,18.853,19.232,3624523
04/16/2004,19.79,19.854,18.993,19.34,3478877
04/19/2004,19.283,19.559,19.129,19.539,2765678
04/20/2004,19.613,19.632,18.458,18.464,4234724
04/21/2004,18.634,18.891,18.602,18.673,6188984
04/22/2004,18.621,19.071,18.326,18.865,4053975
04/23/2004,18.814,19.122,18.679,18.929,3701505
04/26/2004,18.942,19.141,18.531,18.685,2966000
04/27/2004,18.672,18.98,18.416,18.518,2475122
04/28/2004,18.377,18.441,18.075,18.165,2988989
04/29/2004,18.075,18.223,17.536,17.857,3228757
04/30/2004,17.86,18.007,17.257,17.372,2652643
05/03/2004,17.388,17.799,17.227,17.491,4231731
05/04/2004,17.622,17.655,16.692,17.173,8144135
05/05/2004,17.15,17.478,17.067,17.228,5809691
05/06/2004,17.07,17.141,16.813,16.929,2630050
05/07/2004,16.817,17.189,16.759,16.906,4435296
05/10/2004,16.592,16.714,16.078,16.329,6853524
05/11/2004,16.505,16.858,16.377,16.826,5169413
05/12/2004,16.842,16.964,16.245,16.791,6127882
05/13/2004,16.534,16.829,16.322,16.714,4484066
05/14/2004,16.711,16.91,16.312,16.434,3435890
05/17/2004,16.351,16.441,16.055,16.383,5046137
05/18/2004,16.833,17.004,15.74,16.306,13864329
05/19/2004,16.505,16.762,16.158,16.19,8660584
05/20/2004,16.116,16.116,15.609,15.609,5906036
05/21/2004,15.667,15.802,15.487,15.667,4047675
05/24/2004,15.747,15.895,15.574,15.638,4959062
05/25/2004,15.673,15.905,15.288,15.879,7386302
05/26/2004,15.953,16.152,15.889,16.036,5757659
05/27/2004,16.088,16.415,16.036,16.338,6046703
05/28/2004,16.303,16.559,16.155,16.521,5288875
06/01/2004,16.348,16.624,16.316,16.566,7059136
06/02/2004,16.589,16.627,16.197,16.299,4739371
06/03/2004,16.242,16.351,16.094,16.094,4921766
06/04/2004,16.235,16.396,16.133,16.21,3662835
06/07/2004,16.344,17.07,16.325,17.025,5545465
06/08/2004,17.057,17.102,16.858,17.044,3927620
06/09/2004,17.07,17.186,16.813,16.813,5015194
06/10/2004,16.788,16.929,16.704,16.897,2514892
06/14/2004,16.868,16.868,16.547,16.566,3314084
06/15/2004,16.662,16.855,16.585,16.727,3743533
06/16/2004,16.765,16.765,16.566,16.746,2351824
06/17/2004,16.614,16.633,16.3,16.422,3462532
06/18/2004,16.406,16.778,16.284,16.643,4031041
06/21/2004,16.621,16.717,16.383,16.434,2141071
06/22/2004,16.393,16.894,16.328,16.784,3728731
06/23/2004,16.826,17.404,16.826,17.366,4017782
06/24/2004,17.629,18.027,17.565,17.642,6355229
06/25/2004,17.623,18.978,17.545,18.952,11959312
06/28/2004,18.939,18.939,18.554,18.605,4965868
06/29/2004,18.503,19.042,18.49,19.042,4490927
06/30/2004,18.994,19.032,18.705,18.82,4523782
07/01/2004,18.711,18.73,18.089,18.383,4909159
07/02/2004,18.306,18.339,18.024,18.165,2397964
07/06/2004,18.021,18.605,17.597,17.623,3810478
07/07/2004,17.539,17.841,17.52,17.552,3637625
07/08/2004,17.52,17.642,17.244,17.263,3215979
07/09/2004,17.34,17.623,17.205,17.237,2927346
07/12/2004,17.016,17.022,16.688,16.894,4882586
07/13/2004,16.9,17.125,16.791,16.868,2961629
07/14/2004,16.666,17.057,16.473,16.569,3888397
07/15/2004,16.765,16.797,16.425,16.592,3625944
07/16/2004,16.669,16.765,16.219,16.251,2810325
07/19/2004,16.19,16.467,16.062,16.184,2806834
07/20/2004,16.104,16.746,15.93,16.572,4331900
07/21/2004,16.633,16.987,15.702,15.734,6032675
07/22/2004,15.657,16.004,15.477,15.959,5237308
07/23/2004,15.818,15.818,15.137,15.144,5902882
07/26/2004,15.156,15.272,14.739,14.893,4107003
07/27/2004,14.8,15.05,14.652,14.935,5043595
07/28/2004,14.835,14.938,14.533,14.649,5984865
07/29/2004,14.81,15.221,14.81,15.118,5734994
07/30/2004,15.092,15.42,14.919,15.298,4760508
08/02/2004,15.291,15.51,15.086,15.439,2857394
08/03/2004,15.41,15.442,14.781,14.89,3646255
08/04/2004,14.864,14.903,14.421,14.736,3887069
08/05/2004,14.678,14.864,14.453,14.498,2169728
08/06/2004,14.238,14.373,13.981,14.032,2877218
08/09/2004,14.045,14.238,13.904,14.129,2400426
08/10/2004,14.19,14.768,14.164,14.684,4229234
08/11/2004,14.665,14.665,13.728,13.991,7424574
08/12/2004,13.829,13.829,12.549,12.639,11596562
08/13/2004,13.734,13.882,12.847,13.175,12613072
08/16/2004,13.072,13.394,13.066,13.304,3283896
08/17/2004,13.435,13.673,13.39,13.609,5078481
08/18/2004,13.641,13.988,13.589,13.981,4072446
08/19/2004,13.984,14.119,13.875,14.004,3321771
08/20/2004,13.988,14.341,13.878,14.257,2258726
08/23/2004,14.347,14.45,14.097,14.225,2766187
08/24/2004,14.27,14.296,13.795,13.865,2933074
08/25/2004,13.862,14.151,13.673,14.1,3704730
08/26/2004,14.097,14.193,13.756,13.859,3536026
08/27/2004,13.91,14.013,13.84,13.904,2181578
08/30/2004,13.804,13.83,13.522,13.573,3338253
08/31/2004,13.464,13.483,12.854,13.169,8420166
09/01/2004,13.124,13.458,12.995,13.284,4889193
09/02/2004,13.294,13.679,13.082,13.615,2947745
09/03/2004,13.586,13.593,13.008,13.079,2928672
09/07/2004,13.262,13.442,13.191,13.217,3933559
09/08/2004,13.063,13.172,12.941,12.954,3176937
09/09/2004,13.06,13.67,13.047,13.593,4164049
09/10/2004,13.515,14.588,13.496,14.582,8362213
09/13/2004,14.665,14.909,14.588,14.684,5109842
09/14/2004,14.655,14.745,14.366,14.707,2726328
09/15/2004,14.662,14.662,14.245,14.386,2434178
09/16/2004,14.363,14.717,14.363,14.408,2347109
09/17/2004,14.453,14.768,14.453,14.697,4827857
09/20/2004,14.671,15.166,14.459,14.916,4288115
09/21/2004,14.925,15.054,14.733,14.977,3755878
09/22/2004,14.822,14.867,14.488,14.553,2747552
09/23/2004,14.498,14.761,14.376,14.524,2851506
09/24/2004,14.514,14.553,14,14.013,3056586
09/27/2004,13.936,13.994,13.679,13.711,3911898
09/28/2004,13.747,13.779,13.464,13.67,2620910
09/29/2004,13.621,14.187,13.621,13.872,3205342
09/30/2004,13.808,14.103,13.66,13.853,3691263
10/01/2004,13.927,14.78,13.927,14.774,4906441
10/04/2004,15.038,15.282,14.915,15.108,5601038
10/05/2004,15.102,15.179,14.768,14.896,5087347
10/06/2004,14.79,14.803,14.566,14.797,4081433
10/07/2004,14.678,14.794,14.562,14.594,3803942
10/08/2004,14.562,14.678,14.222,14.28,3495062
10/11/2004,14.508,14.578,14.193,14.232,4434614
10/12/2004,14.126,14.132,13.882,14.087,6182010
10/13/2004,14.386,14.585,14.321,14.405,4626150
10/14/2004,14.408,14.447,14.106,14.216,3828980
10/15/2004,14.35,14.832,14.299,14.646,4328200
10/18/2004,14.633,14.781,14.376,14.761,3525863
10/19/2004,14.867,15.066,14.579,14.604,4548670
10/20/2004,14.463,15.259,14.456,15.24,5026476
10/21/2004,15.259,15.863,15.163,15.767,5685884
10/22/2004,15.783,15.796,15.307,15.339,4242958
10/25/2004,15.201,15.503,15.188,15.381,2610625
10/26/2004,15.362,15.625,15.176,15.619,3426537
10/27/2004,15.561,16.126,15.503,16.043,4103904
10/28/2004,16.046,16.256,15.84,15.924,3187054
10/29/2004,15.933,16.235,15.876,16.088,3653653
11/01/2004,16.017,16.177,15.792,15.876,3057049
11/02/2004,15.715,16.306,15.657,16.004,3955030
11/03/2004,16.608,16.608,15.773,15.953,5691976
11/04/2004,15.966,16.094,15.85,16.017,3336681
11/05/2004,15.979,16.351,15.934,16.203,3769483
11/08/2004,16.001,16.624,16.001,16.547,3378553
11/09/2004,16.338,16.627,16.229,16.422,2466173
11/10/2004,16.425,16.482,16.067,16.104,2420737
11/11/2004,16.113,16.601,16.107,16.505,3612493
11/12/2004,14.941,14.941,14.068,14.498,29088372
11/15/2004,14.296,14.97,14.277,14.649,8439327
11/16/2004,14.53,14.8,14.497,14.729,5253932
11/17/2004,14.79,15.022,14.79,15.009,5371995
11/18/2004,14.845,15.057,14.774,15.025,3867114
11/19/2004,15.047,15.047,14.713,14.861,3215235
11/22/2004,14.787,14.877,14.646,14.813,2869586
11/23/2004,14.704,14.787,14.607,14.665,3307376
11/24/2004,14.62,14.928,14.594,14.89,2446889
11/26/2004,14.81,15.002,14.803,14.874,944233
11/29/2004,14.861,14.957,14.655,14.803,2181185
11/30/2004,14.639,14.806,14.62,14.716,2215210
12/01/2004,14.793,15.224,14.793,15.211,2984949
12/02/2004,15.224,15.783,15.217,15.429,4568925
12/03/2004,15.532,15.924,15.429,15.551,3092873
12/06/2004,15.506,15.68,15.391,15.616,2072921
12/07/2004,15.587,15.85,15.323,15.336,2602853
12/08/2004,15.336,15.343,15.067,15.118,2679033
12/09/2004,15.079,15.343,14.7,15.221,3240201
12/10/2004,15.571,15.571,15.07,15.217,2585631
12/13/2004,15.311,15.452,15.182,15.311,2313696
12/14/2004,15.227,15.574,15.227,15.554,2944285
12/15/2004,15.535,15.811,15.484,15.535,3293221
12/16/2004,15.269,15.474,15.173,15.224,2805102
12/17/2004,15.083,15.41,15.076,15.301,4248820
12/20/2004,15.349,15.535,15.124,15.137,2400583
12/21/2004,15.108,15.378,15.102,15.294,2651347
12/22/2004,15.317,15.522,15.195,15.413,2450089
12/23/2004,15.352,15.468,15.275,15.404,1841021
12/27/2004,15.362,15.477,15.221,15.285,3416905
12/28/2004,15.285,15.555,15.285,15.42,1909631
12/29/2004,15.323,15.696,15.304,15.657,2277258
12/30/2004,15.564,15.712,15.468,15.468,1875286
12/31/2004,15.471,15.561,15.426,15.477,1718727
01/03/2005,15.481,15.532,15.095,15.333,3728478
01/04/2005,15.253,15.387,14.784,14.951,4051758
01/05/2005,14.877,15.185,14.845,14.928,4140432
01/06/2005,15.025,15.05,14.569,14.601,3449558
01/07/2005,14.569,14.742,14.537,14.582,2818186
01/10/2005,14.559,14.591,14.302,14.514,4195615
01/11/2005,14.264,14.386,14.199,14.264,3326760
01/12/2005,14.264,14.386,14.026,14.244,4116974
01/13/2005,14.164,14.216,13.92,13.939,3538319
01/14/2005,13.968,14.219,13.962,14.161,2960523
01/18/2005,14.074,14.453,13.939,14.402,3759539
01/19/2005,14.354,14.45,14.142,14.167,3859905
01/20/2005,14.18,14.502,14.174,14.277,5873987
01/21/2005,14.28,14.286,13.94,14.01,5706455
01/24/2005,14.013,14.039,13.763,13.769,5410146
01/25/2005,13.811,14.126,13.772,14.004,3286844
01/26/2005,14.065,14.167,14.007,14.135,2782399
01/27/2005,14.065,14.27,13.93,14.135,2935855
01/28/2005,14.061,14.158,13.811,13.882,3102913
01/31/2005,14.09,14.289,14.065,14.199,2946662
02/01/2005,14.135,14.482,14.135,14.463,3085855
02/02/2005,14.469,14.623,14.354,14.578,2576688
02/03/2005,14.46,14.569,14.029,14.196,2767577
02/04/2005,14.161,14.437,14.142,14.418,3456459
02/07/2005,14.633,14.896,14.569,14.858,4123712
02/08/2005,14.848,15.4,14.797,15.259,4705858
02/09/2005,15.282,15.282,14.749,14.826,2783657
02/10/2005,14.826,14.967,14.761,14.8,2070298
02/11/2005,14.768,15.308,14.658,15.224,2909751
02/14/2005,15.121,15.436,15.05,15.423,4412362
02/15/2005,15.047,15.74,14.958,15.676,10812818
02/16/2005,15.522,15.574,15.214,15.375,4252486
02/17/2005,15.266,15.516,15.188,15.221,3425006
02/18/2005,15.221,15.259,15.067,15.144,3001650
02/22/2005,15.038,15.41,14.993,15.083,2627076
02/23/2005,15.118,15.15,14.681,14.765,4828164
02/24/2005,14.694,14.912,14.63,14.906,5948611
02/25/2005,14.944,15.169,14.803,15.118,5181683
02/28/2005,15.124,15.458,15.124,15.413,4127411
03/01/2005,15.442,15.789,15.442,15.725,4685185
03/02/2005,15.616,15.795,15.489,15.622,2624910
03/03/2005,15.625,15.824,15.523,15.696,2561711
03/04/2005,15.754,15.792,15.426,15.471,2603499
03/07/2005,15.526,15.982,15.449,15.892,3427090
03/08/2005,15.799,16.043,15.503,15.651,3541047
03/09/2005,15.548,15.747,15.381,15.42,2837652
03/10/2005,15.4,15.497,15.176,15.355,2802002
03/11/2005,15.323,15.445,14.938,14.989,2537301
03/14/2005,14.964,15.259,14.932,15.201,3436981
03/15/2005,15.217,15.346,14.922,14.935,2318651
03/16/2005,14.906,15.086,14.379,14.463,5497724
03/17/2005,14.45,14.623,14.431,14.553,3212924
03/18/2005,14.46,14.505,14.222,14.357,10081509
03/21/2005,14.286,14.665,14.267,14.505,3287144
03/22/2005,14.546,14.643,14.354,14.501,4274243
03/23/2005,14.514,14.578,14.45,14.469,3477633
03/24/2005,14.469,14.636,14.232,14.521,3852263
03/28/2005,14.569,14.601,14.408,14.466,2627173
03/29/2005,14.46,14.607,14.37,14.434,3906823
03/30/2005,14.28,14.338,13.965,14.312,6068993
03/31/2005,14.309,14.354,14.097,14.257,4119315
04/01/2005,14.379,14.463,14.148,14.18,5011600
04/04/2005,14.084,14.084,13.666,13.75,7361811
04/05/2005,13.776,13.795,13.538,13.718,6404966
04/06/2005,13.715,13.969,13.715,13.907,2918406
04/07/2005,13.869,13.894,13.727,13.862,4388915
04/08/2005,13.837,13.959,13.721,13.727,2969454
04/11/2005,13.711,13.731,13.499,13.57,4644038
04/12/2005,13.487,13.782,13.358,13.718,4014983
04/13/2005,13.654,13.782,13.332,13.358,3565467
04/14/2005,13.368,13.496,13.246,13.271,3189715
04/15/2005,13.153,13.191,12.921,13.095,5210923
04/18/2005,13.079,13.348,13.079,13.278,3746040
04/19/2005,13.275,13.429,13.262,13.345,3961299
04/20/2005,13.387,13.49,13.143,13.169,2903429
04/21/2005,13.281,13.731,13.281,13.686,3302300
04/22/2005,13.631,13.702,13.432,13.548,3245467
04/25/2005,13.602,13.808,13.48,13.692,3318499
04/26/2005,13.66,13.917,13.609,13.711,2994468
04/27/2005,13.657,13.766,13.445,13.644,2687111
04/28/2005,13.548,13.599,13.259,13.265,2902485
04/29/2005,13.358,13.39,13.127,13.326,3776583
05/02/2005,13.323,13.503,13.304,13.471,2293827
05/03/2005,13.413,13.676,13.406,13.612,2487527
05/04/2005,13.618,13.76,13.567,13.644,4387810
05/05/2005,13.589,13.763,13.467,13.551,3948955
05/06/2005,13.583,13.846,13.57,13.808,2331599
05/09/2005,13.728,14.1,13.67,14.074,3036885
05/10/2005,13.914,14.074,13.869,14.042,2984083
05/11/2005,14.036,14.28,14.004,14.254,3065698
05/12/2005,13.917,14.585,13.917,14.11,5883813
05/13/2005,14.135,14.322,14.052,14.116,4777512
05/16/2005,14.058,14.091,13.759,13.82,6964810
05/17/2005,13.637,14.531,13.637,14.437,6796039
05/18/2005,14.411,14.887,14.277,14.72,4080382
05/19/2005,14.723,14.851,14.678,14.813,2372807
05/20/2005,14.835,15.066,14.655,15.034,2612193
05/23/2005,14.973,15.211,14.961,15.179,3567596
05/24/2005,15.121,15.352,15,15.313,3296654
05/25/2005,15.227,15.253,14.996,15.111,2334561
05/26/2005,15.111,15.31,15.111,15.266,2011682
05/27/2005,15.246,15.381,15.195,15.362,1256958
05/31/2005,15.253,15.51,15.227,15.42,2834083
06/01/2005,15.42,15.657,15.381,15.529,2144128
06/02/2005,15.4,15.625,15.388,15.535,2405412
06/03/2005,15.538,15.538,15.378,15.455,1857841
06/06/2005,15.888,15.888,15.567,15.747,4994867
06/07/2005,15.734,15.863,15.497,15.555,2893873
06/08/2005,15.657,15.837,15.593,15.709,2401872
06/09/2005,15.657,15.889,15.625,15.863,3924669
06/10/2005,15.722,15.946,15.683,15.734,2132572
06/13/2005,15.705,15.905,15.673,15.84,2321313
06/14/2005,15.834,15.924,15.776,15.866,1738064
06/15/2005,15.908,15.998,15.709,15.837,1848876
06/16/2005,15.898,15.924,15.763,15.776,1675253
06/17/2005,15.953,15.966,15.811,15.914,3323899
06/20/2005,15.776,16.065,15.763,15.995,2244757
06/21/2005,15.946,16.043,15.837,15.863,2126704
06/22/2005,15.905,15.982,15.718,15.828,2107096
06/23/2005,15.818,16.088,15.799,15.94,3916883
06/24/2005,15.914,15.921,15.49,15.497,2866624
06/27/2005,15.381,15.384,14.899,14.989,3753076
06/28/2005,15.009,15.124,14.964,15.073,3121191
06/29/2005,15.063,15.147,14.89,14.916,1977721
06/30/2005,14.835,14.912,14.752,14.771,2487477
07/01/2005,14.899,15.124,14.855,15.028,2473138
07/05/2005,14.932,15.278,14.848,15.176,2202998
07/06/2005,15.137,15.438,15.137,15.183,2194333
07/07/2005,15.028,15.343,14.855,15.336,3791232
07/08/2005,15.375,15.683,15.343,15.638,3536074
07/11/2005,16.046,16.797,16.046,16.495,10424262
07/12/2005,16.544,16.73,16.492,16.653,3624455
07/13/2005,16.55,16.762,16.486,16.653,3040546
07/14/2005,16.73,16.858,16.441,16.531,2285662
07/15/2005,16.595,16.595,16.338,16.479,2176361
07/18/2005,16.444,16.489,16.238,16.483,2208615
07/19/2005,16.486,16.749,16.351,16.666,2478754
07/20/2005,16.617,16.784,16.431,16.656,3645102
07/21/2005,16.646,16.788,16.531,16.601,3042735
07/22/2005,16.553,16.566,16.29,16.438,2236428
07/25/2005,16.396,16.569,16.364,16.441,1782106
07/26/2005,16.441,16.82,16.441,16.685,2912246
07/27/2005,16.727,17.099,16.695,16.958,3355407
07/28/2005,16.945,16.996,16.849,16.977,1520150
07/29/2005,16.903,17.006,16.781,16.852,1475048
08/01/2005,16.842,17.176,16.842,17.028,1955148
08/02/2005,17.099,17.202,17.035,17.099,1967174
08/03/2005,16.967,17.192,16.784,17.186,2163713
08/04/2005,17.154,17.16,16.768,16.813,2582740
08/05/2005,16.662,16.797,16.579,16.617,2154969
08/08/2005,16.605,16.624,16.251,16.251,3625910
08/09/2005,16.303,16.495,16.251,16.438,1874597
08/10/2005,16.518,16.595,16.171,16.248,2116895
08/11/2005,16.251,16.772,16.213,16.772,2312312
08/12/2005,16.781,17.109,16.781,16.974,5898428
08/15/2005,19.083,19.822,18.859,19.469,32390007
08/16/2005,19.006,19.553,18.993,19.546,10792243
08/17/2005,19.588,20.01,19.575,19.979,7753739
08/18/2005,19.742,19.934,19.71,19.851,7715604
08/19/2005,19.838,19.877,19.652,19.69,4535752
08/22/2005,19.533,19.784,19.533,19.713,5690739
08/23/2005,19.652,19.755,19.427,19.427,11079238
08/24/2005,19.26,19.748,19.26,19.369,6789667
08/25/2005,19.302,19.963,19.238,19.777,8123455
08/26/2005,19.71,20.04,19.71,19.979,7407496
08/29/2005,19.764,20.23,19.764,20.09,4888406
08/30/2005,20.13,20.6,20.11,20.56,6124075
08/31/2005,20.57,20.7,20.4,20.64,3316636
09/01/2005,20.5,20.83,20.48,20.73,6619352
09/02/2005,20.73,20.8,20.58,20.64,2748090
09/06/2005,20.49,20.88,20.49,20.86,4135347
09/07/2005,20.73,20.94,20.73,20.87,4695289
09/08/2005,20.83,20.9,20.52,20.68,5573564
09/09/2005,20.66,20.98,20.62,20.96,3445691
09/12/2005,21.05,21.48,20.96,21.41,7544265
09/13/2005,21.15,21.32,21.12,21.26,8116465
09/14/2005,21.08,21.13,20.9,20.97,3727178
09/15/2005,21.14,21.3,21.05,21.21,4610271
09/16/2005,21.37,21.84,21.24,21.77,12256909
09/19/2005,21.67,21.72,21.46,21.61,4257109
09/20/2005,21.72,22.12,21.72,21.86,5512473
09/21/2005,21.72,21.82,21.42,21.6,4214909
09/22/2005,21.52,21.68,21.28,21.62,5168046
09/23/2005,21.51,21.78,21.4,21.64,5489910
09/26/2005,21.7,21.81,21.48,21.59,4259317
09/27/2005,21.57,21.67,21.45,21.5,4347787
09/28/2005,21.55,21.66,21.22,21.34,4274395
09/29/2005,21.25,21.39,20.86,20.99,9444224
09/30/2005,20.99,21.19,20.96,21.03,7519096
10/03/2005,21.08,21.39,21.08,21.19,7008344
10/04/2005,21.23,21.3,20.77,20.84,5178429
10/05/2005,20.63,20.64,20,20.07,5771737
10/06/2005,20.15,20.17,19.768,19.954,5377605
10/07/2005,20.18,20.47,20.05,20.43,5115870
10/10/2005,20.42,20.52,20.11,20.13,3288442
10/11/2005,20.16,20.32,19.883,19.922,5060204
10/12/2005,19.851,19.986,19.318,19.53,5603310
10/13/2005,19.437,19.655,19.347,19.629,3237943
10/14/2005,19.69,19.915,19.581,19.864,3631229
10/17/2005,19.796,19.867,19.552,19.809,3330547
10/18/2005,19.735,19.793,19.524,19.697,3099242
10/19/2005,19.684,20.16,19.523,20.02,5675784
10/20/2005,20.03,20.28,19.7,19.803,3693821
10/21/2005,19.841,20.15,19.726,19.97,3243492
10/24/2005,19.967,20.2,19.883,20.02,2495878
10/25/2005,19.97,20.16,19.874,20.03,3698391
10/26/2005,19.967,20.18,19.883,19.909,2486556
10/27/2005,19.784,19.874,19.604,19.629,1959600
10/28/2005,19.678,19.941,19.247,19.909,3522474
10/31/2005,19.912,20.64,19.88,20.55,4568283
11/01/2005,20.56,20.87,20.49,20.63,2862151
11/02/2005,20.62,21.12,20.6,20.98,2693777
11/03/2005,21.06,21.21,20.94,21,2303105
11/04/2005,20.97,21.19,20.97,21.06,3111086
11/07/2005,20.98,21.13,20.84,21.08,2577890
11/08/2005,21.01,21.25,21.01,21.18,6994621
11/09/2005,21.13,21.31,21.07,21.21,4860992
11/10/2005,21.2,21.29,21.11,21.23,4274321
11/11/2005,21.05,21.21,21,21.15,3068264
11/14/2005,21.08,21.39,21.06,21.12,5448716
11/15/2005,22.37,22.43,22.09,22.14,24170798
11/16/2005,21.99,22.22,21.94,22,6585324
11/17/2005,21.97,22.35,21.95,22.31,9017129
11/18/2005,22.34,22.45,22.21,22.42,7281621
11/21/2005,22.21,22.53,22.21,22.47,6003722
11/22/2005,22.38,22.99,22.38,22.84,5723083
11/23/2005,22.77,22.99,22.77,22.9,3550189
11/25/2005,22.9,22.98,22.87,22.92,1662119
11/28/2005,22.87,22.9,22.76,22.89,4448932
11/29/2005,22.86,22.99,22.75,22.8,4801122
11/30/2005,22.73,22.98,22.73,22.9,3813969
12/01/2005,22.9,23.18,22.86,23.11,5226866
12/02/2005,22.99,23.02,22.6,22.79,8595072
12/05/2005,22.8,22.87,22.39,22.48,7484356
12/06/2005,22.47,22.58,22.37,22.44,10202019
12/07/2005,22.48,22.48,22.09,22.14,8507362
12/08/2005,22.19,22.29,21.93,22.2,8739817
12/09/2005,22.29,22.71,22.26,22.65,10547223
12/12/2005,22.63,23.03,22.63,22.89,12208891
12/13/2005,22.88,23.12,22.87,23.11,18465180
12/14/2005,23.09,23.12,22.74,22.81,19512560
12/15/2005,22.8,22.86,22.59,22.61,3936049
12/16/2005,22.72,22.76,22.65,22.67,4930328
12/19/2005,22.64,22.82,22.48,22.49,4716481
12/20/2005,22.46,22.5,22.14,22.37,4445577
12/21/2005,22.44,22.75,22.41,22.42,6430787
12/22/2005,22.37,22.55,22.34,22.53,4517695
12/23/2005,22.48,22.57,22.35,22.41,1970202
12/27/2005,22.35,22.38,21.8,21.82,3283776
12/28/2005,21.96,22,21.58,21.77,4275637
12/29/2005,21.83,21.84,21.48,21.5,3300340
12/30/2005,21.35,21.47,21.24,21.4,3351881
01/03/2006,21.45,21.57,21.08,21.51,5753708
01/04/2006,21.55,21.73,21.43,21.57,4166802
01/05/2006,21.49,22.13,21.49,22.13,5079016
01/06/2006,22.15,22.32,21.88,22.26,6082499
01/09/2006,22.25,22.35,22.11,22.19,4241387
01/10/2006,22,22.48,21.9,22.48,3143316
01/11/2006,22.47,22.53,22.22,22.47,3006403
01/12/2006,22.32,22.38,21.95,21.97,5752324
01/13/2006,21.92,22,21.58,21.81,4497636
01/17/2006,21.64,21.7,21.4,21.66,3816632
01/18/2006,21.67,22.21,21.46,22.13,3934477
01/19/2006,22.17,22.65,22.16,22.47,4712076
01/20/2006,22.41,22.47,21.87,21.96,5686694
01/23/2006,21.96,22.2,21.92,22,2401557
01/24/2006,21.99,22.19,21.93,22.04,2490317
01/25/2006,22.04,22.08,21.94,22.01,2103177
01/26/2006,22.12,22.15,21.64,21.91,3001157
01/27/2006,21.91,22.16,21.89,21.92,3134786
01/30/2006,21.9,22.14,21.9,22.09,1974245
01/31/2006,21.99,22.04,21.77,21.78,4185013
02/01/2006,21.71,22.49,21.71,22.44,4111306
02/02/2006,22.15,22.34,21.83,22.02,2294743
02/03/2006,21.93,22.21,21.85,22.05,1970322
02/06/2006,22,22.46,21.91,22.32,2444892
02/07/2006,22.18,22.27,21.52,21.84,3184892
02/08/2006,21.87,22.22,21.87,22.18,2695353
02/09/2006,22.44,22.73,22.44,22.56,6951738
02/10/2006,22.48,23.03,22.48,23.03,7740654
02/13/2006,22.6,22.68,21.84,22.13,9658212
02/14/2006,22.21,22.63,22.05,22.35,5402990
02/15/2006,22.2,22.56,21.95,22.46,4969354
02/16/2006,22.41,22.61,22.29,22.34,3524035
02/17/2006,22.22,22.57,22.18,22.47,4767222
02/21/2006,22.46,22.69,22.41,22.54,4939372
02/22/2006,22.57,22.76,22.55,22.76,4154066
02/23/2006,22.8,23.32,22.78,23.12,7706882
02/24/2006,23.18,23.3,22.97,23.07,3185699
02/27/2006,23.02,23.6,23.02,23.5,5321547
02/28/2006,23.28,23.44,23.08,23.12,3414569
03/01/2006,23.2,23.59,23.2,23.56,2853208
03/02/2006,23.47,23.5,23.25,23.33,3080679
03/03/2006,23.17,23.51,23.16,23.25,2118184
03/06/2006,23.25,23.34,23.05,23.23,2330962
03/07/2006,23.13,23.41,23.06,23.34,4133470
03/08/2006,23.35,23.65,23.25,23.48,3713945
03/09/2006,23.59,23.62,23.22,23.26,4464486
03/10/2006,23.24,23.47,22.95,23.37,3254159
03/13/2006,23.38,23.75,23.38,23.71,4513411
03/14/2006,23.64,23.73,23.41,23.66,4504681
03/15/2006,23.55,24.15,23.4,24.09,5860738
03/16/2006,24.06,24.39,24.06,24.24,5556163
03/17/2006,24.23,24.48,24.15,24.36,7777210
03/20/2006,24.32,24.34,24,24.22,2533553
03/21/2006,24.14,24.22,23.76,23.84,3862589
03/22/2006,23.81,23.87,23.64,23.83,4740925
03/23/2006,23.86,23.99,23.55,23.89,2978415
03/24/2006,23.83,24.08,23.79,24,2567965
03/27/2006,23.84,23.85,23.56,23.56,2936230
03/28/2006,23.53,23.59,23.26,23.3,2945805
03/29/2006,23.3,23.8,23.3,23.75,4205274
03/30/2006,23.7,24.08,23.68,23.95,3594569
03/31/2006,23.96,24.19,23.96,24.11,4077567
04/03/2006,24.29,24.65,24.22,24.46,4311976
04/04/2006,24.44,24.55,24.31,24.42,2677120
04/05/2006,24.42,24.59,24.36,24.55,2577491
04/06/2006,24.5,24.76,24.47,24.73,3307756
04/07/2006,24.66,24.74,24.19,24.3,3274740
04/10/2006,24.26,24.41,23.55,23.7,3261120
04/11/2006,23.83,23.93,23.42,23.74,2453631
04/12/2006,23.69,23.82,23.28,23.34,2145357
04/13/2006,23.23,23.6,23.2,23.54,1761762
04/17/2006,23.54,23.78,23.44,23.68,2563803
04/18/2006,23.8,24.53,23.72,24.41,5462620
04/19/2006,24.35,24.85,24.35,24.8,4615254
04/20/2006,24.84,25.34,24.81,25.03,5092655
04/21/2006,25.09,25.15,24.77,24.92,3266635
04/24/2006,24.83,24.87,24.55,24.67,2760265
04/25/2006,24.66,25.01,24.64,24.98,3330885
04/26/2006,25.03,25.06,24.74,24.91,2192991
04/27/2006,24.9,25.41,24.85,25.03,4077752
04/28/2006,24.99,25.03,24.65,24.67,2789594
05/01/2006,24.77,25.06,24.67,24.88,3012744
05/02/2006,24.9,25.13,24.88,25.05,2481505
05/03/2006,25.01,25.06,24.77,25,1829359
05/04/2006,25,25.22,24.85,24.96,2929751
05/05/2006,25.05,25.21,24.95,25.14,2141324
05/08/2006,25.11,25.34,25.02,25.04,3313081
05/09/2006,25.15,25.15,24.8,24.96,2474385
05/10/2006,24.87,25.05,24.72,24.82,3003950
05/11/2006,24.66,24.89,24.51,24.83,3839184
05/12/2006,24.68,24.75,23.86,23.93,4448729
05/15/2006,24.01,24.51,23.94,24.36,5249084
05/16/2006,23.33,23.5,22.28,22.34,14793369
05/17/2006,22.35,22.61,22.21,22.34,6637923
05/18/2006,22.46,22.83,22.33,22.38,4689099
05/19/2006,22.45,22.56,22.19,22.46,5549961
05/22/2006,22.43,22.46,21.93,22.12,4835271
05/23/2006,22.19,22.56,22.1,22.14,3880471
05/24/2006,22.08,22.48,21.51,21.92,4384519
05/25/2006,22.09,22.12,21.5,21.78,5297099
05/26/2006,21.93,22.35,21.85,22.24,3236414
05/30/2006,22.21,22.26,21.85,21.88,3708574
05/31/2006,21.87,22.44,21.87,22.41,5725251
06/01/2006,22.28,22.57,22.22,22.5,4756911
06/02/2006,22.54,22.87,22.4,22.81,3686111
06/05/2006,22.66,22.7,22.02,22.07,4808599
06/06/2006,22.2,22.21,21.62,21.88,4825034
06/07/2006,21.88,22.12,21.59,21.76,3304724
06/08/2006,21.65,21.66,21.07,21.52,4608797
06/09/2006,21.52,21.87,21.36,21.66,3503624
06/12/2006,21.68,21.77,20.7,20.9,7916019
06/13/2006,20.87,21.04,20.1,20.2,10552716
06/14/2006,20.19,20.52,20.13,20.5,6472650
06/15/2006,20.58,21.52,20.57,21.43,6233340
06/16/2006,21.33,21.52,21.23,21.42,3867321
06/19/2006,21.45,21.54,20.71,20.78,2936088
06/20/2006,20.78,20.97,20.6,20.67,1994654
06/21/2006,20.66,21.12,20.66,20.97,2041211
06/22/2006,20.9,21,20.61,20.73,2009594
06/23/2006,20.54,20.54,19.158,20.04,9128587
06/26/2006,20.1,20.25,19.94,20.2,4105825
06/27/2006,19.655,20.17,19.514,19.546,5445685
06/28/2006,19.543,19.793,19.312,19.626,3686129
06/29/2006,19.697,20.26,19.588,20.24,3741865
06/30/2006,20.27,20.63,20.26,20.26,5868260
07/03/2006,20.38,20.55,20.21,20.46,1188097
07/05/2006,20.35,20.4,19.957,20.11,3701643
07/06/2006,20.11,20.47,20.11,20.32,2192558
07/07/2006,20.23,20.23,19.742,19.922,2176352
07/10/2006,20.02,20.17,19.607,19.748,2413336
07/11/2006,19.691,19.691,18.868,19.376,7474427
07/12/2006,19.389,19.389,17.911,18.297,10622022
07/13/2006,18.265,18.509,18.111,18.29,5783391
07/14/2006,18.271,18.489,18.078,18.425,3810845
07/17/2006,18.409,18.563,18.332,18.512,3470980
07/18/2006,18.525,18.634,17.786,18.165,3729009
07/19/2006,18.236,18.955,18.236,18.872,3137950
07/20/2006,18.949,19.244,18.448,18.473,3274628
07/21/2006,18.56,18.567,17.648,17.892,4812366
07/24/2006,17.915,18.795,17.915,18.647,4795645
07/25/2006,18.66,19.161,18.557,18.718,3721723
07/26/2006,18.666,18.685,17.844,17.87,7150868
07/27/2006,17.995,18.111,17.667,17.667,5065805
07/28/2006,17.741,18.088,17.639,17.934,4473256
07/31/2006,17.851,18.326,17.754,18.268,2506128
08/01/2006,18.194,18.207,17.828,18.008,3731817
08/02/2006,17.982,18.348,17.854,18.066,3564983
08/03/2006,17.895,18.21,17.824,18.101,2360621
08/04/2006,18.364,18.615,17.812,18.024,2010655
08/07/2006,17.947,17.985,17.671,17.818,2238092
08/08/2006,17.822,17.86,17.327,17.391,2843886
08/09/2006,17.613,18.146,17.433,17.523,2458483
08/10/2006,17.462,17.892,17.391,17.854,3335778
08/11/2006,17.757,17.777,17.404,17.468,2213260
08/14/2006,17.607,18.524,17.591,18.3,5906530
08/15/2006,19.845,20.46,19.722,19.979,9264246
08/16/2006,20.38,20.73,19.803,20.56,6204768
08/17/2006,20.55,20.77,20.37,20.73,3296641
08/18/2006,20.73,20.73,20.18,20.42,4440713
08/21/2006,20.36,20.37,20.04,20.11,2086958
08/22/2006,20.02,20.21,19.809,19.841,3465105
08/23/2006,19.777,20.008,19.597,19.617,1859794
08/24/2006,19.71,19.902,19.581,19.639,2620206
08/25/2006,19.574,19.702,19.496,19.563,2856986
08/28/2006,19.54,19.873,19.527,19.79,2253933
08/29/2006,19.822,20.19,19.809,20.15,3487864
08/30/2006,20.27,20.61,20.24,20.55,3857384
08/31/2006,20.67,20.71,20.31,20.65,2804957
09/01/2006,20.64,20.7,20.25,20.26,3179884
09/05/2006,20.12,20.32,19.819,20.28,3003038
09/06/2006,20.13,20.14,19.684,19.71,3466730
09/07/2006,19.623,19.88,19.469,19.546,3202582
09/08/2006,19.581,19.806,19.549,19.71,1751695
09/11/2006,19.623,20.16,19.623,19.963,7286206
09/12/2006,19.944,20.31,19.899,20.25,4329560
09/13/2006,20.27,20.39,20.08,20.16,2818452
09/14/2006,19.973,20.063,19.748,19.909,3340755
09/15/2006,19.918,19.938,19.585,19.861,6460825
09/18/2006,19.87,20.11,19.78,20.02,3464523
09/19/2006,20.03,20.2,19.8,20.2,3716740
09/20/2006,20.44,20.99,20.41,20.94,5026633
09/21/2006,21.17,21.45,21.08,21.24,5330109
09/22/2006,21.15,21.2,20.69,20.87,3589873
09/25/2006,20.89,21.3,20.72,21.13,2675764
09/26/2006,21.06,21.34,20.88,21.17,3067947
09/27/2006,21.16,21.23,20.63,20.72,4935698
09/28/2006,20.67,21.2,20.59,21.18,5652441
09/29/2006,21.21,21.32,20.97,20.98,2136596
10/02/2006,20.86,21.04,20.62,20.77,4019803
10/03/2006,20.59,20.91,20.57,20.71,3431585
10/04/2006,20.64,21.26,20.63,21.23,3340114
10/05/2006,21.09,21.2,20.87,21.13,2456938
10/06/2006,20.96,21.44,20.81,21.39,2708570
10/09/2006,21.22,21.56,21.04,21.47,4235331
10/10/2006,21.41,21.58,21.33,21.42,2599960
10/11/2006,21.2,21.62,21.06,21.3,3261307
10/12/2006,21.32,21.65,21.3,21.57,2222188
10/13/2006,21.51,22.23,21.5,22.16,3968656
10/16/2006,22.18,22.26,21.98,22.02,2780259
10/17/2006,21.81,22.16,21.73,22.05,3137699
10/18/2006,22.26,22.56,22.19,22.48,5220991
10/19/2006,22.38,22.54,22.25,22.43,2940395
10/20/2006,22.44,22.52,22.27,22.45,2573231
10/23/2006,22.54,22.75,22.2,22.34,2702352
10/24/2006,22.32,22.45,22.21,22.43,2250322
10/25/2006,22.42,22.52,22.29,22.49,2215443
10/26/2006,22.55,22.79,22.41,22.75,1310148
10/27/2006,22.75,22.77,22.35,22.4,2905545
10/30/2006,22.36,22.54,22.26,22.41,1770539
10/31/2006,22.48,23,22.46,22.86,4072437
11/01/2006,22.86,23.54,22.86,23.24,4546949
11/02/2006,23.15,23.16,22.63,22.77,2903460
11/03/2006,22.85,22.98,22.42,22.45,3865598
11/06/2006,22.44,23.25,22.42,23.2,4863675
11/07/2006,23.17,23.34,22.93,22.93,2696752
11/08/2006,22.74,23.08,22.69,22.96,2854246
11/09/2006,23.05,23.33,23.04,23.24,4531400
11/10/2006,23.23,23.45,23.19,23.41,2695115
11/13/2006,23.38,23.95,23.34,23.86,5465238
11/14/2006,22.41,22.78,22,22.51,12882220
11/15/2006,22.49,22.79,22.44,22.59,4487358
11/16/2006,22.63,23.14,22.5,22.93,4468354
11/17/2006,22.82,23.08,22.71,22.99,3042486
11/20/2006,22.89,23.13,22.68,22.98,2948179
11/21/2006,22.98,23.01,22.81,22.94,4752143
11/22/2006,22.86,22.9,22.69,22.78,5195870
11/24/2006,22.65,22.98,22.64,22.87,1332919
11/27/2006,22.81,22.81,22.12,22.22,3529853
11/28/2006,22.22,22.41,22.02,22.22,4540473
11/29/2006,22.22,22.25,21.64,21.84,6933827
11/30/2006,21.85,21.92,21.69,21.7,5712384
12/01/2006,21.81,21.82,21.57,21.77,2920717
12/04/2006,21.8,22.32,21.8,22.24,4004309
12/05/2006,22.49,23.04,22.32,22.61,5143695
12/06/2006,22.62,22.71,22.42,22.54,1981655
12/07/2006,22.69,22.93,22.59,22.65,2914602
12/08/2006,22.63,22.96,22.52,22.79,1799434
12/11/2006,22.72,22.96,22.66,22.89,1845745
12/12/2006,22.82,23.45,22.64,23.09,5473660
12/13/2006,23.07,23.17,22.91,23.07,3043420
12/14/2006,23.01,23.37,23.01,23.21,3862695
12/15/2006,23.18,23.38,23.1,23.23,3601604
12/18/2006,23.23,23.38,23.12,23.23,1662258
12/19/2006,22.97,23.38,22.95,23.25,1957014
12/20/2006,23.27,23.82,23.2,23.21,3987648
12/21/2006,23.15,23.44,23.05,23.34,2922387
12/22/2006,23.22,23.43,22.94,22.99,2086877
12/26/2006,22.96,23.38,22.92,23.32,1314596
12/27/2006,23.42,23.7,23.38,23.67,2040046
12/28/2006,23.49,24.18,23.49,24.14,3666113
12/29/2006,24.05,24.35,23.73,23.73,2311197
01/03/2007,23.85,23.87,23.21,23.38,3024206
01/04/2007,23.37,23.57,22.8,23.46,2165702
01/05/2007,23.37,23.46,23.2,23.24,3281786
01/08/2007,23.16,23.23,22.96,23.16,1787517
01/09/2007,23.23,23.39,22.92,23.18,1619721
01/10/2007,22.92,23.02,22.73,22.97,2745906
01/11/2007,23.07,23.18,22.74,22.96,2532377
01/12/2007,22.96,23.07,22.87,22.9,1839209
01/16/2007,22.84,23.13,22.72,22.86,4119403
01/17/2007,22.78,22.81,22.32,22.41,3167639
01/18/2007,22.32,22.34,21.74,21.99,4097192
01/19/2007,22.05,22.45,22.03,22.36,3208368
01/22/2007,22.28,22.32,22.16,22.19,3993304
01/23/2007,22.07,22.43,22.02,22.3,3246727
01/24/2007,22.3,22.49,22.13,22.22,3824351
01/25/2007,22.23,22.39,21.81,21.84,2283508
01/26/2007,21.8,22.14,21.79,22.07,2104111
01/29/2007,22,22.13,21.76,21.8,2478505
01/30/2007,21.8,21.87,21.72,21.81,1827167
01/31/2007,21.81,21.88,21.74,21.81,2681033
02/01/2007,21.92,22.15,21.81,21.94,3276465
02/02/2007,21.98,21.98,21.43,21.56,7380465
02/05/2007,21.56,21.74,21.3,21.71,3154889
02/06/2007,21.9,21.93,21.65,21.8,3372017
02/07/2007,21.84,22.28,21.84,22.21,4615397
02/08/2007,22.12,22.34,22,22.27,3237516
02/09/2007,22.26,22.48,22.18,22.26,2822769
02/12/2007,22.23,22.33,22.17,22.21,1865384
02/13/2007,22.26,22.54,22.17,22.48,3494276
02/14/2007,22.4,22.78,22.4,22.44,3996961
02/15/2007,22.47,23.25,22.45,23.08,5777381
02/16/2007,22.99,23.01,22.2,22.33,7735616
02/20/2007,22.13,22.28,21.92,22.16,5853455
02/21/2007,22.03,22.48,22.01,22.33,5744696
02/22/2007,22.37,22.6,22.37,22.49,4852216
02/23/2007,22.67,22.78,22.39,22.67,4575437
02/26/2007,22.67,22.74,22.5,22.68,3470500
02/27/2007,22.38,22.58,21.63,21.93,3782750
02/28/2007,21.91,21.96,21.53,21.62,2916885
03/01/2007,21.23,21.58,21,21.43,2515472
03/02/2007,21.36,21.49,20.92,20.94,2354233
03/05/2007,20.71,21.22,20.62,20.93,3123663
03/06/2007,21.04,21.15,20.74,21,4358391
03/07/2007,20.99,21.12,20.88,20.98,3737959
03/08/2007,21.13,21.8,21.13,21.63,6451401
03/09/2007,21.66,21.81,21.44,21.65,4700245
03/12/2007,21.61,21.9,21.59,21.9,3109824
03/13/2007,21.71,21.84,21.54,21.58,4374690
03/14/2007,21.59,21.86,21.48,21.81,4437567
03/15/2007,21.74,21.82,21.44,21.61,3142446
03/16/2007,21.6,21.76,21.49,21.64,2990741
03/19/2007,21.8,21.94,21.66,21.71,1996442
03/20/2007,21.75,22.1,21.7,21.85,3575440
03/21/2007,21.92,21.97,21.73,21.87,3367132
03/22/2007,22.02,22.35,21.81,22.21,4874256
03/23/2007,22.13,22.96,22.13,22.64,4910924
03/26/2007,22.51,22.72,22.1,22.72,4107865
03/27/2007,22.7,23.05,22.61,22.92,4180264
03/28/2007,22.68,23,22.61,22.82,3638433
03/29/2007,23,23.14,22.81,22.98,4979888
03/30/2007,22.95,23.07,22.84,22.97,3300650
04/02/2007,22.91,23.16,22.81,23.16,3272605
04/03/2007,23.22,23.64,23.17,23.55,4527117
04/04/2007,23.64,23.75,23.58,23.71,3330380
04/05/2007,23.72,23.82,23.64,23.66,3872111
04/09/2007,23.73,23.99,23.68,23.9,3518146
04/10/2007,23.73,23.85,23.69,23.8,2857902
04/11/2007,23.76,23.82,23.56,23.6,3834569
04/12/2007,23.61,23.82,23.53,23.77,2809788
04/13/2007,23.92,23.92,23.34,23.49,4652836
04/16/2007,23.52,23.86,23.46,23.84,2931327
04/17/2007,23.76,24.41,23.73,24.23,5482674
04/18/2007,24,24.3,23.89,24.18,4202225
04/19/2007,24.17,24.3,23.95,24.01,3311852
04/20/2007,24.32,24.36,23.98,24.19,4555165
04/23/2007,24.08,24.26,23.88,24.14,3197637
04/24/2007,24.19,24.28,23.98,24.1,2826730
04/25/2007,24.11,24.18,23.97,23.98,5302096
04/26/2007,24.05,24.12,23.87,23.9,6114121
04/27/2007,23.76,23.89,23.6,23.65,4339243
04/30/2007,23.71,23.76,23.42,23.42,3945893
05/01/2007,23.51,24.53,23.45,24.53,6380727
05/02/2007,24.45,24.91,24.39,24.81,4676720
05/03/2007,24.77,24.93,24.67,24.84,3745304
05/04/2007,24.84,25.22,24.74,25.22,4459662
05/07/2007,25.18,25.45,25.11,25.39,3505199
05/08/2007,25.25,25.5,25.2,25.46,3357054
05/09/2007,25.28,25.56,25.22,25.52,2790272
05/10/2007,25.22,25.33,24.52,24.55,4969655
05/11/2007,24.47,24.74,24.17,24.69,5921855
05/14/2007,24.85,25.05,24.34,24.47,5332765
05/15/2007,25.43,26.21,25.43,25.76,12250334
05/16/2007,25.55,25.81,25.48,25.77,3921775
05/17/2007,25.48,25.89,25.48,25.66,3641731
05/18/2007,25.62,26.05,25.6,25.9,3992405
05/21/2007,25.64,26.25,25.64,26.11,4196631
05/22/2007,26.13,26.4,26.03,26.28,5647428
05/23/2007,26.48,26.58,26.26,26.28,3690054
05/24/2007,25.79,26.47,25.61,25.7,4476584
05/25/2007,25.69,26.26,25.55,26.16,4374464
05/29/2007,26.23,26.28,25.96,26.13,3079689
05/30/2007,25.97,26.17,25.91,26.1,2854807
05/31/2007,26.02,26.12,25.97,26.02,3114146
06/01/2007,26.01,26.14,25.8,26.1,2714297
06/04/2007,25.9,26.33,25.89,26.24,2317843
06/05/2007,26.04,26.28,26.02,26.23,2877530
06/06/2007,26.01,26.23,25.99,26.17,3120405
06/07/2007,25.97,26.14,25.41,25.41,3742525
06/08/2007,25.43,25.6,25.19,25.57,4090727
06/11/2007,25.47,25.84,25.31,25.71,2165762
06/12/2007,25.51,25.77,25.28,25.55,3164384
06/13/2007,25.8,26.22,25.73,26.2,2870351
06/14/2007,26.15,26.56,26.14,26.49,2288282
06/15/2007,26.56,26.58,26.17,26.4,4070607
06/18/2007,26.42,26.72,26.37,26.54,2917631
06/19/2007,26.44,26.87,26.44,26.8,2366955
06/20/2007,26.81,26.88,26.34,26.38,2840086
06/21/2007,26.41,26.7,26.13,26.68,2591444
06/22/2007,26.55,26.63,25.94,26.32,3713828
06/25/2007,26.35,26.58,25.97,26.23,3614594
06/26/2007,26.3,26.37,25.91,26.17,2418538
06/27/2007,26,26.26,25.84,26.26,2407237
06/28/2007,26.23,26.46,25.92,26.24,2796707
06/29/2007,26.37,26.58,26.01,26.19,2716805
