10/29/1999,110,166,110,144.9375,10628301
11/01/1999,144,179,143,174.3125,4921600
11/02/1999,178,199,175,193.5,3851800
11/03/1999,200.5,204,185.125,190.5,1483000
11/04/1999,191.875,191.9375,171,173.75,1541800
11/05/1999,178,183,166.4375,174.3125,750000
11/08/1999,173,190.5,172.875,187.5625,759400
11/09/1999,189.1875,197,178,189.75,524400
11/10/1999,190.626,195.757,181.7,189.7,423665
11/11/1999,190,194.25,178.5,183.875,361700
11/12/1999,185.125,185.5,174.0625,177.3125,296000
11/15/1999,180,181,169,171.3125,346400
11/16/1999,178.2,185.01,164.97,184,554335
11/17/1999,180.625,190,178.3125,189.375,398200
11/18/1999,190.5,190.5,180,187.375,296200
11/19/1999,191,192.625,183.25,185,405800
11/22/1999,187.375,188.6875,176,185,226900
11/23/1999,193,219.875,186,209.5,1542000
11/24/1999,215.9375,215.9375,200.25,201,502200
11/26/1999,207.8,210.8,203.871,206.249,174706
11/29/1999,213.5,236.5,210.75,228,724800
11/30/1999,237.6565,249.664,220.6,236.8435,1313236
12/01/1999,238.125,239,207.25,217.625,756900
12/02/1999,214.5625,225.75,214.5,215.25,269100
12/03/1999,217.64,228.2,205.555,207.7355,422716
12/06/1999,208.1875,219,201.125,216.75,266600
12/07/1999,223.75,229.375,215,226,481900
12/08/1999,226.06,241.7521,223.31,241.4396,461399
12/09/1999,247,258,224,250,533700
12/10/1999,253.375,258.75,238,243.5,286300
12/13/1999,246.5,246.5,227,228.5,371100
12/14/1999,233.49,236.113,216.76,217.3,385223
12/15/1999,215,232,201,230.5,326700
12/16/1999,237.2051,272.237,236.641,270.357,862061
12/17/1999,271.5,298,268,281.75,663100
12/20/1999,285.4375,302,282.9375,286.25,349500
12/21/1999,292.5,309,290.25,301.875,432300
12/22/1999,305.75,309.125,287.6875,290.4375,326200
12/23/1999,289.875,293.9375,274.25,281.5,350600
12/27/1999,282.5625,285.3125,275,285.3125,169000
12/28/1999,284.6875,290,265,272.25,169800
12/29/1999,277.875,304,277.5,303.5,367100
12/30/1999,315.9375,342.375,314.75,327,368500
12/31/1999,334,344.875,320,328.25,227300
01/03/2000,344.1875,345.5,311,321.25,266200
01/04/2000,319.74,321.24,299.7583,300.2579,207635
01/05/2000,282.5,299.625,262,283,1123600
01/06/2000,271.53,277.6469,234.85,236.5926,771628
01/07/2000,238.245,254.62815,238.1198,248.375,696870
01/10/2000,259.125,286.25,249.5625,285.5625,1069100
01/11/2000,295.125,298,267.25,278.625,463800
01/12/2000,292.31568,293.58442,253.746,254,934814
01/13/2000,260.375,260.5,218.375,231.5625,975400
01/14/2000,254,254.375,229,230.125,560300
01/18/2000,229.0625,229.0625,207.5,211,730800
01/19/2000,212,233,212,224.75,1317600
01/20/2000,228.72893,234.9579,219.261,234.7711,869103
01/21/2000,235,275,229.75,269,1192500
01/24/2000,271.9375,284.4375,258.625,262.125,814100
01/25/2000,264,282,254.625,279.3125,344300
01/26/2000,278,288,274.0625,277.5,553200
01/27/2000,270,290,264,283.5,521500
01/28/2000,266.125,285.0625,255,270.1875,386300
01/31/2000,264.125,267,235.0625,249.125,656100
02/01/2000,255.25,256.46875,235.375,240.4375,292800
02/02/2000,239.125,245,231.25,233.625,310100
02/03/2000,240,252,239.875,245.375,446800
02/04/2000,250.288,256.7312,232.88374,235,302666
02/07/2000,229.3125,232.304,215.3543,229.31,1330157
02/08/2000,241.125,246,232.0625,241.25,550300
02/09/2000,241.66,244.4171,234.4626,234.4626,616139
02/10/2000,236.75,236.875,227,228.25,380500
02/11/2000,229.0625,241,226.125,233.0625,349600
02/14/2000,233.5625,238.75,226.8125,230.375,340500
02/15/2000,231.75,233,217,222.5,370900
02/16/2000,229.75,252,228.1875,246.5,1017500
02/17/2000,246.68,253.31987,235.9143,251.567,679897
02/18/2000,246,247,239.25,241.6875,469100
02/22/2000,237.944,243.3041,237.695,242.8055,328640
02/23/2000,246,260.5,233.5,250.5,461600
02/24/2000,253.3,275.18,252.8,274.9923,670352
02/25/2000,274.25,275,261,266.4375,466000
02/28/2000,263.375,265.375,248.3125,256.125,413500
02/29/2000,259.28125,262.75,250,261.3125,246300
03/01/2000,259.375,285.875,259.3125,278.75,619500
03/02/2000,282.1875,290.6875,265,268,519200
03/03/2000,278.25,286.625,265.875,268.375,550200
03/06/2000,270.5,278.8125,252.75,253.5625,342300
03/07/2000,260,268.1875,255,262.4375,540700
03/08/2000,263.6892,268.555,248.53,265.4983,365686
03/09/2000,267.875,288,265.15625,286,444000
03/10/2000,288.0625,305.9375,288,296.9375,639200
03/13/2000,274,302.5,273.9375,284.75,401800
03/14/2000,292.5,292.75,266,270,330100
03/15/2000,269.5625,270.1875,230.1875,239,836200
03/16/2000,243,245.5,215,229.125,782300
03/17/2000,227,237.5,218.5,218.875,483100
03/20/2000,218.75,227.875,209.625,213.25,1169500
03/21/2000,208.875,208.875,189,197.5,1224100
03/22/2000,202.25,225,201.3125,208.5625,794400
03/23/2000,210,215,199,202.4375,619900
03/24/2000,203.5,215,202.5,211,551000
03/27/2000,214.25,219.5,206.125,208.5,314800
03/28/2000,207.25,207.375,199,199.875,454100
03/29/2000,199.4375,199.4375,168,170,1575500
03/30/2000,165.746,171.7991,159.3,160.3167,1277459
03/31/2000,172.0625,172.125,155,160.75,754200
04/03/2000,157.125,157.875,118,118.5625,1638000
04/04/2000,127,127.75,105,115.46875,1746300
04/05/2000,110.875,130.125,107,110.0625,1292300
04/06/2000,117.0944,135.531,114.6,135.531,2170194
04/07/2000,141,149.75,138.0625,144.75,1210100
04/10/2000,149.9375,151.625,127.3125,133.3125,1281600
04/11/2000,121.3125,123,105,108,3005200
04/12/2000,110.739,111.4257,92.636,92.886,2374808
04/13/2000,97.3125,99.25,87.875,87.9375,1434600
04/14/2000,84.5,84.75,64,64.875,1911700
04/17/2000,60,76.625,56.625,70,1819200
04/18/2000,74.5,95,67.875,92.4375,1718300
04/19/2000,95,102.125,85,88.9375,1417900
04/20/2000,93,93.5625,81.25,86.75,884900
04/24/2000,78,82.5,74.5,75.9375,859100
04/25/2000,82,82,70,73.0625,2503700
04/26/2000,68,79.8125,67,73.5625,1713100
04/27/2000,68.0625,83.75,68,83.25,1415200
04/28/2000,88.1875,108,87.5,98.875,2665200
05/01/2000,105.5,113.375,100.125,103.3125,1949000
05/02/2000,105.125,111.75,101.125,105.375,1531000
05/03/2000,101.125,103.1875,87.3125,91.9375,1971600
05/04/2000,99.9375,100.875,93,97,1301400
05/05/2000,94.9375,103,94,97.125,831900
05/08/2000,96.75,96.875,86.375,86.625,835300
05/09/2000,90.65625,91.375,82.75,83.25,1244300
05/10/2000,80.25,87.0625,73.6875,77.5625,1318500
05/11/2000,82.75,83,72,73.125,1395700
05/12/2000,77,78.5,69.875,70.5625,1557900
05/15/2000,72,74.8125,67.75,74.75,1476500
05/16/2000,79.75,81,72,76.125,1557700
05/17/2000,74.6875,82,74.0625,77.0625,1365600
05/18/2000,79.75,80.1875,74.4375,75.5625,786500
05/19/2000,74,74.9375,70,71.96875,824500
05/22/2000,74,74,61.5,69.375,1252200
05/23/2000,67.3125,71,65.5,67.75,1250000
05/24/2000,67.8125,69.25,60.9375,67,1456000
05/25/2000,69.5625,71.5625,62.125,62.4375,813500
05/26/2000,64,64,58.875,59.9375,656900
05/30/2000,63.25,76,61.75,75,1776700
05/31/2000,72.33885,76.862,66.63,66.88,1650351
06/01/2000,74.625,76,71.75,74,1394900
06/02/2000,80.125,91,79.5,88.9375,3202000
06/05/2000,85.625,99.75,85.5,95.125,2827200
06/06/2000,97.5954,102.0344,87.0294,87.5296,2155084
06/07/2000,89.1875,92,83.875,85.75,1742900
06/08/2000,90.25,91.5,87,90.5625,1295500
06/09/2000,96.0625,100,93,98.125,1597200
06/12/2000,93.9375,93.9375,88,88.5,1700400
06/13/2000,88.86897,98.1314,81.109,97.881,2944351
06/14/2000,96.4375,100.75,92.375,94,3024800
06/15/2000,93.25,95.5,91,91.3125,1588900
06/16/2000,92.75,95,87.875,88.0625,1532200
06/19/2000,87.875,93.625,87.875,92.9375,1353200
06/20/2000,94.8125,96.75,90.5,93.9375,2006000
06/21/2000,97.82807,115.55,96.8298,115.55,9550952
06/22/2000,118.1519,118.3392,107.4108,107.6606,2907500
06/23/2000,107.75,109,100,102.5,1412100
06/26/2000,105,120,102.5,119,3529400
06/27/2000,116.8125,118.5,114,116,1748700
06/28/2000,116.25,119,109,112.25,2305200
06/29/2000,111.14583,117.42936,108.62,109.125,1980889
06/30/2000,109.6825,118.92681,108.1834,118.80189,1759960
07/03/2000,118.75,127.8125,118.75,126.53125,1593800
07/05/2000,122.0625,128.5,115,115.25,1737700
07/06/2000,117.5,118,106.5,110.71875,1931500
07/07/2000,112.8125,119.5,112.8125,114.0625,1197600
07/10/2000,114,117.5,110.375,114.875,1130600
07/11/2000,114.6875,118.75,106.875,107,1245400
07/12/2000,111.9375,114.25,110.125,113.3125,1382000
07/13/2000,117.75,129.1875,115.75,127.03125,2899400
07/14/2000,129.375,132.9375,122.5,126,1810300
07/17/2000,125.5625,127.6875,121.5,124.75,905300
07/18/2000,122.8125,126.5,116.875,122.0625,1165900
07/19/2000,121.6875,126.625,120.4375,121,1328300
07/20/2000,122.377,129.2447,121.752,125.5609,1048061
07/21/2000,124.875,125.5,117,117,1074100
07/24/2000,117.5,117.5,107.5,108.0625,1939900
07/25/2000,98.625,98.75,84.625,85.03125,6793700
07/26/2000,80.1875,87.4375,74,84.6875,5502800
07/27/2000,82.5,84.625,77.375,78.0625,1190800
07/28/2000,80.125,81,72.5,78.09375,1303900
07/31/2000,80.0625,83,74,79.25,1762600
08/01/2000,79.02964,79.717,71.1579,71.2829,1454085
08/02/2000,71.1875,73.75,66.5,68.875,1796800
08/03/2000,65.125,76,65.0625,75,1972100
08/04/2000,78.625,80.125,75.125,77.9375,1304700
08/07/2000,78.5,81,75.875,76.6875,904000
08/08/2000,77,78.125,73.875,74.0625,1208900
08/09/2000,76.9676,76.9676,71.3449,71.4074,873043
08/10/2000,71.25,72.5,66,66.6875,1639100
08/11/2000,65.9375,66,60.6875,63.40625,3609800
08/14/2000,65.125,73.4375,63.625,71.4375,2797100
08/15/2000,70.5,77.5,70.4375,75.0625,2682700
08/16/2000,75.875,78.5,75,75.125,1245000
08/17/2000,74.75,77.375,74.5625,75.1875,1002200
08/18/2000,76.4375,79.75,76.4375,78.875,1687100
08/21/2000,80.375,80.4375,75.75,76,784200
08/22/2000,77.1875,77.1875,71.375,71.625,1993500
08/23/2000,70.9375,71,68.5,69.25,1351900
08/24/2000,66,66,63.875,65.25,4596200
08/25/2000,65.375,70.875,64.875,70.125,3012600
08/28/2000,70.625,70.625,65,66.9375,2272000
08/29/2000,67.25,68.875,65.5,66.3125,1414900
08/30/2000,66.875,74.75,66.75,72.5,2744800
08/31/2000,74,76.5,71,75.5,3668100
09/01/2000,76.3125,76.75,70.875,72.1875,1918600
09/05/2000,72.125,72.1875,67.3125,67.9375,1506100
09/06/2000,67.4375,72.75,67.4375,69.1875,1849900
09/07/2000,69.75,72.25,68,69.96875,1202000
09/08/2000,69.5625,69.5625,66.875,67.5,1297600
09/11/2000,64.4375,67.5,62.6875,62.6875,2620700
09/12/2000,63.8125,67.5625,60.5625,61.75,3769800
09/13/2000,60.25,65.875,60.25,63.375,2998000
09/14/2000,65.6875,67.75,62.1875,64,2311400
09/15/2000,64.5,65.25,60.25,61.0625,2657800
09/18/2000,60.75,62.625,57.75,59.875,1924800
09/19/2000,61,62.4375,60.0625,61.875,1534200
09/20/2000,61.9375,63.5,58.5,60.5625,1301900
09/21/2000,59.75,59.9375,58.5,58.6875,2222300
09/22/2000,56.625,58.75,54,56.25,1661300
09/25/2000,59.375,60.125,56,56.1875,2193500
09/26/2000,56.876,59.4,54.88,57.499,1700711
09/27/2000,58.75,59.25,48.5,50.5,3263400
09/28/2000,49,51.75,45.5,48.875,2607300
09/29/2000,49.875,55,48.75,52.5625,2756700
10/02/2000,53.125,53.75,46.5625,46.875,1680700
10/03/2000,48.75,49.75,43.875,44.0625,2215200
10/04/2000,44.375,46.5625,42.5625,45.3125,2405900
10/05/2000,44.8125,45.4375,38.5,39.75,3044900
10/06/2000,39.75,40.375,35,36.1875,3370700
10/09/2000,36.3125,44.3125,35.5,43.78125,4327900
10/10/2000,44.875,48.75,39.875,41.75,6087700
10/11/2000,38.8125,46.8125,38.75,45.5625,3224600
10/12/2000,47.75,48,41.25,42.875,2693200
10/13/2000,41.75,49,41.3125,49,2237600
10/16/2000,50.3125,58.5,49.5,52.375,3832300
10/17/2000,55.75,57.5,45.5625,49.125,3901300
10/18/2000,44.931,48.3585,40.1949,40.5065,4405557
10/19/2000,48,53.625,45.75,52.875,5193200
10/20/2000,53.375,60,53.125,56.3125,4564600
10/23/2000,57,57,53.1875,55.75,2188400
10/24/2000,55.375,59,51.9375,53.125,2167300
10/25/2000,51.5,56,49.75,50.5,2409700
10/26/2000,50.96875,52.5,45.5,49,1747600
10/27/2000,50.5,51.125,46.5,48.75,1394700
10/30/2000,48.6875,53.375,46.5,47.375,1891300
10/31/2000,49.125,53,46.25,51,3021900
11/01/2000,49.8125,52.125,49.25,50.25,2295100
11/02/2000,51.75,53.3125,50.5,52.125,2201400
11/03/2000,54.0312,54.593,50.8456,53.969,2389063
11/06/2000,55,57.5,52.875,56.375,2086800
11/07/2000,56.375,58.71875,55.5,57.5,2608000
11/08/2000,58.0625,58.125,51.875,52,2034700
11/09/2000,50.4375,52.25,48.5,50.875,1824700
11/10/2000,49.0625,53.0676,48.3115,49.0625,1688440
11/13/2000,47.375,48.375,42,45.8125,1744100
11/14/2000,49.1875,51,48,48.8125,1274700
11/15/2000,49.4665,50.18387,46.9714,47.1585,1218551
11/16/2000,46.8421,48,41.971,42.095,1830279
11/17/2000,44,45.9375,40.5,41.25,3303500
11/20/2000,40.4074,40.4074,35.7161,37.5301,2786274
11/21/2000,38.125,39.125,35.75,36.0625,2271700
11/22/2000,35.9375,36.75,31.3125,32.1875,4776000
11/24/2000,33.875,35.9375,32.8125,35.125,1279700
11/27/2000,37.0625,38,34.1875,35.5,2405100
11/28/2000,34.375,36,29.75,30.4375,2174400
11/29/2000,30.0625,33.625,28.5,31,3636100
11/30/2000,27.625,30,26.75,28.71875,3975500
12/01/2000,30.3125,30.875,26.6875,26.875,2694600
12/04/2000,27.53125,28.0625,26,26.3125,2391300
12/05/2000,27.8125,37.625,26.5625,37.5,5549000
12/06/2000,35.69313,35.9722,31.7548,32.375,3690376
12/07/2000,30.9137,30.9137,27.9784,29.9144,3433828
12/08/2000,34.4374,35.371,32.2578,34.4,2397365
12/11/2000,35.375,40.125,34,38.8125,3418400
12/12/2000,37.9375,41,37.5,39.5,2089800
12/13/2000,41.8125,42.5,34,34.25,3280100
12/14/2000,34.75,35.875,31.3125,32.625,3281500
12/15/2000,31.1875,34.25,30.875,33.46875,2173600
12/18/2000,34.625,34.625,28.75,31,2522300
12/19/2000,30.1875,33,27.25,28,2676000
12/20/2000,25.8125,26.5,22.625,24,3999100
12/21/2000,23.5,24.125,18.0625,21.1875,5271800
12/22/2000,21.5,25.125,21.5,23.5625,5016000
12/26/2000,23.875,25.75,23.3125,23.8125,2873100
12/27/2000,23.6875,25.875,23.5,25,1882400
12/28/2000,24.625,26.875,21.75,23.8125,3567800
12/29/2000,24,24.875,20.25,21.0625,4936500
01/02/2001,22.125,22.375,18,19.6875,3705100
01/03/2001,19.875,25.5,19.625,24.3125,4301500
01/04/2001,23.96875,25.5,20.6875,20.875,5499700
01/05/2001,21.375,21.375,19,19.4375,2689300
01/08/2001,19.0625,20.25,17.6875,18.75,1887600
01/09/2001,19.375,21.5625,19.375,20.5625,2210700
01/10/2001,19,22.5,19,22.125,3023300
01/11/2001,20.8125,25.0625,20.25,24.46875,3537200
01/12/2001,24.8125,28.25,24.5625,27.4375,4515400
01/16/2001,27.5625,31.875,25.625,31.6875,3071000
01/17/2001,33,34.875,32,32.375,3652100
01/18/2001,32.375,32.5,30,31.25,1596000
01/19/2001,32.3125,32.5,28.5,30.0625,2287900
01/22/2001,29,29.71875,26.625,28.5625,2804800
01/23/2001,28.40625,35.5,27.625,31.875,6247400
01/24/2001,33.5,37.375,32.3125,35.375,6710700
01/25/2001,37.25,37.25,29.5,29.59375,9870400
01/26/2001,28.8125,31.125,27.5,29.75,5474300
01/29/2001,32.375,33.3125,30.25,31.8125,4742600
01/30/2001,32.125,32.125,29.75,30.6875,3320600
01/31/2001,30.9375,31.125,28.9375,29.125,2978400
02/01/2001,28.6875,28.8125,27.0625,27.5,2511100
02/02/2001,27.4375,28.75,25.75,25.75,2075300
02/05/2001,25.25,26.4375,24,24.9375,1942000
02/06/2001,24.625,26.6875,24.5,25.8125,2196100
02/07/2001,25.5,25.6875,22.9375,25.25,2374800
02/08/2001,25.4378,27.3082,25.188,25.687,2260297
02/09/2001,25.5625,25.75,23.625,24.4375,1754100
02/12/2001,24.125,25.625,23.25,25.125,1356300
02/13/2001,25.25,25.375,22.6875,23,2038800
02/14/2001,22.9375,23.0625,20.75,21.75,3844300
02/15/2001,23.25,25.5625,23.125,23.3125,3814600
02/16/2001,21.999,22.5599,21.0019,21.313,2536792
02/20/2001,21.625,21.625,19.125,19.8125,1778300
02/21/2001,19.4375,20.4375,17.5,17.875,2377800
02/22/2001,18.25,18.3125,16.125,17.0625,3237700
02/23/2001,16.5625,19.625,16.25,19.25,2337200
02/26/2001,20.0468,20.5449,18.4904,20.01569,1810122
02/27/2001,19.3125,19.5,17.5,17.8125,2226700
02/28/2001,18.125,18.5625,16.25,16.9375,1655800
03/01/2001,16.5,17.125,15.1875,17,1677700
03/02/2001,16.25,16.625,14.5625,14.8125,2312600
03/05/2001,15,15.125,13.25,13.25,2600500
03/06/2001,13.875,13.90625,12.25,12.625,5261200
03/07/2001,12.8125,12.9375,11.625,12.375,3446200
03/08/2001,12,12.0625,10.5,10.875,2238200
03/09/2001,10.4375,11.5,10.1875,11.25,3082800
03/12/2001,10.5625,11.625,10.4375,10.4375,3541900
03/13/2001,10.4375,11.875,10.375,11.4375,3452800
03/14/2001,10.875,12.5,10.75,11.25,3282800
03/15/2001,11.875,12.125,9.25,9.3125,2768000
03/16/2001,9.53125,9.625,7.8125,8.21875,3232600
03/19/2001,8.4375,9.84375,7.25,9.4375,4006800
03/20/2001,9.75,10.5,8.625,8.9375,4861600
03/21/2001,8.875,9.125,8,8.375,1969500
03/22/2001,8.375,8.75,7.21875,8.6875,3691200
03/23/2001,9.09375,9.34375,7.9375,8.40625,2335500
03/26/2001,9.28125,10.09375,8.5,9.4375,1982400
03/27/2001,9.4375,9.625,8.8125,9.03125,1340000
03/28/2001,8.69553,8.72681,7.50693,8.22634,1857099
03/29/2001,8,8.53125,7.5,8.3125,2138200
03/30/2001,8.25,8.625,7.75,8.5625,1585200
04/02/2001,8.21875,8.625,7.375,7.4375,1327000
04/03/2001,7,7.375,5.5,5.8125,2747400
04/04/2001,5.9375,6.375,5.625,6,3316300
04/05/2001,5.9375,7.625,5.6875,7.5,6754100
04/06/2001,7.28125,7.96875,6.75,7.21875,3068600
04/09/2001,7.56,7.56,6.95,7.13,2038600
04/10/2001,7.28,8.84,7.25,8.67,2618200
04/11/2001,9.19,9.65,8.09,8.3,1870500
04/12/2001,8.39,9.18,8.3,9.06,1162200
04/16/2001,8.87,9.07,8.2,8.41,1054800
04/17/2001,8.2,8.9,8.08,8.55,1410000
04/18/2001,9.36,10.6,8.74,9.05,4566900
04/19/2001,11.05,12.65,10.21,12.62,6513000
04/20/2001,12.02,12.54,9.85,10.21,8513100
04/23/2001,9.97,10.04,8.8,9.15,3277500
04/24/2001,9.48,9.7,9.1,9.24,2546300
04/25/2001,8.99,9,7.91,7.97,4344100
04/26/2001,8.28,8.28,7,7.01,4385863
04/27/2001,7.55,8,7.25,7.9,2031400
04/30/2001,8.8,9.6,8.4,9.41,4339700
05/01/2001,9.58,9.61,8.85,9.06,2297500
05/02/2001,9.53,12,9.23,11.45,6361700
05/03/2001,10.79,11.84,10.12,10.12,4607463
05/04/2001,9.65,10.98,9.22,10.56,3760600
05/07/2001,10.7,10.99,9.9,10.02,2451400
05/08/2001,10.6,10.73,9.9,10.31,2270900
05/09/2001,9.97,10.18,9.6,10.07,2428000
05/10/2001,10.39,10.45,9.53,9.57,3311900
05/11/2001,9.67,9.68,8.9,9.37,1851200
05/14/2001,8.86,9.39,8.81,8.9,1660600
05/15/2001,8.94,9.98,8.8,9.15,3538300
05/16/2001,9.02,10.14,8.93,9.96,2245800
05/17/2001,10.12,10.62,10.1,10.3,2699500
05/18/2001,10.17,10.33,9.83,10,1880400
05/21/2001,10.34,11.2,10.2,10.96,3064300
05/22/2001,11.24,13.34,11.05,12.81,6138400
05/23/2001,12.84,12.84,11.26,11.27,3110174
05/24/2001,11.34,12.13,11.2,11.93,3148700
05/25/2001,11.78,11.8,10.95,10.96,2490782
05/29/2001,12.51,12.65,11.01,11.13,5480200
05/30/2001,10.4,10.64,9.91,10.05,2951600
05/31/2001,10.06,10.8,10.06,10.3,2168700
06/01/2001,10.75,10.8,10.1,10.34,3756000
06/04/2001,10.4,10.56,10.1,10.14,978800
06/05/2001,10.18,10.21,9.76,10.11,3246795
06/06/2001,10.33,10.4,9.87,10.05,2409700
06/07/2001,10,10,9.3,9.6,1757200
06/08/2001,9.63,9.63,9.25,9.26,929876
06/11/2001,9.7,9.7,9.02,9.16,2599400
06/12/2001,8.99,9.42,8.52,9.15,2222900
06/13/2001,9.18,9.2,8.5,8.54,1341100
06/14/2001,8.39,8.5,7.54,7.61,2266500
06/15/2001,7.38,7.94,7,7.51,2166800
06/18/2001,8.16,8.16,6.7,6.72,2838134
06/19/2001,7.18,7.46,6.05,6.33,3555400
06/20/2001,6.14,7.01,6.05,6.98,2969840
06/21/2001,6.98,7.16,6.52,6.96,2099987
06/22/2001,7.01,7.19,6.7,6.8,1917800
06/25/2001,7.03,7.41,6.95,7.31,1792800
06/26/2001,7.11,8.03,7,7.42,2302800
06/27/2001,8.03,8.05,7.41,7.59,1917400
06/28/2001,7.85,8.39,7.79,8.13,3264400
06/29/2001,8.87,9.2,8.4,9.18,3650254
07/02/2001,9.06,9.33,8.65,8.7,1595000
07/03/2001,8.26,8.52,8.05,8.23,790800
07/05/2001,7.95,8.19,7.93,7.95,1272708
07/06/2001,7.75,8.14,7.41,7.85,1321600
07/09/2001,7.97,8.41,7.95,8.29,1448200
07/10/2001,8.4,8.4,7.59,7.64,1257300
07/11/2001,7.37,7.76,7.11,7.7,1430129
07/12/2001,8.13,8.32,7.91,8.23,1761134
07/13/2001,8.35,8.69,8.07,8.45,1265500
07/16/2001,8.68,8.78,7.77,7.93,1526600
07/17/2001,7.78,8.69,7.76,8.64,1582700
07/18/2001,8.39,8.58,7.95,7.96,1845100
07/19/2001,8.4,9.03,8.1,8.3,2386100
07/20/2001,8.06,8.18,7.92,8.11,1227462
07/23/2001,8.26,8.4,8.02,8.15,806100
07/24/2001,8.23,8.4,7.8,8,1283000
07/25/2001,8.03,8.05,7.57,7.9,752400
07/26/2001,7.7,8.12,7.58,8.05,1305000
07/27/2001,8.05,8.24,7.68,8,726700
07/30/2001,7.86,7.89,7.45,7.6,578853
07/31/2001,7.85,7.98,7.65,7.75,832125
08/01/2001,7.81,8.01,7.19,8,2032700
08/02/2001,8.05,8.24,7.82,8.11,1046700
08/03/2001,8.06,8.12,7.75,7.75,482600
08/06/2001,7.72,7.73,7.4,7.48,792900
08/07/2001,7.49,7.55,7.27,7.4,954300
08/08/2001,7.23,7.3,6.6,6.89,2374500
08/09/2001,6.51,6.8,6.41,6.53,2296400
08/10/2001,6.5,6.51,5.85,5.99,2943900
08/13/2001,6.18,6.31,5.8,5.83,1869000
08/14/2001,6.02,6.17,5.8,5.83,1276400
08/15/2001,5.43,5.5,5.02,5.1,4140900
08/16/2001,5.1,5.29,5,5.2,2835600
08/17/2001,5.05,5.27,4.56,4.56,1789400
08/20/2001,4.69,4.7,4,4.31,2286700
08/21/2001,4.35,4.95,4.12,4.42,1814300
08/22/2001,4.75,4.92,4.3599,4.92,1742300
08/23/2001,4.83,5.11,4.38,4.45,1489800
08/24/2001,4.17,4.84,4.16,4.75,1468400
08/27/2001,4.71,5.1,4.7,4.9,1148000
08/28/2001,4.89,5.194,4.45,4.46,1450753
08/29/2001,4.45,4.72,4.32,4.44,758800
08/30/2001,4.34,4.46,3.99,4.15,824808
08/31/2001,4.17,4.25,4.05,4.21,629400
09/04/2001,4.21,4.31,3.99,4.01,862168
09/05/2001,4.03,4.07,3.68,3.78,1567316
09/06/2001,3.75,4.03,3.341,3.6,2649200
09/07/2001,3.5,3.5,3.11,3.21,2701100
09/10/2001,3.17,3.17,2.92,2.98,1695400
09/17/2001,2.53,3.35,2.52,2.82,2399100
09/18/2001,3,3.3,2.8,2.86,1779900
09/19/2001,3.01,3.18,2.7,2.95,1329900
09/20/2001,2.88,3.05,2.77,2.91,1536800
09/21/2001,2.61,2.96,2.55,2.844,1169600
09/24/2001,3.03,3.47,3,3.3,1673400
09/25/2001,3.3,3.65,3.29,3.34,1135500
09/26/2001,3.5,3.5,3.07,3.22,795300
09/27/2001,3.01,3.16,2.72,3.03,988700
09/28/2001,3.08,3.1,2.85,2.91,1371600
10/01/2001,2.94,2.96,2.63,2.6498,672100
10/02/2001,2.73,2.9,2.62,2.8,1452400
10/03/2001,2.78,3.3,2.68,3.189,1555800
10/04/2001,3.25,4.09,3.24,3.76,3000300
10/05/2001,3.72,3.8,3.41,3.8,1084600
10/08/2001,3.52,3.8,3.43,3.573,1363500
10/09/2001,3.53,3.75,3.27,3.47,1122800
10/10/2001,3.4,4.19,3.35,4.08,1908600
10/11/2001,4.38,4.84,4.09,4.11,3792145
10/12/2001,4.14,4.49,3.81,3.97,2100800
10/15/2001,3.95,4.13,3.85,3.98,653200
10/16/2001,4.01,4.07,3.81,3.99,953700
10/17/2001,4.11,4.34,3.55,3.6,1353600
10/18/2001,3.62,3.705,3.3853,3.63,752334
10/19/2001,3.7,3.79,3.28,3.5,948700
10/22/2001,3.5,3.55,3.27,3.42,521900
10/23/2001,3.42,3.59,3.25,3.35,746700
10/24/2001,3.34,3.5,3.28,3.35,793600
10/25/2001,3.3,3.44,3.23,3.38,845100
10/26/2001,3.45,3.76,3.35,3.59,1128500
10/29/2001,3.68,3.69,3.38,3.4,481300
10/30/2001,3.37,3.4,3.11,3.25,660700
10/31/2001,3.3,3.39,3.15,3.16,566200
11/01/2001,3.19,3.27,3.1,3.17,486200
11/02/2001,3.17,3.4,3.02,3.3,691300
11/05/2001,3.35,3.4,3.05,3.19,1180500
11/06/2001,3.12,3.55,3.11,3.5,1454000
11/07/2001,3.65,4.5,3.52,4.26,5148500
11/08/2001,4.4,4.55,4.01,4.12,2168300
11/09/2001,4.06,4.27,3.92,4.01,724600
11/12/2001,4.3,4.7,4,4.41,1707100
11/13/2001,4.75,5.25,4.75,5.1,3645403
11/14/2001,5.41,5.74,5.03,5.73,3311900
11/15/2001,5.81,5.97,5.55,5.84,2250700
11/16/2001,5.79,5.85,5.37,5.49,1512300
11/19/2001,5.55,5.88,5.55,5.85,2613200
11/20/2001,6.15,6.33,5.9,5.93,3417200
11/21/2001,6.02,6.33,5.4,5.79,1550600
11/23/2001,5.6,5.97,5.6,5.9,482400
11/26/2001,6.03,6.2,5.7,6.1,1539700
11/27/2001,5.93,6.27,5.8,6.27,1974829
11/28/2001,6.4,6.75,5.93,5.96,3351600
11/29/2001,6.23,6.23,5.28,5.86,3116000
11/30/2001,5.72,5.89,5.507,5.77,1701637
12/03/2001,5.59,5.6,5.18,5.53,1660200
12/04/2001,5.59,6.0348,5.415,6.03,1474961
12/05/2001,6.1,6.45,6,6.07,2827800
12/06/2001,6.14,6.62,6.1,6.21,2748800
12/07/2001,6.24,6.26,5.82,5.85,2046200
12/10/2001,5.76,5.83,5.5103,5.59,1417800
12/11/2001,5.7,5.9,5.4,5.46,2872100
12/12/2001,5.56,5.6,5.15,5.37,2182100
12/13/2001,5.15,5.17,4.72,4.9,2589600
12/14/2001,4.95,5.15,4.92,4.95,2043700
12/17/2001,5,5.3,4.95,5.241,1696900
12/18/2001,5.45,5.7,5.3,5.48,2084700
12/19/2001,5.25,5.53,5.06,5.31,1952000
12/20/2001,5.27,5.45,5.1,5.3599,3403700
12/21/2001,5.4,5.55,5.13,5.44,1585356
12/24/2001,5.52,5.59,5.41,5.5,535700
12/26/2001,5.5,6,5.47,5.61,1795300
12/27/2001,5.77,5.86,5.63,5.76,1409300
12/28/2001,5.89,6.04,5.74,5.99,1309300
12/31/2001,6,6.1,5.83,5.94,1512300
01/02/2002,6.06,6.1,5.75,5.884,1545600
01/03/2002,5.99,6.17,5.91,6.1,2930700
01/04/2002,6.24,6.34,5.96,6.2,2059558
01/07/2002,6.25,6.34,5.74,5.82,1696700
01/08/2002,5.94,5.95,5.58,5.65,1611800
01/09/2002,5.65,5.85,5.53,5.66,1328000
01/10/2002,5.62,5.65,5.21,5.25,3591000
01/11/2002,5.35,5.56,5.15,5.25,1828000
01/14/2002,5.29,5.3,4.9,5.12,1790600
01/15/2002,5.21,5.25,4.9,4.94,937600
01/16/2002,4.79,4.79,4.4,4.41,1626600
01/17/2002,4.8,4.83,4.6,4.76,1110800
01/18/2002,4.57,4.6,4.33,4.52,920623
01/22/2002,4.46,4.7,4,4.12,1974900
01/23/2002,4.23,4.3,3.93,4.06,2361600
01/24/2002,4.28,4.58,4.25,4.33,1642900
01/25/2002,4.28,4.55,4.26,4.52,1101500
01/28/2002,4.5,4.89,4.43,4.88,1350729
01/29/2002,4.89,4.93,4.61,4.65,1071000
01/30/2002,4.66,4.75,4.52,4.65,986700
01/31/2002,4.76,4.88,4.59,4.61,1569400
02/01/2002,4.61,4.62,4.07,4.19,1731600
02/04/2002,4.21,4.22,3.83,3.92,1133000
02/05/2002,3.5,3.8,3.45,3.59,2807400
02/06/2002,3.62,3.78,3.45,3.6,912200
02/07/2002,3.6,3.9,3.52,3.68,902400
02/08/2002,3.8,3.99,3.7,3.92,642200
02/11/2002,3.9,4.09,3.85,3.88,476700
02/12/2002,3.88,4.15,3.74,3.94,500000
02/13/2002,4.02,4.16,3.76,3.89,544900
02/14/2002,3.91,3.95,3.68,3.68,505600
02/15/2002,3.68,3.69,3.42,3.5,640100
02/19/2002,3.39,3.5,3.15,3.24,1085500
02/20/2002,3.29,3.3,3.11,3.21,598800
02/21/2002,3.3,3.65,3.22,3.27,860400
02/22/2002,3.33,3.33,3.05,3.14,938800
02/25/2002,3.24,3.3,3.12,3.27,723300
02/26/2002,3.3,3.34,3.16,3.21,436800
02/27/2002,3.38,3.55,3.17,3.24,1245100
02/28/2002,3.3,3.35,3.07,3.11,940600
03/01/2002,3.15,3.25,3.07,3.17,863200
03/04/2002,3.24,4.18,3.23,3.92,2833300
03/05/2002,3.82,4.34,3.81,4.1299,1832500
03/06/2002,4.11,4.47,3.9505,4.32,1571400
03/07/2002,4.43,4.9,4.39,4.61,1528700
03/08/2002,4.84,4.94,4.44,4.6,946900
03/11/2002,4.61,4.64,4.35,4.6,637500
03/12/2002,4.4,4.44,4.14,4.3201,569300
03/13/2002,4.26,4.33,4.1,4.13,668800
03/14/2002,4.155,4.24,3.9648,4.16,562834
03/15/2002,4.12,4.2,4.05,4.06,827700
03/18/2002,4.07,4.29,4.06,4.24,481000
03/19/2002,4.28,4.45,4.161,4.23,692800
03/20/2002,4.16,4.19,3.95,4,298900
03/21/2002,4.03,4.2,3.99,4.2,344200
03/22/2002,4.25,4.4,4.13,4.22,515300
03/25/2002,4.27,4.34,4.04,4.09,358100
03/26/2002,4.21,4.23,3.95,4.07,495600
03/27/2002,3.98,4.06,3.95,4.04,336100
03/28/2002,4.07,4.18,4,4,510900
04/01/2002,4.04,4.1,3.94,4.07,512735
04/02/2002,4,4.11,3.82,3.91,654100
04/03/2002,3.95,4,3.72,3.75,859000
04/04/2002,3.8,3.829,3.58,3.67,413000
04/05/2002,3.62,3.691,3.46,3.59,795883
04/08/2002,3.43,3.97,3.4,3.78,835400
04/09/2002,3.81,4.07,3.77,3.77,499900
04/10/2002,3.83,4.34,3.78,4.14,2403500
04/11/2002,4.14,4.29,3.85,3.87,1252936
04/12/2002,3.96,4.12,3.86,3.92,689200
04/15/2002,3.95,4,3.85,3.95,314821
04/16/2002,4.01,4.1,3.97,4.07,655900
04/17/2002,4.1,4.44,4.071,4.28,1094900
04/18/2002,4.275,4.38,4.13,4.16,624200
04/19/2002,4.04,4.04,3.53,3.63,2020700
04/22/2002,3.6,3.61,3.261,3.35,1001600
04/23/2002,3.3,3.32,2.98,3.17,1567500
04/24/2002,3.27,3.3,2.82,2.879,1764300
04/25/2002,2.88,2.88,2.52,2.77,2563700
04/26/2002,2.91,2.95,2.54,2.67,1269600
04/29/2002,2.66,2.68,2.42,2.5,1941300
04/30/2002,2.5,2.5,2.23,2.29,2272600
05/01/2002,2.35,2.38,1.97,2.02,2430700
05/02/2002,2.04,2.25,2.02,2.13,2103100
05/03/2002,2.22,2.289,2.1,2.231,1952600
05/06/2002,2.26,2.27,1.97,2,1191000
05/07/2002,2.08,2.1,1.75,1.9,1558300
05/08/2002,2.15,2.41,2.1,2.29,2213200
05/09/2002,2.29,2.33,2.09,2.12,969500
05/10/2002,2.18,2.19,2.02,2.03,482500
05/13/2002,2.11,2.19,1.99,2.031,758300
05/14/2002,2.09,2.2,2.08,2.13,1237100
05/15/2002,2.17,2.5,2.11,2.32,1319400
05/16/2002,2.3,2.57,2.28,2.49,1014600
05/17/2002,2.69,2.7,2.53,2.62,992100
05/20/2002,2.62,2.64,2.42,2.52,953900
05/21/2002,2.56,2.57,2.23,2.27,856700
05/22/2002,2.28,2.3,2.02,2.18,832000
05/23/2002,2.19,2.25,2.04,2.25,470300
05/24/2002,2.3,2.3,2.0752,2.15,843400
05/28/2002,2.13,2.28,2.1,2.16,678500
05/29/2002,2.2,2.21,2.077,2.095,390200
05/30/2002,2.09,2.13,2.04,2.08,499900
05/31/2002,2.09,2.14,2,2,689800
06/03/2002,2.03,2.05,1.96,1.97,506200
06/04/2002,1.92,1.98,1.86,1.93,969000
06/05/2002,1.92,1.92,1.851,1.89,569867
06/06/2002,1.89,1.9,1.72,1.77,629300
06/07/2002,1.77,1.8,1.57,1.7,839400
06/10/2002,1.7,1.75,1.63,1.7,322900
06/11/2002,1.72,1.93,1.65,1.65,733700
06/12/2002,1.59,1.71,1.57,1.64,568800
06/13/2002,1.64,1.709,1.56,1.56,441000
06/14/2002,1.58,1.66,1.5,1.62,501400
06/17/2002,1.67,1.71,1.59,1.64,483700
06/18/2002,1.67,1.68,1.45,1.5,1332600
06/19/2002,1.53,1.55,1.19,1.22,4426800
06/20/2002,1.23,1.3,1.06,1.09,1709300
06/21/2002,1.12,1.13,0.95,1.05,2207800
06/24/2002,1.02,1.04,0.95,0.96,3548300
06/25/2002,1,1.01,0.87,0.93,2964100
06/26/2002,0.82,0.95,0.77,0.94,1047800
06/27/2002,0.98,1.14,0.9,1.12,961300
06/28/2002,1.12,1.47,1.11,1.27,4063800
07/01/2002,1.31,1.42,1.136,1.4,1140187
07/02/2002,1.26,1.31,1.06,1.27,1255400
07/03/2002,1.21,1.33,1.15,1.3,587000
07/05/2002,1.3,1.434,1.29,1.4,432993
07/08/2002,1.43,1.44,1.2,1.22,1003100
07/09/2002,1.2,1.32,1.2,1.25,432500
07/10/2002,1.26,1.38,1.17,1.17,469700
07/11/2002,1.17,1.36,1.1,1.34,961600
07/12/2002,1.42,1.45,1.25,1.26,539600
07/15/2002,1.33,1.35,1.23,1.289,694600
07/16/2002,1.295,1.38,1.276,1.35,945902
07/17/2002,1.42,1.51,1.35,1.5,865380
07/18/2002,1.5,1.55,1.31,1.41,656200
07/19/2002,1.3,1.33,1.19,1.19,832300
07/22/2002,1.21,1.24,1.1,1.2,622159
07/23/2002,1.2,1.26,1.18,1.18,751750
07/24/2002,1.16,1.21,1.05,1.14,837970
07/25/2002,1.11,1.16,1.05,1.051,419089
07/26/2002,1.04,1.1,1.02,1.1,311301
07/29/2002,1.12,1.259,1.11,1.24,697749
07/30/2002,1.26,1.31,1.11,1.12,1542782
07/31/2002,1.15,1.15,1.07,1.07,691948
08/01/2002,1.06,1.13,1.051,1.1,227561
08/02/2002,1.061,1.11,1,1.01,841903
08/05/2002,1,1.02,0.92,0.96,538965
08/06/2002,0.99,1.12,0.94,1.06,924154
08/07/2002,1.02,1.12,1,1.11,518395
08/08/2002,1.09,1.11,1.01,1.07,400500
08/09/2002,1.05,1.07,1,1.02,754382
08/12/2002,1,1.03,0.9,0.97,464394
08/13/2002,0.97,0.98,0.89,0.9,382209
08/14/2002,0.91,0.94,0.86,0.9,603714
08/15/2002,0.93,0.95,0.8,0.801,1047085
08/16/2002,0.75,0.891,0.75,0.84,856738
08/19/2002,0.89,0.93,0.83,0.87,602192
08/20/2002,0.9,0.94,0.89,0.89,1164115
08/21/2002,0.92,0.95,0.89,0.92,1455255
08/22/2002,0.94,1.04,0.91,0.99,2389708
08/23/2002,1.24,1.25,1.08,1.15,3675889
08/26/2002,1.25,1.26,1.03,1.09,1776981
08/27/2002,1.08,1.1,1,1.03,930218
08/28/2002,0.99,1,0.95,0.95,653996
08/29/2002,0.99,1,0.91,0.96,431432
08/30/2002,1,1.03,0.9,0.95,421675
09/03/2002,0.9,0.95,0.88,0.91,964235
09/04/2002,0.9,0.91,0.88,0.89,383533
09/05/2002,0.89,0.94,0.87,0.909,364607
09/06/2002,0.92,0.96,0.91,0.96,331104
09/09/2002,0.92,0.96,0.9,0.94,1202965
09/10/2002,0.94,0.96,0.89,0.96,987140
09/11/2002,0.96,1.01,0.93,1,405024
09/12/2002,0.98,0.99,0.94,0.96,332174
09/13/2002,0.94,0.96,0.92,0.92,291375
09/16/2002,0.93,0.98,0.89,0.91,486966
09/17/2002,0.92,0.95,0.92,0.94,430500
09/18/2002,0.92,0.93,0.9,0.91,349956
09/19/2002,0.91,0.93,0.9,0.9,445035
09/20/2002,0.95,0.97,0.9,0.91,1811966
09/23/2002,0.91,0.93,0.89,0.9,782450
09/24/2002,0.9,0.92,0.89,0.89,199784
09/25/2002,0.89,0.93,0.89,0.92,541930
09/26/2002,0.94,0.95,0.89,0.92,387260
09/27/2002,0.91,0.935,0.89,0.89,458315
09/30/2002,0.91,0.92,0.77,0.84,1271137
10/01/2002,0.86,0.86,0.76,0.85,304319
10/02/2002,0.85,0.87,0.82,0.83,237243
10/03/2002,0.82,0.85,0.74,0.79,792338
10/04/2002,0.8,0.82,0.7,0.71,548803
10/07/2002,0.6,0.67,0.53,0.67,1313341
10/08/2002,0.69,0.77,0.67,0.73,573966
10/09/2002,0.77,0.77,0.69,0.71,435804
10/10/2002,0.71,0.74,0.71,0.73,213516
10/11/2002,0.72,0.95,0.71,0.89,981823
10/14/2002,0.86,0.93,0.8,0.92,968138
10/15/2002,0.98,1.02,0.94,1.009,2481599
10/16/2002,1.03,1.05,0.9,1,675844
10/17/2002,0.96,0.99,0.8,0.86,543239
10/18/2002,0.84,0.88,0.77,0.8,677802
10/21/2002,0.77,0.84,0.77,0.84,398263
10/22/2002,0.819,0.82,0.78,0.8,342168
10/23/2002,0.79,0.84,0.76,0.82,242472
10/24/2002,0.83,0.91,0.79,0.9,573831
10/25/2002,0.9,0.98,0.84,0.959,1688547
10/28/2002,0.95,1,0.94,0.95,478824
10/29/2002,0.97,0.98,0.85,0.86,444490
10/30/2002,0.88,0.94,0.84,0.92,232871
10/31/2002,0.95,1.001,0.91,0.97,327252
11/01/2002,0.96,1,0.93,1,547152
11/04/2002,1.05,1.17,1.021,1.06,1826912
11/05/2002,1.05,1.05,0.95,1.03,792789
11/06/2002,1.02,1.13,0.98,1.13,966698
11/07/2002,1.13,1.15,1.05,1.06,744504
11/08/2002,1.04,1.14,0.99,1,591635
11/11/2002,1.02,1.03,0.95,0.96,331722
11/12/2002,0.95,1,0.95,0.98,393286
11/13/2002,0.98,1.03,0.95,0.97,695454
11/14/2002,1,1.1,0.99,1.01,1129617
11/15/2002,1,1.051,0.98,1.03,434933
11/18/2002,1.08,1.15,1.05,1.12,1605664
11/19/2002,1.13,1.29,1.1,1.23,1595913
11/20/2002,1.28,1.56,1.25,1.52,2868155
11/21/2002,1.61,2.4,1.61,2.21,6037779
11/22/2002,2.36,2.85,2.2,2.2,6507025
11/25/2002,2.29,2.4,2.05,2.07,3451517
11/26/2002,2.1,2.12,1.88,1.967,2284421
11/27/2002,2.15,2.2,1.88,2.11,2358353
11/29/2002,2.11,2.15,2,2.06,656384
12/02/2002,2.18,2.32,2.1,2.13,1648134
12/03/2002,2.13,2.13,1.96,2,1104784
12/04/2002,1.79,1.96,1.77,1.83,1540604
12/05/2002,1.89,1.97,1.65,1.7,1209316
12/06/2002,1.51,1.75,1.46,1.62,1378566
12/09/2002,1.55,1.58,1.41,1.5,807427
12/10/2002,1.53,1.64,1.43,1.59,1711511
12/11/2002,1.63,1.871,1.54,1.74,1503222
12/12/2002,1.78,1.85,1.7,1.78,643869
12/13/2002,1.73,1.74,1.58,1.68,1653438
12/16/2002,1.7,1.73,1.51,1.7,1121749
12/17/2002,1.79,1.81,1.65,1.66,787941
12/18/2002,1.52,1.63,1.44,1.6,2195337
12/19/2002,1.5,1.7,1.5,1.649,657174
12/20/2002,1.69,1.83,1.6,1.79,743249
12/23/2002,1.8,2,1.69,2,1362590
12/24/2002,2.02,2.19,1.97,2.06,861776
12/26/2002,2.08,2.14,1.93,1.96,449043
12/27/2002,1.95,2.03,1.88,1.88,484091
12/30/2002,1.86,1.97,1.71,1.77,631607
12/31/2002,1.77,1.79,1.7,1.73,676438
01/02/2003,1.8,1.92,1.764,1.88,575833
01/03/2003,1.95,1.96,1.82,1.88,508287
01/06/2003,1.88,1.9,1.82,1.867,492939
01/07/2003,1.9,1.9,1.727,1.744,733329
01/08/2003,1.72,1.746,1.66,1.66,483433
01/09/2003,1.74,1.79,1.68,1.78,728367
01/10/2003,1.78,1.85,1.69,1.79,881828
01/13/2003,1.8,1.87,1.72,1.77,412992
01/14/2003,1.8,1.85,1.75,1.81,871813
01/15/2003,1.86,1.87,1.68,1.76,981015
01/16/2003,1.72,1.76,1.65,1.7,470646
01/17/2003,1.65,1.66,1.525,1.54,1212436
01/21/2003,1.54,1.58,1.41,1.49,1431425
01/22/2003,1.4,1.5,1.4,1.485,936380
01/23/2003,1.56,1.56,1.45,1.5,586049
01/24/2003,1.52,1.53,1.395,1.41,1423817
01/27/2003,1.4,1.42,1.26,1.31,1571574
01/28/2003,1.42,1.46,1.31,1.36,1245544
01/29/2003,1.45,1.51,1.35,1.43,1413780
01/30/2003,1.4,1.45,1.28,1.39,794127
01/31/2003,1.36,1.39,1.3,1.34,624250
02/03/2003,1.33,1.35,1.28,1.31,1277615
02/04/2003,1.3,1.31,1.18,1.24,1131030
02/05/2003,1.22,1.3,1.2,1.25,569513
02/06/2003,1.25,1.34,1.18,1.27,356152
02/07/2003,1.35,1.5,1.3,1.42,759351
02/10/2003,1.43,1.52,1.34,1.35,1226828
02/11/2003,1.36,1.4,1.21,1.27,1209203
02/12/2003,1.27,1.34,1.22,1.23,337084
02/13/2003,1.29,1.32,1.23,1.23,494530
02/14/2003,1.26,1.36,1.24,1.33,410048
02/18/2003,1.36,1.46,1.34,1.43,649867
02/19/2003,1.44,1.46,1.4,1.44,331565
02/20/2003,1.41,1.48,1.36,1.381,270462
02/21/2003,1.39,1.49,1.35,1.46,330273
02/24/2003,1.39,1.44,1.35,1.4,333467
02/25/2003,1.34,1.55,1.32,1.54,511145
02/26/2003,1.53,1.72,1.5,1.57,1009340
02/27/2003,1.6,1.62,1.46,1.58,492750
02/28/2003,1.55,1.6,1.5,1.53,273343
03/03/2003,1.57,1.59,1.49,1.5,331135
03/04/2003,1.46,1.5,1.37,1.4,457926
03/05/2003,1.42,1.42,1.36,1.4,232090
03/06/2003,1.32,1.4,1.32,1.33,546960
03/07/2003,1.33,1.44,1.3,1.36,612575
03/10/2003,1.36,1.38,1.3,1.32,278223
03/11/2003,1.33,1.37,1.3,1.33,241588
03/12/2003,1.33,1.34,1.28,1.33,433143
03/13/2003,1.29,1.43,1.29,1.39,824446
03/14/2003,1.42,1.46,1.35,1.35,478240
03/17/2003,1.35,1.47,1.33,1.47,564874
03/18/2003,1.48,1.59,1.47,1.54,684088
03/19/2003,1.56,1.57,1.43,1.5,500497
03/20/2003,1.4,1.59,1.4,1.5,393764
03/21/2003,1.52,1.58,1.41,1.45,624901
03/24/2003,1.42,1.42,1.32,1.36,405598
03/25/2003,1.34,1.46,1.34,1.41,301083
03/26/2003,1.4,1.43,1.32,1.36,245599
03/27/2003,1.36,1.45,1.36,1.45,354010
03/28/2003,1.43,1.481,1.399,1.47,252415
03/31/2003,1.45,1.48,1.36,1.4,554440
04/01/2003,1.44,1.46,1.38,1.41,181550
04/02/2003,1.43,1.52,1.41,1.5,405905
04/03/2003,1.42,1.48,1.42,1.45,657435
04/04/2003,1.45,1.46,1.38,1.43,404967
04/07/2003,1.49,1.54,1.45,1.49,905841
04/08/2003,1.47,1.5,1.46,1.49,324100
04/09/2003,1.49,1.51,1.41,1.45,346920
04/10/2003,1.44,1.47,1.4,1.41,200887
04/11/2003,1.44,1.45,1.4,1.4,258939
04/14/2003,1.42,1.44,1.39,1.42,315079
04/15/2003,1.38,1.44,1.38,1.4,323437
04/16/2003,1.46,1.46,1.38,1.4,338480
04/17/2003,1.44,1.46,1.379,1.45,387892
04/21/2003,1.45,1.69,1.42,1.66,1219918
04/22/2003,1.59,2.05,1.56,2.02,3576237
04/23/2003,2.19,2.756,2.1,2.735,6234346
04/24/2003,2.73,2.73,2.13,2.17,3573226
04/25/2003,2.13,2.48,2.06,2.3,2143083
04/28/2003,2.29,2.46,2.25,2.45,1286485
04/29/2003,2.45,2.57,2.33,2.42,1362705
04/30/2003,2.42,2.45,2.3,2.42,1392511
05/01/2003,2.51,2.54,2.3,2.39,2005745
05/02/2003,2.38,2.7,2.36,2.59,2177615
05/05/2003,2.73,3.32,2.72,3.27,5493483
05/06/2003,3.3,3.66,3.2,3.26,4613405
05/07/2003,3.28,3.51,3.05,3.5,2611377
05/08/2003,3.5,3.52,3.34,3.48,1422998
05/09/2003,3.53,3.55,3.3,3.32,1789970
05/12/2003,3.28,3.53,3.18,3.49,1384634
05/13/2003,3.34,3.753,3.31,3.67,2049718
05/14/2003,3.8,3.83,3.6,3.83,1196031
05/15/2003,3.91,3.952,3.7,3.7,1672367
05/16/2003,3.64,3.7,3.33,3.36,1570940
05/19/2003,3.26,3.3,2.97,3,2409907
05/20/2003,3,3.49,2.97,3.3,2248069
05/21/2003,3.37,3.49,3.35,3.4,772092
05/22/2003,3.44,3.8,3.42,3.68,1871427
05/23/2003,3.75,3.75,3.6,3.64,643630
05/27/2003,3.598,3.81,3.58,3.75,1498161
05/28/2003,3.78,3.85,3.57,3.67,1141496
05/29/2003,3.66,3.75,3.48,3.65,1252847
05/30/2003,3.7,3.74,3.572,3.66,1013227
06/02/2003,3.75,3.86,3.67,3.71,1970887
06/03/2003,3.65,3.69,3.56,3.6,975588
06/04/2003,3.55,3.98,3.55,3.9,1866003
06/05/2003,3.84,4.58,3.8,4.47,5342192
06/06/2003,4.79,4.8,4.3,4.4,3626106
06/09/2003,4.46,4.51,4.05,4.14,1585709
06/10/2003,4.37,4.61,4.23,4.55,1530860
06/11/2003,4.55,5.05,4.55,5.03,3649327
06/12/2003,5.23,5.25,4.95,5.12,2279305
06/13/2003,5.13,5.2,4.8,5.11,1339463
06/16/2003,5.25,5.26,4.83,4.83,1530349
06/17/2003,5.01,5.34,4.879,5.29,2633180
06/18/2003,5.2,5.57,5.1,5.5,2074675
06/19/2003,5.51,5.9,5.48,5.75,2163257
06/20/2003,5.85,5.93,5.42,5.6,1667025
06/23/2003,5.67,5.79,5,5.05,2611611
06/24/2003,5,5.19,4.59,4.75,2177324
06/25/2003,4.75,5.07,4.75,4.77,1323104
06/26/2003,4.74,4.99,4.65,4.91,984862
06/27/2003,5.06,5.16,4.83,4.94,1464249
06/30/2003,5.18,5.18,4.7,4.8,1681633
07/01/2003,4.77,4.86,4.12,4.49,2795391
07/02/2003,4.77,4.94,4.639,4.79,2250444
07/03/2003,4.59,4.82,4.59,4.71,1187259
07/07/2003,4.86,5.16,4.86,5.05,1777622
07/08/2003,5.16,5.31,4.95,5.29,1749179
07/09/2003,5.27,5.421,5.2,5.3,2265572
07/10/2003,5.1,5.45,5.08,5.271,2064459
07/11/2003,5.26,5.3,5.17,5.26,919977
07/14/2003,5.48,5.67,5.39,5.62,2539424
07/15/2003,5.75,5.84,5.51,5.59,1584525
07/16/2003,5.73,5.73,5.33,5.43,1184247
07/17/2003,5.18,5.2,4.98,5.05,1709711
07/18/2003,5.04,5.33,5.04,5.16,753154
07/21/2003,5.09,5.15,4.859,4.94,1135989
07/22/2003,4.99,5.11,4.88,4.949,838870
07/23/2003,4.89,4.909,4.66,4.73,1488132
07/24/2003,4.74,5,4.73,4.95,1045037
07/25/2003,4.97,5.07,4.79,4.98,625093
07/28/2003,4.98,5.301,4.98,5.22,845006
07/29/2003,5.23,5.3,5.01,5.13,894490
07/30/2003,5.25,5.25,4.99,5.1,1143991
07/31/2003,5.15,5.24,4.55,4.58,2516138
08/01/2003,4.53,4.57,3.81,3.97,7407369
08/04/2003,3.99,4.05,3.86,3.87,2186807
08/05/2003,3.75,3.79,3.35,3.41,5105096
08/06/2003,3.46,3.61,3.22,3.25,3575874
08/07/2003,3.35,3.94,3.3,3.75,4602340
08/08/2003,3.8,3.99,3.58,3.72,2136087
08/11/2003,3.88,3.94,3.71,3.9,1012512
08/12/2003,3.98,4,3.76,3.92,641020
08/13/2003,3.9,4.07,3.87,4,1065751
08/14/2003,4.07,4.18,4.03,4.12,1015002
08/15/2003,4.12,4.16,3.92,3.99,731199
08/18/2003,4.06,4.11,3.85,3.95,1183689
08/19/2003,4.01,4.062,3.87,4.06,1088501
08/20/2003,4.01,4.1,3.96,4.07,598461
08/21/2003,4.02,4.24,4.02,4.24,1798482
08/22/2003,4.29,4.4,3.96,4.01,1513671
08/25/2003,4,4.03,3.8,3.94,800834
08/26/2003,3.94,4.1,3.82,4.1,468918
08/27/2003,4.01,4.15,4.01,4.08,500331
08/28/2003,4.13,4.246,4.05,4.12,646337
08/29/2003,4.15,4.23,4.15,4.16,650232
09/02/2003,4.14,4.51,4.11,4.46,1503821
09/03/2003,4.53,4.94,4.52,4.877,2991384
09/04/2003,4.88,4.98,4.8,4.88,1139741
09/05/2003,4.82,4.84,4.64,4.65,916212
09/08/2003,4.67,4.8,4.51,4.69,773989
09/09/2003,4.68,4.79,4.35,4.58,1505053
09/10/2003,4.48,4.5,4.3,4.33,811581
09/11/2003,4.331,4.65,4.29,4.59,912900
09/12/2003,4.56,4.65,4.4,4.65,580613
09/15/2003,4.65,4.746,4.52,4.54,592719
09/16/2003,4.57,4.83,4.56,4.79,952798
09/17/2003,4.83,5.14,4.67,5.14,2183007
09/18/2003,5.02,5.25,5,5.1,1397671
09/19/2003,5,5.26,4.98,5.12,1275682
09/22/2003,4.92,5.29,4.9,5.12,1771580
09/23/2003,5.19,5.3,5.16,5.21,1379041
09/24/2003,5.29,5.3,5.02,5.05,1533309
09/25/2003,5,5.06,4.65,4.69,1308549
09/26/2003,4.71,4.8,4.33,4.6,1658050
09/29/2003,4.58,4.78,4.45,4.489,1694752
09/30/2003,4.485,4.513,4.28,4.3,817262
10/01/2003,4.37,4.5,3.9,4.27,1668867
10/02/2003,4.32,4.521,4.27,4.47,627023
10/03/2003,4.55,4.71,4.53,4.63,730175
10/06/2003,4.75,4.78,4.595,4.61,669564
10/07/2003,4.52,4.7,4.43,4.7,863727
10/08/2003,4.83,5.25,4.7,5.2,1656747
10/09/2003,5.25,5.5,5.01,5.18,2549932
10/10/2003,5.2,5.25,5.03,5.068,742158
10/13/2003,5.1,5.52,5.08,5.5,2368233
10/14/2003,5.52,5.79,5.35,5.75,3132874
10/15/2003,5.865,5.95,5.6,5.6,1961571
10/16/2003,5.54,5.795,5.475,5.79,1301950
10/17/2003,5.84,5.84,5.45,5.45,1250407
10/20/2003,5.45,5.85,5.23,5.79,1992167
10/21/2003,5.85,6.33,5.81,6.33,6892042
10/22/2003,6.2,6.3,5.81,5.86,2225896
10/23/2003,5.79,6.08,5.64,5.9,1572196
10/24/2003,5.891,5.942,5.609,5.76,1334998
10/27/2003,5.97,6.18,5.749,5.87,1586666
10/28/2003,5.9,6.06,5.86,6,1889058
10/29/2003,6.03,6.24,5.82,5.95,4730616
10/30/2003,7.55,8.33,7.35,8.02,27516465
10/31/2003,7.72,8.15,7.54,7.99,7186608
11/03/2003,8.12,9.53,8.1,9.35,14075881
11/04/2003,9.28,9.43,9.06,9.41,6374852
11/05/2003,9.35,9.435,8.938,9.1,4647454
11/06/2003,8.95,9.25,8.933,9.08,2627461
11/07/2003,9.39,10.75,9.34,10.33,11418507
11/10/2003,10.64,11.59,10.5,11.04,12325703
11/11/2003,10.81,10.85,9.97,10.43,9507161
11/12/2003,11.49,11.52,10.91,11.01,8914221
11/13/2003,10.9,11.48,10.71,11.17,4282964
11/14/2003,11.13,11.88,10.77,11.01,8527358
11/17/2003,10.72,11.55,10.53,11.4,5908910
11/18/2003,11.48,11.83,10.91,11.05,5509154
11/19/2003,11,11.3,10.8,11.22,4869633
11/20/2003,10.9,11.53,10.8,11.23,5550796
11/21/2003,11.33,11.47,11.185,11.38,3199178
11/24/2003,11.66,12.93,11.62,12.85,7504270
11/25/2003,13.15,13.5,12.96,13.11,8574943
11/26/2003,13.351,13.4,12.64,13.03,4750365
11/28/2003,12.69,13.42,12.64,13.41,2168230
12/01/2003,13.67,13.85,13.45,13.6,3740200
12/02/2003,13.52,14.2,13.5,13.79,5069863
12/03/2003,14.06,14.15,13.13,13.28,5052100
12/04/2003,13.37,13.48,11.18,11.77,14126887
12/05/2003,11.25,11.89,10.81,11.49,5530615
12/08/2003,10.82,11.709,10.78,11,5741971
12/09/2003,10.4,10.82,10.2,10.34,12173939
12/10/2003,10.4,10.68,10.37,10.53,5721139
12/11/2003,10.68,11.55,10.57,11.44,10235486
12/12/2003,11.77,11.8,11.27,11.44,4097300
12/15/2003,12.23,12.31,11.08,11.16,5048530
12/16/2003,11.08,11.1,10.5,10.82,4211780
12/17/2003,10.78,11.09,10.51,10.94,2313252
12/18/2003,10.95,11.5,10.93,11.35,2892369
12/19/2003,11.54,11.6,11.05,11.19,1689695
12/22/2003,10.95,11.2,10.75,10.93,3022120
12/23/2003,10.85,11.18,10.785,11.15,1771447
12/24/2003,11.11,11.15,10.87,10.92,1149138
12/26/2003,10.89,11.03,10.75,10.95,521559
12/29/2003,10.96,11.33,10.9,11.31,2140367
12/30/2003,11.33,11.48,11.06,11.07,1782578
12/31/2003,11.01,11.1,10.76,10.76,2388545
01/02/2004,10.85,10.95,10.74,10.79,2145121
01/05/2004,10.79,11.23,10.754,11,4222322
01/06/2004,10.95,12.09,10.9,12,9004591
01/07/2004,12.39,12.8,12.11,12.69,8449827
01/08/2004,12.49,13.17,12.37,13.06,5073387
01/09/2004,12.83,13.99,12.68,13.21,6780891
01/12/2004,13.546,13.9,13.29,13.89,4366748
01/13/2004,13.9,13.92,13.2,13.55,4554010
01/14/2004,13.61,14.36,13.52,14.32,5101156
01/15/2004,14.12,14.9,14.07,14.58,7121360
01/16/2004,14.65,14.83,14.34,14.63,2926555
01/20/2004,14.75,14.85,14.25,14.67,2316936
01/21/2004,14.49,14.6,14.21,14.45,2162142
01/22/2004,14.49,14.54,13.49,13.51,3684082
01/23/2004,13.4,14.05,13.31,14.01,2584163
01/26/2004,14.08,14.19,13.67,14.01,2368852
01/27/2004,14.02,14.439,13.55,13.6,2092848
01/28/2004,13.83,13.94,12.76,12.91,2443547
01/29/2004,13.03,13.4,12.41,12.8,3042104
01/30/2004,12.88,13.39,12.64,12.93,2523363
02/02/2004,13.17,13.3,12.56,12.7,2022993
02/03/2004,12.7,12.87,12.27,12.33,2543898
02/04/2004,12.03,12.3,11.26,11.45,6413932
02/05/2004,12.84,14.55,12.37,14.51,20835504
02/06/2004,14.34,15.85,14.19,15.08,15612756
02/09/2004,15.12,15.68,15.05,15.22,6061595
02/10/2004,15.16,15.42,14.81,15.08,3660898
02/11/2004,15.12,15.3,14.97,15.15,2850396
02/12/2004,15.21,16.5,15.2,16.23,7741286
02/13/2004,16.31,16.79,15.26,15.36,5454387
02/17/2004,15.57,16.12,15.54,16.04,2817283
02/18/2004,16.18,16.31,15.85,16.1,2512958
02/19/2004,16.41,16.45,15.17,15.22,3068274
02/20/2004,15.31,15.42,14.7,15.07,4402539
02/23/2004,15.261,15.341,14.35,14.35,3103904
02/24/2004,14.12,14.71,13.81,14.08,3660775
02/25/2004,14.07,15.3,14.02,15.18,4962376
02/26/2004,15.09,15.67,14.988,15.31,3030055
02/27/2004,15.41,15.49,14.9,15.08,2102415
03/01/2004,15.05,16.04,15.04,16.03,2416759
03/02/2004,15.96,16.07,15.42,15.51,2218607
03/03/2004,15.39,15.53,15.05,15.39,1146418
03/04/2004,15.39,15.99,15.25,15.87,1802529
03/05/2004,15.38,16,15.32,15.74,1571907
03/08/2004,15.82,16.97,15.7,15.9,5950131
03/09/2004,16.1,16.19,15.32,15.48,2422955
03/10/2004,15.55,15.79,14.67,14.83,2562164
03/11/2004,14.46,15.57,14.2,14.96,4438589
03/12/2004,15.32,15.6,14.94,15.24,2864584
03/15/2004,15.12,15.44,14.57,14.77,4527167
03/16/2004,14.99,15.19,14.09,14.38,4592585
03/17/2004,14.74,15.25,14.51,15.22,2708398
03/18/2004,15.07,15.29,14.9,15.01,2829739
03/19/2004,15.14,15.3,14.9,15,1878536
03/22/2004,14.8,14.8,13.72,14.19,4097095
03/23/2004,14.32,14.5,12.43,12.69,8144095
03/24/2004,12.42,12.74,12.08,12.3,5516078
03/25/2004,12.38,13.44,12.3,13.3,3829123
03/26/2004,13.22,13.63,13.1,13.42,2359884
03/29/2004,13.65,13.85,13.35,13.58,1671310
03/30/2004,13.5,13.88,13.27,13.52,2874782
03/31/2004,13.59,13.59,13.08,13.13,2649255
04/01/2004,13.2,13.36,13,13.25,2775759
04/02/2004,13.839,14.8,13.798,14.66,5329603
04/05/2004,14.76,14.83,14.19,14.4,4337849
04/06/2004,14.19,14.3,13.82,14,1870960
04/07/2004,13.96,14.2,13.88,14.08,1635292
04/08/2004,14.64,15.49,14.51,15.26,5723302
04/12/2004,15.2,15.57,15.02,15.09,2078893
04/13/2004,15.2,15.35,14.46,14.56,1553468
04/14/2004,14.57,15.05,14.47,14.64,1321347
04/15/2004,14.805,14.86,14.2,14.22,2088298
04/16/2004,14.19,14.42,13.748,14.05,1308728
04/19/2004,14,14.17,13.64,14,2546037
04/20/2004,14,14.22,13.5,13.5,2207432
04/21/2004,13.61,13.96,13.26,13.93,2636424
04/22/2004,13.9,14.55,13.77,14.44,2449491
04/23/2004,14.56,14.6,13.9,14.11,2289521
04/26/2004,14.2,14.48,13.85,13.92,1337990
04/27/2004,13.97,14.1,13.2,13.33,3742039
04/28/2004,13.3,13.58,12.7,12.98,3221145
04/29/2004,13.01,13.6,12.79,12.86,4823418
04/30/2004,12.92,13.1,11.65,11.83,4289199
05/03/2004,11.81,12.48,11.77,12.25,2955392
05/04/2004,12.45,13.08,12.22,12.83,2911716
05/05/2004,12.8,13.25,12.13,12.87,3700309
05/06/2004,12.83,12.87,12.31,12.52,2810278
05/07/2004,12.4,13,12.25,12.4,2119645
05/10/2004,12.25,12.35,11.78,11.89,2520338
05/11/2004,12.28,12.36,12,12.22,2216426
05/12/2004,12.19,13,11.7,12.8,3707106
05/13/2004,12.96,13.58,12.5,12.96,5133092
05/14/2004,12.99,13.19,12.5,12.71,2035781
05/17/2004,12.33,12.68,12.33,12.52,2280067
05/18/2004,12.75,13.16,12.7,13,2354077
05/19/2004,13.38,14.13,13.34,13.59,4319498
05/20/2004,13.67,13.71,13.31,13.5,2143556
05/21/2004,13.51,13.75,13.25,13.6,1564757
05/24/2004,13.78,14.22,13.75,14.09,2391846
05/25/2004,14.05,15.16,13.86,15.1,4136711
05/26/2004,14.87,15.06,14.77,14.87,2366226
05/27/2004,14.92,15.2,14.52,14.85,1676185
05/28/2004,14.75,14.97,14.63,14.88,1283475
06/01/2004,14.81,15.88,14.65,15.8,4025055
06/02/2004,15.77,16.09,15.59,15.75,3760983
06/03/2004,15.68,15.9,15.57,15.58,1987306
06/04/2004,15.86,15.92,15.37,15.54,1619240
06/07/2004,15.8,16.35,15.59,16.35,2394160
06/08/2004,16.19,16.65,15.93,16.36,3061746
06/09/2004,16.38,16.4,15.56,15.72,1846840
06/10/2004,15.8,16.06,15.16,15.38,2229431
06/14/2004,15.06,15.21,14.75,14.93,2365452
06/15/2004,15,15.85,14.99,15.69,2826136
06/16/2004,15.65,15.7,15.33,15.41,2209968
06/17/2004,15.23,15.63,15.15,15.4,1426808
06/18/2004,15.29,15.73,14.95,15.32,1950433
06/21/2004,15.59,15.63,15.01,15.08,1197647
06/22/2004,15.03,15.44,14.82,15.37,1991533
06/23/2004,15.47,16.37,15.21,16.27,2769784
06/24/2004,16.21,16.49,15.91,16.04,2717682
06/25/2004,16.01,17.89,16,17.46,15076397
06/28/2004,17.88,18,17.25,17.6,5950463
06/29/2004,17.65,17.97,17.55,17.75,4016497
06/30/2004,17.99,18.26,17.55,17.94,5650697
07/01/2004,17.87,17.92,17.01,17.66,4484992
07/02/2004,17.48,17.7,17.06,17.28,1650251
07/06/2004,17.12,17.12,16.36,16.38,2779388
07/07/2004,16.34,16.95,16.3,16.64,2930603
07/08/2004,15.99,16.2,15.01,15.27,4867203
07/09/2004,15.63,15.79,15.35,15.7,2645616
07/12/2004,15.55,15.67,15.1,15.36,2051605
07/13/2004,15.4,15.6,14.86,14.86,2780528
07/14/2004,14.57,14.97,14.07,14.65,4470239
07/15/2004,14.72,14.96,14.42,14.59,2424536
07/16/2004,14.73,14.95,14.48,14.61,2661184
07/19/2004,14.75,14.769,13.33,13.97,3772970
07/20/2004,13.9,15.38,13.9,15.2,3755476
07/21/2004,15.47,15.48,13.75,13.96,3322793
07/22/2004,13.85,14.68,13.37,14.5,3736207
07/23/2004,14.24,14.41,13.87,13.92,2426544
07/26/2004,13.97,14.2,13.39,13.76,2713446
07/27/2004,13.96,14.64,13.71,14.5,4543302
07/28/2004,13.78,14.32,13.3,14.05,5160261
07/29/2004,13.95,14.82,13.95,14.79,5098643
07/30/2004,14.78,15.11,14.5,14.92,1884334
08/02/2004,14.52,15.01,14.4,14.66,2568647
08/03/2004,14.67,14.67,13.99,14.03,3533351
08/04/2004,13.89,13.93,13.45,13.74,2623378
08/05/2004,14.02,14.18,12.92,12.97,3838398
08/06/2004,12.74,13.27,12.35,12.63,3519991
08/09/2004,12.69,13.19,12.25,12.43,2105321
08/10/2004,12.6,12.94,12.26,12.81,2411817
08/11/2004,12.43,12.98,11.9,12.82,3336223
08/12/2004,12.67,12.9,12.4,12.62,1739275
08/13/2004,12.84,13.02,12.36,12.51,1793847
08/16/2004,12.45,12.93,12.45,12.74,1868574
08/17/2004,12.9,13.3,12.9,13.15,1488075
08/18/2004,12.81,13.75,12.77,13.72,2081157
08/19/2004,13.63,14.359,13.61,14.28,4057793
08/20/2004,14.1,14.48,13.92,14.2,1854848
08/23/2004,14.35,14.35,13.83,13.89,1445182
08/24/2004,13.92,14.14,13.76,13.91,1288834
08/25/2004,13.77,14.5,13.76,14.38,1172513
08/26/2004,14.3,14.38,13.78,13.94,1529070
08/27/2004,14.05,14.27,14,14.16,720262
08/30/2004,13.72,14.03,13.62,13.64,1032457
08/31/2004,13.69,13.79,13.2,13.44,1705750
09/01/2004,13.505,13.72,13.22,13.32,2053931
09/02/2004,13.21,13.6,13.2,13.5,1037165
09/03/2004,13.25,13.56,13.16,13.18,1226776
09/07/2004,13.51,13.76,13.26,13.47,1459588
09/08/2004,13.485,13.76,13.36,13.44,1127351
09/09/2004,13.53,13.71,13.27,13.57,1061298
09/10/2004,13.54,14.29,13.5,14.22,2189478
09/13/2004,14.17,14.63,14.17,14.23,2178277
09/14/2004,14.334,15.44,14.25,15.33,3163753
09/15/2004,15.05,15.24,14.65,14.7,3898865
09/16/2004,14.74,15.23,14.61,14.9,2687661
09/17/2004,14.98,14.98,14.73,14.89,1054655
09/20/2004,14.81,15.09,14.46,14.62,2349195
09/21/2004,14.72,14.84,14.52,14.68,1392302
09/22/2004,14.49,14.65,14.43,14.5,1366064
09/23/2004,14.54,14.58,14.33,14.48,1526715
09/24/2004,14.53,14.54,14.08,14.2,1873980
09/27/2004,14.03,14.07,13.56,13.62,2064239
09/28/2004,13.86,13.98,13.59,13.86,2298934
09/29/2004,14,14.26,13.921,14,1453204
09/30/2004,14.13,14.19,13.93,14,1146445
10/01/2004,13.97,14.68,13.91,14.52,2521013
10/04/2004,14.75,15.5,14.69,15.27,2901656
10/05/2004,15.2,15.45,14.92,15.13,1426378
10/06/2004,15.01,15.8,14.85,15.74,2471746
10/07/2004,15.7,16.14,15.27,15.44,2222963
10/08/2004,15.15,15.57,15.13,15.19,1484985
10/11/2004,15.07,15.32,15.06,15.27,1265961
10/12/2004,14.95,15.63,14.9,15.35,1734150
10/13/2004,15.77,15.91,15.31,15.44,2248352
10/14/2004,15.35,15.59,15.11,15.48,1429654
10/15/2004,15.41,15.6,14.95,14.98,1925127
10/18/2004,14.86,15.46,14.78,15.43,1253469
10/19/2004,15.5,15.64,15.07,15.12,1916661
10/20/2004,15.12,15.37,14.87,14.92,1575292
10/21/2004,15.05,15.48,14.88,15.27,1742610
10/22/2004,15.21,15.48,15,15,1594711
10/25/2004,14.91,15.19,14.7,14.87,1230795
10/26/2004,14.86,15.38,14.74,15,1557132
10/27/2004,15.348,16.53,15.108,16.42,4849012
10/28/2004,14.81,15.95,14.28,14.55,7128208
10/29/2004,14.63,14.9,13.05,13.9,4953184
11/01/2004,13.97,14.19,13.88,13.98,1900306
11/02/2004,14.23,14.25,13.87,13.97,1910460
11/03/2004,14.48,14.49,13.77,13.96,1700436
11/04/2004,13.96,13.97,13.35,13.73,2027964
11/05/2004,13.95,14.05,13.38,13.5,2484099
11/08/2004,13.495,13.54,12.85,12.9,5214038
11/09/2004,12.9,12.95,12.4,12.6,4239589
11/10/2004,12.63,12.89,12.46,12.74,2344144
11/11/2004,12.9,13.3,12.67,13.2,3529275
11/12/2004,13.325,13.46,13.02,13.2,2298924
11/15/2004,13.43,13.66,12.88,13.57,2408395
11/16/2004,13.53,13.59,13.029,13.12,1911702
11/17/2004,13.25,13.39,12.99,13.05,1299316
11/18/2004,12.9,13.48,12.84,13.46,1740364
11/19/2004,13.41,13.51,12.7,12.83,2623291
11/22/2004,12.79,12.79,12.49,12.61,2193106
11/23/2004,13.005,13.18,12.8,12.9,1795087
11/24/2004,12.99,13.41,12.8,13.35,1734193
11/26/2004,13.2,13.39,13.18,13.31,531526
11/29/2004,13.4,13.48,12.71,12.74,2572971
11/30/2004,12.72,13.1,12.65,12.95,1554695
12/01/2004,12.86,13.1,12.86,13.01,1172598
12/02/2004,12.9,13.22,12.76,13.04,1744496
12/03/2004,13.09,13.22,13,13.12,1276513
12/06/2004,13.16,13.45,13.1,13.36,1779134
12/07/2004,13.31,13.88,13.23,13.29,3496046
12/08/2004,13.345,13.46,12.51,12.58,3738305
12/09/2004,12.52,12.61,12.04,12.48,4404565
12/10/2004,12.55,12.88,12.5,12.72,1630140
12/13/2004,12.95,12.95,12.33,12.45,2832125
12/14/2004,12.34,12.55,11.89,11.92,5410897
12/15/2004,11.9,12.8,11.15,12.64,9115096
12/16/2004,12.33,12.55,12.1,12.38,5922133
12/17/2004,12.38,12.38,11.993,12.01,3968878
12/20/2004,12.1,12.37,11.99,12.06,1952087
12/21/2004,12.23,12.35,12.1,12.3,1745174
12/22/2004,12.36,12.44,12.27,12.38,1081363
12/23/2004,12.25,12.58,12.23,12.46,1261818
12/27/2004,12.481,12.9,12.401,12.9,2460950
12/28/2004,12.99,13.03,12.85,12.93,1131597
12/29/2004,12.9,13.34,12.9,13.24,1955525
12/30/2004,13.14,13.35,13.08,13.22,1038160
12/31/2004,13.22,13.3,13.03,13.07,799436
01/03/2005,12.98,13.24,12.64,12.82,2491869
01/04/2005,12.7,12.8,12.11,12.23,1982940
01/05/2005,12.18,12.29,11.97,12.01,2131471
01/06/2005,12.06,12.16,11.9,11.96,1878305
01/07/2005,12.3,12.48,12.12,12.16,1983066
01/10/2005,12.14,12.28,12.08,12.14,1095367
01/11/2005,12.04,12.12,11.655,11.68,1862587
01/12/2005,11.8,12.07,11.72,12.07,1159642
01/13/2005,12.58,12.77,12.23,12.29,2491813
01/14/2005,12.44,12.59,12.35,12.54,943144
01/18/2005,12.51,12.95,12.45,12.89,2041505
01/19/2005,12.99,12.99,12.19,12.26,1691091
01/20/2005,12.1,12.53,12.04,12.34,1124801
01/21/2005,12.3,12.5,12.15,12.2,1678392
01/24/2005,12.3,12.35,12.06,12.12,2068266
01/25/2005,12.21,12.54,12.17,12.28,1872453
01/26/2005,12.3,12.9,12.28,12.76,2116746
01/27/2005,12.805,12.82,12.53,12.68,895232
01/28/2005,12.6,13.11,12.5,12.69,2569310
01/31/2005,12.85,13.18,12.75,13.1,1781870
02/01/2005,13.1,13.32,13,13.08,1844961
02/02/2005,13.125,13.26,12.91,12.99,997061
02/03/2005,12.9,12.98,12.66,12.77,1398812
02/04/2005,12.37,12.46,11.9,12.07,4178837
02/07/2005,12.1,12.18,11.859,11.89,2280313
02/08/2005,11.89,12.02,11.67,11.752,1800240
02/09/2005,11.72,11.855,11.47,11.48,1536074
02/10/2005,11.6,11.74,10.85,11.26,2803409
02/11/2005,11.1,11.51,11.03,11.41,1685401
02/14/2005,11.26,11.58,11.24,11.42,1079325
02/15/2005,11.57,11.59,11.22,11.34,1767371
02/16/2005,11.3,11.39,10.92,10.99,3066115
02/17/2005,11.1,11.18,10.64,10.79,5659679
02/18/2005,12,12.5,11.88,12.22,12664175
02/22/2005,12.05,12.44,11.95,12.04,2954506
02/23/2005,12.08,12.19,11.51,11.56,2517309
02/24/2005,11.35,11.54,10.96,11.3,5323183
02/25/2005,11.29,11.46,11.07,11.1,1599813
02/28/2005,11.06,11.235,11,11,1561602
03/01/2005,11.01,11.14,10.98,10.98,1731513
03/02/2005,10.95,11.16,10.75,11.02,2381278
03/03/2005,11.2,11.23,11.01,11.07,1951031
03/04/2005,11.25,11.53,11.08,11.37,2463795
03/07/2005,11.5,11.59,11.35,11.48,1622206
03/08/2005,11.55,11.67,11.28,11.36,2037599
03/09/2005,11.3,11.44,11.05,11.14,1479484
03/10/2005,11.15,11.25,10.84,10.95,1637746
03/11/2005,10.96,11.07,10.8,11.01,1268482
03/14/2005,11.02,11.1,10.76,10.9,1208207
03/15/2005,10.9,11,10.73,10.77,1272090
03/16/2005,10.8,11.53,10.75,11.48,3501093
03/17/2005,11.47,12.42,11.4,12.13,4878405
03/18/2005,12.12,12.2,11.94,12.1,1745689
03/21/2005,12.02,12.26,11.97,12.06,1744009
03/22/2005,12.15,12.6,12.15,12.36,2919407
03/23/2005,12.29,12.6,12.29,12.57,2224246
03/24/2005,12.64,12.73,12.33,12.35,1541344
03/28/2005,12.34,12.6,12.31,12.45,1595702
03/29/2005,12.35,12.42,12.13,12.14,1443693
03/30/2005,12.22,12.8,12.22,12.71,2297579
03/31/2005,12.57,12.83,12.51,12.75,1951577
04/01/2005,12.72,12.87,12.42,12.5,1341145
04/04/2005,12.63,12.92,12.39,12.81,1337144
04/05/2005,12.72,12.91,12.53,12.7,991905
04/06/2005,12.58,12.76,12.44,12.47,1099154
04/07/2005,12.4,12.6,12.3,12.4,968502
04/08/2005,12.31,12.67,12.31,12.43,1217480
04/11/2005,12.4,12.59,12.37,12.51,1216351
04/12/2005,12.41,13.15,12.41,12.96,2742048
04/13/2005,12.91,13.06,12.85,12.9,1617640
04/14/2005,12.87,13.24,12.65,12.68,2622618
04/15/2005,12.62,12.66,12.28,12.28,1513178
04/18/2005,12.22,12.54,12.22,12.51,1337821
04/19/2005,12.69,12.7,12.01,12.32,1684382
04/20/2005,12.5,12.6,12.43,12.48,1048038
04/21/2005,12.56,12.79,12.56,12.74,1305008
04/22/2005,12.75,12.76,12.46,12.5,1127260
04/25/2005,12.42,13.22,12.4,12.85,2363928
04/26/2005,12.84,13.07,12.56,12.56,1212834
04/27/2005,12.43,12.53,12.21,12.42,1914877
04/28/2005,12.48,12.68,11.86,12.2,4275044
04/29/2005,12.3,12.3,11.53,11.84,1778695
05/02/2005,11.96,11.97,11.45,11.59,1673250
05/03/2005,11.57,11.69,11.5,11.53,1397953
05/04/2005,11.58,11.72,11.51,11.65,777312
05/05/2005,11.75,11.75,11.44,11.55,1477910
05/06/2005,11.6,11.63,11.39,11.51,1658222
05/09/2005,11.41,11.63,11.38,11.55,1091442
05/10/2005,11.58,11.65,11.43,11.45,1035589
05/11/2005,11.53,11.55,11.32,11.45,650848
05/12/2005,11.5,11.61,11.4,11.52,698960
05/13/2005,11.58,11.93,11.52,11.76,4198359
05/16/2005,11.78,11.78,11.14,11.45,2389360
05/17/2005,11.32,11.5,11.19,11.39,1252931
05/18/2005,11.37,12.14,11.37,12,3039884
05/19/2005,12.07,12.39,11.92,12.34,1900910
05/20/2005,12.24,12.37,12.04,12.3,993086
05/23/2005,12.2,12.6,12.12,12.56,1382546
05/24/2005,12.8,12.95,12.6,12.85,2075724
05/25/2005,12.7,12.98,12.59,12.79,989859
05/26/2005,12.93,13.84,12.68,13.79,4031106
05/27/2005,13.93,14.07,13.6,13.8,1822068
05/31/2005,13.73,14.16,13.66,14.02,1649844
06/01/2005,13.96,14.18,13.9,14.07,1322704
06/02/2005,13.96,14.36,13.86,13.92,1646678
06/03/2005,13.89,14.034,13.71,13.76,990516
06/06/2005,13.72,13.955,13.71,13.95,1015385
06/07/2005,14.27,14.74,14,14.15,3181390
06/08/2005,14.22,14.32,13.85,13.89,946779
06/09/2005,13.83,14.07,13.62,13.87,1309115
06/10/2005,13.96,14.06,13.76,13.96,940248
06/13/2005,13.8,14.17,13.77,14.06,498352
06/14/2005,14.04,14.24,14.0131,14.07,586207
06/15/2005,14.1,14.25,14.07,14.25,1015882
06/16/2005,14.19,14.68,14.19,14.66,1766623
06/17/2005,14.68,14.8,14.14,14.2,1573608
06/20/2005,14.13,14.34,13.93,14.06,1352804
06/21/2005,14.03,14.14,13.86,14.01,967535
06/22/2005,14.05,14.1,13.84,14.03,1158645
06/23/2005,14.05,14.09,13.67,13.7,808541
06/24/2005,13.67,14.1,13.57,13.59,1226014
06/27/2005,13.56,13.59,13.06,13.2,1870381
06/28/2005,13.27,13.7,13.25,13.65,938530
06/29/2005,13.61,13.77,13.25,13.39,535496
06/30/2005,13.49,13.49,13.05,13.15,2245264
07/01/2005,13.09,13.32,13.02,13.16,705043
07/05/2005,13.17,13.38,13.13,13.21,690534
07/06/2005,13.14,13.91,13.13,13.8,1598851
07/07/2005,13.73,13.83,13.28,13.83,951839
07/08/2005,13.89,14.22,13.83,13.98,1155996
07/11/2005,14.04,14.49,13.68,14.32,1198472
07/12/2005,14.37,14.6,14.15,14.32,1374970
07/13/2005,14.41,14.49,14.23,14.34,1264042
07/14/2005,14.4,14.83,14.4,14.68,1881240
07/15/2005,14.7,14.76,14.36,14.54,934085
07/18/2005,14.6,14.65,14.42,14.5,398470
07/19/2005,14.41,14.93,14.4,14.93,1148258
07/20/2005,14.7,14.98,14.65,14.84,712129
07/21/2005,14.9,14.97,14.39,14.47,986543
07/22/2005,14.5,14.92,14.38,14.57,1019331
07/25/2005,14.6,15,14.44,14.47,1024125
07/26/2005,14.55,14.95,14.43,14.43,2118399
07/27/2005,14.55,15.2,14.47,15.03,3924473
07/28/2005,14.91,15.61,14.9,15.2,3119788
07/29/2005,15.23,15.5699,15,15.26,1636717
08/01/2005,15.28,15.54,15.15,15.4,1436110
08/02/2005,15.5,15.66,15.31,15.36,1588814
08/03/2005,15.35,15.47,15.05,15.2,1223799
08/04/2005,15.19,15.31,15.03,15.06,1283455
08/05/2005,15.02,15.18,15.02,15.12,1061656
08/08/2005,15.13,15.36,15.11,15.27,1707765
08/09/2005,15.27,15.34,14.82,15,862394
08/10/2005,15.06,15.17,14.4,14.49,1889018
08/11/2005,14.41,14.6,14.369,14.6,608160
08/12/2005,14.53,14.69,14.4,14.48,703340
08/15/2005,14.495,14.59,14.23,14.49,922219
08/16/2005,14.38,14.48,14.21,14.33,684289
08/17/2005,14.27,14.58,14.15,14.56,1498672
08/18/2005,14.47,15.04,14.29,14.9,1794476
08/19/2005,15,15.11,14.77,14.85,885276
08/22/2005,14.99,15.05,14.88,15.03,911589
08/23/2005,15,15.08,14.67,14.69,1161240
08/24/2005,14.64,14.67,13.88,14.14,2857547
08/25/2005,14.2,14.21,13.53,13.85,2970438
08/26/2005,13.75,13.96,13.62,13.74,1063996
08/29/2005,13.67,14.03,13.63,13.85,939606
08/30/2005,13.89,14.2,13.83,14,1834527
08/31/2005,14.07,14.13,13.65,13.84,1101870
09/01/2005,13.77,14.03,13.72,13.94,2251475
09/02/2005,13.95,14,13.8,13.87,669092
09/06/2005,13.86,14.01,13.8,13.95,1579582
09/07/2005,13.9,14,13.78,13.93,654590
09/08/2005,13.99,14,13.55,13.56,1332040
09/09/2005,13.57,13.72,13.26,13.66,1634206
09/12/2005,13.57,13.72,13.56,13.64,1991311
09/13/2005,13.64,13.79,13.45,13.64,803566
09/14/2005,13.72,13.72,13.36,13.57,1341547
09/15/2005,13.51,13.89,13.51,13.74,1318278
09/16/2005,13.74,13.94,13.74,13.89,864385
09/19/2005,13.82,14.04,13.78,13.84,907568
09/20/2005,13.86,13.96,13.69,13.92,778088
09/21/2005,13.83,13.83,13.5,13.54,1199518
09/22/2005,13.67,14.02,13.4,13.95,1269683
09/23/2005,13.87,14.09,13.83,13.94,1267263
09/26/2005,14.1,14.25,14,14.22,887932
09/27/2005,14.2,14.35,14.13,14.3,806021
09/28/2005,14.24,14.7,14.24,14.66,1296541
09/29/2005,14.67,15.24,14.58,15.17,2239734
09/30/2005,15.25,16,15.2,15.95,3157462
10/03/2005,15.96,16.73,15.87,16.67,4052241
10/04/2005,16.67,16.89,16.42,16.49,2819683
10/05/2005,16.62,16.71,15.92,16.02,1655662
10/06/2005,16.2,16.24,15.71,15.96,1782337
10/07/2005,15.93,16.23,15.91,16.05,974935
10/10/2005,16.1,16.14,15.91,16.06,815430
10/11/2005,16,16.11,15.68,15.94,1698178
10/12/2005,15.9,15.9,15.47,15.53,1455269
10/13/2005,15.481,15.95,15.27,15.91,1479095
10/14/2005,16,16.14,15.7,16.1,787863
10/17/2005,16.12,16.99,15.99,16.95,2573809
10/18/2005,16.95,17,16.4,16.61,1927484
10/19/2005,16.44,17.15,16.44,17.1,1442178
10/20/2005,17.02,17.49,17.02,17.36,2005716
10/21/2005,17.25,17.54,17.22,17.25,1648557
10/24/2005,17.43,17.49,16.93,17.29,2410937
10/25/2005,17.3,17.33,16.8,16.98,2437109
10/26/2005,17.05,17.1,16.42,16.85,4612558
10/27/2005,16.99,17,16.52,16.62,1276449
10/28/2005,16.69,16.98,16.1,16.85,2608831
10/31/2005,16.865,17.46,16.79,17.34,3660018
11/01/2005,16.92,17,16.45,16.68,4942255
11/02/2005,16.62,16.71,16.42,16.43,2236330
11/03/2005,16.53,16.66,16.48,16.56,2074901
11/04/2005,16.56,16.82,16.51,16.68,1354771
11/07/2005,17.23,17.23,16.61,16.68,1839950
11/08/2005,16.69,16.69,16.3,16.41,1501903
11/09/2005,16.37,16.68,16.07,16.68,2333904
11/10/2005,16.75,17,16.6,16.94,1343075
11/11/2005,16.89,17.07,16.89,17.02,2017970
11/14/2005,17.3,17.65,17.15,17.36,5072413
11/15/2005,17.395,17.47,16.81,16.96,1733921
11/16/2005,17.06,17.1,16.83,16.95,733558
11/17/2005,17.04,17.16,16.84,17.02,1598013
11/18/2005,17.06,17.09,16.91,16.97,1299545
11/21/2005,16.8,17.15,16.53,17.02,1853057
11/22/2005,17.52,19.36,17.36,19.177,13253898
11/23/2005,19.22,20.13,19.17,19.71,5614405
11/25/2005,19.81,20.9,19.7,20.5,2322574
11/28/2005,20.58,20.75,19.48,19.76,3722922
11/29/2005,19.645,20.23,19.4,19.78,2063463
11/30/2005,19.82,20.02,19.56,19.95,2397392
12/01/2005,20.1,21.06,20.1,21.05,3696220
12/02/2005,21.08,21.12,20.38,20.8695,1788332
12/05/2005,20.81,21.11,20.71,21.01,1709650
12/06/2005,21.065,21.73,21.02,21.55,3309763
12/07/2005,21.75,21.95,21.4,21.63,2057531
12/08/2005,21.79,21.9349,21.24,21.86,2154733
12/09/2005,21.95,22.25,21.55,21.78,2198859
12/12/2005,21.73,21.89,20.8,21.17,3545470
12/13/2005,20.05,21.12,19.79,20.33,5001218
12/14/2005,20.37,20.78,20.15,20.7,2188530
12/15/2005,20.72,20.79,20.3,20.61,1211566
12/16/2005,20.74,20.77,20.3,20.54,1171272
12/19/2005,20.32,20.8,19.41,19.47,2712463
12/20/2005,19.41,19.76,19.02,19.65,2333542
12/21/2005,19.94,20.19,19.84,20.1,1576387
12/22/2005,20.21,20.4,20.025,20.4,670697
12/23/2005,20.48,20.5,20.06,20.09,600857
12/27/2005,20.08,20.45,20.08,20.28,792460
12/28/2005,20.43,20.43,20.07,20.32,883997
12/29/2005,20.375,20.47,19.94,20.03,991156
12/30/2005,20.05,20.09,19.77,19.93,748422
01/03/2006,20,20.94,19.57,20.8,3305930
01/04/2006,20.89,21.58,20.771,21.32,3261495
01/05/2006,21.35,21.73,20.82,21.57,3062714
01/06/2006,21.68,22.69,21.68,22.46,3138327
01/09/2006,22.585,22.6474,21.96,22.11,1759764
01/10/2006,22,23.1,21.8,23.01,3406983
01/11/2006,23,23.29,22.59,22.92,1896445
01/12/2006,22.9,23.866,22.71,22.85,2373951
01/13/2006,23.11,23.39,22.73,22.79,1902860
01/17/2006,22.595,22.78,22.35,22.58,1331110
01/18/2006,22.01,23.031,21.71,22.88,1781442
01/19/2006,23.5,24.14,23.26,23.66,2873303
01/20/2006,23.85,23.86,22.45,22.74,2190948
01/23/2006,22.92,23.05,22.27,22.54,1392012
01/24/2006,22.8,23.21,22.67,23.02,1377078
01/25/2006,23.19,23.25,22.22,22.38,1338795
01/26/2006,22.73,22.73,22.25,22.39,1896445
01/27/2006,22.5,22.94,22.25,22.41,1907188
01/30/2006,22.52,22.9,22.15,22.29,1262839
01/31/2006,22.31,22.42,21.53,21.84,2453636
02/01/2006,21.71,21.94,21.54,21.82,1578562
02/02/2006,21.87,22.54,21.41,21.5,2643811
02/03/2006,21.62,21.91,20.49,21.84,2714644
02/06/2006,21.895,22.19,21.81,21.95,1317949
02/07/2006,21.84,22.44,21.84,22.12,2568458
02/08/2006,22.48,22.48,21.75,22,3772623
02/09/2006,24.98,27.59,24.76,26,15462614
02/10/2006,26.67,26.68,25.2808,25.54,4613871
02/13/2006,25.4,25.52,24.52,24.92,2535349
02/14/2006,25,25.33,24.74,25.1,1918352
02/15/2006,24.925,26.19,24.9,25.79,2567939
02/16/2006,26.47,26.85,25.85,26.69,2425909
02/17/2006,26.82,26.94,26.39,26.75,1730687
02/21/2006,26.99,27,26.67,26.69,1751788
02/22/2006,27.32,27.48,26.935,27.32,2094721
02/23/2006,26.64,27.36,26.39,27.08,2801100
02/24/2006,27,27.19,26.86,27.07,1183796
02/27/2006,27.08,27.09,26.3,26.39,1976345
02/28/2006,26.63,26.75,25.6,26.5,1661674
03/01/2006,26.64,27.05,26.52,27.01,1728244
03/02/2006,26.48,27.69,25.87,26.09,4296632
03/03/2006,26.3,26.34,25.7776,26.02,1889415
03/06/2006,26.305,26.71,25.9,26.05,1671481
03/07/2006,25.8,25.87,24.96,25.24,2340583
03/08/2006,25.15,25.43,24.95,25.19,1890942
03/09/2006,25.12,25.9,25.12,25.26,1066542
03/10/2006,25.06,25.57,24.98,25.57,1098270
03/13/2006,25.76,26.23,25.3,25.38,969709
03/14/2006,25.68,26.3,25.4,26.26,1219959
03/15/2006,26.28,27.42,26.24,27.34,2234472
03/16/2006,27.7,28.44,27.15,27.19,2542079
03/17/2006,27.33,28.37,26.72,28.36,2261137
03/20/2006,28.765,29.49,28.37,28.99,3166419
03/21/2006,28.992,29.29,28.6964,29.17,2593397
03/22/2006,29.04,29.2,28.6,28.73,3599182
03/23/2006,29.09,29.18,28.56,28.69,1691739
03/24/2006,28.725,28.9,28.18,28.59,1433596
03/27/2006,28.6,29.225,28.6,29.22,2440369
03/28/2006,29.295,29.38,28.84,28.95,1775097
03/29/2006,29.28,32.02,29.08,31.42,7259311
03/30/2006,31.55,31.98,30.51,30.77,3117615
03/31/2006,31.5,33.17,31.42,32.86,7700328
04/03/2006,33.15,33.98,32.91,33.19,4249259
04/04/2006,33.2,33.39,31.65,31.9,3604284
04/05/2006,32,32.18,31.33,31.78,3148978
04/06/2006,31.6,32.03,31.4,31.71,2499793
04/07/2006,31.875,31.98,30.8,30.93,1866346
04/10/2006,31.06,31.17,29.98,30.03,3347056
04/11/2006,30.19,31.57,30.1,31.19,4956154
04/12/2006,32.15,32.4,30.61,30.98,4886208
04/13/2006,30.96,31.4,29.79,31.07,1615814
04/17/2006,31.068,31.32,30.8,30.87,1458307
04/18/2006,31.14,32.59,30.8858,32.57,2916597
04/19/2006,32.71,33.83,32.47,33.42,7025831
04/20/2006,33.49,34.62,32.78,33.01,3303320
04/21/2006,32.96,34.08,32.92,33.8,2670445
04/24/2006,34,34.58,33.4498,34.01,2462221
04/25/2006,34.25,34.33,33.69,34,2570493
04/26/2006,33.99,34,33.048,33.3001,5728171
04/27/2006,32.96,34.94,31.15,34.17,7080924
04/28/2006,34.35,34.41,33.37,33.75,2801743
05/01/2006,33.65,35.37,33.63,35.25,3366636
05/02/2006,35.47,35.49,34.35,34.43,1757313
05/03/2006,34.61,35.2,34.34,34.62,1559972
05/04/2006,34.565,35.2,33.77,33.91,2151749
05/05/2006,34.165,35.27,33.8,35.18,2209321
05/08/2006,35.71,36.45,35.45,36.03,3064900
05/09/2006,36.2,36.94,35.78,36.39,3232592
05/10/2006,36.42,36.69,35.6,36,2699224
05/11/2006,36.4,36.44,34.63,34.88,3119392
05/12/2006,34.58,34.71,33.26,34.39,3976409
05/15/2006,33.83,34.06,31.73,32.45,4595290
05/16/2006,32.65,32.71,32.21,32.59,3421342
05/17/2006,32.47,32.55,31.22,32.0291,3425677
05/18/2006,32,33,32,32.55,4860313
05/19/2006,32.67,34.75,32.65,34.17,5115825
05/22/2006,33.59,33.74,30.09,31.51,6835876
05/23/2006,32.32,32.58,31,31.15,3639866
05/24/2006,31.285,31.53,28.4,29.51,6973780
05/25/2006,29.97,32.43,29.89,32.41,5817644
05/26/2006,32.29,32.49,31,31.66,2646164
05/30/2006,31.2,31.85,30.08,30.7,3686889
05/31/2006,30.55,31.5,30.24,31.29,6565142
06/01/2006,31.315,32.09,31,32.09,2485031
06/02/2006,32.775,33,31,31.32,3405165
06/05/2006,31.39,31.91,30.12,30.28,3022038
06/06/2006,30.4,30.98,29.69,30.43,3224402
06/07/2006,30.44,30.99,30.02,30.09,1652432
06/08/2006,29.81,29.95,28.27,29.71,4424127
06/09/2006,30.19,30.97,29.75,29.99,2897710
06/12/2006,29.92,30,28.29,28.51,3253502
06/13/2006,28.45,28.69,27.14,27.5,5571709
06/14/2006,27.56,28.81,27.36,28.6,3905898
06/15/2006,29.13,31.88,29.105,31.75,5666063
06/16/2006,31.59,32,30.68,30.89,2771562
06/19/2006,31.09,31.35,29.9,30.12,2045164
06/20/2006,30.1,31.77,30.06,31.35,2502754
06/21/2006,31.34,33.8,31.34,33.5,3914025
06/22/2006,33.43,33.9,32.65,33.25,2343129
06/23/2006,33.31,35,32.95,34.51,2789627
06/26/2006,34.759,35.59,34.11,35.26,2461646
06/27/2006,35.44,35.44,33.578,33.78,2211623
06/28/2006,33.65,33.75,32.11,33.46,4083315
06/29/2006,33.81,36.05,33.54,35.85,3380878
06/30/2006,36.02,36.29,35.43,36.15,2689413
07/03/2006,36.11,37.14,36.11,36.69,1498652
07/05/2006,36.5,37.4,35.28,35.38,3178049
07/06/2006,35.64,35.64,35.05,35.4,1871489
07/07/2006,35.2,35.95,34.61,35.24,1718791
07/10/2006,35.49,35.56,32.39,32.96,4054560
07/11/2006,32.68,33.18,31.09,33.18,6439322
07/12/2006,33,33,30.88,31.39,4788197
07/13/2006,30.54,33.13,30.18,31.25,5186725
07/14/2006,31.31,32.7,30.81,32.55,4074011
07/17/2006,32.71,33.51,31.89,32.38,2765400
07/18/2006,32.59,33.13,31.12,32.92,3418697
07/19/2006,33.1,33.75,32.44,32.93,2754904
07/20/2006,32.98,33.14,31.2,31.29,2538730
07/21/2006,31.2,31.2,29.28,29.45,4220226
07/24/2006,29.89,31.54,29.54,31.3,3365804
07/25/2006,31.56,32.15,30.65,31.97,3494083
07/26/2006,32.1,32.1,30,30,7850259
07/27/2006,35.975,37.4,34.98,36.84,15915146
07/28/2006,36.83,37.73,36,36.59,5129979
07/31/2006,36.56,39.72,36.38,39.68,8113794
08/01/2006,39.02,39.42,37.75,38.4,4611788
08/02/2006,38.6,39.24,38.38,38.67,2525475
08/03/2006,38.47,40.46,37.81,40.28,4309216
08/04/2006,40.41,42,38.5,39.42,5655327
08/07/2006,39.03,39.83,38.52,38.95,3253237
08/08/2006,38.92,39.45,38.17,38.27,2520755
08/09/2006,38.69,39.74,38.25,38.44,3337803
08/10/2006,38.52,39.18,38.21,38.95,2425350
08/11/2006,38.8,38.85,36.99,37.4,2673353
08/14/2006,37.93,38.39,37.08,37.15,2337498
08/15/2006,38.2,40,37.52,39.94,4142287
08/16/2006,40.13,40.4,39.25,39.74,3206371
08/17/2006,39.55,40.26,38.81,39.53,3421937
08/18/2006,39.68,40.27,38.93,39.98,2353210
08/21/2006,39.67,39.75,38.61,38.73,2308516
08/22/2006,38.59,38.96,38.14,38.67,2225548
08/23/2006,39.04,39.2,37.8,38.19,1993915
08/24/2006,38.41,38.5916,37.85,38.2,1527777
08/25/2006,38.47,38.79,37.77,37.89,1798472
08/28/2006,37.99,39.5,37.55,38.95,3008109
08/29/2006,39.05,39.15,37.9506,39.04,2159159
08/30/2006,39.07,39.27,38.41,38.8,2770394
08/31/2006,38.95,39.83,38.7,39.2,2559285
09/01/2006,39.32,40.79,39.25,40.63,3138830
09/05/2006,40.82,41.86,40.52,40.96,3829612
09/06/2006,40.67,40.96,39.41,39.41,2540425
09/07/2006,39.33,40.13,38.45,39.41,3330478
09/08/2006,39.6,41.24,39.41,41.15,3770952
09/11/2006,40.97,43.5,40.6,43.38,6603337
09/12/2006,43.47,44.38,42.65,43.3,5995355
09/13/2006,42.725,44.7,42.4,44.19,5981868
09/14/2006,45.11,45.98,44.52,45.88,9629735
09/15/2006,46.3,47.4,46.19,47.26,6568807
09/18/2006,47.21,47.84,46.1,46.416,5425969
09/19/2006,45.28,45.49,43.9,45.47,6615794
09/20/2006,45.935,46.98,45.61,46.27,4039627
09/21/2006,46.56,47.87,46.05,46.18,4642987
09/22/2006,46.41,47.14,45.76,46.2,3296936
09/25/2006,46.45,49.24,45.71,49,6172762
09/26/2006,49.14,49.46,47.26,49.35,5340118
09/27/2006,49.03,49.49,47.36,48.26,5458795
09/28/2006,48.5,50.17,47.84,50.06,6293895
09/29/2006,50.215,50.95,49.5445,49.94,6380669
10/02/2006,50,51,49.31,49.8071,4175597
10/03/2006,49.973,51.2367,49.219,51.22,6215509
10/04/2006,50.92,51.97,50.52,51.97,4660998
10/05/2006,51.87,52.93,51.41,52.35,4730719
10/06/2006,51.92,52,51.13,51.38,4212799
10/09/2006,50.84,51.75,49.95,50.1,5295995
10/10/2006,49.97,50.63,49.04,49.93,4218211
10/11/2006,49.6,51.97,49.51,50.48,7113835
10/12/2006,51.17,51.21,49.49,50.14,4404245
10/13/2006,50.08,51.4,49.79,50.7,3330485
10/16/2006,50.55,51.67,50.35,50.67,3012990
10/17/2006,49.95,49.95,48.6,48.93,4522293
10/18/2006,49.285,49.69,45.93,46.2,6351539
10/19/2006,46.175,47.8,45.52,46.34,4563552
10/20/2006,46.49,46.5,44.64,46.22,5851901
10/23/2006,46.89,48.05,46.65,47.35,4236630
10/24/2006,47.305,49.73,47,49.56,5332855
10/25/2006,49.69,49.97,48.14,49.02,4607513
10/26/2006,49.44,49.94,48.17,49.7991,9490320
10/27/2006,48.86,49.64,46.26,46.48,12272441
10/30/2006,46.095,46.39,45.24,45.74,5735242
10/31/2006,46.09,47.72,46,46.88,4899479
11/01/2006,47.64,47.64,46.15,46.52,3739728
11/02/2006,46.09,47.34,45.6,46.6,3677273
11/03/2006,47,47.07,45.64,45.97,2907482
11/06/2006,46.24,48.23,46,48.04,4289739
11/07/2006,48.55,50.5,48.45,49.85,8283190
11/08/2006,49.5,51.02,49.02,50.65,6580979
11/09/2006,51.03,52,47.82,48.0199,9398177
11/10/2006,48.45,50.29,47.82,50.03,7297896
11/13/2006,50.09,50.4,49.04,49.5,3467577
11/14/2006,49.86,50.25,49.2,49.93,3075435
11/15/2006,49.78,50.1,48,48.06,6352133
11/16/2006,48.52,49.63,48.16,49.19,4836762
11/17/2006,48.9,49.32,48.5956,49.27,2643019
11/20/2006,49.2,50.7,49.08,50.29,5164572
11/21/2006,50.5201,51.15,49.53,50.69,5491870
11/22/2006,50.76,51.28,50.12,50.99,3170015
11/24/2006,50.38,51.25,50.16,50.42,1211420
11/27/2006,50.25,50.65,47.55,47.65,4622148
11/28/2006,47.37,48.39,46.62,47.83,3332027
11/29/2006,48.3,49.48,48.08,48.62,3090115
11/30/2006,48.83,49.3505,48.28,48.82,2181036
12/01/2006,48.66,49.07,47.3,47.68,3453084
12/04/2006,48.19,49.9,48.19,49.17,2936048
12/05/2006,49.54,49.67,48.59,49.4,2525014
12/06/2006,49.4,50.25,49.1,49.66,2749636
12/07/2006,50.14,53.71,50,53.34,11146575
12/08/2006,53.18,54.28,52.73,53.76,5652799
12/11/2006,53.52,54.95,52.91,54.38,5214348
12/12/2006,54.45,55.0705,53.99,54.36,4637615
12/13/2006,55.1,55.41,54.5,54.97,3377111
12/14/2006,54.81,56.4,54.74,55.99,4883910
12/15/2006,56.31,56.5,55.86,56.36,3639028
12/18/2006,56,56.2,54.38,55.05,6442000
12/19/2006,54.73,56.37,54.33,56,4519734
12/20/2006,56.37,56.8,55.06,55.1,2612405
12/21/2006,55.15,55.49,54.08,54.14,2921923
12/22/2006,54.02,54.29,53.05,53.38,2319712
12/26/2006,53.23,53.7,52.61,53,1835648
12/27/2006,53.5,54.88,53.3,54.48,2255018
12/28/2006,54.28,54.3,53.35,53.6,2222053
12/29/2006,53.82,54.35,52.71,53.13,2066204
01/03/2007,53.64,53.9,50.6,52.11,5209114
01/04/2007,51.89,53.46,51.72,53.3,2967419
01/05/2007,53,53.7799,52.42,53.18,2146830
01/08/2007,53.1,53.46,52.1,53.04,2589042
01/09/2007,53,53.1,51.81,52.66,7633341
01/10/2007,52.22,53.82,51.71,53.82,3109469
01/11/2007,53.9,54.75,53.51,54.6,2639764
01/12/2007,54.4,55.59,54.3,54.7,2584503
01/16/2007,54.51,55.71,54.36,55.15,1922599
01/17/2007,54.85,55.55,54.23,54.78,2021321
01/18/2007,54.14,54.35,52.18,52.83,3297868
01/19/2007,53.22,54.33,52.96,54.09,2570337
01/22/2007,54.09,54.31,52.56,52.66,2885573
01/23/2007,52.45,53.4,51.53,52.62,3344937
01/24/2007,53.05,54.48,51.99,54.44,4021962
01/25/2007,54.12,54.81,53.21,53.66,3567630
01/26/2007,53.88,54.65,52.9,54.27,2235291
01/29/2007,54.11,55.84,53.85,55.17,2883172
01/30/2007,55.25,56.78,55.21,55.87,3133270
01/31/2007,55.69,56.47,55.2,56.17,1855933
02/01/2007,56.59,56.75,54.8999,55.5,2138870
02/02/2007,54.53,55.93,54.52,55.55,2310616
02/05/2007,55.8,58.45,55.4,58.16,4863157
02/06/2007,57.82,58.04,55.05,55.18,4971425
02/07/2007,55.85,57.25,55.85,57,8473849
02/08/2007,55.4,59.64,54.99,59.1084,8751065
02/09/2007,59.2,59.4755,55.91,56.17,4692060
02/12/2007,56.27,56.6,55.03,55.096,3776222
02/13/2007,55.3,55.99,55.1,55.5,2457432
02/14/2007,55.64,56.85,55.61,56.69,2484841
02/15/2007,56.4,56.756,55.99,56.39,1973449
02/16/2007,56.16,56.39,55.55,55.93,1953169
02/20/2007,56.22,57.33,55.42,56.96,2327407
02/21/2007,56.64,57.4,56.38,57.32,1922573
02/22/2007,57.51,58.3,56.37,57.05,2816216
02/23/2007,57.06,57.2495,55.9,56.41,2263260
02/26/2007,56.41,56.5,54.66,55.48,2147398
02/27/2007,54.01,54.54,49.53,51.42,8230967
02/28/2007,51.93,52.5,50.15,51.56,4094069
03/01/2007,50.15,50.82,49.01,50.11,3999360
03/02/2007,49.81,50.61,47.67,47.77,4470850
03/05/2007,46.61,48.29,46.6,47.85,6588354
03/06/2007,48.94,49.25,48.14,48.19,4584546
03/07/2007,48.06,49,47.95,48.04,4235197
03/08/2007,48.84,50.73,48.69,50.11,6194563
03/09/2007,50.48,50.67,49.365,50.37,4421523
03/12/2007,51.83,52.62,51.37,52.58,6004975
03/13/2007,52.33,53.36,51.49,51.5,6925756
03/14/2007,51.4,52,50.54,51.84,3762603
03/15/2007,51.88,52.0578,50.95,51.4,2881604
03/16/2007,51.33,51.69,50.77,51.1,2943263
03/19/2007,51.77,52.3,51.18,52.07,2758087
03/20/2007,52.05,52.42,51.5,51.85,1970292
03/21/2007,52.104,53.03,51.12,53.02,6432331
03/22/2007,52.91,53.01,51.98,52.4,3186778
03/23/2007,52,52.21,51.2,51.41,2952316
03/26/2007,51.3134,51.45,50.7067,51.45,2729985
03/27/2007,51.16,51.44,50.9,50.96,1597261
03/28/2007,50.2,50.57,49.4,49.42,3969460
03/29/2007,49.78,50.33,49.04,50.1,3562708
03/30/2007,49.97,50.58,49.2,49.91,2437419
04/02/2007,50.145,50.39,48.96,49.52,2800554
04/03/2007,49.85,51.37,49.81,50.99,3202937
04/04/2007,50.941,51.48,50.57,51.16,2873306
04/05/2007,51.01,51.78,50.7,50.98,2279007
04/09/2007,51.74,52.09,51.08,51.71,2612239
04/10/2007,51.56,52.239,51.47,52.0451,2610205
04/11/2007,52.695,53.74,52.31,52.55,5469863
04/12/2007,52.34,53.57,52.17,53.27,2837821
04/13/2007,53.29,53.71,52.46,53,2309707
04/16/2007,53.4,54.36,52.85,54.36,2679630
04/17/2007,54.3,54.42,53.05,53.574,2792527
04/18/2007,53.39,53.906,53.01,53.51,1796922
04/19/2007,53.17,53.79,52.71,53.62,2369818
04/20/2007,54.06,54.614,52.82,52.87,2755562
04/23/2007,53.38,55.05,53.3791,54.801,3023783
04/24/2007,55.19,55.19,54.3949,54.6,2543806
04/25/2007,55.3,56.25,48.55,48.92,18453091
04/26/2007,49.74,49.74,45.89,46.52,16948108
04/27/2007,46.06,46.49,44.62,44.8,8546991
04/30/2007,45.224,45.54,44.02,44.11,8199756
05/01/2007,44.03,44.22,42.44,43.15,8689364
05/02/2007,43.11,44.74,43.1,44.6399,7446536
05/03/2007,44.89,45.17,44.25,44.35,5681555
05/04/2007,44.78,46.08,44.6,46.08,6306612
05/07/2007,45.84,45.99,44.5,44.53,4557970
05/08/2007,44.28,44.45,43.73,44.33,2767467
05/09/2007,44.43,44.72,43.76,44.38,3189754
05/10/2007,44.17,45.55,43.93,44.19,4954117
05/11/2007,44.6666,45.93,44.31,45.71,3416698
05/14/2007,45.62,45.64,44.2,44.29,3468228
05/15/2007,44.27,44.44,42.01,42.27,6012186
05/16/2007,42.35,43.1,41.02,42.87,6742086
05/17/2007,42.82,43.28,42.23,43.2,4803607
05/18/2007,44.36,44.75,43.62,44.45,5540702
05/21/2007,44.6,45.65,44.41,45.21,3615009
05/22/2007,45.25,45.61,44.15,44.64,4448208
05/23/2007,45.02,45.77,43.55,43.57,3949802
05/24/2007,43.56,44.5,42.36,42.58,4257809
05/25/2007,42.85,43.53,42.74,43.08,3560455
05/29/2007,43.17,43.35,41.75,41.95,5150114
05/30/2007,42,43.4,41.27,42.61,5054129
05/31/2007,42.99,45,42.9,44.21,5987314
06/01/2007,44.49,44.8003,43.56,43.62,2885352
06/04/2007,43.04,44.68,42.87,43.82,4157180
06/05/2007,43.78,44.2,43.66,44.06,3891556
06/06/2007,43.78,43.95,43.01,43.68,3190458
06/07/2007,43.27,44,42,42.26,4606565
06/08/2007,43.06,45.69,42.98,45.57,10476176
06/11/2007,45.84,46.81,45.02,46.53,8750237
06/12/2007,46.12,46.21,45.22,45.64,4688813
06/13/2007,45.9,46.97,45.61,46.96,4846352
06/14/2007,46.9205,49.27,46.7706,48.09,5461810
06/15/2007,48.66,49.13,48.42,48.85,4194856
06/18/2007,48.92,49.08,47.44,47.81,4438630
06/19/2007,47.45,47.78,46.76,46.91,3300591
06/20/2007,47.18,47.9396,46.76,46.84,3647193
06/21/2007,46.84,48.2844,46.52,48.12,3667646
06/22/2007,47.67,48.08,47.31,47.51,2814389
06/25/2007,47.48,47.86,47.05,47.82,3716515
06/26/2007,48.01,48.28,47.35,47.66,4237804
06/27/2007,47.21,48.41,47.21,48.26,3311454
06/28/2007,48.4,49.56,48.35,49.16,4425964
06/29/2007,49.33,49.659,47.78,48.64,4947910
