12/03/2001,9.025,9.184,8.958,9.157,1277039
12/04/2001,9.078,9.17,9.011,9.137,1173706
12/05/2001,9.108,9.406,9.108,9.346,1368109
12/06/2001,9.257,9.423,9.091,9.277,437477
12/07/2001,9.224,9.224,8.905,8.931,601163
12/10/2001,8.675,8.675,7.45,7.45,526715
12/11/2001,7.501,8.345,7.501,8.345,896899
12/12/2001,8.278,8.523,7.926,7.966,341782
12/13/2001,8.131,8.332,7.896,7.963,369965
12/14/2001,7.923,8.043,7.83,7.923,219284
12/17/2001,7.633,7.928,7.076,7.299,798193
12/18/2001,7.328,7.665,7.194,7.631,1019563
12/19/2001,7.421,8.047,7.348,7.914,436667
12/20/2001,7.963,7.963,7.532,7.638,806853
12/21/2001,7.432,7.93,7.399,7.896,555198
12/24/2001,8.195,8.593,8.029,8.553,169091
12/26/2001,8.673,8.745,7.924,8.315,386251
12/27/2001,8.411,8.576,8.411,8.576,565483
12/28/2001,8.496,8.496,7.831,7.963,493119
12/31/2001,7.963,8.228,7.963,8.029,682376
01/02/2002,8.141,9.29,8.114,9.29,243763
01/03/2002,9.124,9.788,9.124,9.788,391827
01/04/2002,9.761,9.854,9.338,9.854,235271
01/07/2002,9.748,9.748,9.29,9.476,190302
01/08/2002,9.423,9.423,9.164,9.423,101275
01/09/2002,9.373,9.505,9.141,9.174,78810
01/10/2002,9.091,9.323,8.759,9.005,112279
01/11/2002,8.938,9.017,8.86,8.958,85172
01/14/2002,8.815,9.725,8.762,9.692,261075
01/15/2002,9.651,9.732,9.303,9.363,310492
01/16/2002,9.38,9.386,8.582,8.582,211938
01/17/2002,8.515,9.212,8.515,9.212,923106
01/18/2002,9.078,9.152,8.783,9.018,181516
01/22/2002,9.014,9.41,8.947,9.269,128167
01/23/2002,9.266,9.333,8.917,9.333,104706
01/24/2002,9.266,9.266,9.051,9.051,93961
01/25/2002,9.057,9.125,8.719,9.125,444588
01/28/2002,9.172,9.319,9.145,9.232,202547
01/29/2002,9.219,9.219,8.729,8.85,319781
01/30/2002,8.81,8.83,8.589,8.776,47168
01/31/2002,8.733,8.733,8.397,8.733,217797
02/01/2002,8.759,8.759,8.551,8.726,169994
02/04/2002,8.592,9.39,8.518,8.968,124254
02/05/2002,8.924,8.924,8.413,8.863,167844
02/06/2002,8.877,9.018,8.783,8.897,309191
02/07/2002,8.83,8.883,8.783,8.843,114097
02/08/2002,8.91,9.031,8.89,8.984,147510
02/11/2002,8.917,8.951,8.716,8.85,156459
02/12/2002,8.85,8.917,8.816,8.897,206873
02/13/2002,8.894,8.92,8.887,8.914,97348
02/14/2002,8.934,8.94,8.9,8.934,258149
02/15/2002,8.93,9.112,8.93,8.998,134491
02/19/2002,9.078,9.105,8.917,9.024,361692
02/20/2002,9.001,9.115,9.001,9.101,150322
02/21/2002,9.088,9.182,9.054,9.095,110477
02/22/2002,9.152,9.822,9.152,9.735,137815
02/25/2002,9.665,9.886,9.551,9.738,98320
02/26/2002,9.738,9.738,9.309,9.356,81256
02/27/2002,9.319,9.587,9.051,9.453,85612
02/28/2002,9.86,9.935,9.452,9.52,217775
03/01/2002,9.487,10.392,9.427,10.258,281002
03/04/2002,10.207,10.644,10.207,10.442,475478
03/05/2002,10.392,10.56,10.211,10.325,227904
03/06/2002,10.258,10.325,10.057,10.291,176296
03/07/2002,10.272,10.278,9.909,9.936,175801
03/08/2002,9.808,9.887,9.51,9.722,86472
03/11/2002,9.457,9.926,9.39,9.859,307001
03/12/2002,9.929,10.191,9.889,10.191,99337
03/13/2002,10.238,10.238,10.104,10.231,28387
03/14/2002,10.191,10.405,10.157,10.392,49068
03/15/2002,10.157,10.325,10.07,10.124,155265
03/18/2002,10.224,10.224,10.104,10.151,65469
03/19/2002,10.664,10.727,10.607,10.727,79203
03/20/2002,10.546,10.713,10.211,10.245,72575
03/21/2002,10.231,10.466,9.889,10.446,164067
03/22/2002,10.462,10.63,10.268,10.395,65149
03/25/2002,10.235,10.536,10.168,10.288,190147
03/26/2002,10.232,10.7,10.158,10.693,148735
03/27/2002,10.627,11.83,10.627,11.095,384359
03/28/2002,11.266,11.639,10.913,11.083,215713
04/01/2002,11.083,11.465,10.828,11.398,184048
04/02/2002,11.364,11.438,11.304,11.431,148399
04/03/2002,11.398,11.418,11.197,11.23,113799
04/04/2002,11.062,11.431,11.062,11.431,131699
04/05/2002,11.552,11.722,11.383,11.518,146265
04/08/2002,11.398,11.968,11.398,11.8,94560
04/09/2002,11.8,11.934,11.498,11.8,166897
04/10/2002,11.787,11.994,11.653,11.988,149021
04/11/2002,11.978,12.025,11.775,11.809,80732
04/12/2002,11.754,12.113,11.754,12.093,180590
04/15/2002,12.008,12.312,11.94,12.184,181977
04/16/2002,12.475,12.88,12.475,12.779,127209
04/17/2002,12.779,12.779,12.596,12.61,85049
04/18/2002,12.542,12.813,12.366,12.366,186364
04/19/2002,12.37,12.437,12.167,12.201,187603
04/22/2002,12.238,12.461,12.197,12.414,65828
04/23/2002,12.39,12.803,12.39,12.803,163807
04/24/2002,12.813,12.84,12.705,12.806,104626
04/25/2002,12.779,13.117,12.779,13.117,147173
04/26/2002,13.117,13.117,12.921,12.934,138596
04/29/2002,12.934,12.934,12.677,12.711,385738
04/30/2002,12.739,12.806,12.501,12.515,435678
05/01/2002,12.586,12.688,12.045,12.485,159164
05/02/2002,12.512,12.64,12.377,12.478,133375
05/03/2002,12.488,12.522,12.272,12.36,185033
05/06/2002,12.343,12.41,11.971,12.167,133677
05/07/2002,12.103,12.103,11.44,11.494,247151
05/08/2002,11.494,11.596,11.041,11.515,142440
05/09/2002,11.443,11.443,10.842,10.916,156093
05/10/2002,10.93,10.977,10.49,10.693,143499
05/13/2002,10.586,11.125,10.484,11.125,219507
05/14/2002,11.089,11.879,10.947,11.805,172709
05/15/2002,11.815,11.876,11.714,11.748,114903
05/16/2002,11.714,11.917,11.288,11.376,112389
05/17/2002,11.46,11.596,11.298,11.427,57100
05/20/2002,11.462,11.53,11.291,11.298,116259
05/21/2002,11.331,11.467,11.235,11.467,110830
05/22/2002,11.366,11.426,11.056,11.379,72089
05/23/2002,11.291,11.974,11.055,11.974,67009
05/24/2002,11.901,11.934,11.426,11.46,97620
05/28/2002,11.46,11.46,11.156,11.447,52815
05/29/2002,11.443,11.443,10.342,11.119,175324
05/30/2002,11.143,11.629,11.143,11.426,45003
05/31/2002,11.447,11.732,11.332,11.393,69439
06/03/2002,11.532,11.532,10.76,11.109,113868
06/04/2002,10.943,11.275,10.821,11.275,75862
06/05/2002,11.19,11.19,10.818,10.886,82842
06/06/2002,10.872,11.007,10.568,10.697,95058
06/07/2002,10.576,11.33,10.111,11.263,84157
06/10/2002,11.055,11.055,10.311,10.446,93042
06/11/2002,10.379,10.737,10.311,10.325,73368
06/12/2002,10.225,10.379,9.91,10.379,94669
06/13/2002,10.358,10.46,10.182,10.277,228781
06/14/2002,10.243,10.243,9.804,10.108,122770
06/17/2002,10.176,10.399,10.135,10.142,93630
06/18/2002,10.014,10.108,9.811,9.865,37400
06/19/2002,9.811,10.121,9.736,9.946,396314
06/20/2002,9.844,10.816,9.818,10.683,130079
06/21/2002,11.325,11.416,11.102,11.325,165856
06/24/2002,11.323,11.836,11.289,11.528,81252
06/25/2002,11.498,11.518,10.659,10.862,83201
06/26/2002,10.707,10.943,10.457,10.943,223527
06/27/2002,10.802,11.815,10.68,11.815,120101
06/28/2002,11.764,12.53,11.764,12.272,328422
07/01/2002,12.17,12.373,12.001,12.137,275997
07/02/2002,12.082,12.428,11.805,12.082,165614
07/03/2002,11.984,11.984,11.174,11.707,200080
07/05/2002,11.859,12.576,11.819,12.373,65980
07/08/2002,12.327,12.516,11.48,11.575,183992
07/09/2002,11.494,12.103,11.46,11.562,47643
07/10/2002,11.562,11.643,11.122,11.122,58729
07/11/2002,11.109,11.109,10.047,10.223,65829
07/12/2002,10.172,10.625,9.868,9.902,108466
07/15/2002,9.871,10.289,9.534,10.186,103667
07/16/2002,10.213,10.213,9.844,10.021,61880
07/17/2002,9.957,10.312,9.731,10.278,65153
07/18/2002,10.199,10.438,9.626,9.742,73209
07/19/2002,9.735,10.042,9.427,9.427,98214
07/22/2002,9.258,9.535,9.13,9.427,71482
07/23/2002,9.377,9.377,8.09,8.145,123587
07/24/2002,7.924,9.482,7.754,9.42,182247
07/25/2002,9.39,9.929,9.178,9.779,151094
07/26/2002,9.769,9.769,8.881,8.997,79483
07/29/2002,9.097,10.42,9.097,10.42,68858
07/30/2002,10.312,10.619,9.834,10.168,75697
07/31/2002,10.122,10.122,8.848,8.958,67601
08/01/2002,8.967,9.881,8.967,9.881,50591
08/02/2002,9.871,9.94,9.489,9.53,67327
08/05/2002,9.513,9.554,8.863,9,43240
08/06/2002,9.086,9.598,9.051,9.325,57810
08/07/2002,9.304,9.507,9.236,9.291,103603
08/08/2002,9.196,9.693,8.957,9.693,84275
08/09/2002,9.707,10.022,9.707,9.906,29620
08/12/2002,9.976,9.976,9.486,9.735,32889
08/13/2002,9.642,9.71,9.199,9.294,78832
08/14/2002,9.277,10.589,9.256,10.582,97636
08/15/2002,10.582,10.582,9.981,10.008,74067
08/16/2002,9.943,10.66,9.943,10.353,97312
08/19/2002,10.261,10.595,10.261,10.465,54020
08/20/2002,10.438,10.438,10.042,10.158,59144
08/21/2002,10.144,10.438,9.864,10.438,51962
08/22/2002,10.247,10.247,10.038,10.247,33688
08/23/2002,9.978,10.32,9.61,10.213,74208
08/26/2002,10.161,10.606,10.038,10.606,80805
08/27/2002,10.623,10.623,9.974,10.076,66739
08/28/2002,10.004,10.004,9.178,9.533,114050
08/29/2002,9.547,9.547,9.24,9.376,68938
08/30/2002,9.291,9.769,9.291,9.564,57078
09/03/2002,9.564,9.7,9.359,9.359,72893
09/04/2002,9.328,10.216,9.089,10.182,76233
09/05/2002,10.161,10.161,9.356,9.383,53877
09/06/2002,9.355,9.519,9.219,9.519,118891
09/09/2002,9.561,10.141,9.424,10.134,59720
09/10/2002,9.929,10.3,9.922,10.151,114369
09/11/2002,10.213,10.404,9.899,9.899,14201
09/12/2002,9.96,9.974,9.762,9.83,72305
09/13/2002,9.838,10.621,9.825,10.485,42018
09/16/2002,10.384,10.52,10.384,10.438,53277
09/17/2002,10.52,10.554,10.247,10.384,29123
09/18/2002,10.281,10.589,10.261,10.445,209762
09/19/2002,10.418,10.418,10.247,10.281,185612
09/20/2002,10.401,10.503,10.333,10.503,149705
09/23/2002,10.452,10.452,9.256,9.291,82710
09/24/2002,9.222,9.325,9.017,9.243,118574
09/25/2002,9.188,9.27,9.086,9.222,86944
09/26/2002,9.097,9.158,8.693,8.963,112326
09/27/2002,8.98,8.98,8.18,8.282,112335
09/30/2002,8.235,8.529,7.996,8.372,154523
10/01/2002,8.307,9.291,8.239,9.291,82681
10/02/2002,9.068,9.338,8.851,9.338,119417
10/03/2002,9.666,10.179,9.147,9.222,245635
10/04/2002,9.157,9.472,8.918,8.952,139151
10/07/2002,8.969,9.03,8.11,8.185,84514
10/08/2002,8.011,9.013,8.011,8.897,85661
10/09/2002,8.795,8.979,8.557,8.659,162513
10/10/2002,8.569,9.191,8.569,8.915,81476
10/11/2002,8.717,8.887,8.478,8.649,106765
10/14/2002,8.631,8.638,8.403,8.465,93769
10/15/2002,8.465,8.749,8.451,8.569,135351
10/16/2002,8.575,8.589,8.296,8.296,158068
10/17/2002,8.365,8.469,8.331,8.331,58298
10/18/2002,8.42,8.525,8.245,8.469,246711
10/21/2002,8.521,8.652,8.23,8.521,108405
10/22/2002,8.572,8.78,8.095,8.192,89259
10/23/2002,8.423,9.186,8.368,9.019,96772
10/24/2002,9.402,9.437,8.703,8.745,147467
10/25/2002,8.676,8.808,8.483,8.808,60903
10/28/2002,9.006,9.02,7.996,8.213,140885
10/29/2002,8.224,8.224,7.621,8.002,237290
10/30/2002,8.089,8.178,7.881,7.985,124113
10/31/2002,8.068,8.469,7.998,8.275,123016
11/01/2002,8.275,8.538,8.227,8.538,80432
11/04/2002,8.67,8.971,8.586,8.607,190191
11/05/2002,8.59,8.659,8.486,8.659,58853
11/06/2002,8.711,8.911,8.607,8.635,135254
11/07/2002,8.569,8.638,8.465,8.465,90447
11/08/2002,8.555,8.867,8.493,8.631,99079
11/11/2002,8.638,8.762,8.39,8.452,37547
11/12/2002,8.298,8.523,8.271,8.469,58114
11/13/2002,8.469,8.676,8.227,8.676,37908
11/14/2002,8.69,8.994,8.621,8.8,95409
11/15/2002,8.759,8.863,8.579,8.718,43123
11/18/2002,8.745,8.808,8.331,8.503,74219
11/19/2002,8.483,8.711,8.434,8.642,26773
11/20/2002,8.642,9.022,8.476,8.987,79427
11/21/2002,8.901,9.28,8.901,8.97,262622
11/22/2002,8.914,9.136,8.776,9.129,107530
11/25/2002,9.153,9.589,9.153,9.423,69728
11/26/2002,9.333,9.706,9.333,9.533,122220
11/27/2002,9.471,9.748,9.367,9.679,124404
11/29/2002,9.679,9.679,9.388,9.388,42964
12/02/2002,9.461,9.682,9.219,9.329,65225
12/03/2002,9.316,9.502,8.915,8.984,97679
12/04/2002,8.814,9.056,8.642,8.828,95188
12/05/2002,8.849,9.541,8.842,9.244,64650
12/06/2002,9.178,9.557,9.178,9.35,157246
12/09/2002,9.302,9.509,9.288,9.343,171500
12/10/2002,9.454,9.709,9.454,9.709,177614
12/11/2002,9.672,9.679,9.561,9.603,222226
12/12/2002,9.631,10.265,9.542,10.196,136282
12/13/2002,10.059,10.514,9.983,10.266,144548
12/16/2002,10.332,10.345,9.976,9.99,124273
12/17/2002,9.99,10.059,9.665,9.665,144074
12/18/2002,9.638,10.355,9.527,10.211,178038
12/19/2002,10.235,10.456,10.235,10.353,120121
12/20/2002,10.346,10.442,10.035,10.159,174576
12/23/2002,10.101,10.184,9.65,9.803,141242
12/24/2002,9.827,9.993,9.682,9.813,76941
12/26/2002,9.828,9.828,9.502,9.564,98038
12/27/2002,9.506,9.506,9.022,9.056,139745
12/30/2002,9.043,9.319,8.911,9.043,360163
12/31/2002,9.053,9.571,9.053,9.364,174377
01/02/2003,9.471,9.817,9.471,9.762,221909
01/03/2003,9.733,9.795,9.527,9.644,131328
01/06/2003,9.712,10.295,9.678,10.226,134738
01/07/2003,10.384,10.453,9.899,10.107,110037
01/08/2003,10.045,10.045,9.596,9.617,148114
01/09/2003,9.679,10.163,9.679,10.066,180537
01/10/2003,10.01,10.045,9.886,9.99,60216
01/13/2003,10.046,10.15,9.767,9.795,224753
01/14/2003,9.78,9.78,9.536,9.669,92597
01/15/2003,9.62,9.774,9.522,9.732,123984
01/16/2003,9.78,9.955,9.641,9.78,555666
01/17/2003,9.756,9.756,9.421,9.602,85130
01/21/2003,9.662,9.802,9.606,9.739,50564
01/22/2003,9.7,9.7,9.511,9.539,68209
01/23/2003,9.581,9.784,9.504,9.77,122259
01/24/2003,9.777,9.777,9.323,9.435,90775
01/27/2003,9.358,9.469,9.344,9.393,102794
01/28/2003,9.361,9.417,9.278,9.375,92594
01/29/2003,9.309,9.365,9.078,9.26,104236
01/30/2003,9.253,9.26,9.093,9.169,225999
01/31/2003,9.099,9.553,9.093,9.274,95354
02/03/2003,9.414,9.526,9.211,9.253,147883
02/04/2003,9.208,9.403,9.089,9.389,246866
02/05/2003,9.407,9.47,9.134,9.309,174880
02/06/2003,9.361,9.361,8.935,9.033,97178
02/07/2003,9.009,9.106,8.628,8.635,82681
02/10/2003,8.638,9.008,8.624,9.001,139024
02/11/2003,8.988,9.177,8.931,9.016,101818
02/12/2003,8.991,9.026,8.712,8.782,83192
02/13/2003,8.733,8.942,8.733,8.935,65118
02/14/2003,8.946,9.197,8.918,9.099,122109
02/18/2003,9.159,9.578,9.159,9.382,91533
02/19/2003,9.326,9.361,9.005,9.068,98027
02/20/2003,9.033,9.068,8.866,8.991,87154
02/21/2003,9.005,9.11,8.83,8.984,99891
02/24/2003,8.942,8.942,8.628,8.656,138977
02/25/2003,8.687,8.848,8.575,8.806,139404
02/26/2003,8.778,8.778,8.527,8.618,147006
02/27/2003,8.666,8.862,8.631,8.834,84841
02/28/2003,8.834,9.388,8.834,9.291,114450
03/03/2003,9.501,9.571,9.222,9.389,123091
03/04/2003,9.319,9.34,9.04,9.075,85720
03/05/2003,9.012,9.459,9.012,9.452,96896
03/06/2003,9.386,9.386,9.085,9.099,107016
03/07/2003,9.071,9.372,8.973,9.197,81875
03/10/2003,9.215,9.361,9.026,9.152,92881
03/11/2003,9.225,9.302,8.911,9.015,73812
03/12/2003,9.159,9.194,8.852,9.18,128960
03/13/2003,9.169,9.323,8.862,9.274,80861
03/14/2003,9.19,9.421,9.085,9.239,118030
03/17/2003,9.232,9.652,9.197,9.421,155436
03/18/2003,9.33,9.33,9.162,9.204,102155
03/19/2003,9.215,9.236,9.082,9.159,89838
03/20/2003,9.082,9.452,9.047,9.222,99047
03/21/2003,9.218,9.784,9.134,9.784,160248
03/24/2003,9.606,9.606,9.187,9.257,76284
03/25/2003,9.299,9.717,9.236,9.71,168842
03/26/2003,9.735,9.909,9.421,9.574,111191
03/27/2003,9.494,9.494,9.291,9.382,189087
03/28/2003,9.365,9.728,9.365,9.511,129205
03/31/2003,9.348,9.715,9.216,9.396,167949
04/01/2003,9.458,10.229,9.423,10.229,137733
04/02/2003,10.256,10.36,9.99,10.018,85164
04/03/2003,10.088,10.438,9.843,9.941,48522
04/04/2003,9.934,10.193,9.766,9.808,64689
04/07/2003,9.815,10.172,9.815,9.997,85099
04/08/2003,10.112,10.147,9.993,10.091,40870
04/09/2003,10.05,10.4,9.819,9.819,92389
04/10/2003,9.959,10.224,9.938,10.098,51218
04/11/2003,10.137,10.228,9.997,10.109,99694
04/14/2003,10.179,10.384,9.883,10.299,117253
04/15/2003,10.264,10.412,9.94,10.32,70664
04/16/2003,10.377,10.575,10.306,10.412,83308
04/17/2003,10.607,10.607,10.14,10.183,90779
04/21/2003,10.271,10.328,9.932,10.059,66177
04/22/2003,9.95,10.281,9.95,10.063,111192
04/23/2003,9.971,10.281,9.872,10.006,141495
04/24/2003,10.045,10.179,9.96,10.052,77073
04/25/2003,10.063,10.544,10.063,10.261,84363
04/28/2003,10.257,10.709,10.257,10.638,81042
04/29/2003,10.571,10.812,10.465,10.599,60660
04/30/2003,10.522,10.79,10.479,10.748,32725
05/01/2003,10.681,10.695,10.321,10.589,97754
05/02/2003,10.501,10.747,10.501,10.677,107006
05/05/2003,10.515,10.726,10.515,10.712,111527
05/06/2003,10.945,10.945,10.592,10.762,111456
05/07/2003,10.628,10.861,10.628,10.825,70675
05/08/2003,10.762,11.001,10.727,10.769,84724
05/09/2003,10.839,11.016,10.839,11.009,136805
05/12/2003,11.083,11.189,10.942,11.083,104697
05/13/2003,10.942,11.104,10.801,11.076,76796
05/14/2003,11.157,11.171,10.938,11.009,53735
05/15/2003,11.09,11.337,11.048,11.309,66836
05/16/2003,11.188,11.393,10.977,10.977,288046
05/19/2003,10.868,11.121,10.868,11.051,71777
05/20/2003,10.885,11.09,10.716,10.85,94766
05/21/2003,11.012,11.012,10.553,10.836,75380
05/22/2003,10.836,11.012,10.737,10.935,27359
05/23/2003,10.906,11.041,10.778,10.928,83746
05/27/2003,10.973,11.235,10.91,11.143,77336
05/28/2003,11.076,11.33,11.04,11.302,62029
05/29/2003,11.217,11.456,10.971,11.161,215129
05/30/2003,11.301,11.705,11.273,11.655,134208
06/02/2003,11.623,11.926,11.623,11.821,101609
06/03/2003,11.789,12.177,11.69,12.142,175529
06/04/2003,12.078,12.361,12.008,12.304,144985
06/05/2003,12.223,12.357,12.089,12.336,53777
06/06/2003,12.357,12.562,12.117,12.209,102313
06/09/2003,12.181,12.287,11.926,12.011,195299
06/10/2003,12.068,12.442,11.933,12.435,96588
06/11/2003,12.106,12.241,11.965,12.036,118864
06/12/2003,11.948,12.138,11.898,12.032,107079
06/13/2003,11.852,12.135,11.683,11.761,140463
06/16/2003,11.754,11.923,11.648,11.902,125948
06/17/2003,11.895,11.972,11.669,11.923,54666
06/18/2003,11.863,11.863,11.531,11.665,40086
06/19/2003,11.634,11.718,11.365,11.365,63055
06/20/2003,11.358,11.662,11.358,11.57,89867
06/23/2003,11.446,11.524,10.579,10.6,124794
06/24/2003,10.535,11.447,10.535,11.348,193470
06/25/2003,11.365,11.895,11.365,11.874,212494
06/26/2003,11.859,12.989,11.789,12.918,453463
06/27/2003,12.865,13.007,12.583,12.759,143130
06/30/2003,12.798,13.027,12.691,12.827,279326
07/01/2003,12.689,12.731,12.223,12.4,138469
07/02/2003,12.389,12.707,12.382,12.488,141388
07/03/2003,12.551,12.749,12.551,12.664,221761
07/07/2003,12.707,13.088,12.707,13.059,192953
07/08/2003,12.996,13.201,12.855,12.975,102374
07/09/2003,12.936,13.24,12.688,13.218,174564
07/10/2003,13.18,13.18,12.777,12.918,78997
07/11/2003,12.935,13.311,12.843,13.233,72721
07/14/2003,13.102,13.2,12.397,12.82,121390
07/15/2003,12.813,12.919,12.435,12.628,66705
07/16/2003,12.674,12.802,12.396,12.56,108118
07/17/2003,12.418,12.567,12.275,12.439,192402
07/18/2003,12.432,12.631,12.261,12.596,45874
07/21/2003,12.528,12.578,12.208,12.208,124020
07/22/2003,12.307,12.664,12.2,12.628,127399
07/23/2003,12.731,12.951,12.489,12.887,87345
07/24/2003,12.933,12.94,12.407,12.542,122230
07/25/2003,12.464,12.691,12.279,12.506,120827
07/28/2003,12.496,12.752,12.375,12.688,87513
07/29/2003,12.556,12.791,12.343,12.585,65948
07/30/2003,12.556,12.984,12.556,12.963,195259
07/31/2003,12.912,13.005,12.67,12.926,157726
08/01/2003,12.67,12.67,12.279,12.385,212663
08/04/2003,12.286,12.499,11.973,12.272,118295
08/05/2003,12.19,12.496,12.154,12.282,80590
08/06/2003,12.243,12.549,12.115,12.385,148319
08/07/2003,12.478,12.615,11.955,12.414,100802
08/08/2003,12.482,12.589,12.267,12.439,69853
08/11/2003,12.492,12.642,12.228,12.492,67092
08/12/2003,12.314,12.891,12.279,12.877,62483
08/13/2003,12.716,12.888,12.709,12.795,92999
08/14/2003,12.827,12.976,12.734,12.969,216667
08/15/2003,13.026,13.097,12.834,12.834,23733
08/18/2003,12.834,13.225,12.777,13.225,157454
08/19/2003,13.204,13.524,13.204,13.517,154920
08/20/2003,13.446,13.524,13.382,13.503,121915
08/21/2003,13.524,13.56,13.332,13.411,125560
08/22/2003,13.382,13.382,13.047,13.24,124162
08/25/2003,12.823,13.001,12.788,12.859,251393
08/26/2003,12.813,12.898,12.699,12.862,195923
08/27/2003,12.777,12.991,12.777,12.848,170520
08/28/2003,12.98,13.123,12.837,12.894,86631
08/29/2003,12.834,13.253,12.763,12.77,149864
09/02/2003,12.756,13.403,12.635,13.403,212371
09/03/2003,13.403,13.425,12.955,13.24,206065
09/04/2003,13.147,13.396,13.083,13.154,232206
09/05/2003,13.272,13.272,13.129,13.136,183853
09/08/2003,12.991,13.453,12.976,13.268,166579
09/09/2003,13.215,13.279,13.115,13.229,112085
09/10/2003,13.14,13.26,12.884,12.969,150176
09/11/2003,12.923,13.393,12.923,13.393,61155
09/12/2003,13.339,13.475,12.991,13.389,87204
09/15/2003,13.364,13.492,12.867,13.023,221158
09/16/2003,12.998,13.582,12.998,13.553,189818
09/17/2003,13.628,13.67,13.393,13.535,170352
09/18/2003,13.56,13.731,13.489,13.646,199934
09/19/2003,13.531,13.638,13.489,13.489,118048
09/22/2003,13.478,13.692,13.364,13.571,198256
09/23/2003,13.546,13.546,13.382,13.546,73287
09/24/2003,13.631,13.631,13.496,13.496,158452
09/25/2003,13.539,13.546,13.047,13.061,255824
09/26/2003,13.051,13.051,12.624,12.631,146232
09/29/2003,12.673,13.322,12.673,13.222,190930
09/30/2003,13.097,13.161,12.813,12.855,98177
10/01/2003,12.817,13.498,12.817,13.278,155724
10/02/2003,13.222,13.862,13.094,13.649,358997
10/03/2003,14.048,14.389,13.841,14.318,393498
10/06/2003,14.243,14.884,14.186,14.856,240673
10/07/2003,14.732,15.349,14.675,15.328,261628
10/08/2003,15.233,15.233,14.876,15.019,102294
10/09/2003,15.044,15.101,14.738,15.016,209522
10/10/2003,15.101,15.137,14.902,15.115,147942
10/13/2003,14.784,15.39,14.784,15.076,137532
10/14/2003,15.09,15.233,14.948,15.204,170932
10/15/2003,15.247,15.261,15.09,15.126,126951
10/16/2003,15.094,15.337,15.058,15.165,104003
10/17/2003,15.298,15.37,15.047,15.054,171656
10/20/2003,15.044,15.273,15.022,15.208,438343
10/21/2003,15.198,15.277,15.054,15.233,252445
10/22/2003,15.198,15.334,14.983,15.004,140559
10/23/2003,14.993,15.194,14.95,14.986,98536
10/24/2003,14.997,15.147,14.99,15.04,126756
10/27/2003,15.033,15.112,15.004,15.076,122839
10/28/2003,15.087,15.223,15.051,15.194,153266
10/29/2003,15.191,15.362,15.155,15.327,128974
10/30/2003,15.334,15.42,15.105,15.205,145284
10/31/2003,15.137,15.546,15.137,15.402,162373
11/03/2003,15.448,15.915,15.448,15.807,255025
11/04/2003,15.843,16.416,15.843,16.13,239875
11/05/2003,16.201,16.201,15.649,16.13,177380
11/06/2003,16.133,16.198,16.033,16.119,104015
11/07/2003,16.194,16.295,16.022,16.058,113957
11/10/2003,15.983,16.14,15.882,15.889,145706
11/11/2003,15.742,16.022,15.57,15.85,95360
11/12/2003,15.771,16.201,15.728,16.187,89785
11/13/2003,15.972,16.094,15.843,15.943,72625
11/14/2003,15.907,15.965,15.341,15.348,126457
11/17/2003,15.455,15.915,15.383,15.815,231600
11/18/2003,15.889,16.349,15.846,15.99,184434
11/19/2003,15.95,16.438,15.915,16.409,141398
11/20/2003,16.373,16.417,16.021,16.273,319571
11/21/2003,16.427,16.678,16.284,16.391,102156
11/24/2003,16.492,16.993,16.492,16.843,100099
11/25/2003,16.814,17.173,16.707,17.115,204718
11/26/2003,17.266,17.474,16.799,17.158,129124
11/28/2003,17.112,17.19,17.076,17.119,44422
12/01/2003,17.18,17.445,17.008,17.302,94018
12/02/2003,17.488,17.704,17.316,17.459,93957
12/03/2003,17.384,17.427,16.904,16.904,154204
12/04/2003,16.9,16.914,16.521,16.75,144000
12/05/2003,16.639,16.839,16.281,16.76,81465
12/08/2003,16.628,17.402,16.628,17.158,100925
12/09/2003,17.133,17.133,16.474,16.481,107693
12/10/2003,16.513,16.513,16.191,16.441,171141
12/11/2003,16.488,17.155,16.445,17.155,139581
12/12/2003,17.09,17.377,16.997,17.377,140944
12/15/2003,17.161,17.39,16.747,16.747,213291
12/16/2003,16.893,17.072,16.362,17.072,159042
12/17/2003,16.904,16.94,16.524,16.94,142791
12/18/2003,17.083,17.255,16.609,16.961,206055
12/19/2003,16.608,16.932,16.354,16.918,398701
12/22/2003,17.036,17.252,17.036,17.244,367183
12/23/2003,17.237,18.22,17.222,18.083,255702
12/24/2003,18.069,18.069,17.803,17.803,87825
12/26/2003,17.843,17.85,17.728,17.814,72234
12/29/2003,17.821,18.746,17.821,18.732,294902
12/30/2003,18.632,18.682,17.785,18.058,200980
12/31/2003,18.008,18.481,17.34,18.481,278341
01/02/2004,18.28,18.954,17.95,18.13,225920
01/05/2004,18.262,18.341,17.962,18.234,153445
01/06/2004,18.026,18.356,17.968,18.14,179061
01/07/2004,18.029,18.596,18.029,18.546,198208
01/08/2004,18.617,18.646,18.237,18.574,332573
01/09/2004,18.588,18.696,17.958,17.986,251723
01/12/2004,17.986,18.087,17.814,17.922,266943
01/13/2004,17.99,18.178,17.773,18.149,284413
01/14/2004,18.034,18.127,17.933,18.091,196736
01/15/2004,18.171,18.257,17.925,18.026,373364
01/16/2004,18.246,18.355,18.015,18.124,160662
01/20/2004,18.308,18.488,17.997,18.452,226344
01/21/2004,18.333,18.701,18.318,18.614,319756
01/22/2004,18.737,18.758,18.549,18.657,209203
01/23/2004,18.618,18.618,17.976,18.473,194580
01/26/2004,18.326,18.578,18.095,18.484,230391
01/27/2004,18.246,18.311,18.001,18.196,264999
01/28/2004,18.265,18.496,17.701,17.875,328579
01/29/2004,18.005,18.2,17.361,17.81,243408
01/30/2004,17.741,17.864,17.172,17.525,131596
02/02/2004,17.489,17.655,17.128,17.496,184845
02/03/2004,17.424,17.82,17.309,17.633,99092
02/04/2004,17.417,17.453,16.487,16.544,328084
02/05/2004,16.804,17.345,16.624,17.287,214515
02/06/2004,17.117,18.286,17.067,18.286,224910
02/09/2004,18.153,18.225,17.85,18.066,170563
02/10/2004,18.102,18.722,18.03,18.715,222566
02/11/2004,18.365,19.015,18.365,18.834,264558
02/12/2004,18.741,18.784,18.343,18.343,151355
02/13/2004,18.499,18.788,18.058,18.058,346506
02/17/2004,17.965,18.607,17.958,18.492,123645
02/18/2004,18.445,18.488,17.955,18.207,62053
02/19/2004,18.261,18.571,18.124,18.131,248637
02/20/2004,18.192,18.632,17.882,18.185,166610
02/23/2004,18.254,18.528,17.756,17.799,170559
02/24/2004,17.846,18.604,17.701,18.063,303643
02/25/2004,18.095,18.095,17.489,17.633,246278
02/26/2004,17.701,18.265,17.477,18.15,234017
02/27/2004,18.181,18.181,17.497,17.634,248569
03/01/2004,17.763,18.52,17.763,18.52,193302
03/02/2004,18.452,18.589,17.738,17.738,147381
03/03/2004,17.82,18.492,17.676,18.456,238840
03/04/2004,18.34,18.614,18.174,18.556,88842
03/05/2004,18.354,18.564,18.16,18.254,99574
03/08/2004,18.214,18.358,17.824,17.918,160556
03/09/2004,17.788,17.997,17.522,17.55,90936
03/10/2004,17.597,18.008,16.912,17.02,169321
03/11/2004,16.948,17.302,16.588,16.595,119119
03/12/2004,16.789,17.663,16.652,17.648,185501
03/15/2004,17.489,17.54,16.588,16.638,156150
03/16/2004,16.764,16.915,16.123,16.678,178524
03/17/2004,16.872,17.53,16.872,17.176,162744
03/18/2004,17.089,17.335,16.518,16.67,165843
03/19/2004,16.696,16.948,16.263,16.443,166816
03/22/2004,16.458,16.458,15.6,15.845,234219
03/23/2004,16,16.576,15.906,16.288,180423
03/24/2004,16.094,16.223,15.704,15.892,142024
03/25/2004,15.968,16.796,15.968,16.796,178384
03/26/2004,16.663,16.851,16.317,16.324,102748
03/29/2004,16.432,17.198,16.432,17.198,121026
03/30/2004,16.938,17.333,16.938,17.333,97169
03/31/2004,17.136,17.36,16.941,17.193,166094
04/01/2004,17.211,17.522,17.19,17.413,146736
04/02/2004,17.503,17.972,17.446,17.965,213117
04/05/2004,17.799,17.814,17.157,17.814,260140
04/06/2004,17.633,17.835,17.273,17.309,191654
04/07/2004,17.258,18.03,17.258,17.857,165432
04/08/2004,17.882,18.12,17.529,17.55,191663
04/12/2004,17.713,18.095,17.713,18.088,143574
04/13/2004,17.976,17.983,17.579,17.702,159359
04/14/2004,17.597,17.945,17.161,17.263,123486
04/15/2004,17.473,17.967,17.023,17.662,153476
04/16/2004,17.68,17.956,17.296,17.608,138970
04/19/2004,17.742,17.974,17.221,17.974,156292
04/20/2004,17.883,18.232,17.593,17.782,201960
04/21/2004,17.756,18.061,17.19,17.894,181466
04/22/2004,17.796,18.45,17.774,18.341,350924
04/23/2004,18.406,18.732,17.752,18.515,401739
04/26/2004,18.322,18.925,18.322,18.888,333507
04/27/2004,18.925,19.542,18.895,19.041,455593
04/28/2004,18.976,19.019,18.655,18.83,356518
04/29/2004,18.685,18.954,17.575,17.945,423498
04/30/2004,18.142,18.192,17.479,17.705,232495
05/03/2004,18.253,18.754,18.094,18.435,359634
05/04/2004,18.351,18.649,17.546,18.061,245719
05/05/2004,18.13,18.13,17.68,17.862,161436
05/06/2004,17.782,17.999,17.266,17.673,150337
05/07/2004,17.495,17.735,17.241,17.306,207832
05/10/2004,17.248,17.401,17.089,17.292,353206
05/11/2004,17.557,17.695,17.31,17.593,121896
05/12/2004,17.448,17.854,17.034,17.709,260413
05/13/2004,17.586,17.717,17.288,17.383,171810
05/14/2004,17.35,17.655,17.168,17.423,188755
05/17/2004,17.346,17.405,17.092,17.245,208261
05/18/2004,17.35,17.684,17.277,17.677,118778
05/19/2004,17.72,17.952,17.067,17.132,255154
05/20/2004,17.237,17.383,16.983,17.223,99775
05/21/2004,17.397,17.767,17.034,17.753,151385
05/24/2004,17.789,18.028,17.499,17.782,182384
05/25/2004,17.804,18.123,17.582,18.028,240640
05/26/2004,17.97,17.97,17.586,17.789,210441
05/27/2004,17.814,18.09,17.684,18.09,222248
05/28/2004,18.061,18.09,17.851,17.938,85217
06/01/2004,17.909,18.569,17.829,18.569,147376
06/02/2004,18.522,18.841,18.377,18.602,187242
06/03/2004,18.384,18.725,18.05,18.05,158660
06/04/2004,18.141,18.852,18.141,18.308,114942
06/07/2004,18.493,18.87,18.29,18.863,98527
06/08/2004,18.794,19.062,18.489,18.859,141261
06/09/2004,18.863,19.015,18.725,18.761,429765
06/10/2004,18.765,18.809,18.576,18.678,226853
06/14/2004,18.671,18.671,18.097,18.134,467509
06/15/2004,18.199,18.663,18.105,18.547,368232
06/16/2004,18.656,18.714,18.359,18.685,348203
06/17/2004,18.569,18.823,18.315,18.729,299700
06/18/2004,18.794,19.156,18.729,18.939,436178
06/21/2004,18.881,19.135,18.867,18.954,212886
06/22/2004,18.903,19.628,18.867,19.628,454099
06/23/2004,19.628,20.2,19.505,20.18,246959
06/24/2004,20.02,20.04,19.502,19.581,363761
06/25/2004,19.198,19.419,18.713,19.048,978433
06/28/2004,18.972,19.762,18.972,19.414,409689
06/29/2004,19.335,19.871,19.335,19.581,191231
06/30/2004,19.501,19.77,19.494,19.596,186262
07/01/2004,19.505,19.796,19.019,19.099,217244
07/02/2004,19.059,19.284,18.834,18.834,203023
07/06/2004,18.827,18.834,18.341,18.471,339114
07/07/2004,18.355,18.5,17.811,17.927,716087
07/08/2004,17.93,18.141,17.851,18.105,615732
07/09/2004,18.032,18.068,17.923,17.981,281971
07/12/2004,17.923,17.967,17.429,17.836,262296
07/13/2004,17.782,18.145,17.745,17.818,332763
07/14/2004,17.923,17.96,17.415,17.415,251509
07/15/2004,17.262,17.613,17.196,17.313,331537
07/16/2004,17.415,17.707,17.342,17.481,230781
07/19/2004,17.444,17.62,17.196,17.423,342090
07/20/2004,17.558,17.725,17.521,17.653,506109
07/21/2004,17.853,17.89,17.459,17.518,296792
07/22/2004,17.364,17.583,16.817,17.05,304397
07/23/2004,16.919,17.094,16.838,16.846,259161
07/26/2004,16.93,17.127,16.833,16.842,244728
07/27/2004,16.9,17.266,16.842,17.017,221787
07/28/2004,16.758,17.196,16.722,16.868,282003
07/29/2004,17.028,17.408,16.955,17.211,276539
07/30/2004,17.361,17.485,17.236,17.419,224948
08/02/2004,17.284,17.459,17.101,17.306,322100
08/03/2004,17.405,17.405,16.878,16.878,259800
08/04/2004,16.813,17.149,16.63,16.922,137224
08/05/2004,16.882,16.955,16.649,16.765,157106
08/06/2004,16.393,16.561,15.962,15.999,288709
08/09/2004,16.024,16.024,15.652,15.791,320693
08/10/2004,15.845,16.218,15.845,16.167,162874
08/11/2004,16.097,16.331,15.732,16.324,177959
08/12/2004,16.021,16.057,15.692,15.838,149742
08/13/2004,15.911,16.057,15.787,15.911,116189
08/16/2004,15.94,16.335,15.94,16.145,122591
08/17/2004,16.247,16.335,16.043,16.116,103551
08/18/2004,16.116,16.532,16.094,16.517,99051
08/19/2004,16.455,16.47,16.272,16.375,120949
08/20/2004,16.503,16.678,16.32,16.634,115330
08/23/2004,16.722,16.802,16.568,16.685,131357
08/24/2004,16.78,16.962,16.583,16.685,120187
08/25/2004,16.659,16.923,16.455,16.842,246085
08/26/2004,16.838,16.868,16.634,16.67,118972
08/27/2004,16.667,16.959,16.594,16.886,87291
08/30/2004,16.714,16.729,16.437,16.605,82063
08/31/2004,16.546,16.802,16.459,16.795,120343
09/01/2004,16.911,17.437,16.7,16.86,283660
09/02/2004,16.798,17.105,16.689,17.068,153784
09/03/2004,17.105,17.273,16.805,17.12,77107
09/07/2004,17.123,17.488,17.072,17.488,94378
09/08/2004,17.397,17.579,16.799,16.828,102800
09/09/2004,16.729,17.064,16.729,16.816,200142
09/10/2004,16.838,17.189,16.619,17.014,141845
09/13/2004,17.039,17.405,17.032,17.39,200709
09/14/2004,17.225,17.342,16.977,17.269,114097
09/15/2004,17.021,17.131,16.875,16.97,62026
09/16/2004,16.995,17.273,16.995,17.266,64507
09/17/2004,17.331,17.39,16.966,17.287,187295
09/20/2004,17.211,17.416,17.05,17.057,106736
09/21/2004,17.145,17.466,16.992,17.466,156300
09/22/2004,17.291,17.291,16.809,16.817,146042
09/23/2004,16.963,17.138,16.758,17.087,174596
09/24/2004,17.233,17.24,16.933,17.072,190051
09/27/2004,16.904,17.021,16.685,16.904,289537
09/28/2004,16.755,17.097,16.609,17.09,122726
09/29/2004,16.955,17.496,16.897,17.467,189513
09/30/2004,17.496,17.693,17.203,17.35,177018
10/01/2004,17.314,18.342,17.314,18.342,256378
10/04/2004,18.496,18.803,18.335,18.467,198055
10/05/2004,18.905,19.489,18.306,19.212,416754
10/06/2004,19.018,19.609,18.909,19.609,345072
10/07/2004,18.985,19.219,18.803,18.985,434829
10/08/2004,18.817,19.117,18.525,18.547,180934
10/11/2004,18.664,18.92,18.554,18.795,89274
10/12/2004,18.642,18.803,18.218,18.635,162173
10/13/2004,18.438,18.788,18.27,18.365,252286
10/14/2004,18.335,18.703,18.129,18.563,223402
10/15/2004,18.537,18.838,18.295,18.691,187261
10/18/2004,18.559,18.867,18.413,18.603,97877
10/19/2004,18.673,19.151,18.673,18.769,89493
10/20/2004,18.794,18.963,18.537,18.838,211133
10/21/2004,18.82,19.481,18.636,19.401,264126
10/22/2004,19.173,19.209,18.688,18.747,285060
10/25/2004,18.725,19.077,18.468,19.018,217882
10/26/2004,19.048,19.048,18.46,19.004,208278
10/27/2004,18.875,19.632,18.765,19.632,256229
10/28/2004,19.463,19.58,19.096,19.507,266992
10/29/2004,19.503,19.797,19.275,19.488,429493
11/01/2004,19.643,19.753,19.275,19.731,210578
11/02/2004,19.771,19.918,19.411,19.61,204605
11/03/2004,19.643,20.025,19.518,19.937,145106
11/04/2004,19.448,20.19,19.243,20.08,235873
11/05/2004,20.25,20.53,20.16,20.49,171375
11/08/2004,20.33,20.58,20.16,20.56,210537
11/09/2004,20.5,20.87,20.43,20.49,128330
11/10/2004,20.43,20.73,20.33,20.4,156243
11/11/2004,20.45,21.69,20.45,21.61,294800
11/12/2004,21.61,21.68,21.21,21.66,201046
11/15/2004,21.74,21.87,21.57,21.84,108486
11/16/2004,21.5,21.91,21.5,21.8,334492
11/17/2004,21.85,22.32,21.78,22,439475
11/18/2004,22.04,22.15,21.6,21.74,423769
11/19/2004,21.74,21.74,21.26,21.26,702845
11/22/2004,21.37,21.44,21.17,21.35,268979
11/23/2004,21.38,21.57,21.16,21.49,450321
11/24/2004,21.21,21.6,21.21,21.57,131233
11/26/2004,21.48,21.67,21.48,21.59,61449
11/29/2004,21.67,21.7,21.45,21.55,489401
11/30/2004,21.53,21.68,21.46,21.61,201931
12/01/2004,21.66,22.49,21.66,22.3,284433
12/02/2004,22.28,22.48,22.2,22.33,185919
12/03/2004,22.41,22.61,22.2,22.5,195444
12/06/2004,22.53,22.58,22.22,22.49,176051
12/07/2004,22.5,22.58,22.07,22.07,234958
12/08/2004,22.09,22.69,22.04,22.65,402740
12/09/2004,22.41,22.59,22.17,22.31,269074
12/10/2004,22.27,22.39,22.13,22.27,265889
12/13/2004,22.35,22.37,22.05,22.19,251618
12/14/2004,22.19,22.68,22.1,22.63,244532
12/15/2004,22.07,22.41,21.92,22.19,720044
12/16/2004,22.41,22.7,22.34,22.54,217716
12/17/2004,22.67,22.71,22.15,22.32,203272
12/20/2004,22.11,22.48,22.09,22.26,118021
12/21/2004,22.36,22.7,22.1,22.7,130430
12/22/2004,22.5,22.76,22.46,22.75,122562
12/23/2004,22.67,22.67,22.42,22.48,65143
12/27/2004,22.64,22.68,22.23,22.57,131057
12/28/2004,22.66,23.21,22.59,23.21,174919
12/29/2004,23.11,23.18,22.93,23.17,157566
12/30/2004,23.2,23.37,23.2,23.32,91330
12/31/2004,23.47,23.72,23.25,23.33,212362
01/03/2005,22.81,23.05,22.41,22.47,458817
01/04/2005,22.47,22.87,22.03,22.03,264264
01/05/2005,22.07,22.15,21.01,21.01,403895
01/06/2005,21.26,21.29,20.01,20.11,659181
01/07/2005,20.19,22.03,20.19,21.49,774453
01/10/2005,20.52,21.68,20.52,21.16,691230
01/11/2005,20.97,21.27,20.66,21.05,374623
01/12/2005,21.12,21.34,20.88,21.19,360612
01/13/2005,21.12,21.2,20.74,20.95,500013
01/14/2005,21.09,21.23,20.93,21.09,448031
01/18/2005,20.9,21.24,20.88,21.22,510668
01/19/2005,21.1,21.26,20.69,20.8,365132
01/20/2005,20.68,20.79,20.42,20.47,225560
01/21/2005,20.59,20.72,20.15,20.23,278545
01/24/2005,20.16,20.16,19.628,19.643,287768
01/25/2005,19.617,19.986,19.499,19.668,184438
01/26/2005,19.816,20.15,19.668,20.07,234494
01/27/2005,20.02,20.13,19.809,19.89,400226
01/28/2005,19.927,20.02,19.765,19.868,236241
01/31/2005,19.956,20.32,19.905,20.27,220795
02/01/2005,20.23,20.42,20.06,20.4,348878
02/02/2005,20.24,20.56,20.07,20.55,314520
02/03/2005,20.32,20.44,19.99,20.32,352691
02/04/2005,20.37,20.66,20.29,20.58,235323
02/07/2005,20.49,20.64,20.19,20.39,261573
02/08/2005,20.25,20.43,19.916,19.938,306453
02/09/2005,20.16,20.27,19.343,19.35,361632
02/10/2005,19.576,19.635,19.118,19.377,233351
02/11/2005,19.388,19.772,18.945,19.624,215272
02/14/2005,19.683,20.31,19.661,20.25,387079
02/15/2005,20.33,20.58,20.33,20.46,443842
02/16/2005,20.45,20.86,20.14,20.74,587989
02/17/2005,20.75,20.8,20.5,20.61,451396
02/18/2005,20.58,20.84,20.5,20.68,272043
02/22/2005,20.68,20.68,18.114,18.129,2673172
02/23/2005,18.306,19.546,18.284,18.985,800490
02/24/2005,19.041,19.934,19.034,19.809,631618
02/25/2005,19.775,20.17,19.687,20.15,455994
02/28/2005,20.02,20.48,19.934,20.37,444579
03/01/2005,20.38,20.55,19.938,20.5,616696
03/02/2005,20.32,20.65,20.25,20.59,377819
03/03/2005,20.66,20.86,20.61,20.72,580084
03/04/2005,20.71,21.1,20.66,20.99,270824
03/07/2005,20.97,21.23,20.87,21.12,313618
03/08/2005,21.12,21.24,21.05,21.16,321068
03/09/2005,21.08,21.25,21.07,21.12,348155
03/10/2005,21.1,21.26,21.02,21.16,612616
03/11/2005,21.13,21.22,21.1,21.18,216381
03/14/2005,21.22,21.42,21.19,21.3,170986
03/15/2005,21.33,21.47,21.07,21.22,363861
03/16/2005,21.22,21.37,21.12,21.23,326127
03/17/2005,21.19,21.25,20.83,20.94,278305
03/18/2005,21.18,21.35,20.74,20.88,444944
03/21/2005,20.8,20.96,20.54,20.89,159234
03/22/2005,20.8,20.92,20.16,20.37,1092957
03/23/2005,20.37,20.52,20.21,20.31,202297
03/24/2005,20.37,20.47,20.11,20.13,380105
03/28/2005,20.15,20.5,20.09,20.14,200952
03/29/2005,20.09,20.42,19.753,19.894,282612
03/30/2005,19.901,20.2,19.901,20.09,293846
03/31/2005,20.06,20.14,19.782,19.886,325891
04/01/2005,20.05,20.16,19.687,19.938,451342
04/04/2005,20.14,20.9,20.13,20.51,897851
04/05/2005,19.931,20.004,19.347,19.665,715802
04/06/2005,19.617,20.25,19.617,19.993,563557
04/07/2005,19.938,20.12,19.606,19.938,365217
04/08/2005,19.934,20.1,19.676,19.735,181606
04/11/2005,19.739,19.813,19.244,19.281,220447
04/12/2005,19.303,19.665,19.015,19.561,212127
04/13/2005,19.238,19.573,19.164,19.246,240868
04/14/2005,19.138,19.376,18.626,18.692,460166
04/15/2005,18.756,18.838,18.421,18.451,714529
04/18/2005,18.384,18.444,17.656,18.28,551154
04/19/2005,18.373,18.782,18.239,18.715,602711
04/20/2005,18.752,18.797,18.195,18.344,267975
04/21/2005,18.344,18.752,18.15,18.611,231622
04/22/2005,18.433,18.433,17.95,18.173,226687
04/25/2005,18.098,18.551,18.046,18.537,284673
04/26/2005,18.399,18.607,18.02,18.072,235103
04/27/2005,18.039,18.247,17.779,17.965,180649
04/28/2005,17.842,17.842,17.538,17.582,184591
04/29/2005,17.761,17.865,17.359,17.746,229724
05/02/2005,17.757,17.831,17.571,17.712,427400
05/03/2005,17.723,17.902,17.53,17.731,211771
05/04/2005,17.731,18.117,17.731,17.961,190298
05/05/2005,17.883,18.158,17.682,17.987,145602
05/06/2005,18.165,18.284,17.928,18.165,305953
05/09/2005,18.21,18.396,17.913,18.321,174261
05/10/2005,18.232,18.373,18.113,18.195,284407
05/11/2005,18.184,18.281,17.924,18.191,196153
05/12/2005,18.158,18.195,17.824,18.009,208188
05/13/2005,17.304,17.794,17.244,17.712,1007612
05/16/2005,17.642,17.946,17.605,17.835,302638
05/17/2005,17.727,17.883,17.727,17.787,257922
05/18/2005,17.783,18.451,17.768,18.281,288806
05/19/2005,18.199,18.555,18.154,18.481,169926
05/20/2005,18.5,18.589,18.172,18.247,152740
05/23/2005,18.243,18.369,18.08,18.11,229859
05/24/2005,17.931,18.221,17.822,18.035,237174
05/25/2005,18.009,18.121,17.727,17.794,181799
05/26/2005,17.865,18.303,17.761,17.939,268574
05/27/2005,17.88,18.443,17.842,18.288,150711
05/31/2005,18.184,18.421,18.087,18.243,255842
06/01/2005,18.225,18.67,18.188,18.544,256072
06/02/2005,18.544,18.685,18.537,18.574,176602
06/03/2005,18.529,18.685,18.002,18.143,129678
06/06/2005,18.121,18.121,17.823,17.957,227279
06/07/2005,17.85,18.347,17.85,17.998,366001
06/08/2005,18.065,18.236,17.812,17.82,106457
06/09/2005,17.868,18.284,17.764,18.232,129461
06/10/2005,18.173,18.306,17.876,17.943,159582
06/13/2005,17.842,17.991,17.738,17.983,179330
06/14/2005,18.054,18.477,18.009,18.477,269625
06/15/2005,18.518,18.815,18.176,18.793,225668
06/16/2005,18.774,19.161,18.722,19.124,275928
06/17/2005,19.458,19.784,19.324,19.643,710443
06/20/2005,19.513,19.528,19.298,19.439,123932
06/21/2005,19.368,19.561,19.242,19.428,259361
06/22/2005,19.428,19.554,19.413,19.472,576925
06/23/2005,19.302,19.331,18.834,18.863,247910
06/24/2005,18.857,18.857,18.35,18.454,499657
06/27/2005,18.47,18.611,18.381,18.551,196646
06/28/2005,18.566,18.893,18.566,18.848,482062
06/29/2005,18.863,19.487,18.863,19.346,284413
06/30/2005,19.372,19.462,18.963,19.038,287660
07/01/2005,19.079,19.086,18.73,19.012,173047
07/05/2005,18.971,19.395,18.971,19.335,206855
07/06/2005,18.477,19.123,18.425,18.692,463334
07/07/2005,18.41,18.811,18.358,18.782,687673
07/08/2005,18.722,19.16,18.559,19.064,423310
07/11/2005,18.926,19.469,18.889,19.417,287727
07/12/2005,19.38,19.699,19.313,19.446,293440
07/13/2005,19.435,19.762,19.339,19.717,276485
07/14/2005,19.538,19.785,19.389,19.59,476790
07/15/2005,19.486,20.25,19.486,20.01,310910
07/18/2005,19.93,20.22,19.826,20.005,186755
07/19/2005,20.03,20.77,20.01,20.71,280304
07/20/2005,20.49,20.81,20.38,20.7,235969
07/21/2005,20.67,20.84,20.25,20.76,397976
07/22/2005,20.73,21.11,20.64,21.08,354931
07/25/2005,20.99,21.28,20.85,20.92,329948
07/26/2005,20.95,21.05,20.86,20.93,301345
07/27/2005,20.93,21.43,20.93,21.42,164857
07/28/2005,21.43,21.92,21.36,21.91,178862
07/29/2005,21.83,21.97,21.63,21.78,148514
08/01/2005,21.74,22.04,21.67,21.82,205482
08/02/2005,21.78,22.04,21.74,22.03,185553
08/03/2005,21.91,22.1,21.8,22.03,127709
08/04/2005,21.93,22,21.75,21.97,145113
08/05/2005,21.92,21.92,21.45,21.67,206032
08/08/2005,21.68,21.74,21.36,21.66,249813
08/09/2005,21.67,21.79,21.45,21.66,229729
08/10/2005,21.63,21.72,21.43,21.6,403632
08/11/2005,21.51,21.66,21.39,21.58,390164
08/12/2005,21.6,21.67,21.08,21.5,189590
08/15/2005,21.57,21.66,21.16,21.46,154079
08/16/2005,21.41,21.52,21.23,21.41,216640
08/17/2005,21.45,21.69,21.24,21.48,208213
08/18/2005,21.36,21.48,21.02,21.43,247717
08/19/2005,21.41,21.55,21.36,21.41,69375
08/22/2005,21.36,21.66,21.36,21.65,113664
08/23/2005,21.67,21.67,21.25,21.41,126993
08/24/2005,21.41,21.77,21.26,21.54,181571
08/25/2005,21.5,21.61,21.4,21.55,102715
08/26/2005,21.48,21.49,21.05,21.11,132667
08/29/2005,20.92,21.12,20.83,21.03,303938
08/30/2005,20.87,21.57,20.87,21.51,177122
08/31/2005,21.55,22.16,21.47,22.06,238475
09/01/2005,21.97,22.45,21.93,22.41,238083
09/02/2005,21.92,22.41,21.92,22.3,170830
09/06/2005,22.34,22.72,22.34,22.57,242408
09/07/2005,22.38,22.45,22.21,22.3,258647
09/08/2005,22.22,22.52,22.11,22.36,187977
09/09/2005,22.35,22.66,22.26,22.4,258254
09/12/2005,22.22,22.51,22.22,22.39,198343
09/13/2005,22.37,22.44,22.13,22.22,343319
09/14/2005,22.25,22.43,22.13,22.25,163145
09/15/2005,22.34,22.49,22.07,22.17,245808
09/16/2005,22.22,22.22,21.95,22.07,481361
09/19/2005,21.98,22.03,21.72,21.86,127504
09/20/2005,21.87,22.01,21.27,21.36,176248
09/21/2005,21.29,21.4,20.98,21.02,482784
09/22/2005,21.06,21.41,20.91,21.29,314792
09/23/2005,21.21,21.57,21.13,21.45,84554
09/26/2005,21.55,21.75,21.38,21.56,114909
09/27/2005,21.55,21.73,21.36,21.52,150406
09/28/2005,21.55,21.9,21.55,21.77,184055
09/29/2005,21.8,22.03,21.47,22.01,139666
09/30/2005,21.98,22.17,21.97,22.15,165058
10/03/2005,22.07,22.74,22.07,22.67,297653
10/04/2005,22.63,22.73,22.34,22.5,232979
10/05/2005,22.39,22.56,21.2,21.67,370883
10/06/2005,21.82,22.03,21.23,21.57,579035
10/07/2005,21.7,22.03,21.66,21.85,267671
10/10/2005,21.86,22,21.51,21.66,470288
10/11/2005,21.67,21.83,21.46,21.52,356240
10/12/2005,21.43,21.66,21.13,21.17,444847
10/13/2005,21.18,21.4,21.02,21.09,537552
10/14/2005,21.28,21.44,20.99,21.23,429514
10/17/2005,21.25,21.44,20.94,21.33,334762
10/18/2005,21.31,21.31,20.76,20.81,537520
10/19/2005,20.73,21.33,20.6,20.94,597761
10/20/2005,20.94,21.09,20.34,20.55,427370
10/21/2005,20.61,20.96,20.52,20.64,887037
10/24/2005,20.65,21.02,20.61,21.02,562288
10/25/2005,20.96,21.23,20.69,20.82,404568
10/26/2005,20.77,21.05,20.55,20.68,434901
10/27/2005,20.6,20.7,20.09,20.33,348129
10/28/2005,20.42,20.9,20.21,20.63,252369
10/31/2005,20.73,21.18,20.73,20.88,409038
11/01/2005,20.81,21.06,20.67,20.72,217209
11/02/2005,20.75,21.67,20.75,21.46,195364
11/03/2005,21.65,21.65,21.32,21.51,202696
11/04/2005,21.46,21.75,21.39,21.62,203341
11/07/2005,21.58,22.09,21.34,21.91,328755
11/08/2005,21.74,21.77,20.96,21.37,235530
11/09/2005,21.38,21.78,21.28,21.6,217747
11/10/2005,21.55,21.86,21.21,21.82,470558
11/11/2005,21.81,22.44,21.77,22.2,283796
11/14/2005,22.32,22.69,22.3,22.6,283440
11/15/2005,22.6,22.86,22.3,22.41,278476
11/16/2005,22.38,22.55,22.32,22.44,160825
11/17/2005,22.52,23.22,22.52,23.18,417961
11/18/2005,23.06,23.18,22.72,23.07,533201
11/21/2005,23.02,23.53,22.89,23.36,327909
11/22/2005,23.35,23.88,23.22,23.85,381212
11/23/2005,23.76,24,23.61,23.7,200496
11/25/2005,23.72,23.95,23.68,23.87,60395
11/28/2005,23.8,23.82,23.31,23.35,192766
11/29/2005,23.41,23.9,23.41,23.53,255605
11/30/2005,23.44,23.66,23.24,23.31,436361
12/01/2005,23.36,24.14,23.33,24.02,295856
12/02/2005,23.97,24.2,23.75,24.14,172130
12/05/2005,24.02,24.02,23.46,23.63,232342
12/06/2005,23.72,23.94,23.42,23.48,331442
12/07/2005,23.49,23.64,23.28,23.58,271826
12/08/2005,23.65,24.06,23.33,23.91,349061
12/09/2005,23.82,24.15,23.5,24.08,244408
12/12/2005,24.22,24.23,23.96,24.16,431848
12/13/2005,24.03,24.25,23.79,24.07,232960
12/14/2005,24.09,24.39,24.09,24.33,310966
12/15/2005,24.39,24.4,23.91,24,232548
12/16/2005,24.05,24.05,23.7,23.89,518670
12/19/2005,23.86,23.99,23.61,23.66,297294
12/20/2005,23.7,23.98,23.37,23.43,244521
12/21/2005,23.46,24.38,23.46,23.84,268566
12/22/2005,23.77,23.92,23.69,23.92,206537
12/23/2005,23.92,24.38,23.87,24.34,218031
12/27/2005,24.35,24.54,23.99,24.08,194630
12/28/2005,24.14,24.29,23.97,24.16,216760
12/29/2005,24.23,24.3,24.07,24.16,184375
12/30/2005,24.01,24.08,23.73,23.87,179291
01/03/2006,23.93,24.31,23.29,23.96,330262
01/04/2006,23.46,24.61,23.28,24.4,553505
01/05/2006,25.88,26.55,25.47,26.24,1069028
01/06/2006,26.05,26.65,26.05,26.45,848884
01/09/2006,26.22,27.32,26.19,27.24,576865
01/10/2006,26.76,27.69,26.7,27.41,485523
01/11/2006,26.95,27.42,26.84,27.35,591621
01/12/2006,27.26,27.33,26.98,27.1,404078
01/13/2006,27.11,27.27,27.05,27.14,338574
01/17/2006,27.06,27.37,26.79,27.16,818039
01/18/2006,26.87,27.7,26.87,27.36,462266
01/19/2006,27.21,27.63,27.14,27.43,359232
01/20/2006,27.61,27.75,27.15,27.18,392203
01/23/2006,27.35,27.72,27.28,27.72,378604
01/24/2006,27.67,28.53,27.63,28.52,820745
01/25/2006,28.52,28.7,28.38,28.5,590690
01/26/2006,28.63,28.85,28.59,28.82,708266
01/27/2006,28.9,29.41,28.82,29.27,548301
01/30/2006,28.59,29.02,28.53,28.59,526212
01/31/2006,28.53,28.71,28.29,28.53,470788
02/01/2006,28.36,28.9,28.36,28.61,506805
02/02/2006,28.61,28.78,28.21,28.45,430375
02/03/2006,28.24,28.69,28.06,28.55,427039
02/06/2006,28.78,29.4,28.75,29.22,750064
02/07/2006,29.17,29.7,28.78,28.81,580353
02/08/2006,28.97,29.3,28.8,29.23,416588
02/09/2006,29.25,30.16,29.13,29.26,689375
02/10/2006,29.12,29.39,29.03,29.29,306620
02/13/2006,29.06,29.3,29.06,29.16,376339
02/14/2006,29.15,29.97,29.09,29.78,714721
02/15/2006,29.86,30.15,29.51,29.96,529476
02/16/2006,30.01,30.28,29.97,30.28,339756
02/17/2006,30.35,30.37,30.18,30.25,368005
02/21/2006,30.21,30.49,29.71,29.92,310757
02/22/2006,29.9,30.2,29.85,30.08,382995
02/23/2006,30.05,30.2,29.64,30.03,472823
02/24/2006,29.96,30.14,29.83,30.11,207540
02/27/2006,30.12,30.42,30.07,30.12,327251
02/28/2006,30.22,30.29,29.59,29.71,287213
03/01/2006,29.97,30.68,29.93,30.54,273636
03/02/2006,30.59,30.81,30.02,30.54,333276
03/03/2006,30.35,30.99,30.32,30.43,314843
03/06/2006,29.73,30.5,29.67,30.06,295081
03/07/2006,29.98,30.08,29.31,29.88,387407
03/08/2006,29.77,29.8,28.58,29.36,451893
03/09/2006,29.22,29.8,29.04,29.28,304719
03/10/2006,29.22,29.77,29.16,29.63,266253
03/13/2006,29.61,30.16,29.51,29.56,351308
03/14/2006,29.47,30.22,29.47,30.17,512210
03/15/2006,30.16,30.83,29.91,30.77,295474
03/16/2006,30.71,31.08,30.48,30.58,290028
03/17/2006,30.41,30.78,30.05,30.78,733184
03/20/2006,30.85,31.19,30.54,30.93,307378
03/21/2006,30.84,31.14,30.16,30.55,279495
03/22/2006,30.46,30.58,30.2,30.54,275893
03/23/2006,30.37,30.69,30.16,30.58,181057
03/24/2006,30.33,30.9,30.17,30.71,347257
03/27/2006,29.51,30.1,29.24,29.94,383152
03/28/2006,29.99,30.18,29.56,29.65,417274
03/29/2006,29.8,30.11,29.59,30.06,537572
03/30/2006,30.11,30.37,29.57,29.83,251597
03/31/2006,29.94,30.42,29.86,30.16,478418
04/03/2006,30.32,31.1,30.17,30.75,424851
04/04/2006,30.72,31.08,30.5,30.73,330409
04/05/2006,30.75,31.89,29.17,31.77,677165
04/06/2006,31.67,31.67,31.09,31.29,662241
04/07/2006,31.59,31.83,30.84,31.06,437174
04/10/2006,30.85,30.85,30.3,30.49,580432
04/11/2006,30.48,30.8,29.98,30.01,434073
04/12/2006,30.02,30.48,29.79,30.33,403707
04/13/2006,30.16,30.34,29.82,30.04,395814
04/17/2006,29.99,30.36,29.9,30.31,296524
04/18/2006,30.37,31.46,30.37,31.37,431854
04/19/2006,31.34,31.49,30.98,31.07,576961
04/20/2006,31.07,32.18,30.98,32.15,936194
04/21/2006,32.42,32.42,31.33,31.36,578970
04/24/2006,31.3,31.66,31.23,31.45,286782
04/25/2006,31.47,31.59,31.08,31.22,399215
04/26/2006,31.26,31.77,31.22,31.46,355785
04/27/2006,31.23,31.63,30.54,31.11,271973
04/28/2006,30.67,31.71,30.33,31.28,312776
05/01/2006,31.35,31.99,31.35,31.65,327829
05/02/2006,31.71,32.11,31.24,32.08,255235
05/03/2006,32.08,32.4,31.85,32.27,307979
05/04/2006,32.23,32.84,32.14,32.77,311703
05/05/2006,32.76,33.15,32.62,33.01,321637
05/08/2006,32.84,33.56,32.79,33.42,537800
05/09/2006,33.19,33.41,32.99,33.13,266459
05/10/2006,33.1,33.61,33,33.47,598994
05/11/2006,33.37,33.5,32.62,32.72,540670
05/12/2006,32.59,32.59,31.99,31.99,336749
05/15/2006,31.86,32.07,31.22,31.61,282313
05/16/2006,31.58,31.91,31.4,31.56,207521
05/17/2006,31.18,31.35,30.35,30.36,419943
05/18/2006,30.45,30.77,30.03,30.12,295066
05/19/2006,30.02,30.46,29.48,30.13,294803
05/22/2006,29.81,30.69,29.41,30.31,496511
05/23/2006,30.49,30.85,29.56,29.72,377574
05/24/2006,29.73,30.33,29.07,29.89,428128
05/25/2006,30.09,30.43,29.98,30.21,362437
05/26/2006,30.31,30.82,30.18,30.68,282705
05/30/2006,30.3,30.43,29.84,29.85,313649
05/31/2006,30.02,30.62,29.96,30.21,463151
06/01/2006,30.27,31.02,30.2,30.97,333583
06/02/2006,31.04,31.49,30.88,31.19,248479
06/05/2006,31.04,31.16,29.71,29.71,329682
06/06/2006,29.86,30.04,29.36,29.96,443586
06/07/2006,29.95,30.27,29.43,29.43,489893
06/08/2006,29.14,29.44,27.25,28.75,669060
06/09/2006,28.87,29.11,28.27,28.44,392082
06/12/2006,28.47,28.52,27.43,27.49,353990
06/13/2006,27.43,28,26.77,26.85,506750
06/14/2006,26.71,27.34,26.7,27.23,392716
06/15/2006,27.45,28.31,27.32,28.17,333327
06/16/2006,28.11,28.24,27.6,27.88,557151
06/19/2006,27.99,28.07,27.37,27.51,406022
06/20/2006,27.52,27.8,27.25,27.29,344357
06/21/2006,27.23,27.83,27.14,27.27,760118
06/22/2006,27.22,27.51,27.18,27.48,840308
06/23/2006,27.36,28.29,27.13,28,382050
06/26/2006,28.14,28.64,28.14,28.52,216110
06/27/2006,28.47,29,27.86,27.99,353294
06/28/2006,28,28.36,27.76,28.23,340216
06/29/2006,28.39,29.82,28.35,29.71,532892
06/30/2006,29.76,30.04,29.31,29.46,1585810
07/03/2006,29.55,29.82,29.4,29.82,269433
07/05/2006,29.67,30.28,29.22,29.9,592677
07/06/2006,31.42,32.9,31.42,32.53,1827818
07/07/2006,32.58,33.26,32.34,32.49,808298
07/10/2006,32.31,33.04,32.25,32.61,696109
07/11/2006,32.49,33.3,32.37,33.27,549737
07/12/2006,33.22,33.25,31.6,31.65,815819
07/13/2006,31.66,32.1,31.3,31.42,1013588
07/14/2006,31.33,31.41,30.41,30.76,629861
07/17/2006,30.85,31.07,30.43,30.79,673367
07/18/2006,30.92,31.27,30.66,31.2,491373
07/19/2006,31.25,32.43,31.25,32.27,435097
07/20/2006,32.48,32.53,30.93,31.01,541398
07/21/2006,30.89,31.02,30.39,30.88,681463
07/24/2006,31.05,32.1,31.05,31.97,439962
07/25/2006,31.96,32.47,31.69,32.3,580840
07/26/2006,32.31,32.79,31.63,32.48,509139
07/27/2006,32.66,33.04,31.66,31.97,504821
07/28/2006,32.37,33.07,32.37,32.81,538382
07/31/2006,32.78,33.41,32.68,33.2,582767
08/01/2006,33.07,33.67,32.69,33.36,700021
08/02/2006,33.58,33.7,33.01,33.2,644798
08/03/2006,32.95,33.9,32.92,33.77,655094
08/04/2006,34.04,34.35,33.31,33.75,524128
08/07/2006,33.64,34.19,33.48,33.7,436885
08/08/2006,33.91,34.01,33.11,33.24,439757
08/09/2006,33.45,33.67,32.54,32.62,445022
08/10/2006,32.28,32.85,32.18,32.66,401396
08/11/2006,32.3,32.46,32.16,32.33,202173
08/14/2006,32.18,32.69,32.12,32.3,454268
08/15/2006,32.71,33.12,32.61,33.09,301917
08/16/2006,33.12,33.96,32.97,33.79,532949
08/17/2006,33.64,34.1,33.42,33.7,317850
08/18/2006,33.87,33.97,33.18,33.81,395985
08/21/2006,33.78,33.78,32.99,33.11,271893
08/22/2006,32.99,33.62,32.77,33.56,408103
08/23/2006,33.49,33.64,32.39,32.52,226944
08/24/2006,32.63,32.9,32.14,32.34,286153
08/25/2006,32.27,32.38,31.79,31.94,451153
08/28/2006,31.81,32.31,31.81,32.08,372283
08/29/2006,32.54,32.63,31.77,32.03,705987
08/30/2006,32.21,32.77,31.93,32.62,459920
08/31/2006,32.69,32.93,32.46,32.47,256852
09/01/2006,32.56,33.03,32.52,32.86,334570
09/05/2006,33.03,34.13,32.94,33.88,555223
09/06/2006,33.59,33.63,32.78,32.79,343577
09/07/2006,32.58,33.4,32.13,32.72,374995
09/08/2006,32.73,33.41,32.73,33.21,414367
09/11/2006,33.03,33.44,32.72,33.09,302089
09/12/2006,33.12,34.26,32.99,34.02,477605
09/13/2006,34.11,34.58,33.89,34.33,333085
09/14/2006,34.29,34.46,33.84,34.3,359457
09/15/2006,34.55,34.74,33.92,33.99,541776
09/18/2006,33.82,34.33,33.55,34.1,254684
09/19/2006,34,34.08,33.17,33.92,263278
09/20/2006,34.03,34.76,33.95,34.45,158198
09/21/2006,34.48,34.67,33.8,34,222295
09/22/2006,33.83,33.98,33.27,33.73,297725
09/25/2006,33.76,34.62,33.67,34.31,320309
09/26/2006,34.22,35.04,34.09,34.98,341135
09/27/2006,34.73,35,34.49,34.79,362828
09/28/2006,34.88,35.08,34.15,34.73,249372
09/29/2006,34.86,35.07,34.42,34.47,388934
10/02/2006,34.42,35.09,34.27,34.68,387114
10/03/2006,34.56,35.31,34.18,34.94,356173
10/04/2006,35.31,35.96,35.14,35.74,418900
10/05/2006,36.9,36.91,35.54,35.62,1676210
10/06/2006,35.68,36.07,35.57,35.69,1026788
10/09/2006,35.99,36.79,35.86,36.37,764061
10/10/2006,36.44,36.61,36.23,36.48,727225
10/11/2006,36.59,36.75,35.98,36.44,568835
10/12/2006,36.76,37.18,36.67,37,703092
10/13/2006,36.57,37.15,36.57,37.14,714218
10/16/2006,37.35,38.4,37.35,38.1,870655
10/17/2006,38.31,38.63,37.95,38.51,776031
10/18/2006,38.47,38.87,38.21,38.39,491502
10/19/2006,38.62,38.8,38.31,38.65,494913
10/20/2006,38.77,38.77,37.65,37.75,481456
10/23/2006,37.56,37.97,37.41,37.65,519845
10/24/2006,37.6,38.41,37.49,38.32,336935
10/25/2006,38.19,38.54,37.65,37.97,397104
10/26/2006,38.21,38.85,37.73,38.82,357467
10/27/2006,38.43,38.77,37.52,37.74,364321
10/30/2006,37.65,38.18,37.53,38.16,373575
10/31/2006,38.09,38.27,37.33,37.73,388419
11/01/2006,37.92,38.57,37.39,37.42,399432
11/02/2006,37.21,37.32,36.89,37.25,370745
11/03/2006,37.55,37.88,36.8,37.07,248452
11/06/2006,37.25,37.84,37.2,37.65,323602
11/07/2006,37.72,38.74,37.44,38.34,468258
11/08/2006,38.08,38.85,38.05,38.81,222658
11/09/2006,38.83,38.83,37.75,38.03,192132
11/10/2006,37.94,38.64,37.84,38.47,261759
11/13/2006,38.48,39.49,38.4,39.35,331847
11/14/2006,39.33,40.5,39.28,40.44,513631
11/15/2006,40.38,40.76,40.28,40.53,363859
11/16/2006,40.61,41.04,40.48,40.78,291350
11/17/2006,40.81,40.89,40.42,40.69,444279
11/20/2006,40.53,40.69,40.32,40.57,303211
11/21/2006,40.68,41.27,40.51,41.18,384618
11/22/2006,41.16,41.34,40.77,40.96,106369
11/24/2006,40.7,41.52,40.58,41.37,98011
11/27/2006,41.18,41.18,40.06,40.22,387835
11/28/2006,39.1,39.52,38.34,39.44,812408
11/29/2006,39.71,40.35,39.52,40,369797
11/30/2006,40.1,40.49,39.81,40.09,269589
12/01/2006,40.02,40.3,39.57,39.95,344682
12/04/2006,40.1,41.11,40.07,40.8,412811
12/05/2006,41.13,41.13,40.22,40.41,395537
12/06/2006,40.29,40.82,40.11,40.46,273160
12/07/2006,40.74,40.87,40.04,40.37,248254
12/08/2006,40.31,40.73,40.01,40.37,246941
12/11/2006,39.64,40.19,38.92,39.47,954612
12/12/2006,39.49,39.5,38.74,38.88,736130
12/13/2006,38.97,39.22,38.11,38.42,514315
12/14/2006,38.57,38.94,38.44,38.54,483019
12/15/2006,38.42,38.62,38.05,38.08,651388
12/18/2006,37.85,38.2,37.64,37.74,576694
12/19/2006,37.61,38.19,37.09,38.05,594799
12/20/2006,38.57,39.68,38.51,39,506624
12/21/2006,39.07,39.39,38.55,38.72,281079
12/22/2006,38.86,39.19,38.61,38.88,433470
12/26/2006,38.9,39.16,38.74,39.07,223995
12/27/2006,39.1,39.88,39.03,39.72,289945
12/28/2006,39.68,40.11,39.41,39.68,235628
12/29/2006,39.69,39.87,39.66,39.71,352130
01/03/2007,39.73,40.55,39.22,39.58,606712
01/04/2007,40.5,40.51,37.73,39.72,1009524
01/05/2007,39.41,39.5,38.81,38.92,449097
01/08/2007,38.96,40.1,38.62,39.62,1065563
01/09/2007,39.6,40.05,39.34,39.97,442272
01/10/2007,39.66,40.87,39.66,40.79,606996
01/11/2007,40.78,42.27,40.78,42.01,879952
01/12/2007,41.81,42.41,41.59,42.35,396669
01/16/2007,42.41,43.1,42.22,42.34,696361
01/17/2007,42.37,42.95,42.09,42.54,254111
01/18/2007,42.48,43.01,42.29,42.93,607292
01/19/2007,43.28,43.69,43.12,43.66,350834
01/22/2007,43.6,43.73,43.25,43.67,743275
01/23/2007,43.47,44.17,43.33,43.78,801974
01/24/2007,43.93,44.03,43.59,43.95,248194
01/25/2007,44.11,44.32,43.55,43.77,453909
01/26/2007,43.75,43.94,43.33,43.69,355585
01/29/2007,43.54,44.22,43.39,44.22,368716
01/30/2007,44.27,44.27,43.72,43.96,362923
01/31/2007,43.98,44.79,43.69,44.3,411323
02/01/2007,44.21,45.12,44.21,45.11,385332
02/02/2007,45.28,45.94,45,45.64,656037
02/05/2007,45.55,45.61,44.98,45.03,287022
02/06/2007,45.28,45.45,44.7,45.16,256297
02/07/2007,45.19,45.58,44.8,45.42,519784
02/08/2007,45.43,45.78,45.31,45.47,232969
02/09/2007,45.51,45.51,44.27,44.65,309369
02/12/2007,44.29,44.62,44.16,44.47,209474
02/13/2007,44.58,45.08,44.51,44.87,212705
02/14/2007,44.9,45.75,44.83,45.31,297944
02/15/2007,45.18,45.42,44.92,45.15,284798
02/16/2007,45.14,45.41,44.38,45.31,286883
02/20/2007,45.3,45.3,43.92,44.98,588234
02/21/2007,44.9,45.45,44.83,45.29,213039
02/22/2007,45.27,45.33,44.3,45,270111
02/23/2007,45.02,45.19,44.48,45.15,204967
02/26/2007,45.31,45.78,44.98,45.53,482716
02/27/2007,45.7,45.7,43.64,43.65,589135
02/28/2007,43.5,43.71,41.61,42.44,522614
03/01/2007,41.36,42.46,40.71,42.05,471443
03/02/2007,41.84,42.02,40.49,41.1,355941
03/05/2007,40.52,41.25,39.93,39.93,412699
03/06/2007,39.82,41.13,39.73,40.67,555578
03/07/2007,40.65,41.26,40.41,40.86,444646
03/08/2007,41.1,41.46,40.76,41.12,311913
03/09/2007,41.42,41.68,40.94,41.29,155102
03/12/2007,41.18,41.42,40.92,41.38,146236
03/13/2007,41.13,41.13,39.86,40.2,380670
03/14/2007,40.1,40.37,39.42,40.13,332742
03/15/2007,40.13,40.7,40.13,40.52,252705
03/16/2007,40.56,40.57,39.59,39.9,584531
03/19/2007,40.11,40.82,40.11,40.64,255865
03/20/2007,40.71,41.24,40.49,41.09,249707
03/21/2007,41.29,42.17,40.87,42.08,503244
03/22/2007,42.27,42.35,41.85,42.14,325826
03/23/2007,42.14,42.55,42.07,42.2,235013
03/26/2007,42.14,42.55,41.58,41.98,312335
03/27/2007,41.92,42,41.32,41.72,179663
03/28/2007,41.59,41.76,40.97,41.33,662037
03/29/2007,41.56,41.84,40.87,41.47,264800
03/30/2007,41.58,42.01,41.09,41.62,314871
04/02/2007,41.73,42.21,41.65,41.91,371991
04/03/2007,41.84,42.63,41.77,42.04,364202
04/04/2007,43.93,46.81,43.72,46.21,1589819
04/05/2007,45.24,46,45.24,45.73,519904
04/09/2007,45.72,46.37,45.59,46.16,330903
04/10/2007,46.02,46.35,45.87,46.13,317781
04/11/2007,46.34,46.87,46.07,46.46,678115
04/12/2007,46.75,47.31,46.25,47.01,526828
04/13/2007,46.9,47.1,46.46,46.78,563559
04/16/2007,46.97,47.46,46.58,46.93,529200
04/17/2007,46.92,47.07,46.78,46.88,674008
04/18/2007,47.06,47.48,46.9,47.09,461149
04/19/2007,46.65,47.28,46.52,46.85,378741
04/20/2007,47.57,47.61,47.1,47.44,477558
04/23/2007,47.47,47.49,47.2,47.24,265581
04/24/2007,47.41,47.41,46.37,46.63,324982
04/25/2007,46.91,46.96,46.34,46.65,333051
04/26/2007,46.52,46.8,46.08,46.5,319551
04/27/2007,46.46,46.51,45.64,46.02,500967
04/30/2007,46.19,46.19,45.01,45.28,476381
05/01/2007,45.36,45.43,44.67,45.01,389761
05/02/2007,45.11,46.13,45.11,45.58,361618
05/03/2007,45.6,46.37,45.6,46.16,435345
05/04/2007,46.22,46.45,45.45,45.84,450284
05/07/2007,45.59,45.87,44.97,45.11,473310
05/08/2007,44.61,45.11,44.29,45.01,333325
05/09/2007,44.91,45.62,44.81,45.37,326147
05/10/2007,45.18,45.2,44.28,44.45,417787
05/11/2007,44.63,45.5,44.59,45.37,344047
05/14/2007,45.26,45.42,44.68,44.9,465089
05/15/2007,44.87,44.96,44.11,44.16,500301
05/16/2007,44.13,44.48,43.86,44.38,398557
05/17/2007,44.33,44.67,44.08,44.4,733027
05/18/2007,44.43,44.59,43.96,44.39,300434
05/21/2007,44.45,44.82,44.18,44.72,321895
05/22/2007,44.83,45.35,44.82,45.16,422725
05/23/2007,45.2,46.03,45.02,45.62,699764
05/24/2007,45.61,46.1,44.62,44.94,536462
05/25/2007,45.04,45.37,44.92,45.24,272623
05/29/2007,45.9,46.5,45.34,46.29,517232
05/30/2007,45.91,46.5,45.85,46.4,345245
05/31/2007,46.28,46.92,46.26,46.45,400067
06/01/2007,46.63,47.44,46.63,47.23,636738
06/04/2007,47.08,47.85,47.06,47.78,392272
06/05/2007,47.46,47.52,46.72,47.35,448033
06/06/2007,47.15,47.61,46.7,47.19,537488
06/07/2007,46.99,47.25,45.64,45.73,359936
06/08/2007,45.5,46.42,45.2,46.26,187628
06/11/2007,46.21,46.35,45.46,45.84,196961
06/12/2007,45.72,46.04,45.31,45.62,566976
06/13/2007,45.65,46.89,45.48,46.77,468260
06/14/2007,46.73,47.43,46.71,47.23,430593
06/15/2007,49,49.23,47.43,47.55,632511
06/18/2007,47.46,47.48,46.6,47.29,487801
06/19/2007,47.07,47.57,46.79,47.45,390049
06/20/2007,47.54,47.79,46.71,46.75,343587
06/21/2007,46.52,47.14,45.96,46.98,344945
06/22/2007,47.06,47.61,46.59,47.11,695279
06/25/2007,47.14,47.55,46.44,46.71,443238
06/26/2007,46.88,46.94,46.3,46.42,415660
06/27/2007,45.93,46.42,45.56,46.42,327689
06/28/2007,46.53,47.44,46.5,46.76,197691
06/29/2007,46.99,47.32,46.07,46.17,385553
