10/06/2000,2.1643,2.2041,1.9983,2.0448,9127875
10/09/2000,2.0037,2.0037,1.8942,1.9006,3344822
10/10/2000,1.8685,1.9723,1.8685,1.9268,2713788
10/11/2000,1.9203,1.9203,1.8482,1.8613,4422004
10/12/2000,1.8351,1.8351,1.6778,1.7695,5426172
10/13/2000,1.7433,1.8089,1.7302,1.8089,1901554
10/16/2000,1.8089,1.8351,1.7958,1.8154,1474319
10/17/2000,1.8089,1.9531,1.8089,1.9268,729535
10/18/2000,1.9137,1.9268,1.822,1.8285,1435219
10/19/2000,1.8416,1.8482,1.7827,1.7892,1453341
10/20/2000,1.8023,1.8023,1.7695,1.7827,1269288
10/23/2000,1.7827,1.7827,1.7564,1.7564,1761365
10/24/2000,1.7827,1.8351,1.7761,1.8351,636074
10/25/2000,1.8351,1.9662,1.822,1.9137,1980696
10/26/2000,1.9072,1.9072,1.8546,1.894,377284
10/27/2000,1.9203,2.0579,1.9072,2.0448,443445
10/30/2000,2.049,2.2811,2.0423,2.2545,862430
10/31/2000,2.3849,2.5704,2.3849,2.4512,4066180
11/01/2000,2.4447,2.4777,2.3654,2.4315,3431811
11/02/2000,2.4193,2.5036,2.3998,2.5036,1085032
11/03/2000,2.5147,2.6611,2.4482,2.6478,3009112
11/06/2000,2.6511,2.6511,2.5199,2.5199,645735
11/07/2000,2.5167,2.5167,2.4249,2.4905,1023258
11/08/2000,2.3332,2.5167,2.2676,2.5167,3427363
11/09/2000,2.5134,2.5396,2.448,2.5134,1610884
11/10/2000,2.5036,2.6216,2.5036,2.5953,437717
11/13/2000,2.576,2.576,2.3132,2.3132,839799
11/14/2000,2.3326,2.3989,2.2531,2.3856,1149705
11/15/2000,2.3987,2.438,2.3528,2.4118,875436
11/16/2000,2.3987,2.4118,2.3987,2.4053,72479
11/17/2000,2.4249,2.4512,2.3922,2.4512,315656
11/20/2000,2.438,2.438,2.307,2.3856,305165
11/21/2000,2.3791,2.3856,2.366,2.3725,629400
11/22/2000,2.4185,2.4185,2.3919,2.4118,437414
11/24/2000,2.4118,2.4118,2.4053,2.4118,288951
11/27/2000,2.438,2.497,2.4118,2.4905,937422
11/28/2000,2.4193,2.4835,2.4193,2.4643,1528091
11/29/2000,2.4588,2.4588,2.3266,2.3332,139007
11/30/2000,2.3333,2.34,2.3068,2.3201,808977
12/01/2000,2.2939,2.307,2.2545,2.307,495892
12/04/2000,2.3035,2.4219,2.3035,2.4153,1213669
12/05/2000,2.398,2.398,2.3332,2.3332,1320191
12/06/2000,2.3201,2.4315,2.3201,2.4184,445351
12/07/2000,2.4194,2.5426,2.4194,2.5167,529000
12/08/2000,2.5429,2.7002,2.5232,2.6609,505429
12/11/2000,2.6609,2.7264,2.6478,2.7068,305165
12/12/2000,2.6543,2.7002,2.6084,2.615,517825
12/13/2000,2.6019,2.6019,2.5167,2.5167,382408
12/14/2000,2.5097,2.5097,2.1045,2.2156,1748084
12/15/2000,2.2152,2.2152,2.2021,2.2087,36239
12/18/2000,2.2283,2.2349,2.1103,2.1628,436779
12/19/2000,2.1562,2.1759,2.1366,2.1759,377641
12/20/2000,2.1693,2.1693,2.1104,2.1235,999412
12/21/2000,2.1366,2.2021,2.1235,2.2021,672312
12/22/2000,2.1958,2.3526,2.1958,2.3526,277350
12/26/2000,2.3528,2.5167,2.3528,2.4643,324235
12/27/2000,2.5167,2.6216,2.5167,2.6216,484448
12/28/2000,2.6216,3.0017,2.6216,2.9624,1429495
12/29/2000,2.9624,3.0803,2.9624,3.0148,703779
01/02/2001,3.0017,3.041,2.7264,2.7395,1433314
01/03/2001,2.7264,2.7526,2.7002,2.733,580763
01/04/2001,2.7264,2.7264,2.615,2.6216,1230191
01/05/2001,2.6051,2.6182,2.5528,2.5593,327518
01/08/2001,2.5429,2.5429,2.307,2.3528,552153
01/09/2001,2.4118,2.4774,2.3922,2.438,823938
01/10/2001,2.6511,2.7692,2.6117,2.6314,2324927
01/11/2001,2.6541,2.8775,2.6541,2.8512,892375
01/12/2001,2.792,2.8569,2.779,2.792,656490
01/16/2001,2.7657,3.0148,2.7657,2.982,294673
01/17/2001,2.9853,3.2018,2.9656,3.0378,1467952
01/18/2001,3.041,3.1655,3.041,3.1459,509240
01/19/2001,3.1917,3.1917,3.1394,3.1917,499783
01/22/2001,3.1917,3.3163,3.1917,3.2507,2968666
01/23/2001,3.3556,3.408,3.2376,3.2507,2779847
01/24/2001,3.2475,3.2475,3.1228,3.2212,4925291
01/25/2001,3.218,3.2245,3.159,3.1721,5669357
01/26/2001,3.1721,3.1983,3.1721,3.1983,3450249
01/29/2001,3.2109,3.3011,3.1993,3.2486,1106212
01/30/2001,3.2486,3.3136,3.2455,3.2874,1633586
01/31/2001,3.3116,3.5631,3.3116,3.5411,4536339
02/01/2001,3.5561,3.8191,3.5456,3.7245,2624241
02/02/2001,3.8249,4.0351,3.7671,3.7671,4390003
02/05/2001,3.7645,3.775,3.6513,3.689,3161303
02/06/2001,3.6702,3.6911,3.5653,3.5779,4315192
02/07/2001,3.5653,3.796,3.5653,3.5915,2113251
02/08/2001,3.5905,3.602,3.5129,3.5443,3264292
02/09/2001,3.5554,3.5763,3.5165,3.5386,1020224
02/12/2001,3.5391,3.5391,3.4133,3.4395,495898
02/13/2001,3.4442,3.5354,3.439,3.44,739183
02/14/2001,3.4431,3.5627,3.4431,3.5575,1833417
02/15/2001,3.6675,3.7304,3.5889,3.5942,824532
02/16/2001,3.5816,3.5962,3.5595,3.5711,140208
02/20/2001,3.6052,3.6177,3.5391,3.5496,721903
02/21/2001,3.7557,3.7557,3.614,3.6256,1303060
02/22/2001,3.4604,3.5653,3.4604,3.5653,731443
02/23/2001,3.5391,3.5401,3.4604,3.4604,1353209
02/26/2001,3.4631,3.4914,3.4358,3.4536,2932043
02/27/2001,3.4342,3.4437,3.4017,3.4028,1036601
02/28/2001,3.4133,3.4133,3.1605,3.1605,724766
03/01/2001,3.1415,3.1426,2.9311,2.9939,1651650
03/02/2001,2.9765,2.9765,2.8874,2.9293,600152
03/05/2001,2.9278,2.9466,2.9278,2.9393,542622
03/06/2001,2.8544,2.8544,2.7547,2.7662,6470337
03/07/2001,2.7684,2.8051,2.7684,2.7988,2499468
03/08/2001,2.7946,2.9571,2.7946,2.9466,3364421
03/09/2001,2.9886,2.9886,2.9571,2.9582,2320192
03/12/2001,2.9524,2.9839,2.9419,2.9524,1984155
03/13/2001,2.9692,2.9702,2.8845,2.9152,1506827
03/14/2001,2.8313,2.889,2.8313,2.8627,1467647
03/15/2001,2.8512,2.8774,2.778,2.8585,6660511
03/16/2001,2.8418,2.8711,2.8418,2.8596,781975
03/19/2001,2.8575,2.9298,2.8575,2.9298,2716899
03/20/2001,2.9298,2.9571,2.9298,2.9372,4798691
03/21/2001,2.8575,2.8921,2.8575,2.8837,1019431
03/22/2001,2.8848,2.8848,2.7516,2.8124,2485167
03/23/2001,2.8135,2.8732,2.8135,2.8732,1510556
03/26/2001,2.8732,2.8732,2.8208,2.8313,2399341
03/27/2001,2.8334,2.8334,2.803,2.8313,3895597
03/28/2001,2.9319,2.9319,2.8827,2.8984,5541658
03/29/2001,2.902,2.9713,2.8978,2.9587,6780404
03/30/2001,2.9629,3.0678,2.9377,3.031,3992156
04/02/2001,3.02,3.02,2.9267,2.9361,4471593
04/03/2001,2.9388,2.9388,2.8548,2.8863,5713796
04/04/2001,2.919,3.1018,2.919,2.9994,29915785
04/05/2001,2.9466,3.0148,2.8365,3.0148,33857790
04/06/2001,3.0217,3.0217,2.9166,2.9334,11739606
04/09/2001,2.9603,2.9918,2.9393,2.9592,4084832
04/10/2001,2.9592,3.0043,2.9152,2.9361,3724901
04/11/2001,2.8633,2.8643,2.6268,2.6268,4172747
04/12/2001,2.6273,2.6871,2.5854,2.6682,6569222
04/16/2001,2.6792,2.7254,2.6216,2.674,1878662
04/17/2001,2.6162,2.6172,2.4508,2.5011,14911956
04/18/2001,2.4917,2.7063,2.4917,2.6518,12217818
04/19/2001,2.6955,2.7144,2.4648,2.491,10782431
04/20/2001,2.4957,2.4957,2.4222,2.4695,6807889
04/23/2001,2.4952,2.5758,2.4722,2.5203,14088568
04/24/2001,2.7379,2.8998,2.7379,2.7852,20850293
04/25/2001,2.7894,3.1436,2.7894,3.0975,20431826
04/26/2001,3.0934,3.1574,2.9991,3.041,5001825
04/27/2001,3.041,3.1878,3.02,3.1773,2445124
04/30/2001,3.1773,3.4028,3.1773,3.4017,6697368
05/01/2001,3.4291,3.6124,3.4239,3.6019,8372000
05/02/2001,3.5732,3.6928,3.5207,3.6414,9342636
05/03/2001,3.6267,3.6267,3.3079,3.3466,5966551
05/04/2001,3.2528,3.3766,3.2108,3.3451,5340793
05/07/2001,3.3257,3.3541,3.2858,3.3047,6969073
05/08/2001,3.2646,3.3519,3.2459,3.2927,4464853
05/09/2001,3.3073,3.3546,3.3073,3.3304,8331825
05/10/2001,3.3247,3.4285,3.3247,3.3624,3030151
05/11/2001,3.3771,3.396,3.3089,3.3666,3586989
05/14/2001,3.3557,3.5632,3.3557,3.5621,3785341
05/15/2001,3.5611,3.7016,3.5538,3.6723,5527269
05/16/2001,3.6502,3.8453,3.6502,3.8264,8479212
05/17/2001,3.8442,3.8442,3.7134,3.795,5143236
05/18/2001,3.7745,3.7745,3.6445,3.6707,1564203
05/21/2001,3.6964,3.8778,3.6911,3.838,2448934
05/22/2001,3.8458,3.9088,3.7629,3.8595,4176949
05/23/2001,3.8647,3.8668,3.786,3.7986,5878947
05/24/2001,3.8065,3.8275,3.7918,3.8222,1407570
05/25/2001,3.8222,3.8799,3.8222,3.8537,3327221
05/29/2001,3.8521,3.8521,3.7525,3.7787,5103077
05/30/2001,3.774,3.8107,3.7478,3.7782,2117664
05/31/2001,3.7798,3.7966,3.6644,3.6728,5352804
06/01/2001,3.6754,3.775,3.6754,3.7226,5212568
06/04/2001,3.7226,3.7729,3.6702,3.7016,2120896
06/05/2001,3.7242,3.8165,3.7095,3.763,3233352
06/06/2001,3.7656,3.7855,3.6492,3.6723,2261078
06/07/2001,3.6471,3.6922,3.603,3.6859,3445432
06/08/2001,3.7389,3.7745,3.7389,3.764,4320575
06/11/2001,3.7651,3.8385,3.7378,3.7493,3190442
06/12/2001,3.7782,3.7782,3.6764,3.7698,4459290
06/13/2001,3.8201,3.967,3.8096,3.882,7359859
06/14/2001,3.8899,3.8951,3.7064,3.7431,1978123
06/15/2001,3.7378,3.743,3.4757,3.6665,3653907
06/18/2001,3.7016,3.7226,3.6251,3.6712,2571953
06/19/2001,3.6911,3.8013,3.6807,3.6964,1273108
06/20/2001,3.7148,3.7673,3.6275,3.6885,2304783
06/21/2001,3.6916,3.9036,3.6916,3.9036,3004736
06/22/2001,3.9183,3.9204,3.7879,3.8247,1604261
06/25/2001,3.828,3.8469,3.7818,3.8175,1862243
06/26/2001,3.8023,4.1263,3.7876,3.9816,3980475
06/27/2001,4.0078,4.077,4.0005,4.0361,5458611
06/28/2001,4.0923,4.1752,4.0031,4.0241,4549686
06/29/2001,4.0529,4.1054,3.9114,3.99,8457789
07/02/2001,4.0084,4.0189,3.9454,3.9454,3932091
07/03/2001,3.9267,4.0753,3.9214,4.0481,1489812
07/05/2001,3.9627,3.9921,3.7405,3.7426,2946584
07/06/2001,3.7231,3.7357,3.3299,3.6728,8592511
07/09/2001,3.679,3.8501,3.679,3.8428,6769913
07/10/2001,3.8562,3.976,3.8562,3.9644,6697419
07/11/2001,4.0139,4.2469,3.9451,4.2469,6368712
07/12/2001,4.3366,4.3502,4.282,4.3481,9983727
07/13/2001,4.3378,4.3378,4.1328,4.1822,2250868
07/16/2001,4.1625,4.3376,4.1625,4.2967,3604262
07/17/2001,4.3041,4.4769,4.278,4.4309,4481318
07/18/2001,4.4016,4.4048,4.3072,4.3229,5338082
07/19/2001,4.3308,4.3968,4.2637,4.2952,3694162
07/20/2001,4.2836,4.2994,4.1576,4.2521,1061980
07/23/2001,4.224,4.2635,4.0794,4.1116,2014611
07/24/2001,4.1158,4.2301,3.8799,3.9837,3482629
07/25/2001,3.9364,4.1967,3.8577,4.1642,2450218
07/26/2001,4.1735,4.3518,4.1578,4.3098,8220323
07/27/2001,4.2667,4.2667,4.0686,4.0686,3472951
07/30/2001,4.1038,4.1458,4.025,4.1017,4352451
07/31/2001,4.0954,4.0964,3.9119,3.9601,12178240
08/01/2001,3.965,4.0733,3.7842,3.8074,7656197
08/02/2001,3.8091,3.9591,3.8007,3.956,3839602
08/03/2001,3.9597,4.0962,3.8189,3.8893,3061960
08/06/2001,3.9209,3.9209,3.6899,3.734,1789921
08/07/2001,3.7321,3.7939,3.685,3.7876,3221979
08/08/2001,3.7908,3.8747,3.7771,3.8013,1966394
08/09/2001,3.796,3.8778,3.7541,3.861,864959
08/10/2001,3.8504,3.8535,3.7437,3.7437,1902977
08/13/2001,3.7278,3.7278,3.5959,3.6755,1144084
08/14/2001,3.7016,3.794,3.6911,3.7646,708508
08/15/2001,3.762,3.7651,3.657,3.6675,1374179
08/16/2001,3.6424,3.6917,3.5994,3.6885,2838132
08/17/2001,3.6807,3.6807,3.5181,3.5286,2205760
08/20/2001,3.4867,3.5286,3.3776,3.473,4101591
08/21/2001,3.5963,3.801,3.5396,3.5648,6923784
08/22/2001,3.5873,3.6965,3.5705,3.665,1240787
08/23/2001,3.6273,3.7193,3.5938,3.7026,2047202
08/24/2001,3.6927,3.7745,3.635,3.7053,986569
08/27/2001,3.7181,3.9356,3.7181,3.8687,1248709
08/28/2001,3.851,3.8531,3.6656,3.7808,1797916
08/29/2001,3.8002,3.8002,3.7551,3.7771,1507163
08/30/2001,3.7771,3.7855,3.7194,3.7624,2525720
08/31/2001,3.7698,3.8745,3.7698,3.8117,1441036
09/04/2001,3.8118,3.837,3.7803,3.7803,2465294
09/05/2001,3.8222,3.9051,3.775,3.8799,1507706
09/06/2001,3.9019,3.9019,3.6502,3.7027,1421462
09/07/2001,3.6749,3.6749,3.5481,3.5837,2028882
09/10/2001,3.5286,3.5632,3.473,3.4814,1981657
09/17/2001,2.4688,2.8901,2.4688,2.6537,12540984
09/18/2001,2.6663,2.6987,2.4174,2.4195,6715733
09/19/2001,2.4223,2.48,2.3814,2.4139,8734335
09/20/2001,2.4066,2.4066,2.291,2.3541,5170650
09/21/2001,2.2203,2.424,2.0897,2.4199,7974386
09/24/2001,2.5671,2.7557,2.5566,2.6865,6786695
09/25/2001,2.6866,2.6866,2.5512,2.6173,4385361
09/26/2001,2.5988,2.5988,2.1946,2.2965,18993514
09/27/2001,2.2021,2.4905,2.1916,2.4863,5707501
09/28/2001,2.4941,2.9367,2.4752,2.7794,8038468
10/01/2001,2.6776,2.6776,2.4824,2.5167,4708964
10/02/2001,2.4767,2.5049,2.368,2.4025,6787387
10/03/2001,2.3699,2.7264,2.3384,2.6048,8668535
10/04/2001,2.6168,2.6734,2.4931,2.4942,4089072
10/05/2001,2.5088,2.6662,2.4741,2.6137,2635061
10/08/2001,2.5356,2.6508,2.4989,2.5764,1964176
10/09/2001,2.576,2.5875,2.4868,2.5151,1336153
10/10/2001,2.5333,2.67,2.5196,2.6658,2503892
10/11/2001,2.6756,3.0372,2.6756,2.9607,6212555
10/12/2001,2.8051,2.8418,2.632,2.8155,4596520
10/15/2001,2.7998,2.7998,2.6897,2.7002,1735628
10/16/2001,2.7264,2.7767,2.7264,2.7264,3923264
10/17/2001,2.7232,2.7442,2.6143,2.6143,3976586
10/18/2001,2.6476,2.8392,2.6476,2.7161,2733843
10/19/2001,2.7196,2.8569,2.7196,2.8538,3985577
10/22/2001,2.8475,2.9786,2.8328,2.9304,2880381
10/23/2001,3.0446,3.2336,3.0415,3.1527,10018478
10/24/2001,3.1558,3.1873,3.0719,3.0719,4022166
10/25/2001,3.0829,3.0829,2.9571,2.9886,3364429
10/26/2001,3.024,3.1871,3.024,3.1555,3178265
10/29/2001,3.1647,3.1647,2.8732,2.9393,4665189
10/30/2001,2.7915,2.8856,2.7915,2.8396,3003296
10/31/2001,2.8313,2.9802,2.8313,2.9257,3278594
11/01/2001,2.9497,2.955,2.8135,2.8303,3016623
11/02/2001,2.8322,3.0129,2.8322,2.9666,3288151
11/05/2001,3.0703,3.1753,3.0598,3.1407,6443844
11/06/2001,3.1518,3.3507,3.1424,3.3507,4690076
11/07/2001,3.3418,3.4734,3.3166,3.4113,4556568
11/08/2001,3.4195,3.5609,3.32,3.3808,6960568
11/09/2001,3.3766,3.4395,3.2623,3.3325,2942925
11/12/2001,3.2854,3.2854,3.2255,3.2423,3942330
11/13/2001,3.3073,3.3808,3.2811,3.3514,2690607
11/14/2001,3.4101,3.4416,3.3786,3.4374,7695856
11/15/2001,3.4473,3.569,3.4189,3.5628,1807170
11/16/2001,3.6185,3.628,3.4397,3.4492,4202889
11/19/2001,3.4657,3.5277,3.3975,3.4185,5643562
11/20/2001,3.4505,3.4715,3.3666,3.462,3712854
11/21/2001,3.515,3.515,3.3912,3.4793,3644493
11/23/2001,3.4814,3.5118,3.4447,3.5087,483497
11/26/2001,3.5097,3.5118,3.3891,3.4552,2240097
11/27/2001,3.461,3.503,3.4021,3.4662,2613343
11/28/2001,3.45,3.4552,3.3766,3.4164,1631686
11/29/2001,3.4169,3.4809,3.3876,3.4809,4394593
11/30/2001,3.4699,3.5316,3.4207,3.4667,3055235
12/03/2001,3.4804,3.4804,3.3556,3.4049,3657196
12/04/2001,3.4049,3.4363,3.3902,3.4237,3702002
12/05/2001,3.5601,3.7508,3.5413,3.6932,7827504
12/06/2001,3.7625,3.7761,3.7068,3.7656,2951911
12/07/2001,3.7693,3.7693,3.6244,3.6654,2441048
12/10/2001,3.6696,3.6696,3.5019,3.5428,4644879
12/11/2001,3.5417,3.5417,3.4474,3.4893,10816527
12/12/2001,3.5155,3.5301,3.4631,3.4788,2386598
12/13/2001,3.505,3.5165,3.4579,3.4893,3069020
12/14/2001,3.4872,3.5816,3.4715,3.5554,4196278
12/17/2001,3.5779,3.7248,3.5674,3.6754,4902625
12/18/2001,3.732,3.9869,3.7299,3.9806,9881879
12/19/2001,3.9633,3.9832,3.8794,3.9696,5123614
12/20/2001,3.977,4.0453,3.811,3.8383,6277510
12/21/2001,3.7541,4.011,3.7541,4.011,6354074
12/24/2001,4.0257,4.0257,3.9166,3.9313,981294
12/26/2001,3.9256,4.0628,3.9162,4.0575,1324586
12/27/2001,4.0471,4.0785,3.8963,3.9088,2046582
12/28/2001,3.928,4.049,3.928,4.0132,2541673
12/31/2001,4.014,4.1424,3.9951,4.0719,2704459
01/02/2002,4.0547,4.1041,3.9484,3.9641,2227765
01/03/2002,3.9554,4.0372,3.9313,3.9869,2828889
01/04/2002,3.9895,4.1027,3.9842,4.0807,4271904
01/07/2002,4.0845,4.2269,4.0845,4.2259,3225460
01/08/2002,4.3308,4.568,4.3287,4.4095,8659993
01/09/2002,4.4777,4.4819,4.2268,4.2573,7387470
01/10/2002,4.2742,4.4053,4.2742,4.3518,3441763
01/11/2002,4.3518,4.3518,4.2857,4.2931,3034471
01/14/2002,4.2799,4.2904,4.2181,4.2296,2038693
01/15/2002,4.2343,4.3497,4.2343,4.3434,1602112
01/16/2002,4.3434,4.3769,4.2731,4.3098,4357153
01/17/2002,4.3523,4.4194,4.3313,4.4152,3754988
01/18/2002,4.4052,4.4368,4.3737,4.4189,3873988
01/22/2002,4.4708,4.4761,4.3921,4.4246,3310207
01/23/2002,4.5175,4.5175,4.3629,4.4954,6087627
01/24/2002,4.5374,4.7103,4.5374,4.6621,6554040
01/25/2002,4.6637,4.6637,4.6018,4.6417,4238407
01/28/2002,4.7172,4.8893,4.7077,4.8893,7745218
01/29/2002,4.8866,4.8971,4.7985,4.8404,7114121
01/30/2002,4.8336,4.9312,4.6709,4.9134,2740947
01/31/2002,4.9165,4.9165,4.8043,4.8399,1802564
02/01/2002,4.7974,4.981,4.7503,4.8153,8857363
02/04/2002,4.8231,4.8231,4.5851,4.605,5028939
02/05/2002,4.5977,4.6322,4.5652,4.5998,4665389
02/06/2002,4.583,4.625,4.4603,4.4876,5625821
02/07/2002,4.3518,4.4514,4.3518,4.4178,4209356
02/08/2002,4.3566,4.608,4.3566,4.5776,4588132
02/11/2002,4.6291,4.776,4.6291,4.7498,3729710
02/12/2002,4.7398,4.7398,4.6139,4.6139,5126746
02/13/2002,4.6286,4.6664,4.595,4.6643,2351329
02/14/2002,4.6973,4.7088,4.6407,4.6417,1297777
02/15/2002,4.6354,4.6554,4.5211,4.6218,1434125
02/19/2002,4.5631,4.5998,4.5211,4.5631,2007660
02/20/2002,4.572,4.7083,4.572,4.701,2251547
02/21/2002,4.6978,4.7712,4.6716,4.6915,1281697
02/22/2002,4.6837,4.7204,4.5421,4.691,1777948
02/25/2002,4.6931,4.7424,4.6333,4.6344,2282775
02/26/2002,4.6978,4.7649,4.6433,4.7555,1643135
02/27/2002,5.0853,5.295,5.035,5.231,13120471
02/28/2002,5.2835,5.3275,5.166,5.2279,4069735
03/01/2002,5.2069,5.2426,5.1828,5.2321,2511643
03/04/2002,5.2882,5.562,5.2882,5.4371,3566390
03/05/2002,5.4402,5.4402,4.9851,5.0334,7872245
03/06/2002,5.0339,5.0339,4.8724,5.0024,5692353
03/07/2002,5.0905,5.2846,5.0768,5.2364,4032108
03/08/2002,5.294,5.3485,5.0129,5.0465,1933801
03/11/2002,5.0554,5.0921,5.0114,5.0376,2935801
03/12/2002,5.0339,5.1828,4.9427,5.1325,2876838
03/13/2002,5.1131,5.2955,5.112,5.2253,4882607
03/14/2002,5.2473,5.3459,5.2231,5.3123,3276967
03/15/2002,5.3972,5.4812,5.35,5.4539,3402705
03/18/2002,5.4827,5.5214,5.2857,5.38,2188563
03/19/2002,5.4533,5.5447,5.4386,5.5037,2507774
03/20/2002,5.4853,5.5933,5.4528,5.4549,2143789
03/21/2002,5.4544,5.4555,5.1398,5.1922,4190929
03/22/2002,5.1907,5.3983,5.1907,5.3385,3083101
03/25/2002,5.3438,5.3438,5.2232,5.2651,2424593
03/26/2002,5.2892,5.4298,5.2829,5.3532,1602766
03/27/2002,5.3585,5.5462,5.348,5.4014,2345958
03/28/2002,5.4051,5.4796,5.2971,5.3181,1568868
04/01/2002,5.3008,5.3018,5.0546,5.263,2617477
04/02/2002,5.2253,5.2652,5.1214,5.1246,2434550
04/03/2002,5.1251,5.1985,5.0413,5.0476,2520765
04/04/2002,5.0439,5.2127,5.0365,5.2116,4589843
04/05/2002,5.2326,5.5053,5.2326,5.4109,2538591
04/08/2002,5.3615,5.585,5.3427,5.5536,2721034
04/09/2002,5.7428,5.8477,5.6851,5.7239,5201580
04/10/2002,5.7019,5.7438,5.5551,5.6725,2923257
04/11/2002,5.6752,5.736,5.5084,5.5294,2444198
04/12/2002,5.5524,5.607,5.5074,5.6028,1167268
04/15/2002,5.6264,5.6683,5.4869,5.5026,1586714
04/16/2002,5.5472,5.7297,5.5472,5.7108,1138658
04/17/2002,5.715,5.8303,5.693,5.7936,3084066
04/18/2002,5.8109,5.8718,5.7438,5.8592,1901977
04/19/2002,5.878,5.8927,5.7628,5.8162,2160748
04/22/2002,5.8398,5.8513,5.6384,5.6447,2806462
04/23/2002,5.9247,5.9614,5.7989,5.9352,7548007
04/24/2002,5.9373,5.9772,5.8439,5.8723,5908511
04/25/2002,5.8801,6.0019,5.8686,5.9536,5072140
04/26/2002,5.985,6.0249,5.7574,5.7669,2455416
04/29/2002,5.7973,5.7973,5.6294,5.6935,3149725
04/30/2002,5.7234,5.9719,5.7223,5.8723,3798333
05/01/2002,5.8403,5.8759,5.7072,5.8351,4789119
05/02/2002,5.868,6.0676,5.8638,5.9762,5019689
05/03/2002,6.0438,6.0595,5.8455,5.8476,5067305
05/06/2002,5.8508,5.9263,5.7396,5.7396,2315629
05/07/2002,5.7402,5.7758,5.6416,5.6709,2632992
05/08/2002,5.7942,5.8204,5.7459,5.7984,3405852
05/09/2002,5.8298,5.9766,5.8298,5.9462,3998940
05/10/2002,5.9756,5.9798,5.8591,5.8686,3476423
05/13/2002,5.9667,5.975,5.7852,5.8618,2432747
05/14/2002,6.0322,6.0951,5.9724,6.0899,4198922
05/15/2002,6.0704,6.3202,6.0232,6.1806,5589254
05/16/2002,6.1885,6.1895,6.1119,6.115,2903969
05/17/2002,6.1491,6.3149,6.1491,6.275,3195389
05/20/2002,6.2393,6.2896,6.189,6.1921,2627273
05/21/2002,6.1857,6.1868,5.9657,5.9731,4459036
05/22/2002,5.7936,5.8565,5.6416,5.7035,8806809
05/23/2002,5.7181,5.8009,5.4246,5.6605,11681575
05/24/2002,5.6002,5.8309,5.5582,5.7784,4322434
05/28/2002,5.8397,5.8691,5.5053,5.5462,6395286
05/29/2002,5.4581,5.4581,5.2377,5.3532,11557307
05/30/2002,5.2441,5.3071,5.1707,5.2945,9748952
05/31/2002,5.3999,5.5152,5.3842,5.4806,5724254
06/03/2002,5.5566,5.5566,5.2557,5.2578,5894409
06/04/2002,5.1545,5.2217,4.993,5.0171,11901469
06/05/2002,4.932,5.4619,4.932,5.4493,12576219
06/06/2002,5.4528,5.6521,5.4266,5.5399,9429526
06/07/2002,5.4493,5.7846,5.3969,5.75,6910753
06/10/2002,5.7648,5.9158,5.7553,5.9032,7033696
06/11/2002,5.9662,5.9673,5.6934,5.7039,8018347
06/12/2002,5.7082,5.7763,5.5834,5.683,4792450
06/13/2002,5.6841,5.6841,5.4848,5.5005,4183213
06/14/2002,5.5011,5.5682,5.3585,5.5011,5488183
06/17/2002,5.5776,5.7873,5.5724,5.7401,4606909
06/18/2002,5.7433,5.7926,5.673,5.7884,5670016
06/19/2002,5.694,5.8723,5.6856,5.7957,3428331
06/20/2002,5.7695,5.8198,5.6657,5.6898,3310087
06/21/2002,5.6305,5.8143,5.6063,5.7576,5653749
06/24/2002,5.7596,5.7596,5.3242,5.5687,6302489
06/25/2002,5.5956,5.6271,5.3079,5.3541,6193422
06/26/2002,5.2664,5.6215,5.1477,5.568,7782950
06/27/2002,5.6259,5.7883,5.6102,5.7831,5165862
06/28/2002,5.7784,5.7984,5.6861,5.7564,4515055
07/01/2002,5.7537,5.7537,5.5064,5.5284,3878943
07/02/2002,5.5257,5.5257,5.229,5.3653,4780068
07/03/2002,5.3385,5.3553,5.0869,5.2882,5650287
07/05/2002,5.3826,5.4433,5.2968,5.4224,2447000
07/08/2002,5.4235,5.5515,5.3458,5.3941,3757724
07/09/2002,5.4389,5.531,5.1271,5.1773,6183431
07/10/2002,5.0943,5.0964,4.8656,4.8656,8316199
07/11/2002,4.4422,4.8822,4.4422,4.8717,8402852
07/12/2002,4.8519,5.072,4.743,4.7639,4453983
07/15/2002,4.6937,4.8029,4.3472,4.5551,5960683
07/16/2002,4.4985,4.601,4.2893,4.4148,4549523
07/17/2002,4.5531,4.8135,4.2587,4.3413,5539004
07/18/2002,4.3307,4.3893,4.245,4.2868,5298066
07/19/2002,4.0981,4.2445,4.0323,4.0938,5587001
07/22/2002,3.989,4.119,3.7792,4.0309,4325686
07/23/2002,3.9974,3.9974,3.7246,3.8001,7783184
07/24/2002,3.7207,4.4145,3.6033,4.4082,5519615
07/25/2002,4.4472,4.9297,4.1955,4.3633,7979064
07/26/2002,4.5195,4.7192,4.4774,4.5825,4530256
07/29/2002,4.8741,5.3038,4.8216,5.1864,9410541
07/30/2002,5.2126,5.3447,4.8207,4.9359,8755003
07/31/2002,4.9445,4.9445,4.6249,4.77,7611418
08/01/2002,4.7796,4.7796,4.572,4.681,4570778
08/02/2002,4.7065,4.7107,4.6217,4.681,6007439
08/05/2002,4.6476,4.6582,4.532,4.5383,4336687
08/06/2002,4.7712,4.9306,4.6139,4.9285,5739926
08/07/2002,5.0334,5.1047,4.6664,4.8656,4600806
08/08/2002,4.8446,4.9558,4.7209,4.9222,3407806
08/09/2002,4.9096,5.1614,4.8299,5.1467,3098495
08/12/2002,5.1361,5.1361,4.9684,4.9852,4431446
08/13/2002,4.9966,5.3388,4.9945,5.2065,5713061
08/14/2002,5.2096,5.3647,5.0104,5.35,5322890
08/15/2002,5.3653,5.641,5.3653,5.641,4836373
08/16/2002,5.6594,5.7685,5.5818,5.716,4438817
08/19/2002,5.7276,5.736,5.5931,5.7045,3787076
08/20/2002,5.6573,5.7412,5.4834,5.7307,3542205
08/21/2002,5.7592,5.94,5.591,5.6435,4770170
08/22/2002,5.6552,5.693,5.5063,5.6636,3358385
08/23/2002,5.5787,5.6416,5.4948,5.5619,2591989
08/26/2002,5.5378,5.6447,5.4434,5.6426,2509008
08/27/2002,5.4528,5.6416,5.4319,5.5619,5567316
08/28/2002,5.4623,5.5147,5.3784,5.3952,4588349
08/29/2002,5.3165,5.3165,5.2452,5.2452,4234612
08/30/2002,5.0303,5.2984,5.0303,5.1727,3502062
09/03/2002,5.3982,5.4844,5.2322,5.4676,9783956
09/04/2002,5.478,6.061,5.4528,6.061,8882610
09/05/2002,5.9352,6.0589,5.7611,5.8136,5957818
09/06/2002,5.8723,6.1638,5.8723,6.1198,4354296
09/09/2002,6.083,6.1837,6.0789,6.1565,3040607
09/10/2002,6.2078,6.2288,6.0757,6.1554,2361202
09/11/2002,6.1858,6.2068,6.1019,6.1355,2271938
09/12/2002,6.0537,6.0537,5.8397,5.8796,4840000
09/13/2002,5.8303,6.0904,5.7066,6.0778,3492207
09/16/2002,6.0495,6.1439,6.0453,6.0893,7474924
09/17/2002,6.1407,6.1869,5.9373,5.9625,3949953
09/18/2002,5.8994,6.1304,5.8784,6.0884,3029364
09/19/2002,5.9918,6.082,5.9541,5.9834,2086564
09/20/2002,5.9961,6.0676,5.8217,5.8889,2460407
09/23/2002,5.8137,5.8663,5.6811,5.7484,3704659
09/24/2002,5.6101,5.736,5.5682,5.6122,3885583
09/25/2002,5.7653,5.8177,5.6416,5.8031,3033202
09/26/2002,5.7873,5.9027,5.7265,5.8901,2722621
09/27/2002,5.8513,5.8723,5.6647,5.6856,3137936
09/30/2002,5.5073,5.5701,5.3607,5.3774,4916882
10/01/2002,5.3459,5.3459,4.7211,5.3312,11820125
10/02/2002,5.4498,5.4498,5.1203,5.2,4635265
10/03/2002,5.2148,5.3156,5.1895,5.2526,5200333
10/04/2002,5.3993,5.3993,5.0743,5.2421,4386630
10/07/2002,5.2593,5.2593,4.7965,4.9585,5424192
10/08/2002,5.1005,5.2158,4.9306,5.1802,3223766
10/09/2002,5.0594,5.1389,4.9298,4.9633,2006540
10/10/2002,4.8119,5.2089,4.7258,5.085,3328476
10/11/2002,5.3532,5.4708,5.2483,5.3427,3514966
10/14/2002,5.3132,5.6073,5.2502,5.4834,2062292
10/15/2002,5.9792,6.1261,5.8324,6.0757,7039194
10/16/2002,5.9237,6.0495,5.6615,5.8398,4414222
10/17/2002,6.2393,6.2393,6.0292,6.2036,5497456
10/18/2002,6.2152,6.2299,6.0621,6.1145,3210340
10/21/2002,6.039,6.341,5.9971,6.1711,4120876
10/22/2002,6.1858,6.4375,6.125,6.1648,9357834
10/23/2002,6.1659,6.6671,6.1135,6.6671,8560772
10/24/2002,6.7196,6.9398,6.6587,6.6881,12693818
10/25/2002,6.6115,6.7668,6.5717,6.6787,4560951
10/28/2002,6.7744,6.8227,6.4089,6.4278,3908432
10/29/2002,6.2518,6.4407,6.0819,6.4302,4637895
10/30/2002,6.4289,6.4729,6.1777,6.23,2427304
10/31/2002,6.2288,6.3232,6.1932,6.2393,3454541
11/01/2002,6.2444,6.6411,6.1919,6.5802,5219251
11/04/2002,6.711,6.7591,6.4367,6.4597,3154875
11/05/2002,6.4522,6.4669,6.3179,6.3892,2814703
11/06/2002,6.3705,6.7016,6.3705,6.6219,3521739
11/07/2002,6.6273,6.6692,6.3756,6.4176,2956751
11/08/2002,6.425,6.446,6.2087,6.2297,2407044
11/11/2002,6.2383,6.2383,5.9257,5.9782,2822735
11/12/2002,6.2089,6.5025,6.125,6.3956,4308270
11/13/2002,6.3966,6.6692,6.2749,6.4826,4123511
11/14/2002,6.5539,6.6587,6.449,6.5182,3122681
11/15/2002,6.5266,6.7113,6.4762,6.6021,3186948
11/18/2002,6.7846,6.8118,6.5581,6.6734,4489691
11/19/2002,6.6787,6.7606,6.5486,6.601,2366945
11/20/2002,6.6283,6.8695,6.6073,6.8234,2579645
11/21/2002,6.9334,7.177,6.9334,7.074,6329301
11/22/2002,7.088,7.161,6.815,6.8507,4438420
11/25/2002,6.8538,6.9839,6.6796,6.9629,4902535
11/26/2002,6.9754,7.095,6.7784,6.8014,4376017
11/27/2002,7.032,7.112,6.9607,7.101,3604858
11/29/2002,7.235,7.248,7.131,7.135,1235428
12/02/2002,7.479,7.489,7.137,7.227,3193266
12/03/2002,7.207,7.289,7.1,7.121,3081895
12/04/2002,6.9943,7.235,6.9251,7.152,2795104
12/05/2002,7.229,7.229,6.8476,6.9293,3250015
12/06/2002,6.7552,7.129,6.7342,7.112,2659686
12/09/2002,6.8171,6.9849,6.4668,6.4899,8930780
12/10/2002,6.5171,6.8004,6.5066,6.7501,5566245
12/11/2002,6.7395,6.9158,6.666,6.7689,2320048
12/12/2002,6.837,7.0132,6.7657,6.9712,3426411
12/13/2002,6.9115,6.9324,6.7835,6.815,1965125
12/16/2002,6.901,7.119,6.8255,6.9765,2913838
12/17/2002,6.9628,6.9733,6.8685,6.9335,2752087
12/18/2002,6.8989,6.901,6.5948,6.6451,2998216
12/19/2002,6.7951,7.024,6.7363,6.7426,3772095
12/20/2002,6.8411,7.051,6.8411,6.9923,3364016
12/23/2002,6.9923,7.0112,6.7572,6.7782,3031685
12/24/2002,6.7636,6.7657,6.7112,6.7238,2443685
12/26/2002,6.7615,6.9943,6.7217,6.8349,1534877
12/27/2002,6.7856,6.8359,6.6053,6.6095,1874671
12/30/2002,6.7246,6.9642,6.5985,6.8991,3298679
12/31/2002,6.9514,6.9808,6.7496,6.8904,4268639
01/02/2003,7.056,7.132,6.9639,7.073,4268762
01/03/2003,7.099,7.126,6.9377,6.9754,2025518
01/06/2003,6.9858,7.11,6.8934,7.076,4275415
01/07/2003,7.138,7.329,7.109,7.255,7377426
01/08/2003,7.314,7.35,6.878,7.046,6809511
01/09/2003,6.9219,7.174,6.9219,7,5665619
01/10/2003,6.9282,7.138,6.9219,6.9975,3752877
01/13/2003,7.027,7.071,6.5385,6.7103,8874456
01/14/2003,6.7221,6.7242,6.3079,6.3479,10288030
01/15/2003,6.384,6.4911,6.176,6.4386,8392516
01/16/2003,6.5455,6.5581,6.4258,6.5203,3934856
01/17/2003,6.4983,6.6074,6.341,6.3452,3001532
01/21/2003,6.3998,6.5487,6.0893,6.1166,4788806
01/22/2003,6.3331,6.9088,6.3331,6.8229,17301527
01/23/2003,6.8842,6.8905,6.6428,6.8422,6759900
01/24/2003,6.8298,6.8718,6.6743,6.7184,4216570
01/27/2003,6.6861,6.6882,6.4908,6.5748,3460778
01/28/2003,6.685,6.706,6.521,6.6367,3310800
01/29/2003,6.6346,6.7081,6.475,6.6913,3511208
01/30/2003,6.7437,6.8676,6.6891,6.7479,4515786
01/31/2003,6.7122,6.7605,6.5864,6.6996,3146964
02/03/2003,6.7279,6.8267,6.6166,6.7426,3402018
02/04/2003,6.6818,6.7049,6.5873,6.6755,3127763
02/05/2003,6.793,7.005,6.7531,6.8412,5484817
02/06/2003,6.7552,6.879,6.7384,6.772,3169401
02/07/2003,6.7731,6.794,6.5025,6.536,2961499
02/10/2003,6.5392,6.6212,6.3752,6.5707,3424780
02/11/2003,6.6891,6.7101,6.5382,6.5717,2927650
02/12/2003,6.5245,6.5707,6.3777,6.4595,3087872
02/13/2003,6.513,6.513,6.2508,6.3662,4744021
02/14/2003,6.3892,6.7039,6.3703,6.662,4617188
02/18/2003,6.7635,6.9316,6.7215,6.8685,3036894
02/19/2003,6.8255,6.9198,6.7143,6.8003,2901881
02/20/2003,6.8056,6.8998,6.7658,6.8307,2680024
02/21/2003,6.8779,6.9681,6.7456,6.9681,2976401
02/24/2003,6.8999,6.8999,6.6273,6.6483,4090135
02/25/2003,6.903,7.121,6.6512,7.121,10418540
02/26/2003,7.023,7.121,6.9723,7.121,5556879
02/27/2003,7.131,7.235,7.068,7.233,4277533
02/28/2003,7.236,7.511,7.207,7.49,7709699
03/03/2003,7.549,7.654,7.375,7.432,5436006
03/04/2003,7.419,7.425,7.262,7.304,4058682
03/05/2003,7.329,7.43,7.257,7.409,4310659
03/06/2003,7.294,7.55,7.294,7.529,4024216
03/07/2003,7.523,7.703,7.229,7.667,4458526
03/10/2003,7.572,7.574,7.452,7.505,2961957
03/11/2003,7.525,7.603,7.445,7.584,5544905
03/12/2003,7.57,7.746,7.57,7.744,8233054
03/13/2003,7.881,7.907,7.76,7.831,7182793
03/14/2003,7.853,7.895,7.704,7.752,6183231
03/17/2003,7.755,8.187,7.654,8.138,6143179
03/18/2003,8.27,8.27,8.028,8.068,3566681
03/19/2003,8.103,8.124,7.935,8.107,3608028
03/20/2003,8.107,8.18,7.943,8.178,3870802
03/21/2003,8.179,8.387,8.129,8.374,4669949
03/24/2003,8.376,8.376,7.902,7.94,6478036
03/25/2003,7.982,8.374,7.976,8.336,9287897
03/26/2003,8.324,8.324,8.072,8.077,5470492
03/27/2003,8.032,8.121,7.959,8.072,4978493
03/28/2003,8.054,8.122,7.998,8.031,2271767
03/31/2003,7.831,8.135,7.81,8.041,2969462
04/01/2003,8.069,8.075,7.755,7.935,4882932
04/02/2003,8.249,8.249,8.042,8.084,8498234
04/03/2003,8.083,8.217,8.074,8.144,5774259
04/04/2003,8.231,8.262,8.044,8.082,3091785
04/07/2003,8.275,8.396,8.254,8.304,5322527
04/08/2003,8.306,8.306,8.149,8.178,4277002
04/09/2003,8.18,8.25,7.992,8.036,3061268
04/10/2003,8.04,8.18,8.004,8.17,3852144
04/11/2003,8.221,8.28,8.03,8.076,2366119
04/14/2003,7.554,8.083,7.554,8.058,6104517
04/15/2003,8.079,8.079,7.928,8.028,4564568
04/16/2003,8.095,8.101,7.749,7.777,4294734
04/17/2003,7.791,7.997,7.571,7.997,3774482
04/21/2003,7.997,8.11,7.97,8.074,3425941
04/22/2003,8.242,8.97,8.242,8.922,14836630
04/23/2003,8.929,9.061,8.851,8.946,7152091
04/24/2003,8.953,8.953,8.725,8.85,3603792
04/25/2003,8.848,8.848,8.565,8.636,4275694
04/28/2003,8.73,9.065,8.671,9.013,3683622
04/29/2003,9.093,9.271,8.986,9.103,2603146
04/30/2003,9.053,9.216,8.998,9.124,2711360
05/01/2003,8.855,9.127,8.855,9.022,3823660
05/02/2003,9.026,9.337,9.022,9.245,4412834
05/05/2003,9.395,9.397,9.254,9.309,4058736
05/06/2003,9.298,9.495,9.273,9.491,3139017
05/07/2003,9.45,9.538,9.421,9.477,3755537
05/08/2003,9.393,9.52,9.33,9.359,2654520
05/09/2003,9.438,9.551,9.263,9.538,3549759
05/12/2003,9.537,9.81,9.466,9.787,2922261
05/13/2003,9.806,9.896,9.692,9.795,2459642
05/14/2003,9.91,9.931,9.708,9.821,3336556
05/15/2003,9.872,9.907,9.593,9.603,4575228
05/16/2003,9.579,9.579,9.33,9.491,3957051
05/19/2003,9.48,9.48,8.967,9.049,4308614
05/20/2003,9.02,9.182,8.989,9.062,3694472
05/21/2003,9.054,9.4,9.02,9.381,4759324
05/22/2003,9.428,9.51,9.33,9.447,2565931
05/23/2003,9.367,9.451,9.273,9.369,1626365
05/27/2003,9.275,9.579,9.248,9.558,3301084
05/28/2003,9.676,9.936,9.657,9.919,5006041
05/29/2003,9.929,10.068,9.879,9.896,4813914
05/30/2003,9.921,10.33,9.879,10.303,8703869
06/02/2003,10.693,10.995,10.611,10.666,10773777
06/03/2003,10.513,10.604,10.459,10.581,6166137
06/04/2003,10.676,10.77,10.621,10.718,3697353
06/05/2003,10.72,11.232,10.64,11.085,5603713
06/06/2003,11.174,11.21,10.922,11.038,3510336
06/09/2003,11.001,11.026,10.745,10.779,4652222
06/10/2003,10.841,10.851,10.539,10.662,5769483
06/11/2003,10.662,10.736,10.528,10.736,4667087
06/12/2003,10.875,10.907,10.701,10.827,2324748
06/13/2003,10.779,10.833,10.594,10.833,2759951
06/16/2003,10.907,10.924,10.674,10.852,3105552
06/17/2003,10.916,10.918,10.417,10.448,6571307
06/18/2003,10.446,10.669,10.285,10.652,5820508
06/19/2003,10.68,10.762,10.544,10.67,3459907
06/20/2003,10.689,10.689,10.563,10.651,2793319
06/23/2003,10.603,10.603,10.173,10.275,3073262
06/24/2003,10.203,10.371,10.067,10.245,4072015
06/25/2003,10.239,10.649,10.225,10.513,3836297
06/26/2003,10.54,10.695,10.464,10.651,2983157
06/27/2003,10.675,10.683,10.411,10.474,2005497
06/30/2003,10.476,10.528,10.354,10.432,2758399
07/01/2003,10.287,10.671,10.283,10.671,3827985
07/02/2003,10.662,10.784,10.536,10.723,4118842
07/03/2003,10.612,10.738,10.56,10.677,2585305
07/07/2003,10.777,11.089,10.775,11.083,5305514
07/08/2003,11.188,11.806,11.175,11.777,6286738
07/09/2003,11.83,11.91,11.573,11.596,4900169
07/10/2003,11.503,11.598,11.289,11.413,3815012
07/11/2003,11.458,11.645,11.402,11.611,2281575
07/14/2003,11.71,11.754,11.513,11.574,3208406
07/15/2003,11.654,11.688,11.386,11.51,2249133
07/16/2003,11.502,11.54,11.272,11.334,3646065
07/17/2003,11.179,11.326,10.972,11.058,2770059
07/18/2003,11.011,11.178,11.011,11.042,3316745
07/21/2003,11.058,11.28,11.028,11.234,3280491
07/22/2003,11.367,11.417,11.22,11.289,2509017
07/23/2003,11.327,11.369,11.201,11.245,2032771
07/24/2003,11.338,11.487,11.113,11.141,2521902
07/25/2003,11.168,11.294,11.044,11.271,2935767
07/28/2003,11.4,11.731,11.379,11.622,3870136
07/29/2003,11.953,11.953,11.093,11.368,9719345
07/30/2003,11.368,11.45,11.165,11.188,3649420
07/31/2003,11.224,11.304,11.109,11.122,4144911
08/01/2003,11.016,11.33,11.014,11.131,2802836
08/04/2003,11.169,11.234,10.823,11.072,2400083
08/05/2003,11.137,11.211,10.949,10.955,2545013
08/06/2003,10.915,10.965,10.632,10.67,4056677
08/07/2003,10.574,10.933,10.333,10.885,5404519
08/08/2003,11.017,11.315,11.017,11.252,3912927
08/11/2003,11.083,11.139,11.022,11.095,3941366
08/12/2003,11.147,11.287,11.126,11.287,2182167
08/13/2003,11.38,11.489,11.306,11.482,3680810
08/14/2003,11.492,11.502,11.263,11.301,2182471
08/15/2003,11.262,11.524,11.26,11.516,1715119
08/18/2003,11.428,11.52,11.321,11.505,2706021
08/19/2003,11.366,11.49,11.345,11.49,2738608
08/20/2003,11.382,11.745,11.348,11.709,2830385
08/21/2003,11.711,12.04,11.568,11.856,3915394
08/22/2003,11.857,11.89,11.62,11.639,3075742
08/25/2003,11.597,11.599,11.479,11.521,1760099
08/26/2003,11.396,11.558,11.302,11.537,2231252
08/27/2003,11.596,11.956,11.549,11.898,2926662
08/28/2003,12.006,12.163,11.836,12.027,3623656
08/29/2003,12.028,12.189,11.948,12.179,2328043
09/02/2003,12.254,12.3,12.164,12.185,5277406
09/03/2003,12.285,12.454,12.111,12.433,8947748
09/04/2003,12.432,12.432,12.29,12.37,4171677
09/05/2003,12.29,12.313,11.95,12.03,3737061
09/08/2003,12.081,12.081,11.857,11.974,4079059
09/09/2003,11.807,11.849,11.612,11.73,4983686
09/10/2003,11.724,12.017,11.667,11.766,4158798
09/11/2003,11.783,12.024,11.777,11.945,4096472
09/12/2003,11.937,12.07,11.765,12.021,2489499
09/15/2003,12.124,12.124,11.937,12.118,2719355
09/16/2003,12.135,12.349,12.034,12.347,2790803
09/17/2003,12.36,12.511,12.276,12.373,2800597
09/18/2003,12.376,12.411,12.271,12.298,2040637
09/19/2003,12.308,12.373,12.251,12.308,3436715
09/22/2003,12.069,12.194,12.064,12.159,2687608
09/23/2003,12.151,12.177,12.047,12.13,2797044
09/24/2003,12.085,12.152,11.842,11.848,3146791
09/25/2003,11.849,11.912,11.747,11.747,3150329
09/26/2003,11.745,11.745,11.384,11.386,4748143
09/29/2003,11.388,11.478,11.191,11.363,4842457
09/30/2003,11.339,11.538,11.175,11.444,3299395
10/01/2003,11.451,11.95,11.451,11.919,4044364
10/02/2003,11.984,11.988,11.791,11.917,1643020
10/03/2003,12.227,12.424,12.177,12.277,3959698
10/06/2003,12.288,12.464,12.288,12.439,2310801
10/07/2003,12.334,12.355,12.12,12.221,2901355
10/08/2003,12.198,12.198,12.063,12.08,1855404
10/09/2003,12.164,12.667,12.164,12.537,4247238
10/10/2003,12.521,12.558,12.344,12.416,2065323
10/13/2003,12.451,12.636,12.405,12.489,1738426
10/14/2003,12.458,12.906,12.353,12.894,3308858
10/15/2003,13.083,13.334,12.785,13.225,4262182
10/16/2003,13.106,13.114,12.951,13.097,2900413
10/17/2003,13.215,13.286,13.064,13.181,2403232
10/20/2003,13.173,13.328,13.097,13.198,3992481
10/21/2003,13.921,14.345,13.473,14.207,8537639
10/22/2003,14.06,14.064,13.741,14.01,4022421
10/23/2003,13.756,14.259,13.211,14.158,4132944
10/24/2003,14.031,14.123,13.842,14.114,3395161
10/27/2003,14.337,14.534,14.282,14.458,3735925
10/28/2003,14.641,14.855,14.432,14.829,4742055
10/29/2003,14.809,15.257,14.633,15.178,3675442
10/30/2003,15.415,15.423,14.945,14.991,2579576
10/31/2003,14.943,15.194,14.825,14.888,2942116
11/03/2003,15.215,15.505,15.089,15.48,4223613
11/04/2003,15.599,15.653,15.201,15.302,4614277
11/05/2003,15.358,15.417,15.085,15.329,2990446
11/06/2003,15.322,15.469,15.163,15.318,2193852
11/07/2003,15.394,15.516,15.226,15.272,2869349
11/10/2003,15.289,15.348,15.142,15.155,2110618
11/11/2003,15.312,15.375,14.976,15.274,4626163
11/12/2003,15.276,15.881,15.23,15.872,5524822
11/13/2003,15.899,15.958,15.606,15.874,3894602
11/14/2003,16.094,16.262,15.767,15.796,3620951
11/17/2003,15.752,15.752,15.018,15.4,4051927
11/18/2003,15.434,15.719,15.316,15.316,2335501
11/19/2003,15.121,15.222,14.756,14.92,5037927
11/20/2003,14.595,14.825,14.461,14.57,6215717
11/21/2003,14.742,15.266,14.742,15.203,3283093
11/24/2003,15.446,16.096,15.354,16.075,4178978
11/25/2003,16.067,16.314,15.979,16.101,5473135
11/26/2003,16.258,16.405,16.107,16.392,2995587
11/28/2003,16.4,16.753,16.4,16.703,1524322
12/01/2003,17.011,17.015,16.558,16.738,3759731
12/02/2003,16.761,16.774,16.274,16.341,3721079
12/03/2003,16.503,16.667,16.059,16.109,3583503
12/04/2003,16.18,16.264,14.585,15.555,10457335
12/05/2003,15.205,15.813,15.1,15.394,4230780
12/08/2003,15.446,15.518,15.018,15.098,4669781
12/09/2003,15.43,15.53,15.031,15.085,3488607
12/10/2003,15.163,15.184,14.575,14.806,5201451
12/11/2003,14.645,15.174,14.611,15.031,4868195
12/12/2003,15.121,15.415,15.1,15.226,3402088
12/15/2003,15.771,15.771,14.786,14.865,3485281
12/16/2003,14.851,14.851,13.634,14.502,12782817
12/17/2003,14.515,14.817,14.271,14.809,7134499
12/18/2003,14.888,15.333,14.888,15.295,4274538
12/19/2003,15.736,15.803,15.24,15.501,5555413
12/22/2003,15.283,15.497,15.039,15.278,3795334
12/23/2003,15.36,15.629,15.209,15.595,4261620
12/24/2003,15.603,15.603,15.398,15.482,1089277
12/26/2003,15.509,15.794,15.509,15.736,1426110
12/29/2003,15.82,15.824,15.357,15.626,3349818
12/30/2003,15.656,15.656,15.375,15.547,3059817
12/31/2003,15.637,15.893,15.494,15.817,3361303
01/02/2004,15.838,15.931,15.444,15.49,3255078
01/05/2004,15.526,15.853,15.526,15.828,3893325
01/06/2004,15.876,16.447,15.872,16.258,6137651
01/07/2004,15.685,16.302,15.601,15.966,8805586
01/08/2004,16.205,16.205,15.4,15.505,4636937
01/09/2004,15.467,15.798,15.308,15.367,3763943
01/12/2004,15.396,15.434,14.934,15.077,4873354
01/13/2004,15.102,15.19,14.632,14.725,5327175
01/14/2004,14.972,15.245,14.825,15.186,6056185
01/15/2004,15.222,15.276,14.794,15.125,2910952
01/16/2004,15.272,15.385,15.025,15.314,3974830
01/20/2004,15.484,15.484,15.048,15.069,4544032
01/21/2004,15.094,15.161,14.7,14.981,7392569
01/22/2004,15.054,15.301,15.037,15.125,3664874
01/23/2004,15.148,15.19,14.892,14.985,2369738
01/26/2004,14.997,14.997,14.477,14.788,4161809
01/27/2004,14.775,14.88,14.59,14.607,3271951
01/28/2004,14.771,14.889,14.238,14.309,3559908
01/29/2004,14.333,14.404,14.165,14.383,4244998
01/30/2004,14.391,15.046,14.182,14.861,4664932
02/02/2004,15.077,15.157,14.653,14.955,3183102
02/03/2004,14.953,15.289,14.869,15.209,3897962
02/04/2004,15.111,15.53,15.09,15.362,3785935
02/05/2004,15.687,15.784,15.511,15.717,4728729
02/06/2004,15.71,16,15.71,15.882,2508923
02/09/2004,15.935,16.048,15.796,15.956,2274996
02/10/2004,15.941,16.117,15.731,16.042,2259108
02/11/2004,16.103,16.212,16.061,16.203,2543869
02/12/2004,16.189,16.356,16.101,16.34,4468581
02/13/2004,16.388,16.409,15.968,16.077,2504855
02/17/2004,16.155,16.57,16.134,16.499,2476584
02/18/2004,16.524,16.793,16.415,16.684,3188548
02/19/2004,16.746,16.906,16.746,16.776,3494880
02/20/2004,16.589,16.677,16.199,16.497,2927319
02/23/2004,16.771,16.771,15.778,15.954,6811709
02/24/2004,15.939,16.346,15.851,16.27,3020386
02/25/2004,16.27,16.35,16.002,16.275,2462746
02/26/2004,16.275,16.379,16.119,16.358,2149469
02/27/2004,16.371,16.791,16.371,16.61,4209931
03/01/2004,16.778,17.785,16.774,17.504,5611406
03/02/2004,17.239,18.036,17.218,17.667,4488752
03/03/2004,17.669,17.829,17.363,17.812,2027909
03/04/2004,17.936,18.246,17.65,18.166,2541662
03/05/2004,17.923,18.284,17.818,18.149,3015376
03/08/2004,18.445,18.605,18.261,18.307,3332240
03/09/2004,18.145,18.241,17.537,17.663,2733534
03/10/2004,17.631,17.648,17.216,17.229,2858546
03/11/2004,16.962,17.256,16.912,16.983,2669645
03/12/2004,17.076,17.264,16.707,17.059,3006188
03/15/2004,17.042,17.046,16.66,16.82,2305639
03/16/2004,16.891,17.134,16.749,16.841,3013233
03/17/2004,16.981,17.262,16.956,17.246,2010486
03/18/2004,17.25,17.426,16.902,17.057,1824309
03/19/2004,16.994,17.07,16.847,16.902,2324348
03/22/2004,16.853,16.895,16.459,16.547,2057789
03/23/2004,16.696,16.86,16.449,16.721,2458408
03/24/2004,16.832,17.113,16.786,16.962,2405997
03/25/2004,17.174,17.531,16.998,17.439,2463033
03/26/2004,17.457,17.63,17.403,17.411,2184102
03/29/2004,17.722,17.97,17.55,17.638,2457699
03/30/2004,17.478,17.78,17.227,17.659,2409100
03/31/2004,17.772,17.772,16.912,17.185,5202203
04/01/2004,16.9,17.084,16.677,16.895,6605453
04/02/2004,17.332,17.533,17.206,17.281,2751460
04/05/2004,17.388,17.749,17.355,17.749,2035088
04/06/2004,17.762,18.051,17.724,17.829,2414986
04/07/2004,17.847,18.015,17.42,17.65,2065380
04/08/2004,17.944,17.944,17.21,17.277,2212073
04/12/2004,17.311,17.596,17.206,17.466,1824283
04/13/2004,17.531,17.623,17.065,17.095,1148056
04/14/2004,16.99,17.191,16.742,16.83,1596431
04/15/2004,16.927,17.069,16.83,16.965,1900070
04/16/2004,17.017,17.025,16.665,16.715,2608170
04/19/2004,16.862,16.912,16.442,16.568,4193592
04/20/2004,17.212,17.803,17.015,17.363,11071633
04/21/2004,17.457,17.806,17.231,17.743,3792221
04/22/2004,17.705,19.018,17.705,18.653,5961928
04/23/2004,18.839,18.869,18.441,18.471,3610437
04/26/2004,18.565,18.632,18.359,18.481,1628339
04/27/2004,18.489,19.064,18.485,18.875,4711177
04/28/2004,18.898,18.898,18.223,18.403,3401943
04/29/2004,18.368,18.565,17.931,18.066,3890351
04/30/2004,17.963,18.211,17.787,17.858,3192800
05/03/2004,18.08,18.542,18.009,18.332,3331398
05/04/2004,18.349,18.579,18.034,18.244,3368615
05/05/2004,18.246,18.481,18.137,18.397,1700557
05/06/2004,18.051,18.114,17.33,17.552,4461219
05/07/2004,17.497,17.919,17.376,17.376,4021866
05/10/2004,17.206,17.315,16.954,17.181,2576418
05/11/2004,17.327,17.726,17.264,17.642,1985230
05/12/2004,17.615,17.615,16.838,17.447,3480336
05/13/2004,17.47,17.47,17.042,17.235,3711225
05/14/2004,17.246,17.472,16.931,17.3,2583446
05/17/2004,17.082,17.082,16.487,16.629,2797780
05/18/2004,16.734,17.099,16.734,17.032,3280096
05/19/2004,17.128,17.602,17.032,17.107,2426880
05/20/2004,17.105,17.122,16.342,16.606,4234363
05/21/2004,16.77,16.841,16.631,16.82,3013233
05/24/2004,17.218,17.546,17.092,17.512,2637415
05/25/2004,17.51,17.87,17.267,17.87,2747429
05/26/2004,17.848,17.885,17.667,17.843,1591838
05/27/2004,17.952,18.154,17.915,18.07,2077001
05/28/2004,18.076,18.311,18.013,18.29,1844112
06/01/2004,18.298,18.424,18.168,18.399,1934802
06/02/2004,18.468,18.502,18.258,18.414,2591853
06/03/2004,18.265,18.563,18.059,18.29,1938983
06/04/2004,18.512,18.533,18.126,18.189,1186558
06/07/2004,18.191,18.619,18.191,18.611,1262971
06/08/2004,18.588,18.919,18.521,18.861,2199077
06/09/2004,18.873,18.953,18.768,18.86,2376624
06/10/2004,18.913,19.211,18.854,19.169,2616518
06/14/2004,19.135,19.135,18.498,18.498,2611078
06/15/2004,18.514,18.523,17.974,18.095,4215117
06/16/2004,18.137,18.305,17.952,18.208,2777376
06/17/2004,18.175,18.191,17.973,18.045,2377579
06/18/2004,17.871,18.038,17.871,17.959,2068910
06/21/2004,17.969,18.082,17.776,17.969,1580513
06/22/2004,17.913,18.437,17.845,18.412,3278207
06/23/2004,18.414,18.871,18.384,18.808,3212077
06/24/2004,18.879,19.169,18.762,19.03,2985795
06/25/2004,19.06,19.295,18.947,19.018,1679711
06/28/2004,19.211,19.337,18.875,18.984,2767923
06/29/2004,19.049,19.091,18.63,18.739,2839463
06/30/2004,18.951,18.993,18.678,18.942,2786534
07/01/2004,19.204,19.494,18.831,19.356,5089788
07/02/2004,19.905,19.905,19.276,19.33,2986702
07/06/2004,19.108,19.171,18.756,18.915,3292059
07/07/2004,19.062,19.364,19.053,19.326,2472803
07/08/2004,19.276,19.276,18.651,18.949,3139486
07/09/2004,19.001,19.295,18.854,19.24,2391942
07/12/2004,19.265,19.358,19.093,19.274,1673613
07/13/2004,19.209,19.297,19.112,19.255,1186408
07/14/2004,19.108,19.137,18.894,18.953,2660235
07/15/2004,19.009,19.039,18.523,18.602,2693998
07/16/2004,18.594,18.753,17.663,17.865,4475229
07/19/2004,17.896,17.967,17.552,17.694,2718575
07/20/2004,17.745,18.416,17.745,18.353,2448171
07/21/2004,18.518,18.518,17.982,17.995,2190625
07/22/2004,17.827,17.827,16.778,17.541,5493166
07/23/2004,17.524,17.524,17.038,17.118,3232482
07/26/2004,17.139,17.47,16.849,16.979,2064967
07/27/2004,16.952,17.795,16.952,17.674,2193769
07/28/2004,17.688,17.835,17.252,17.755,2572157
07/29/2004,17.823,18.472,17.823,18.174,3270047
07/30/2004,18.177,18.319,17.741,17.955,2689672
08/02/2004,17.957,18.217,17.621,18.049,4256752
08/03/2004,18.286,18.286,16.814,16.831,13524478
08/04/2004,16.908,16.954,15.737,15.981,16457030
08/05/2004,16.019,16.316,16.002,16.04,7254033
08/06/2004,15.866,15.979,15.425,15.719,4856300
08/09/2004,15.627,15.731,15.094,15.148,5925302
08/10/2004,15.228,15.731,15.174,15.694,5417589
08/11/2004,15.702,16.231,15.408,16.071,4553944
08/12/2004,15.862,16.109,15.413,15.572,7636985
08/13/2004,15.723,15.912,15.555,15.639,5768737
08/16/2004,15.706,16.159,15.681,16.155,3740411
08/17/2004,16.212,16.627,16.212,16.501,3731331
08/18/2004,16.453,16.747,16.285,16.604,3226210
08/19/2004,16.583,16.885,16.465,16.797,3802130
08/20/2004,16.811,17.235,16.656,17.218,4526408
08/23/2004,17.239,17.294,16.912,16.912,2807490
08/24/2004,16.952,17.174,16.751,16.939,2350315
08/25/2004,16.954,17.076,16.724,16.946,2499421
08/26/2004,16.998,17.254,16.939,17.187,1970441
08/27/2004,17.619,17.804,17.413,17.644,7740441
08/30/2004,17.543,17.74,17.518,17.539,4365960
08/31/2004,17.526,17.68,17.351,17.68,50270812
09/01/2004,17.694,17.799,17.56,17.678,5888527
09/02/2004,17.671,18.288,17.671,18.187,3981415
09/03/2004,18.191,18.46,18.141,18.259,3222074
09/07/2004,18.426,18.447,18.212,18.238,2916817
09/08/2004,18.313,18.754,18.313,18.489,6484414
09/09/2004,18.596,18.613,18.244,18.29,3772622
09/10/2004,18.317,18.838,18.313,18.808,2842234
09/13/2004,18.621,18.886,18.613,18.689,2649259
09/14/2004,18.649,18.716,18.506,18.582,3281656
09/15/2004,18.575,18.638,18.34,18.437,3279729
09/16/2004,18.412,18.684,18.139,18.303,3897944
09/17/2004,18.311,18.525,18.198,18.24,2990533
09/20/2004,18.261,18.378,18.114,18.139,1640111
09/21/2004,18.154,18.288,18.078,18.229,3974503
09/22/2004,18.143,18.143,17.703,17.799,3293228
09/23/2004,17.831,17.999,17.596,17.898,2361428
09/24/2004,18.168,18.168,17.917,18.068,2263620
09/27/2004,17.871,17.955,17.728,17.757,2418126
09/28/2004,17.835,17.982,17.667,17.873,2076752
09/29/2004,17.896,18.315,17.896,18.223,2393904
09/30/2004,18.076,18.118,17.762,17.795,3968774
10/01/2004,17.845,18.235,17.791,18.08,2972578
10/04/2004,18.389,18.611,18.019,18.045,3630238
10/05/2004,18.114,18.114,17.736,17.77,2542053
10/06/2004,17.749,18.085,17.459,18.072,2074865
10/07/2004,18.093,18.449,17.674,17.703,2464781
10/08/2004,17.692,17.881,17.386,17.499,1927999
10/11/2004,17.541,17.642,17.437,17.571,1201372
10/12/2004,17.395,17.441,16.929,16.979,3999778
10/13/2004,17.093,17.122,16.396,16.728,6591098
10/14/2004,16.778,17.017,16.56,16.82,3816445
10/15/2004,16.927,17.107,16.788,16.839,3287489
10/18/2004,16.843,16.948,16.419,16.948,3573713
10/19/2004,17.113,17.252,16.858,16.862,3562773
10/20/2004,16.826,16.99,16.616,16.642,2896314
10/21/2004,16.717,17.116,16.579,17.061,3200477
10/22/2004,17.29,17.6,17.264,17.512,4921929
10/25/2004,17.558,17.667,17.441,17.495,3915879
10/26/2004,18.124,18.959,17.931,18.686,12551241
10/27/2004,18.575,19.28,18.533,19.217,5705820
10/28/2004,18.85,19.374,18.85,19.29,5205836
10/29/2004,19.246,19.724,19.217,19.565,4856511
11/01/2004,19.555,19.706,19.123,19.345,4480201
11/02/2004,19.506,19.59,19.305,19.36,2890397
11/03/2004,19.58,19.685,19.412,19.618,2562689
11/04/2004,19.695,19.88,19.46,19.88,3947989
11/05/2004,19.932,20.47,19.903,20.15,4807256
11/08/2004,20.03,20.07,19.777,19.819,2027619
11/09/2004,19.815,19.836,19.37,19.752,3323879
11/10/2004,19.918,20.08,19.779,19.808,1975000
11/11/2004,19.783,19.976,19.536,19.901,3737358
11/12/2004,19.915,20.33,19.853,20.29,3108272
11/15/2004,20.24,20.72,20.12,20.67,4227106
11/16/2004,20.51,20.71,20.36,20.61,4906906
11/17/2004,20.63,20.98,20.44,20.59,4032202
11/18/2004,20.48,21.14,20.27,21.05,4989331
11/19/2004,20.66,20.84,20.31,20.41,5642018
11/22/2004,20.61,20.66,20.46,20.63,3094870
11/23/2004,20.5,20.86,20.49,20.86,2880226
11/24/2004,20.69,20.88,20.57,20.87,2757137
11/26/2004,20.97,20.99,20.78,20.86,1490517
11/29/2004,20.95,20.96,20.4,20.76,3161760
11/30/2004,20.88,20.92,20.68,20.89,2402652
12/01/2004,20.99,21.41,20.99,21.39,4355124
12/02/2004,21.31,22.65,21.15,22.09,5960070
12/03/2004,22.09,22.17,21.88,22,3413759
12/06/2004,22.02,22.31,21.89,22.1,2218773
12/07/2004,22.15,22.25,21.96,21.98,2897187
12/08/2004,21.84,22.33,21.84,22.16,2233878
12/09/2004,22.02,22.24,21.94,22.18,2881185
12/10/2004,22.57,22.57,22.08,22.5,2580705
12/13/2004,22.53,23.55,22.52,23.44,8674946
12/14/2004,23.28,23.58,23.22,23.49,2940485
12/15/2004,23.36,23.39,22.97,23.17,4237605
12/16/2004,23.18,23.47,22.99,23.19,4282147
12/17/2004,22.94,23.09,22.7,23,4319348
12/20/2004,23.21,23.38,23.03,23.06,3118124
12/21/2004,23.15,23.18,22.79,22.88,3629514
12/22/2004,23.18,23.18,22.93,23.12,2965499
12/23/2004,23.12,23.43,23.12,23.21,1298621
12/27/2004,23.66,23.8,23.36,23.37,2590058
12/28/2004,23.66,23.86,23.58,23.84,2158617
12/29/2004,23.89,24.19,23.8,23.95,1861698
12/30/2004,23.99,24.07,23.73,23.83,1423416
12/31/2004,24,24.13,23.65,23.65,1852094
01/03/2005,23.56,23.75,23.09,23.1,3324484
01/04/2005,23.09,23.18,22.62,22.63,3917549
01/05/2005,22.66,23.05,22.46,22.59,2878962
01/06/2005,22.81,23.22,22.73,23.07,2443224
01/07/2005,23.19,23.38,22.95,23.22,2146147
01/10/2005,23.27,23.81,23.27,23.54,2958546
01/11/2005,23.47,23.53,23.18,23.36,1970027
01/12/2005,23.81,23.81,22.62,23.02,5987146
01/13/2005,23.11,23.39,22.94,23.1,2472633
01/14/2005,23.21,23.55,23.15,23.38,1710940
01/18/2005,23.4,23.91,23.34,23.74,2734040
01/19/2005,23.67,23.7,23.26,23.27,2049644
01/20/2005,23.28,23.33,22.89,22.98,2331920
01/21/2005,22.93,23.08,22.46,22.55,2840054
01/24/2005,22.53,22.7,21.59,22.15,4749608
01/25/2005,22.84,23.3,22.42,22.92,6604758
01/26/2005,22.98,23.02,22.44,22.58,4049260
01/27/2005,22.63,22.74,22.39,22.67,2609133
01/28/2005,22.76,23.07,22.54,23.04,3629045
01/31/2005,23.35,23.71,23.17,23.54,3296583
02/01/2005,23.54,23.64,23.33,23.57,2301594
02/02/2005,23.79,23.85,23.52,23.61,2517629
02/03/2005,23.62,23.78,23.34,23.63,2200081
02/04/2005,23.5,23.56,23.18,23.34,2962010
02/07/2005,23.38,23.59,23.26,23.56,2105976
02/08/2005,23.47,23.55,23.07,23.17,2396944
02/09/2005,23.15,23.15,22.31,22.42,4175985
02/10/2005,22.69,22.81,22.55,22.65,2601501
02/11/2005,22.7,23.07,22.58,22.77,2400328
02/14/2005,22.85,22.96,22.36,22.44,2706877
02/15/2005,22.54,22.55,22.33,22.49,2402417
02/16/2005,22.47,22.88,22.34,22.82,3140067
02/17/2005,22.86,23.1,22.85,23.03,3071848
02/18/2005,23.06,23.45,22.97,23.28,4258819
02/22/2005,23.24,23.35,22.65,22.72,2977479
02/23/2005,22.75,23.16,22.75,23.09,2935932
02/24/2005,22.99,23.41,22.72,23.36,3525644
02/25/2005,23.29,23.81,23.28,23.76,3360656
02/28/2005,23.72,23.72,23.08,23.29,3604221
03/01/2005,23.29,23.69,23.27,23.53,2130568
03/02/2005,23.35,24.24,23.33,24.01,4219312
03/03/2005,24.76,25.08,24.46,24.89,6798958
03/04/2005,24.91,25.15,24.75,24.95,3454203
03/07/2005,24.85,25.11,24.73,24.92,2759349
03/08/2005,24.85,24.85,24.24,24.34,3210664
03/09/2005,24.54,24.54,23.7,24.13,3102106
03/10/2005,24.13,24.59,24.07,24.5,2658546
03/11/2005,24.63,24.82,24.53,24.8,2333893
03/14/2005,24.86,24.92,24.59,24.69,2259967
03/15/2005,24.64,24.71,24.51,24.54,1470331
03/16/2005,24.18,24.52,23.38,24.02,5135256
03/17/2005,24.03,24.12,23.76,24.02,2603894
03/18/2005,24.06,24.14,23.63,23.73,3246270
03/21/2005,23.71,23.71,23.29,23.42,2498665
03/22/2005,23.48,23.91,23.4,23.59,2343024
03/23/2005,23.59,23.59,23.16,23.34,2997478
03/24/2005,23.34,23.8,23.32,23.63,1717288
03/28/2005,23.65,24.06,23.65,23.93,2156685
03/29/2005,23.76,24.06,23.44,23.54,2644686
03/30/2005,23.53,23.85,23.53,23.84,1790915
03/31/2005,23.89,23.96,23.64,23.75,2131460
04/01/2005,24.05,24.05,22.87,23.3,3792159
04/04/2005,23.36,23.67,23.22,23.61,2834906
04/05/2005,23.85,24.6,23.67,24.14,2474512
04/06/2005,24.52,24.68,23.99,24.1,2810285
04/07/2005,24.12,24.12,23.77,23.78,2476939
04/08/2005,23.84,23.95,23.3,23.37,2274816
04/11/2005,23.54,23.62,22.96,23.13,2450873
04/12/2005,23.12,23.37,22.82,23.32,2427824
04/13/2005,23.33,23.56,22.94,23.13,2272628
04/14/2005,23.17,23.19,21.63,22.17,4802974
04/15/2005,22.18,22.19,21.09,21.17,4061733
04/18/2005,21.01,21.18,20.56,21.18,5556937
04/19/2005,21.96,22.41,21.71,21.88,3932936
04/20/2005,22.04,22.29,21.24,21.36,3180644
04/21/2005,21.81,22.03,21.65,21.92,2362586
04/22/2005,21.98,22.24,21.19,21.61,2856536
04/25/2005,22.02,22.24,21.85,22.08,3022391
04/26/2005,23.45,23.57,22.46,23.29,7454066
04/27/2005,23.19,23.69,22.94,23.41,2897271
04/28/2005,23.28,23.33,22.75,22.81,2658963
04/29/2005,23.04,23.08,22.05,22.47,3531437
05/02/2005,22.9,23.27,22.77,22.95,2774143
05/03/2005,22.91,23.32,22.72,23.04,3705261
05/04/2005,23.01,23.49,22.93,23.43,2658222
05/05/2005,23.65,24.22,23.61,23.77,2618161
05/06/2005,23.99,24.1,23.69,23.76,1905130
05/09/2005,23.67,24.1,23.66,24.08,2119916
05/10/2005,24.03,24.11,22.81,23.1,4357686
05/11/2005,23.27,24.13,23.27,24.05,3124221
05/12/2005,24.26,24.36,23.31,23.32,2229499
05/13/2005,23.68,23.75,23.24,23.56,2153410
05/16/2005,23.66,24.26,23.58,24.14,1995831
05/17/2005,23.32,24.33,23.32,24.32,1511510
05/18/2005,24.33,24.96,24.14,24.96,2413523
05/19/2005,24.88,25.02,24.42,24.94,3334474
05/20/2005,24.79,24.79,24.44,24.62,2196928
05/23/2005,24.6,24.82,24.53,24.72,2352805
05/24/2005,24.72,24.81,24.61,24.7,2588988
05/25/2005,24.7,24.76,24.26,24.5,1610335
05/26/2005,24.6,24.87,24.27,24.47,1900183
05/27/2005,24.45,24.72,24.37,24.56,2827360
05/31/2005,24.64,24.69,24.28,24.39,2805019
06/01/2005,24.42,25.95,24.37,25.72,5602262
06/02/2005,25.85,27.39,25.75,26.89,7102004
06/03/2005,26.84,27.26,26.53,26.64,3514854
06/06/2005,26.89,27.36,26.79,27.29,3629660
06/07/2005,27.31,27.7,26.97,27.47,4074655
06/08/2005,27.5,27.5,26.74,26.82,2855282
06/09/2005,26.84,26.9,26.37,26.84,3241760
06/10/2005,26.84,26.84,26.08,26.35,2652765
06/13/2005,26.27,26.64,26.04,26.48,2110122
06/14/2005,26.61,27.29,26.51,27.29,2711357
06/15/2005,27.49,28.26,27.44,28.02,3602877
06/16/2005,28.12,28.12,27.6,27.84,2118014
06/17/2005,28.1,28.1,27.38,27.63,3007392
06/20/2005,27.31,27.91,27.22,27.85,2022590
06/21/2005,27.79,28.56,27.68,28.46,2662258
06/22/2005,28.65,28.72,27.99,28.14,2709744
06/23/2005,27.74,28.14,27.3,27.35,2046196
06/24/2005,27.22,27.27,26.69,26.96,3037694
06/27/2005,26.89,26.99,26.55,26.78,1706876
06/28/2005,26.97,28.07,26.77,27.87,2332341
06/29/2005,28.02,28.38,27.82,28.17,2168919
06/30/2005,28.14,28.66,28.14,28.17,3740716
07/01/2005,28.48,28.7,27.92,28.12,1632376
07/05/2005,28.59,29.32,28.43,29.19,2749252
07/06/2005,29.04,29.1,28.36,28.62,2069979
07/07/2005,28.14,29.12,28.12,29.09,1790819
07/08/2005,29.13,29.64,29,29.56,1918921
07/11/2005,29.33,29.73,28.95,29.46,2168463
07/12/2005,29.53,29.81,29.45,29.68,1846068
07/13/2005,29.97,30.16,29.53,29.72,2010485
07/14/2005,29.73,29.99,28.96,29.16,2373844
07/15/2005,29.29,29.69,29.1,29.6,1888131
07/18/2005,29.61,29.68,29.48,29.55,963456
07/19/2005,29.84,30.4,29.6,30.37,1827825
07/20/2005,30.03,30.45,29.66,30.33,1522474
07/21/2005,30.41,30.41,29.78,29.84,1656801
07/22/2005,29.82,30.18,29.61,30.15,1273379
07/25/2005,30.2,30.37,29.24,29.31,2047205
07/26/2005,29.37,29.54,29.29,29.35,2258430
07/27/2005,29.39,29.45,27.98,29.3,3858085
07/28/2005,29.79,29.94,29.21,29.86,2353198
07/29/2005,29.75,29.85,29.19,29.45,2112463
08/01/2005,29.89,30.55,29.63,29.83,2899997
08/02/2005,29.77,29.77,27.83,29.13,11862640
08/03/2005,29.09,29.78,28.74,29.72,5383337
08/04/2005,29.53,29.58,29.22,29.33,3806955
08/05/2005,29.34,29.34,28.09,28.27,4196572
08/08/2005,28.28,28.83,28.28,28.49,2214966
08/09/2005,28.84,29.11,28.63,28.9,2125054
08/10/2005,29.1,29.48,28.94,29.05,2905672
08/11/2005,29.21,29.45,28.95,29.26,2031904
08/12/2005,29.2,29.35,28.86,29.1,1994376
08/15/2005,29.1,29.2,28.7,29.14,1275799
08/16/2005,29.01,29.01,28.27,28.35,2331933
08/17/2005,28.1,28.38,28.02,28.22,2067306
08/18/2005,27.96,28.22,27.26,28.05,2871048
08/19/2005,28.08,28.09,27.52,27.66,2521910
08/22/2005,27.68,27.68,26.64,27.08,4134293
08/23/2005,27.01,27.5,26.83,27.39,2365843
08/24/2005,28.1,29.11,27.59,28.52,6814366
08/25/2005,28.6,29.02,28.28,28.66,2084475
08/26/2005,28.67,28.73,28.09,28.25,1838715
08/29/2005,27.24,28.16,27.16,28.05,2094903
08/30/2005,27.93,27.98,26.92,27.22,3456677
08/31/2005,27.42,27.88,27.25,27.86,3284519
09/01/2005,27.86,27.98,26.95,27.17,2979092
09/02/2005,27.16,27.17,26.03,26.67,2472257
09/06/2005,26.69,27.21,26.69,27.11,2206405
09/07/2005,27.05,27.94,26.91,27.9,2839720
09/08/2005,27.92,27.94,27.49,27.57,1622825
09/09/2005,27.58,27.97,27.48,27.86,1522627
09/12/2005,28.31,28.43,27.81,27.87,2222177
09/13/2005,27.67,27.89,27.56,27.68,1890338
09/14/2005,27.62,27.72,27.23,27.28,2092228
09/15/2005,27.16,27.23,26.8,27.04,2498408
09/16/2005,27.07,27.13,26.66,26.97,2600866
09/19/2005,26.79,26.88,26.24,26.54,2134371
09/20/2005,26.55,26.83,25.6,25.68,2674639
09/21/2005,25.63,26.17,25.35,25.38,3510082
09/22/2005,25.37,26.81,25.24,26.54,3422712
09/23/2005,26.52,27.49,26.17,27.2,3448988
09/26/2005,27.82,27.86,27.05,27.1,3132208
09/27/2005,27.1,27.75,26.88,27.44,2788351
09/28/2005,27.44,27.49,25.92,26.21,3596349
09/29/2005,26.21,26.47,25.66,26.16,4128097
09/30/2005,26.18,26.56,25.9,26.29,2523130
10/03/2005,26.32,26.38,25.76,26.11,4139095
10/04/2005,26.12,26.13,25.81,25.85,3099237
10/05/2005,25.85,26.27,25.45,25.75,2947665
10/06/2005,25.69,26.44,25.69,26.17,3260933
10/07/2005,26.21,26.48,26.03,26.28,2121458
10/10/2005,26.26,26.51,25.89,25.89,1788975
10/11/2005,25.85,26.24,25.53,25.62,2429026
10/12/2005,25.61,25.82,24.06,24.29,5040353
10/13/2005,24.27,24.64,23.6,24.53,4477836
10/14/2005,24.84,25.74,24.84,25.55,3768727
10/17/2005,25.55,26.01,25.49,25.85,2297914
10/18/2005,25.63,25.72,25.15,25.6,2986052
10/19/2005,25.62,26.64,25.14,26.55,3248326
10/20/2005,26.65,27.49,26.61,26.69,3516237
10/21/2005,26.85,27.31,26.79,27.06,2610630
10/24/2005,26.43,26.62,25.63,26.22,5744681
10/25/2005,27.27,27.77,26.68,27.02,5569763
10/26/2005,27.06,27.61,26.85,27.14,4577725
10/27/2005,27.09,27.26,26.15,26.41,4203447
10/28/2005,26.41,26.71,26.11,26.57,3293336
10/31/2005,26.85,27.14,26.82,26.99,3588073
11/01/2005,27.13,27.37,26.6,27.21,3382823
11/02/2005,27.22,27.65,26.99,27.65,3836834
11/03/2005,28.09,28.82,28.09,28.5,4529519
11/04/2005,28.51,28.87,28.15,28.69,3466002
11/07/2005,28.93,29.23,28.77,29.17,3135738
11/08/2005,28.88,28.89,28.37,28.46,1966310
11/09/2005,28.45,28.64,28.02,28.41,1977685
11/10/2005,28.46,29.36,28.37,29.36,2417578
11/11/2005,29.29,29.37,28.67,29.03,1928173
11/14/2005,29.06,29.1,28.69,28.86,1689734
11/15/2005,28.86,29.03,27.82,27.91,3077015
11/16/2005,28.1,28.48,27.98,28.44,3294558
11/17/2005,28.52,28.75,28.37,28.72,2134823
11/18/2005,29.09,29.1,28.34,28.89,2682729
11/21/2005,29.08,29.25,28.9,29.24,2744580
11/22/2005,29.26,29.31,28.9,29.19,1864990
11/23/2005,29.35,30.41,29.21,30.15,4790131
11/25/2005,30.15,30.74,29.84,30.74,1775310
11/28/2005,30.74,30.9,29.57,29.59,2434861
11/29/2005,30.01,30.28,29.57,30.01,2504117
11/30/2005,29.68,30.7,28.73,28.9,6654930
12/01/2005,29.21,29.66,28.99,29.52,3160302
12/02/2005,29.52,29.78,29.26,29.39,2263543
12/05/2005,29.53,29.55,28.77,29.36,2773397
12/06/2005,29.55,30.15,29.49,29.81,2526169
12/07/2005,29.79,29.97,29.17,29.32,2379325
12/08/2005,29.43,29.66,29.21,29.36,3427469
12/09/2005,29.28,29.63,29.02,29.43,1845736
12/12/2005,29.45,29.6,28.87,29.11,1974128
12/13/2005,29.07,29.08,28.39,28.73,3302180
12/14/2005,28.86,29.02,28.48,28.77,2675980
12/15/2005,28.94,28.96,28.52,28.78,2891593
12/16/2005,28.79,28.87,28.14,28.41,2913020
12/19/2005,28.46,28.51,27.65,27.78,3164745
12/20/2005,27.52,28.49,26.85,28.21,4471281
12/21/2005,28.2,28.78,28.09,28.51,2636061
12/22/2005,28.52,28.59,27.95,28.3,4717332
12/23/2005,28.29,28.33,27.94,28.04,1521588
12/27/2005,28.01,28.08,27.26,27.34,2724223
12/28/2005,27.44,28.4,27.42,28.23,3217078
12/29/2005,28.15,28.56,28.1,28.18,1707419
12/30/2005,28.09,28.37,27.96,27.98,1220620
01/03/2006,28.45,28.53,27.33,27.93,2979943
01/04/2006,27.95,27.95,26.81,27.43,7509183
01/05/2006,27.36,28.67,27.26,27.85,4518193
01/06/2006,27.99,28.19,27.61,27.94,2579422
01/09/2006,28.03,29.05,28.03,28.97,2848617
01/10/2006,28.51,28.98,28.43,28.77,2645674
01/11/2006,28.53,28.65,28.04,28.14,3458410
01/12/2006,28.15,28.24,27.46,27.48,2506606
01/13/2006,27.52,28.04,27.28,27.83,2360837
01/17/2006,27.57,27.73,27.16,27.32,2358684
01/18/2006,27.23,28.01,27.1,27.52,2853946
01/19/2006,27.6,27.84,27.56,27.57,2678392
01/20/2006,27.47,27.52,26.58,26.63,3937781
01/23/2006,26.75,27.03,26.57,26.92,3762418
01/24/2006,28.46,29.61,28.32,29.27,9743260
01/25/2006,29.25,30,29.12,29.66,3718237
01/26/2006,29.84,30.07,29.57,30.02,3455975
01/27/2006,30.07,30.28,29.92,30.12,3529753
01/30/2006,30.09,30.37,29.97,30.32,2084435
01/31/2006,29.89,30.25,29.59,30.18,2928494
02/01/2006,30.21,30.51,29.97,30.4,3577032
02/02/2006,30.33,30.67,30.24,30.62,2926104
02/03/2006,30.22,30.45,29.89,30.34,2312592
02/06/2006,30.27,30.84,30.08,30.77,3184410
02/07/2006,30.79,31.2,29.82,29.96,2859512
02/08/2006,29.98,30.27,29.79,30.1,1944711
02/09/2006,30.11,30.19,29.81,29.89,1877027
02/10/2006,29.85,29.88,29.27,29.79,1907590
02/13/2006,29.28,29.73,28.61,29.64,3016812
02/14/2006,29.72,30.07,29.49,29.91,3832045
02/15/2006,29.39,30.08,28.89,29.71,3023828
02/16/2006,29.87,30.26,29.62,30.26,1565072
02/17/2006,30.25,30.76,29.98,30.38,2417753
02/21/2006,30.39,30.63,29.89,30.25,1439337
02/22/2006,30.26,30.96,30.12,30.7,2318829
02/23/2006,30.67,31.02,30.37,30.37,1788657
02/24/2006,30.19,30.44,29.79,30.33,1461732
02/27/2006,30.23,30.8,30.14,30.43,1099155
02/28/2006,30.45,30.62,29.78,29.97,1697458
03/01/2006,29.83,30.19,29.79,30.1,1973732
03/02/2006,29.96,30.46,29.54,30.39,2458386
03/03/2006,30.23,30.59,30.14,30.31,1268178
03/06/2006,30.12,30.17,29.66,29.87,1771851
03/07/2006,29.82,29.9,29.46,29.66,1875912
03/08/2006,29.5,29.78,29.35,29.55,1402363
03/09/2006,29.55,29.82,29.48,29.64,1416863
03/10/2006,30.02,30.82,29.94,30.59,3005652
03/13/2006,30.85,31.36,30.62,30.7,2618789
03/14/2006,30.71,31.12,30.63,31.01,1550306
03/15/2006,30.91,31.03,30.58,30.78,2352936
03/16/2006,30.92,31.01,30.21,30.43,2262089
03/17/2006,30.33,30.34,29.79,29.83,3505572
03/20/2006,29.78,30,29.65,29.87,2580419
03/21/2006,29.97,30.14,29.52,29.58,1806634
03/22/2006,29.67,30.12,29.6,29.86,1458691
03/23/2006,29.86,29.87,29.57,29.61,1397542
03/24/2006,29.55,29.92,29.47,29.73,1079151
03/27/2006,29.59,29.72,29.35,29.36,1186321
03/28/2006,29.33,29.52,28.81,28.82,3156864
03/29/2006,28.89,29.47,28.89,29.3,1490721
03/30/2006,29.63,29.63,29,29.3,1317598
03/31/2006,29.28,29.53,28.95,29,1707222
04/03/2006,29.22,29.24,28.86,28.9,2069081
04/04/2006,28.89,29.03,28.43,28.77,2972089
04/05/2006,28.84,29.36,28.78,28.94,1852478
04/06/2006,29.03,29.75,28.91,29.55,2400477
04/07/2006,29.78,29.91,29.4,29.66,2627645
04/10/2006,29.66,29.66,29.13,29.21,1920683
04/11/2006,29.24,29.34,28.57,28.7,1541043
04/12/2006,28.66,28.8,28.2,28.25,3025734
04/13/2006,28.26,28.53,28.07,28.09,2640548
04/17/2006,28.29,28.97,28.17,28.46,2702634
04/18/2006,28.5,29.37,28.5,29.29,2852503
04/19/2006,29.34,29.45,28.89,29.02,1851708
04/20/2006,28.99,29.6,28.97,29.53,2197796
04/21/2006,29.71,29.71,29.24,29.42,2249377
04/24/2006,29.32,29.54,29.11,29.52,3159942
04/25/2006,28.92,28.93,26.99,27.59,12184917
04/26/2006,27.16,28.01,27.01,27.47,7592120
04/27/2006,27.04,27.44,26.6,27.41,6524481
04/28/2006,27.42,27.87,27.17,27.7,4488310
05/01/2006,27.71,27.91,27.11,27.18,3986505
05/02/2006,27.09,27.57,26.73,27.53,3506032
05/03/2006,27.61,28.45,27.56,27.86,5950670
05/04/2006,27.86,28.19,27.6,27.7,3249491
05/05/2006,27.93,28.05,26.52,26.74,8997072
05/08/2006,26.72,26.89,26.67,26.78,5536573
05/09/2006,27.05,27.15,26.72,26.78,5200514
05/10/2006,26.72,26.97,26.48,26.56,4257767
05/11/2006,26.71,26.92,26.17,26.23,5949005
05/12/2006,26.24,26.24,25.3,25.71,5630412
05/15/2006,25.47,25.83,25.45,25.7,4258686
05/16/2006,26,26.07,25.37,25.45,5568759
05/17/2006,25.25,25.31,24.51,25.11,8102959
05/18/2006,25.29,25.97,25.29,25.6,7448749
05/19/2006,25.72,26.01,25.02,25.18,5716359
05/22/2006,24.98,25.25,24.47,24.68,4846595
05/23/2006,24.92,25.31,24.71,24.72,3763983
05/24/2006,24.6,24.72,23.41,23.85,7855667
05/25/2006,24.16,24.94,24.16,24.78,8276352
05/26/2006,25.17,25.33,24.58,25.08,5867111
05/30/2006,25.08,25.09,24.22,24.31,5490289
05/31/2006,24.38,24.52,24.02,24.39,3829849
06/01/2006,24.27,25.17,24.03,25.17,4465389
06/02/2006,25.26,25.59,24.68,25.07,3692900
06/05/2006,25.99,25.99,24.85,24.89,4811240
06/06/2006,24.92,25.34,24.5,24.63,5208346
06/07/2006,24.67,24.67,24.27,24.33,5151241
06/08/2006,24.33,24.33,23.17,24,5928575
06/09/2006,23.98,24.38,23.89,24.06,3066285
06/12/2006,24.1,24.22,23.34,23.41,3172609
06/13/2006,23.3,23.65,23.17,23.28,4049248
06/14/2006,23.2,23.79,23.18,23.5,2806387
06/15/2006,23.64,24.95,23.59,24.86,8362489
06/16/2006,24.92,25.28,24.92,25.02,9382623
06/19/2006,24.97,25.22,24.71,24.73,4143685
06/20/2006,24.66,24.74,24.16,24.25,3434643
06/21/2006,24.27,24.53,24.21,24.27,4682063
06/22/2006,24.22,24.28,23.9,24.05,3494480
06/23/2006,23.91,24.02,23.82,23.91,3574091
06/26/2006,24.05,24.22,23.64,23.91,1837551
06/27/2006,23.93,24.06,23.3,23.33,2713315
06/28/2006,23.64,24.33,23.49,24.04,3956922
06/29/2006,24.01,24.95,24.01,24.84,3685732
06/30/2006,25.04,25.28,24.97,25.07,2723731
07/03/2006,25.15,25.26,24.63,24.73,1302339
07/05/2006,24.2,24.35,23.96,24.15,3144357
07/06/2006,24.15,24.61,23.93,24.53,2886324
07/07/2006,24.41,24.45,23.77,23.89,2433429
07/10/2006,23.95,24.33,23.64,23.74,1965705
07/11/2006,23.73,23.77,23.05,23.72,3923495
07/12/2006,23.76,23.89,23.08,23.15,4617870
07/13/2006,22.91,23.2,22.66,22.96,5681943
07/14/2006,22.94,23.16,21.92,22.18,7520323
07/17/2006,22.16,22.25,21.75,21.91,3642366
07/18/2006,21.89,22,21.03,21.38,5634536
07/19/2006,21.55,22.5,21.51,22.47,6151311
07/20/2006,22.73,22.85,22.27,22.29,3553593
07/21/2006,22.44,22.5,21.82,22.08,2477048
07/24/2006,22.24,22.95,22.24,22.83,4031302
07/25/2006,22.87,23.63,22.62,23.44,3614496
07/26/2006,23.29,23.44,22.8,22.91,2077603
07/27/2006,23.24,23.59,22.75,23.11,3025790
07/28/2006,23.43,23.77,23.29,23.59,4075050
07/31/2006,24.49,24.53,23.78,24.09,8802911
08/01/2006,24.14,24.72,22.97,24.7,11137154
08/02/2006,24.9,25.21,24.37,24.69,3158262
08/03/2006,24.82,25.58,24.58,25.3,4790966
08/04/2006,25.66,26.01,24.88,25.18,3745380
08/07/2006,25.03,25.14,24.68,25.04,2679765
08/08/2006,25.06,25.42,24.9,25.01,2856722
08/09/2006,25.01,25.36,24.73,24.91,4623872
08/10/2006,24.76,25.49,24.75,25.28,3323764
08/11/2006,25.17,25.28,24.9,25.15,1859395
08/14/2006,25.25,25.54,25.03,25.14,1734764
08/15/2006,25.36,25.88,25.18,25.82,2097437
08/16/2006,25.99,26.43,25.83,26.3,4591913
08/17/2006,26.19,26.41,25.9,26.15,2353784
08/18/2006,26.18,26.32,25.86,26.24,2165534
08/21/2006,25.88,25.98,25.31,25.8,3520192
08/22/2006,26.37,26.69,26.14,26.36,3405121
08/23/2006,26.33,26.37,25.54,25.65,2142890
08/24/2006,24.65,25.33,24.24,24.56,7841534
08/25/2006,24.47,24.47,23.73,24.34,5146926
08/28/2006,24.34,24.95,24.25,24.76,3210762
08/29/2006,24.62,25.17,24.62,25.12,2945057
08/30/2006,25.2,25.65,25.05,25.44,2538284
08/31/2006,25.32,25.57,24.99,25.32,3317177
09/01/2006,25.62,26.14,25.59,25.93,2791755
09/05/2006,25.93,26.07,25.76,26.01,2625708
09/06/2006,25.89,26.09,25.67,25.7,1754073
09/07/2006,25.54,26.11,25.08,25.85,5184913
09/08/2006,25.85,26.84,25.82,26.74,5263362
09/11/2006,26.54,26.71,26.22,26.36,3539421
09/12/2006,26.43,28.17,26.37,28.04,6120557
09/13/2006,27.83,28.42,27.68,28.26,4859469
09/14/2006,27.98,28.62,27.75,28.39,3547635
09/15/2006,28.39,28.6,28.11,28.4,5577569
09/18/2006,28.4,28.53,28.22,28.28,3328317
09/19/2006,28.47,28.66,28.26,28.6,2954711
09/20/2006,28.73,29.22,28.7,29.05,2782994
09/21/2006,29.01,29.13,28.46,28.52,2663221
09/22/2006,28.52,28.83,27.99,28.22,3538625
09/25/2006,28.54,28.88,28.18,28.86,3267265
09/26/2006,28.77,29.14,28.61,29.07,2372402
09/27/2006,29.07,29.34,28.8,28.87,2675173
09/28/2006,29.02,29.16,28.46,28.6,2835494
09/29/2006,28.68,28.91,28.35,28.86,2902029
10/02/2006,28.91,29.3,28.64,28.7,2161909
10/03/2006,28.86,29.2,28.61,29,1637133
10/04/2006,29.01,29.96,29.01,29.79,3444192
10/05/2006,29.92,30.42,29.58,30.27,4307185
10/06/2006,30.28,30.3,29.62,29.66,2147290
10/09/2006,29.37,29.94,29.26,29.73,2648093
10/10/2006,29.92,30.29,29.85,30.02,2744152
10/11/2006,29.87,29.91,29.53,29.68,1928309
10/12/2006,29.97,30,29.6,29.92,3347353
10/13/2006,29.96,30.75,29.83,30.6,4502763
10/16/2006,30.62,30.96,30.28,30.86,3042856
10/17/2006,30.8,30.8,29.85,30.45,2655139
10/18/2006,30.82,30.98,30.15,30.29,2369991
10/19/2006,30.13,30.29,29.62,29.67,2541674
10/20/2006,29.71,29.98,29.59,29.6,3860883
10/23/2006,29.63,30.58,29.45,30.51,6717254
10/24/2006,31.87,33.06,31.53,32.89,15229691
10/25/2006,32.92,33.69,32.92,33.52,6790902
10/26/2006,33.5,33.5,32.96,33.26,3305231
10/27/2006,32.91,33.17,32.6,32.73,2689945
10/30/2006,32.72,33.69,32.46,33.56,6001253
10/31/2006,33.56,33.62,33.18,33.25,3728462
11/01/2006,33.25,33.55,33.19,33.26,3354646
11/02/2006,33.07,33.32,32.53,33.17,3626259
11/03/2006,33.37,33.54,32.16,32.39,3448332
11/06/2006,32.72,33.2,32.52,33.01,3237213
11/07/2006,33.33,33.53,33.03,33.12,3507734
11/08/2006,33.12,33.17,32.48,32.7,3929699
11/09/2006,32.87,32.92,32.26,32.39,2359206
11/10/2006,32.52,32.75,32.21,32.5,2652036
11/13/2006,32.57,33.15,32.48,32.99,3720057
11/14/2006,32.93,34.08,32.86,33.89,6524633
11/15/2006,34.13,35.76,34.12,35.45,10757961
11/16/2006,35.78,35.8,34.98,35.52,4599247
11/17/2006,35.24,35.27,34.5,35.23,3992370
11/20/2006,35.27,35.43,34.92,35.06,4501925
11/21/2006,35.17,35.54,35.07,35.38,3002165
11/22/2006,35.34,35.88,35.19,35.77,2643823
11/24/2006,35.75,35.98,35.36,35.93,1570255
11/27/2006,35.52,35.62,34.83,35.33,6550446
11/28/2006,35.12,35.18,34.61,35.12,2392024
11/29/2006,35.7,36.06,35.37,35.99,3331848
11/30/2006,36.01,36.33,35.66,36.27,3776274
12/01/2006,36.35,36.5,35.16,35.75,3226798
12/04/2006,36.03,36.48,35.83,36.34,2467728
12/05/2006,36.42,36.72,36.06,36.68,3267200
12/06/2006,36.69,37.14,36.49,36.73,2407004
12/07/2006,36.92,37.2,36.45,36.55,1648782
12/08/2006,36.71,36.85,36.1,36.17,2957024
12/11/2006,36.06,36.34,35.77,36.11,6139122
12/12/2006,36.07,36.16,35.36,35.61,3169872
12/13/2006,36.01,36.29,35.35,35.56,3838893
12/14/2006,35.59,36.42,35.59,36.28,2700541
12/15/2006,36.32,36.91,36.05,36.09,3029355
12/18/2006,36.36,36.44,35.18,35.27,4245852
12/19/2006,35.15,36.22,35.14,36.08,4015304
12/20/2006,36.45,37.73,36.45,37.15,5774412
12/21/2006,36.99,37.15,36.58,36.79,3392429
12/22/2006,36.9,36.94,36.51,36.57,2235332
12/26/2006,35.62,36.5,35.62,36.47,2331949
12/27/2006,36.53,36.59,36.28,36.37,1952568
12/28/2006,36.2,36.71,36.2,36.58,1353428
12/29/2006,36.49,36.74,36,36.01,1347133
01/03/2007,36.55,37.39,36.37,36.76,4000362
01/04/2007,37.16,37.78,36.84,37.75,3745868
01/05/2007,37.62,37.62,36.79,36.91,2359873
01/08/2007,37.12,37.12,36.56,36.92,3621078
01/09/2007,36.94,37.38,36.81,37.29,2616873
01/10/2007,37.74,37.74,36.99,37.28,2153316
01/11/2007,37.32,38.47,37.12,38.28,3242243
01/12/2007,38.18,38.54,37.99,38.43,2074530
01/16/2007,38.78,39.47,38.69,38.85,3348551
01/17/2007,38.9,39.16,38.39,38.47,2850577
01/18/2007,37.93,38.55,37.43,37.8,3201946
01/19/2007,37.88,38.02,37.27,37.75,4010736
01/22/2007,37.78,37.9,36.77,36.86,4678962
01/23/2007,36.89,37.26,35.63,36.87,10088965
01/24/2007,36.53,37.61,36.49,37.57,4357217
01/25/2007,37.69,38.14,36.47,36.76,4710523
01/26/2007,37.01,37.24,36.51,36.77,3188462
01/29/2007,36.81,37.67,36.77,37.34,3426603
01/30/2007,37.46,37.75,37.2,37.6,2744601
01/31/2007,37.72,38.62,37.59,38.46,3458849
02/01/2007,38.97,39.26,38.63,39.23,4199089
02/02/2007,39.35,39.66,38.98,39.52,3557170
02/05/2007,39.57,39.57,38.9,39.01,2257387
02/06/2007,39.29,39.53,38.95,39.47,2136255
02/07/2007,39.5,39.86,39.3,39.78,1928264
02/08/2007,39.69,39.96,39.37,39.86,2697945
02/09/2007,39.94,40.07,38.87,39.29,2489362
02/12/2007,39.31,39.69,39.02,39.61,2904804
02/13/2007,39.67,40.52,39.67,40.48,5176819
02/14/2007,40.53,41.56,40.08,41.37,5636470
02/15/2007,41.32,41.49,41.11,41.35,3437485
02/16/2007,41.35,41.94,41.11,41.93,3434144
02/20/2007,41.95,42.79,41.69,42.64,4490103
02/21/2007,42.64,42.81,41.72,41.9,4582922
02/22/2007,41.82,42.01,41.21,41.72,3267142
02/23/2007,41.89,42.16,41.54,41.93,2635720
02/26/2007,42.2,42.22,40.88,41.05,2274888
02/27/2007,39.65,39.79,35.62,38.62,4961591
02/28/2007,38.7,39.97,38.68,39.58,4246218
03/01/2007,39.45,40.73,38.42,40.4,4395540
03/02/2007,40.34,40.45,39.97,40.06,3456002
03/05/2007,39.65,39.96,39.11,39.14,5429212
03/06/2007,39.5,40.42,39.48,40.1,4281360
03/07/2007,40.15,41.14,39.77,40.42,4307509
03/08/2007,40.9,41.78,40.7,41.24,3198002
03/09/2007,41.81,41.81,40.62,41.37,2987653
03/12/2007,41.6,41.95,41.54,41.87,2521392
03/13/2007,41.89,41.89,40.63,40.88,5583782
03/14/2007,40.49,41.25,39.87,40.94,5281104
03/15/2007,40.95,41.33,40.81,41.23,2435787
03/16/2007,41.29,41.34,40.61,40.89,4155946
03/19/2007,41.22,41.53,41.08,41.39,2501353
03/20/2007,41.51,42.02,41.28,41.95,3049652
03/21/2007,41.95,42.27,41.53,42.13,3720934
03/22/2007,42.37,42.74,42.02,42.6,2739341
03/23/2007,42.61,42.85,42.36,42.75,2430209
03/26/2007,43.48,43.48,42.23,42.69,2699594
03/27/2007,42.7,42.72,42.17,42.47,3518940
03/28/2007,42.18,42.19,41.68,41.8,3355866
03/29/2007,42.18,42.64,41.3,41.75,3208726
03/30/2007,41.94,42.53,41.76,41.99,3398243
04/02/2007,42,42.35,41.63,42.11,3273283
04/03/2007,42.22,43.08,42.22,42.75,3854395
04/04/2007,42.82,43.36,42.57,43.32,2824997
04/05/2007,43.41,43.42,43.01,43.12,2076061
04/09/2007,43.28,43.28,42.68,43.05,2501268
04/10/2007,43.11,43.4,42.89,43.12,3377200
04/11/2007,43.44,43.61,42.87,43,3662786
04/12/2007,43.13,44.42,42.5,44.34,4958242
04/13/2007,44.88,44.88,43.31,43.61,3428549
04/16/2007,43.96,44.73,43.86,44.42,3501224
04/17/2007,44.44,44.52,43.57,43.81,3062020
04/18/2007,43.84,44.35,43.6,44.22,3321018
04/19/2007,43.89,44.05,43.37,43.47,2314550
04/20/2007,44.42,45.14,44.19,45.12,4693821
04/23/2007,45.19,45.3,44.38,44.76,4041159
04/24/2007,44.02,44.44,41.59,42.18,12009177
04/25/2007,42.92,42.98,42.28,42.55,6238931
04/26/2007,42.8,43.16,42.29,43.05,4660402
04/27/2007,43.02,43.19,42.8,42.99,4715707
04/30/2007,42.91,42.91,40.89,40.93,6467190
05/01/2007,41.2,41.2,39.28,40.34,9585457
05/02/2007,40.77,41.37,40.41,40.74,6012217
05/03/2007,40.78,40.8,39.87,40.05,5263692
05/04/2007,40.1,41.28,40.08,41.22,4677672
05/07/2007,41.47,41.5,40.21,40.43,4243122
05/08/2007,40.35,40.82,40.15,40.72,3954779
05/09/2007,40.74,41.45,40.54,41.37,3262588
05/10/2007,41.11,41.37,40.25,40.38,3849029
05/11/2007,40.7,40.96,39.76,40.12,4053400
05/14/2007,39.86,40.09,39.44,39.72,3471571
05/15/2007,39.44,39.95,38.64,38.67,7368245
05/16/2007,38.84,39.84,38.78,39.81,5363739
05/17/2007,39.84,40.55,39.62,40.15,3041996
05/18/2007,40.26,40.39,39.58,40.21,3198743
05/21/2007,40.28,41.2,40.28,40.74,3010417
05/22/2007,41.11,41.52,40.91,41.28,5015358
05/23/2007,41.51,41.8,41.27,41.3,4636253
05/24/2007,41.42,41.71,40.65,40.77,4049328
05/25/2007,40.26,41.13,40.26,40.82,2347614
05/29/2007,41.13,41.69,40.8,41.17,3037908
05/30/2007,41.06,43.59,40.86,42.94,7179695
05/31/2007,43.01,43.6,42.94,43.09,3596998
06/01/2007,43.19,43.49,42.81,43.04,3353164
06/04/2007,43.11,43.58,42.9,43.26,3079581
06/05/2007,43.17,43.2,42.01,42.23,4391788
06/06/2007,42.15,42.18,40.94,41.2,6112413
06/07/2007,41.43,41.52,40.1,40.16,4285053
06/08/2007,40.16,41.28,39.52,41.12,4004993
06/11/2007,41.12,41.12,40.27,40.33,3354048
06/12/2007,40.36,40.38,39.73,39.79,3257648
06/13/2007,40.23,41.06,40.09,41.01,3782992
06/14/2007,41.03,41.54,40.7,40.98,4081504
06/15/2007,41.25,41.37,40.57,40.83,3211228
06/18/2007,40.92,41.2,40.27,40.79,2421973
06/19/2007,40.72,41.67,40.4,41.6,3384025
06/20/2007,41.67,41.72,40.26,40.26,3036519
06/21/2007,40.29,40.34,39.64,40.29,2826234
06/22/2007,40.23,40.32,38.79,39.56,5760366
06/25/2007,39.64,39.81,38.77,39.02,3153307
06/26/2007,39.26,39.75,39.07,39.11,3024399
06/27/2007,38.77,39.72,38.65,39.66,3551603
06/28/2007,39.68,40.14,39.51,39.73,2323807
06/29/2007,39.97,40.62,39.53,39.72,3402553
