07/18/2000,14.5,14.5,10.38,12.25,81490
07/19/2000,12.38,12.38,11.62,11.81,13800
07/20/2000,12.25,12.25,11.75,12,12400
07/21/2000,12.12,12.12,10.88,11.12,5600
07/24/2000,11.38,11.38,10.88,11,19100
07/25/2000,11,11.005,10.878,10.94,12300
07/26/2000,11.06,11.11,10.378,10.44,18000
07/27/2000,10.5,10.5,8.94,9.5,25800
07/28/2000,9.75,9.75,7.81,8.34,62300
07/31/2000,8.25,8.62,8.25,8.5,30300
08/01/2000,8.5,8.75,8.5,8.5,12700
08/02/2000,8.38,8.88,7.88,7.88,20800
08/03/2000,8.25,8.25,7.5,7.75,9600
08/04/2000,7.88,7.88,7.5,7.62,8400
08/07/2000,7.75,8.1875,7.5625,8,38900
08/08/2000,8.31,8.55,7.9338,8.12,22290
08/09/2000,8.25,8.56,8.06,8.06,31500
08/10/2000,8,8.1201,7.81,7.81,56000
08/11/2000,7.75,7.94,7.75,7.81,37800
08/14/2000,7.91,8.12,7.75,7.75,56900
08/15/2000,7.62,7.75,7.62,7.62,13300
08/16/2000,7.62,7.75,7.5,7.75,33100
08/17/2000,7.75,7.75,7.69,7.69,9700
08/18/2000,7.69,7.75,6.88,7,764150
08/21/2000,7.002,7.19,7.002,7.19,81300
08/22/2000,7.06,7.06,6.9975,7.06,29000
08/23/2000,7.06,7.25,6.94,7.19,46900
08/24/2000,7.25,7.31,7.12,7.12,31620
08/25/2000,7,7.12,6.99752,7.06,8700
08/28/2000,7.19,7.19,7,7,9800
08/29/2000,7,7.121,6.38,6.38,49200
08/30/2000,6.41,6.5,6.375,6.5,75000
08/31/2000,6.56,6.5603,5,5.12,122720
09/01/2000,5.62,6.5616,5.56,6.5,137520
09/05/2000,6.44,6.44,5.75,6.25,103000
09/06/2000,6.12,6.122,5.75,5.75,9600
09/07/2000,6,6.25,5.879,6.19,102280
09/08/2000,6.38,7,6.255,7,66400
09/11/2000,6.94,8.25,6.84622,7.75,226300
09/12/2000,8.25,8.75,7.879,8.75,382830
09/13/2000,8.72,8.75125,8.38,8.38,12800
09/14/2000,8.38,8.5,8.12,8.12,14600
09/15/2000,8.22,8.22,7.88,8.06,33300
09/18/2000,8.34,8.38,7.9382,8,19500
09/19/2000,7.94,8,6.81,6.81,125400
09/20/2000,6.81,7.88,6.81,7.88,45900
09/21/2000,7.81,8.062,7.62,8,14000
09/22/2000,7.75,8,7.75,8,23500
09/25/2000,7.651,8.38,7.53,8.38,145730
09/26/2000,8.38,8.44,8.25,8.25,12100
09/27/2000,8.12,8.3074,7.75,8.12,37000
09/28/2000,8.005,8.7552,7.9422,8.38,51000
09/29/2000,8.12,10.12,8.12,9.81,181040
10/02/2000,9.875,10,8.25,8.25,55300
10/03/2000,8.623,8.872,8.5,8.81,23900
10/04/2000,8.56,9,8.38,8.59,43900
10/05/2000,8.56,8.88,8.25,8.44,107590
10/06/2000,8.5,8.5625,8,8,49100
10/09/2000,8,8.0002,7.44,7.5,89100
10/10/2000,7.8,7.8,7.5,7.5,35700
10/11/2000,7.5,7.75,7.25,7.62,38310
10/12/2000,7.69,7.69,7.12,7.12,12750
10/13/2000,7.12,7.25,6.88,7.25,24400
10/16/2000,6.88,7.25,6.877,7.25,6100
10/17/2000,6.88,7,6.62,7,31800
10/18/2000,7.12,7.12,6.75,6.75,30700
10/19/2000,7.12,7.125,7,7,20000
10/20/2000,7.12,7.12,6.81,7,21500
10/23/2000,6.81,7.09,6.8094,7,5200
10/24/2000,6.81,7.127,6.81,6.88,12700
10/25/2000,6.81,7.25,6.81,7,8800
10/26/2000,7,7,7,7,14600
10/27/2000,6.88,7.25,6.88,7.25,35800
10/30/2000,7.25,7.25,6.62,6.75,14200
10/31/2000,6.88,6.88,6.4422,6.88,9600
11/01/2000,6.88,6.88,6.62,6.62,4800
11/02/2000,6.75,6.872,6.7475,6.81,36110
11/03/2000,6.5,7.0716,6.5,7.0716,12490
11/06/2000,6.8119,6.9994,6.8119,6.96812,6900
11/07/2000,6.94,6.94,6.25,6.81,7800
11/08/2000,6.5,6.5,6.44,6.5,4500
11/09/2000,6.5,7.31,6.38,7.19,28300
11/10/2000,7.25,7.75,7.25,7.62,8800
11/13/2000,7.5,7.5,7.44,7.44,9600
11/14/2000,7.6937,7.76,7.6937,7.76,10600
11/15/2000,7.75,8.0625,7.75,8,19000
11/16/2000,8.25,8.25,6.88,8.12,20100
11/17/2000,8.10192,8.10192,8.00808,8.00808,4900
11/20/2000,8,8,7,7.19,13500
11/21/2000,7.12,7.75,7,7.75,19700
11/22/2000,7.5,7.69,7.25,7.69,64300
11/24/2000,7.25,7.25,6.9397,7,9400
11/27/2000,6.95,7.31,6.88,6.88,90980
11/28/2000,6.75,7.065,6.5649,6.94,31000
11/29/2000,7,7.125,6.5625,7,348800
11/30/2000,6.09,6.25,6,6.12,12200
12/01/2000,6.25,6.75,6,6.38,55090
12/04/2000,6.5,6.5,6.25,6.5,4800
12/05/2000,6.122,6.1849,5.6852,6.06,102620
12/06/2000,5.88,6.28,5.5,6.12,29100
12/07/2000,6.86,7,6.62,7,16100
12/08/2000,6.81,7.5,6.12,7.5,13800
12/11/2000,7.5,8,6.81,8,66000
12/12/2000,8,8,7,7,46910
12/13/2000,7.38,7.5989,7.38,7.38,28990
12/14/2000,7.75,8,6.62,7,46800
12/15/2000,6.75,6.875,6.56,6.56,10200
12/18/2000,6.58,7.12,6.31,6.75,36900
12/19/2000,6.5,6.75,6.3775,6.44,13800
12/20/2000,6.44,6.5,6.12,6.5,22900
12/21/2000,6.38,6.5,5.88,5.88,48580
12/22/2000,5.88,6.31,5.88,6.31,15200
12/26/2000,6.12,6.44,6.06,6.25,68500
12/27/2000,6.03,6.44,5.6899,6.25,30000
12/28/2000,5.75,6,5.75,6,28900
12/29/2000,5.81,6.38,5.81,6,52700
01/02/2001,5.81,6,5.81,6,3300
01/03/2001,6.38,6.44,6.12,6.31,3300
01/04/2001,6.44,6.56,6.12,6.56,10510
01/05/2001,6.2,6.88,6.2,6.75,14400
01/08/2001,6.62,6.88,6,6.25,13600
01/09/2001,6.12,6.12,6,6,2800
01/10/2001,6,6,6,6,900
01/11/2001,5.88,6.004,5.879,5.88,9100
01/12/2001,5.9375,6,5.9375,6,5200
01/16/2001,6,7.001,6,6.88,79800
01/17/2001,6.69,6.8125,6.69,6.75,9000
01/18/2001,7.06,7.12,6.62,6.62,4800
01/19/2001,6.875,6.875,6.5,6.5,700
01/22/2001,7,7,6.5,6.5,14100
01/23/2001,6.62,6.627,6.4397,6.5,28100
01/24/2001,6.4543,6.517,6.392,6.48567,12380
01/25/2001,6.47564,6.5069,6.3818,6.4444,39570
01/26/2001,6.38,6.5,5.62,6.12,42220
01/29/2001,6.3101,6.56,6.248,6.56,75420
01/30/2001,6.56,6.75,6.56,6.75,5100
01/31/2001,6.64,6.81,6.376,6.81,5700
02/02/2001,6.81,7,6.81,6.88,2000
02/05/2001,6.8093,7,6.5,6.59068,5200
02/06/2001,6.5,6.94,6.5,6.94,1600
02/07/2001,6.5,6.5,6.5,6.5,1400
02/08/2001,6.5,6.622,6.5,6.5,4100
02/09/2001,6.5,6.5,6.5,6.5,1300
02/12/2001,6.38,6.38,6.38,6.38,1400
02/13/2001,6.44,6.5,6.44,6.5,200
02/14/2001,6.5,6.94,6.5,6.5,3000
02/15/2001,6.385,6.698,6.385,6.385,1800
02/16/2001,6.38,6.5,6.31,6.5,4700
02/20/2001,6.38,6.5,6.31,6.5,1300
02/21/2001,6.31,6.5,6.31,6.5,700
02/22/2001,6.5,6.75,6.31,6.75,5300
02/23/2001,6.31,6.5,6.31,6.5,2300
02/26/2001,6.5,6.5,6.31,6.5,400
02/27/2001,6.31,6.44,6.1899,6.1899,5400
02/28/2001,6.19,6.81,6.19,6.81,3200
03/01/2001,6.5,6.5,6.12,6.12,2100
03/02/2001,6.12,6.5,6.06,6.47,12000
03/05/2001,6.5,6.81,6.12,6.25,4700
03/06/2001,6.38,6.5,6.12,6.5,5700
03/07/2001,6.75,6.75,6.5,6.56,13200
03/08/2001,6.75,6.88,6.75,6.88,14400
03/09/2001,6.94,7.06,6.8726,6.8726,21200
03/12/2001,6.69,7,6.69,6.75,2900
03/13/2001,6.75,6.75,6.4375,6.69,7000
03/14/2001,6.44,6.62,6.06,6.44,100520
03/15/2001,6.12,6.3,5.81,5.81,395470
03/16/2001,6.41,6.41,6.25,6.25,1500
03/19/2001,6.25,6.25,5.81,5.81,21600
03/20/2001,5.77,6.02,5.27,5.34,15060
03/21/2001,5.38,5.94,5.25,5.94,23200
03/22/2001,5.91565,5.9469,5.50875,5.884,900
03/23/2001,5.62,5.62,5.12,5.38,2600
03/26/2001,5.38,5.38,5.19,5.19,1000
03/27/2001,5.16,5.44,5.16,5.38,700
03/28/2001,5.38,5.38,5.38,5.38,1200
03/29/2001,5.28,6.06,5.28,6.06,2400
03/30/2001,6.06,7.12,6,7,40900
04/02/2001,6.5,6.88,6.25,6.75,19000
04/03/2001,6.5,6.5,6.25,6.5,12400
04/04/2001,6.44134,6.47261,6.129,6.129,4600
04/05/2001,6.41436,6.4456,6.41436,6.4456,4500
04/06/2001,6.12,6.5,6.12,6.25,2500
04/09/2001,6.05,6.4,6.05,6.2,2600
04/10/2001,6.35,6.35,6.1,6.1,800
04/11/2001,6.18,6.35,6,6.09,4800
04/12/2001,6.09,6.15,6.05,6.15,1600
04/16/2001,6.35,6.8,6.35,6.5,24200
04/17/2001,6.5,6.75,6.41,6.75,36000
04/18/2001,6.77,6.77,6.51,6.65,3000
04/19/2001,6.5,6.88,6.26,6.53,19100
04/20/2001,6.5,6.76,6.5,6.72,5100
04/23/2001,6.94,7,6.5,6.8,23500
04/24/2001,6.7,7,6.65,7,9300
04/25/2001,7,7,6.99,6.99,6900
04/27/2001,6.92,7,6.7,7,13400
04/30/2001,6.98,7,6.87,7,7600
05/01/2001,6.95,6.95,6.77,6.85,11000
05/02/2001,6.92,6.92,6.85,6.85,1590
05/03/2001,6.78,6.78,6.5,6.65,4300
05/04/2001,6.69,6.72,6.69,6.72,24400
05/07/2001,6.9,6.95,6.7,6.89,9900
05/08/2001,6.89,6.98,6.66,6.98,9900
05/09/2001,6.99,7.08,6.99,7.08,21600
05/10/2001,7.08,8.2,6.53,8,27400
05/11/2001,8.6,8.89,8.11,8.2,55500
05/14/2001,8.24,8.35,8,8.07,88500
05/15/2001,7.93,8.35,7.93,8.25,24600
05/16/2001,8.25,8.5,8.18,8.5,77000
05/17/2001,8.49,9,8.49,9,42500
05/18/2001,9,9.1,8.96,9.1,14000
05/21/2001,9.1,9.6,9.1,9.6,18800
05/22/2001,9.6,9.8,9.54,9.8,7500
05/23/2001,9.69,9.85,9.65,9.85,6100
05/24/2001,9.85,10.12,9.15,10.12,36000
05/25/2001,10.08,11.65,10.02,11.27,73200
05/29/2001,11.18,11.57,10.98,11.57,42300
05/30/2001,11.6,11.6,9.76,10.5,134200
05/31/2001,10.42,10.64,10,10,53670
06/01/2001,10,10.3,9.92,10.11,37200
06/04/2001,10.06,11.37,10.06,11.05,24300
06/05/2001,11.15,11.15,11.01,11.06,51000
06/06/2001,11,11.2,11,11.2,9000
06/07/2001,11.11,11.22,11.03,11.16,16800
06/08/2001,11.16,11.16,10.9,10.93,24200
06/11/2001,10.94,10.95,10.45,10.6,76400
06/12/2001,10.45,10.6,9.95,10.05,255100
06/13/2001,9.88,9.9,9.77,9.85,50500
06/14/2001,9.8,10,9.77,10,8100
06/15/2001,9.98,9.98,8.76,9.12,41900
06/18/2001,8.95,9,8.77,8.83,27500
06/19/2001,9.1,9.15,8.81,9.15,6500
06/20/2001,9.15,10.5,9.11,10.5,13000
06/21/2001,10.23,10.23,9.6,10.05,33400
06/22/2001,10.05,10.5,10,10.18,27200
06/25/2001,10.49,10.95,10,10.55,32800
06/26/2001,10.56,10.9,10.48,10.69,50500
06/27/2001,10.4,10.7,10.18,10.5,37600
06/28/2001,10.59,10.59,9.45,10.17,20500
06/29/2001,9.1,10.72,8.83,8.84,592390
07/02/2001,9.1,9.25,7.24,7.74,151100
07/03/2001,7.8,8.17,7.57,7.76,34000
07/05/2001,7.77,8.09,7.76,8.02,174400
07/06/2001,8.16,8.2,8,8,26000
07/09/2001,8.02,9.65,8.02,9.3,15800
07/10/2001,8.7,9.75,8.6,9.65,31700
07/11/2001,9.16,9.71,9.16,9.71,48200
07/12/2001,9.66,10.22,9.66,10.2,33700
07/13/2001,9.96,11.25,9.96,11.05,90600
07/16/2001,11,11.38,10.7,11.35,528600
07/17/2001,11.42,12.1,11.1,12.09,365200
07/18/2001,12.15,12.16,11.68,11.98,258240
07/19/2001,12.09,12.09,10.49,11.35,154400
07/20/2001,11,11.45,11,11.18,38200
07/23/2001,11.44,11.45,10.85,11.1,28600
07/24/2001,11.1,11.25,10.88,10.92,49000
07/25/2001,11.08,11.15,10.96,11,104600
07/26/2001,10.99,11.05,10.55,10.75,143200
07/27/2001,10.71,10.85,10.62,10.68,15400
07/30/2001,10.71,10.75,10.38,10.49,6600
07/31/2001,10.75,10.75,9.99,10,105000
08/01/2001,9.99,10,9.9,9.95,26900
08/02/2001,9.97,10,9.85,9.91,13600
08/03/2001,10,10,9.85,9.85,77100
08/06/2001,9.9,10,9.85,9.85,12100
08/07/2001,9.9,9.9,9.8,9.89,221400
08/08/2001,9.85,9.85,8.9,9.4,124300
08/09/2001,9.64,9.64,9.36,9.45,144400
08/10/2001,9.44,9.86,8.9,9.6,717400
08/13/2001,9.39,9.9,9.39,9.84,100400
08/14/2001,9.75,9.95,9.7,9.7,73500
08/15/2001,9.7,10.27,9.7,10.27,56000
08/16/2001,10.27,10.53,10,10.45,59700
08/17/2001,10.35,10.59,10.05,10.45,37000
08/20/2001,10.5,10.79,10.3,10.75,28700
08/21/2001,10.75,11.07,10.55,10.8,58400
08/22/2001,10.8,11.1,10.79,11.1,35900
08/23/2001,11,11.15,11,11,29100
08/24/2001,10.86,10.99,10.71,10.97,13800
08/27/2001,10.71,11.27,10.71,11.25,67100
08/28/2001,11.2,11.25,10.96,11.11,8600
08/29/2001,10.96,11.25,10.69,11.15,9600
08/30/2001,11.01,11.17,10.72,11.1,33380
08/31/2001,10.69,11.38,10.58,11.37,42100
09/04/2001,11.15,11.6,10.84,11.2,49000
09/05/2001,11.35,11.35,10.64,10.95,53500
09/06/2001,10.99,11.04,10.88,10.96,6780
09/07/2001,11.05,11.21,10.89,10.95,34880
09/10/2001,10.95,11.05,10.75,11,86280
09/17/2001,10.85,11,10.8,10.85,29900
09/18/2001,10.89,11.25,10.61,11.16,62900
09/19/2001,11.2,11.5,11,11.45,72500
09/20/2001,11.44,11.46,11.2,11.2,73600
09/21/2001,10.5,11.25,10.5,10.9,143300
09/24/2001,10.75,11.15,10.75,10.99,107900
09/25/2001,11,11,10.8,11,57000
09/26/2001,11.025,11.03,10.87,10.87,9000
09/27/2001,11,11,10.8,10.85,13100
09/28/2001,10.99,11.15,10.85,10.85,110400
10/01/2001,10.85,11.25,10.72,11.08,137860
10/02/2001,11.08,11.18,10.81,11.1,107900
10/03/2001,11.1,11.1,10.85,10.98,30900
10/04/2001,10.98,11.1,10.94,11,20600
10/05/2001,10.9502,11,10.87,10.95,35800
10/08/2001,10.87,10.87,9.98,10.15,39500
10/09/2001,10.05,10.15,9.1,9.34,236800
10/10/2001,9.33,9.56,8.75,9.05,147800
10/11/2001,9.15,9.6,9.1,9.21,85700
10/12/2001,9.29,9.35,9,9.07,172730
10/15/2001,9,9.29,8.9,9.15,233700
10/16/2001,9.29,9.29,8.75,8.9,264700
10/17/2001,8.86,8.86,8.12,8.15,351800
10/18/2001,8,8.07,7.32,7.71,6040830
10/19/2001,7.61,8,7.39,7.55,474200
10/22/2001,7.55,7.8,7.45,7.7,392800
10/23/2001,7.95,8.61,7.8,8.15,2113460
10/24/2001,8.3,8.37,7.93,7.97,803500
10/25/2001,8.02,8.1,7.92,7.94,469200
10/26/2001,7.97,8.2,7.9,8.07,575700
10/29/2001,8.19,8.31,8.06,8.25,549700
10/30/2001,8.31,8.42,8.15,8.4,447800
10/31/2001,8.44,9.85,8.39,9.85,1117520
11/01/2001,9.3,9.35,8.8,9.02,202900
11/02/2001,9.01,9.01,8.5,8.85,362700
11/05/2001,8.89,9.03,8.47,8.875,225900
11/06/2001,9,9.1,8.7877,9.05,224680
11/07/2001,8.94,9.01,8.58,8.75,78900
11/08/2001,8.87,8.87,8.68,8.69,92800
11/09/2001,8.69,8.85,8.44,8.49,106100
11/12/2001,8.75,8.75,8.12,8.49,147500
11/13/2001,8.5,9.6,8.35,9.55,1190400
11/14/2001,9.54,9.55,8.47,8.99,349330
11/15/2001,9,9.05,8.71,8.9,53800
11/16/2001,8.78,9.34,8.78,8.79,147300
11/19/2001,8.78,9.3,8.77,9.25,239400
11/20/2001,9.3,9.3,8.48,8.59,202500
11/21/2001,8.75,8.95,8.45,8.7,308800
11/23/2001,8.73,9.05,8.73,9.05,49600
11/26/2001,9.08,9.73,8.8,9.47,533000
11/27/2001,9.5,9.67,9.25,9.5,680900
11/28/2001,9.32,9.61,9.28,9.53,247400
11/29/2001,9.16,9.38,8.9625,9.22,133800
11/30/2001,9.1,9.5,8.84,9.49,414400
12/03/2001,9.4,9.45,9.15,9.28,138300
12/04/2001,9.35,9.4,9.25,9.36,128600
12/05/2001,9.16,9.4441,9.16,9.18,300900
12/06/2001,9.38,10,9.2,9.65,227200
12/07/2001,9.22,9.8,9.2,9.75,274500
12/10/2001,9.78,9.95,9.67,9.77,325900
12/11/2001,9.88,9.8895,9.69,9.77,173900
12/12/2001,9.76,11.1,9.75,10.99,663800
12/13/2001,10.85,10.88,10.2,10.5,375030
12/14/2001,10.45,10.73,10,10.28,447900
12/17/2001,10.35,11.18,10,11.05,619800
12/18/2001,11,11.44,10.85,11,379000
12/19/2001,11.1,11.1,10.9,10.95,182700
12/20/2001,11.15,11.15,10.75,10.95,126400
12/21/2001,11.05,11.51,10.45,11.45,217800
12/24/2001,11.5,11.5,10.79,11.35,29700
12/26/2001,11.45,11.5,11.07,11.5,94200
12/27/2001,11.6,11.88,11,11.7,538800
12/28/2001,11.74,12,11.45,11.76,156200
12/31/2001,11.95,12,11.02,11.67,188200
01/02/2002,11.93,11.93,11.34,11.54,99100
01/03/2002,11.55,11.73,11.22,11.48,190600
01/04/2002,11.57,12.2,11.56,11.6,692270
01/07/2002,11.75,11.9,11.48,11.9,329300
01/08/2002,11.75,12.64,11.7,12.41,552300
01/09/2002,12.75,12.75,12.17,12.27,342900
01/10/2002,12.25,13.14,12.25,13,416400
01/11/2002,13.2,13.31,12.35,12.6,986600
01/14/2002,12.87,13.19,12.49,13.13,387420
01/15/2002,13.2,13.25,12.65,13.09,880500
01/16/2002,12.96,13.01,12.77,12.88,456670
01/17/2002,10.05,10.68,9.5,10.56,3015700
01/18/2002,10.28,10.6,10.12,10.4,364300
01/22/2002,10.8,10.81,10.42,10.61,90600
01/23/2002,10.53,11,10.5,10.67,269400
01/24/2002,10.8,11.26,10.8,11.05,158800
01/25/2002,11.01,11.01,10.5,10.65,150100
01/28/2002,11.05,11.06,10.35,10.43,378300
01/29/2002,10.55,10.55,8.9,9.02,1489800
01/30/2002,9.06,9.4,8.8,9.15,546200
01/31/2002,9,9.25,8.98,9.2,555900
02/01/2002,9.1,10.35,9,10.1,274900
02/04/2002,10.32,10.33,9.58,9.7,198120
02/05/2002,9.7,10.05,9.65,9.7,98900
02/06/2002,9.71,9.83,9.6,9.75,42500
02/07/2002,9.71,10.35,9.71,9.8,154100
02/08/2002,9.88,10.25,9.8,10.15,453900
02/11/2002,10.24,10.85,10.15,10.71,118100
02/12/2002,10.45,11.19,10.45,10.59,165100
02/13/2002,10.95,11,10.45,10.99,45500
02/14/2002,11,11.18,10.11,10.36,64900
02/15/2002,10.36,11.05,10.25,10.75,58900
02/19/2002,10.75,10.95,10.26,10.45,32000
02/20/2002,10.46,11,10.05,10.85,80300
02/21/2002,11,11.1,10.5,10.62,98400
02/22/2002,10.9,11,10.42,10.48,82100
02/25/2002,10.61,11.04,10.6,10.7,147900
02/26/2002,10.84,10.95,10.5,10.9,114700
02/27/2002,10.62,11,10.53,10.64,91500
02/28/2002,10.69,10.7,10.4,10.5,59790
03/01/2002,10.41,10.56,10.4,10.5,185000
03/04/2002,10.35,10.56,10.31,10.5,110800
03/05/2002,10.5,10.5,10,10.15,236400
03/06/2002,10.17,10.8,10.17,10.75,198400
03/07/2002,10.6,11,10.55,10.81,734200
03/08/2002,10.93,11.17,10.86,10.93,152300
03/11/2002,10.85,11.09,10.84,10.9,139800
03/12/2002,10.9,11,10.8,11,62600
03/13/2002,10.9,11.01,10.67,10.75,83900
03/14/2002,10.95,10.95,10.59,10.59,560600
03/15/2002,10.53,10.64,10.4,10.45,354600
03/18/2002,10.65,10.65,9.75,10.29,198200
03/19/2002,10.45,10.67,10.4,10.49,142100
03/20/2002,10.49,10.59,10.32,10.5,134900
03/21/2002,10.55,10.55,10,10.35,278300
03/22/2002,10.35,10.35,10.09,10.23,111700
03/25/2002,10.17,10.39,10.05,10.26,171300
03/26/2002,10.4,10.4,10.06,10.15,54800
03/27/2002,10.29,10.29,10.07,10.15,76100
03/28/2002,10.12,10.29,9.88,10.06,180460
04/01/2002,9.76,10.03,9.75,9.96,55500
04/02/2002,9.76,10,9.6,10,109800
04/03/2002,10,10.12,9.7,9.97,109700
04/04/2002,9.98,9.99,9.83,9.93,103100
04/05/2002,10.084,10.084,9.8,9.8,226890
04/08/2002,9.9,9.9,9.66,9.75,35500
04/09/2002,9.9,9.91,9.55,9.58,34800
04/10/2002,9.6,9.93,9.6,9.924,64700
04/11/2002,9.64,9.98,9.64,9.85,117100
04/12/2002,9.9,9.9004,9.71,9.8,71500
04/15/2002,9.75,9.84,9.7,9.77,55000
04/16/2002,9.77,9.8,9.25,9.68,213700
04/17/2002,9.35,9.79,9.35,9.6,89800
04/18/2002,9.66,9.8,9.6,9.75,88500
04/19/2002,9.8,10.07,9.76,9.995,228260
04/22/2002,10.1,10.2,9.65,9.69,102600
04/23/2002,9.85,9.9,9.65,9.8,139400
04/24/2002,9.8,9.99,9.46,9.7,77000
04/25/2002,9.97,10.9208,9.97,10.8,911790
04/26/2002,10.83,10.95,10.24,10.25,187600
04/29/2002,10.45,11.5,10.45,11.21,924800
04/30/2002,11.35,11.97,11.25,11.57,598700
05/01/2002,11.6,11.86,11.25,11.86,568100
05/02/2002,11.71,11.9,10.9,11.33,211800
05/03/2002,11.55,11.7,11.24,11.56,81100
05/06/2002,11.63,11.7,11.4,11.59,72500
05/07/2002,11.79,11.809,10.88,11.21,175700
05/08/2002,11.2,12.39,11.01,12.14,123900
05/09/2002,12.11,12.89,11.9,12.21,230800
05/10/2002,12.4,12.4,11.78,11.97,199000
05/13/2002,11.6,11.89,11.4,11.87,147300
05/14/2002,11.81,12.61,11.72,12.6,344900
05/15/2002,12.6,12.86,12.18,12.86,223700
05/16/2002,12.9,12.9,12.38,12.73,124200
05/17/2002,12.74,12.86,12.58,12.83,135710
05/20/2002,12.83,12.9,12.4,12.5,199000
05/21/2002,12.47,13.05,12.45,13,353900
05/22/2002,12.93,12.98,12.63,12.72,811510
05/23/2002,12.8,12.83,12.07,12.7,380900
05/24/2002,12.77,12.85,12.55,12.85,105300
05/28/2002,12.58,12.8,12.45,12.52,174300
05/29/2002,12.5,12.72,12.4,12.7,123700
05/30/2002,12.5,12.74,11.87,12.05,228230
05/31/2002,11.143,11.46,10.56,10.9,802810
06/03/2002,10.88,11.25,10.81,10.82,83400
06/04/2002,10.8,10.87,10.03,10.21,312400
06/05/2002,10.1,10.76,10.1,10.75,182200
06/06/2002,10.78,11.19,10.55,10.61,172200
06/07/2002,10.5,10.68,10,10.44,125300
06/10/2002,10.7,10.89,10.25,10.77,85200
06/11/2002,10.84,10.89,9.83,10.26,276100
06/12/2002,10.48,10.6,10.17,10.41,96200
06/13/2002,10.39,10.8,10.33,10.41,104400
06/14/2002,10.61,11.02,10.3,10.89,140600
06/17/2002,10.87,10.9,10.46,10.7,244800
06/18/2002,10.69,11.3,10.63,10.71,65900
06/19/2002,10.84,11.04,9.94,10.49,102600
06/20/2002,10.25,10.76,10.149,10.53,42400
06/21/2002,10.7,10.9,10.49,10.56,136600
06/24/2002,7.89,7.9,4.98,5.69,3337000
06/25/2002,5.37,6.34,5.16,6.34,1543430
06/26/2002,6.15,6.77,5.86,6.77,238100
06/27/2002,6.8,7.06,6.45,6.9,184200
06/28/2002,6.95,7.5,6.86,7,532800
07/01/2002,7.01,7.24,6.11,6.39,206700
07/02/2002,6.45,6.45,5.81,5.94,234000
07/03/2002,6,6.09,5.89,5.99,314300
07/05/2002,6,6.04,5.92,6,90800
07/08/2002,6.06,6.62,6,6,225200
07/09/2002,6.1,6.59,6.089,6.33,274800
07/10/2002,6.3,6.5,6.15,6.23,122400
07/11/2002,6.14,6.3,5.95,6.2,263400
07/12/2002,6.15,6.44,6.14,6.16,179800
07/15/2002,6.29,6.35,5.86,6.13,446000
07/16/2002,6.32,6.5,6.04,6.22,402500
07/17/2002,6.22,6.94,6.21,6.89,411670
07/18/2002,6.78,7.05,6.63,6.75,106000
07/19/2002,6.91,7,6.7,6.88,71500
07/22/2002,7,7.07,6.56,6.83,72350
07/23/2002,6.93,7.51,6.29,6.5,168550
07/24/2002,6.49,7.08,6.41,7,70910
07/25/2002,7.34,7.9,7.1992,7.51,385280
07/26/2002,7.35,7.5,6.9,7.3,135700
07/29/2002,7.38,7.97,7.38,7.93,106670
07/30/2002,7.92,8.42,7.82,8.02,287790
07/31/2002,7.89,8.18,7.85,8.18,138040
08/01/2002,8.25,8.7,8.25,8.56,124600
08/02/2002,8.45,8.59,8.057,8.58,60350
08/05/2002,8.73,8.73,8.15,8.2,107400
08/06/2002,8.25,8.45,7.9,8.25,111360
08/07/2002,8.29,8.32,7.89,7.92,57150
08/08/2002,7.86,8.25,7.69,8.15,84150
08/09/2002,7.694,8.3,7.69,8.17,82700
08/12/2002,8.06,8.48,8,8.42,131900
08/13/2002,8.3,8.49,8.24,8.48,43870
08/14/2002,8.15,8.67,8.15,8.66,110890
08/15/2002,8.75,8.86,8.5,8.75,108400
08/16/2002,8.48,8.72,8.23,8.67,100290
08/19/2002,8.65,9,8.65,8.82,145910
08/20/2002,8.97,9,8.82,8.83,87600
08/21/2002,9,9,8.71,9,581100
08/22/2002,9.05,9.28,9.02,9.25,516230
08/23/2002,9.09,9.491,9.09,9.36,173370
08/26/2002,9.4,9.53,8.9,9.2,236980
08/27/2002,9.27,9.31,8.83,8.835,100310
08/28/2002,8.84,9.0039,8.82,8.84,54310
08/29/2002,8.82,9.2,8.82,9.19,54700
08/30/2002,9.19,9.56,9,9.56,73340
09/03/2002,8.91,9.25,8.9,9.15,185230
09/04/2002,9.2,9.4,9.1,9.4,134220
09/05/2002,9.39,9.58,9.33,9.39,110460
09/06/2002,9.31,9.5,9.16,9.49,64300
09/09/2002,9.3,9.39,9.12,9.29,254600
09/10/2002,9.3,9.5,9.15,9.34,66330
09/11/2002,9.18,9.3,9.05,9.25,60300
09/12/2002,9.33,9.41,9.06,9.28,103830
09/13/2002,9.16,9.3,9.09,9.3,110610
09/16/2002,9.28,9.3,9.14,9.18,39100
09/17/2002,9.18,9.29,9.08,9.25,84600
09/18/2002,9.23,9.3,9.16,9.28,220700
09/19/2002,9.23,9.3,9.1,9.17,48700
09/20/2002,9.4,9.41,9,9.25,72210
09/23/2002,9.24,9.3,8.87,8.98,102120
09/24/2002,9.01,9.15,8.74,8.97,174640
09/25/2002,9,9.05,8.71,8.83,100700
09/26/2002,8.96,9.04,8.85,8.9,116400
09/27/2002,8.98,8.98,8.39,8.4,50600
09/30/2002,8.32,8.66,8.3,8.53,161530
10/01/2002,8.55,8.69,8.34,8.65,242050
10/02/2002,8.65,8.8,8.51,8.7,158410
10/03/2002,8.72,8.76,8.49,8.68,215150
10/04/2002,8.51,8.8,8.5,8.79,144840
10/07/2002,8.76,8.95,8.76,8.95,46800
10/08/2002,8.8,9.03,8.251,8.7,223670
10/09/2002,8.73,8.8,8.486,8.495,63160
10/10/2002,8.41,8.75,8.41,8.65,89790
10/11/2002,8.75,8.97,8.67,8.81,75800
10/14/2002,8.96,9,8.66,8.81,86000
10/15/2002,8.91,9.15,8.81,8.97,152030
10/16/2002,8.97,9.03,8.9,8.98,43930
10/17/2002,9,9.03,8.81,9.03,32100
10/18/2002,9.08,9.08,8.9,9.01,147710
10/21/2002,9.06,9.06,8.46,8.49,103500
10/22/2002,8.5,8.69,8.27,8.39,140960
10/23/2002,8.38,9.05,8.3,9,266380
10/24/2002,9.05,9.5,8.67,8.76,518900
10/25/2002,9.07,9.5,8.75,9.5,94800
10/28/2002,8.024,8.27,6.41,6.82,1912100
10/29/2002,6.79,7.2,6.79,7.05,194750
10/30/2002,7.04,7.04,6.54,6.55,337010
10/31/2002,6.63,7.52,6.63,6.78,583680
11/01/2002,6.77,6.8,6.49,6.58,287900
11/04/2002,6.67,7,6.486,6.994,329920
11/05/2002,7.01,7.7,7,7,551380
11/06/2002,7.25,7.5,7.11,7.25,564600
11/07/2002,7.39,7.47,6.71,6.75,558400
11/08/2002,6.7,7.5,6.7,7.25,270550
11/11/2002,7.24,7.34,7.02,7.14,118530
11/12/2002,7.06,7.34,6.27,6.44,501730
11/13/2002,6.6,6.75,6.03,6.58,346340
11/14/2002,6.51,6.75,5.9,6.08,431300
11/15/2002,6.01,7.25,6,7.07,341280
11/18/2002,7.2,7.25,6.66,6.99,116160
11/19/2002,6.9,7.07,6.69,7,147090
11/20/2002,6.91,7.7,6.85,7.51,472080
11/21/2002,7.5,8.05,7.5,8.05,268130
11/22/2002,8,8.35,7.91,8.12,105200
11/25/2002,8.1,8.35,7.8,8.24,166370
11/26/2002,8.3,8.49,7.94,8.46,152890
11/27/2002,8.27,8.58,8.1,8.5,334890
11/29/2002,8.21,8.579,8.09,8.54,72100
12/02/2002,8.61,8.9,7.8,8.1,305420
12/03/2002,8.05,8.3,7.96,8.09,214000
12/04/2002,8.08,8.49,7.9,8.15,189800
12/05/2002,8.1,8.39,7.8,7.99,181200
12/06/2002,7.9,8.75,7.9,8.02,216260
12/09/2002,7.95,8.11,7.95,8.05,70710
12/10/2002,8.01,8.06,7.9,7.99,232580
12/11/2002,7.78,7.88,7.401,7.5,137440
12/12/2002,7.75,7.76,6.62,7.39,235890
12/13/2002,7.33,7.55,7.33,7.52,165190
12/16/2002,7.52,7.67,7.52,7.67,193380
12/17/2002,7.74,7.74,7.13,7.15,443400
12/18/2002,7.2,7.33,7.11,7.23,203000
12/19/2002,7.27,7.27,6.9,7,162000
12/20/2002,6.89,7.12,6.86,7,553500
12/23/2002,6.99,7.09,6.96,7,180470
12/24/2002,6.95,7.1,6.95,7,170100
12/26/2002,7.1,7.12,6.98,7.01,123000
12/27/2002,7.1,7.16,6.92,6.99,221120
12/30/2002,7.51,7.71,6.9,7.14,654010
12/31/2002,7.131,7.93,7.11,7.69,374800
01/02/2003,7.75,8.13,7.6,8.09,274660
01/03/2003,8.11,8.22,7.56,8.084,640040
01/06/2003,8.09,8.67,7.95,8.49,263050
01/07/2003,8.54,8.59,7.9,8.47,352830
01/08/2003,8.41,9.15,8.15,8.75,407700
01/09/2003,8.99,9.19,8.7,9.06,242880
01/10/2003,9,9.07,8.75,8.92,219340
01/13/2003,9,9.24,8.91,9.12,128300
01/14/2003,9.051,9.25,9.05,9.23,93100
01/15/2003,9.046,9.99,9.046,9.98,600050
01/16/2003,9.7,9.84,9.58,9.58,194410
01/17/2003,9.57,9.571,8.94,9.17,123480
01/21/2003,9.11,9.38,9,9.34,139200
01/22/2003,9.21,9.6,8.986,9.22,122600
01/23/2003,9.22,9.61,9.1,9.41,164730
01/24/2003,9.3,9.464,9.265,9.29,120810
01/27/2003,9.26,9.5,9.25,9.4,80650
01/28/2003,9.5,9.5,9.24,9.44,171050
01/29/2003,9.32,9.5,9.28,9.34,157000
01/30/2003,9.23,9.44,8.96,9.126,65170
01/31/2003,9.025,9.46,9.025,9.3,109880
02/03/2003,9.15,9.47,9.15,9.23,155100
02/04/2003,9.32,9.49,9.17,9.49,178700
02/05/2003,9.48,9.49,9.21,9.43,74520
02/06/2003,9.48,9.64,9.34,9.6,151870
02/07/2003,9.59,9.66,9.38,9.39,146680
02/10/2003,9.45,10,9.42,9.87,214400
02/11/2003,10,10.2,9.45,9.57,208650
02/12/2003,9.7,9.81,9.39,9.67,156470
02/13/2003,9.71,9.8,9.43,9.71,70000
02/14/2003,9.57,9.9,9.31,9.7,125380
02/18/2003,9.5,9.7,9.31,9.45,299190
02/19/2003,9.44,9.99,9.44,9.53,546760
02/20/2003,9.57,9.66,9.49,9.51,72000
02/21/2003,9.5,9.61,9.36,9.47,191890
02/24/2003,9.47,9.55,9.47,9.52,257430
02/25/2003,9.49,10,9.45,9.99,223300
02/26/2003,9.99,10.08,9.9,10.01,282100
02/27/2003,10,10.3,9.9,10.07,482740
02/28/2003,10.13,10.19,9.6,9.96,235890
03/03/2003,9.95,10.2,9.6,9.9,227200
03/04/2003,9.93,10.14,9.81,10.01,209560
03/05/2003,10.07,10.24,10.04,10.21,194890
03/06/2003,10.2,10.3,10.04,10.27,216270
03/07/2003,10.05,10.58,10.04,10.5,296830
03/10/2003,10.56,11.3,10.5,11.22,442470
03/11/2003,11.09,11.25,10.59,10.7,239060
03/12/2003,10.89,11.08,10.55,11.04,327140
03/13/2003,11.15,11.52,10.94,11.09,189300
03/14/2003,11.17,11.17,10.64,10.8,133230
03/17/2003,10.22,10.79,9.93,10.74,207140
03/18/2003,10.38,11,10.36,11,217190
03/19/2003,10.88,10.99,10.73,10.85,103310
03/20/2003,10.88,11.02,10.5,10.84,149700
03/21/2003,11,11.04,10.66,11.03,97160
03/24/2003,11.02,11.11,10.5,10.81,68010
03/25/2003,11.6,12.69,11.56,12.52,982310
03/26/2003,13,13.89,12.8,13.61,1134810
03/27/2003,13.67,14.08,13.49,13.72,522380
03/28/2003,13.66,13.67,13.12,13.37,312750
03/31/2003,13.21,13.88,13.08,13.49,386920
04/01/2003,13.4,13.97,13.36,13.95,336220
04/02/2003,14.07,14.58,13.86,14.21,431150
04/03/2003,14.22,14.3,14.09,14.16,233060
04/04/2003,14.06,14.35,14.05,14.25,274100
04/07/2003,14.32,14.83,14.3,14.75,712230
04/08/2003,14.84,14.84,14.25,14.28,433230
04/09/2003,14.26,14.6,14.19,14.4,310990
04/10/2003,14.45,14.45,12.72,13.58,1084750
04/11/2003,13.55,13.68,13.15,13.59,486790
04/14/2003,13.6,13.98,13.45,13.97,479080
04/15/2003,13.99,14.34,13.78,14.33,509760
04/16/2003,14.43,14.6,13.42,13.63,412730
04/17/2003,13.91,14,13.35,13.53,430770
04/21/2003,13.66,13.77,13.39,13.6,330250
04/22/2003,13.43,13.77,13.28,13.72,375470
04/23/2003,13.8,13.98,13.63,13.93,350150
04/24/2003,15.16,17.2,15.15,16.85,1792500
04/25/2003,16.17,16.26,15.53,15.8,991520
04/28/2003,15.85,16.98,15.75,16.43,576650
04/29/2003,16.3,17,15.98,16.9,575910
04/30/2003,16.78,16.81,16.2,16.54,396600
05/01/2003,16.51,17.11,16.3,17.01,692440
05/02/2003,17.13,18,17,17.72,961480
05/05/2003,16.73,17.35,16.34,17.1,614820
05/06/2003,17.11,17.14,15.99,16.32,728830
05/07/2003,16.1,16.15,14.75,15.52,1007040
05/08/2003,15.26,15.68,15.24,15.61,494990
05/09/2003,15.69,16,15.14,15.4,477570
05/12/2003,15.25,15.75,15.15,15.66,563030
05/13/2003,15.67,15.9,15.36,15.85,319050
05/14/2003,16,16.43,15.84,16.24,285180
05/15/2003,16.49,16.75,16.11,16.23,369980
05/16/2003,16.1,16.78,16.1,16.25,264660
05/19/2003,15.8,15.99,14,15.48,1171740
05/20/2003,15.35,15.6,14.64,14.91,606670
05/21/2003,14.8,15.3,14.8,15.2,217920
05/22/2003,15.18,15.38,14.9,15.38,260380
05/23/2003,15.39,15.5,15.12,15.36,119500
05/27/2003,14.97,15.86,14.93,15.86,297280
05/28/2003,15.91,15.98,15.65,15.85,346940
05/29/2003,15.78,16.2,15.58,15.86,376050
05/30/2003,15.88,16.23,15.7,15.88,495700
06/02/2003,16,17.14,15.99,16.82,636670
06/03/2003,16.67,17.64,16.29,17.35,547660
06/04/2003,17.4,17.8,17.05,17.65,680750
06/05/2003,17.34,18.39,17.24,18.38,608990
06/06/2003,18.45,19.19,17.7,18.01,655280
06/09/2003,17.91,18.02,16.61,17.01,659080
06/10/2003,17.11,17.16,16.55,16.95,256480
06/11/2003,16.941,17.713,16.892,17.64,460410
06/12/2003,17.75,18.6,17.56,18.46,418080
06/13/2003,18.3,19,18.3,18.6,393750
06/16/2003,18.57,19.06,18.19,18.65,470340
06/17/2003,19.36,19.39,18.64,18.91,241750
06/18/2003,19.17,19.35,18.9,19.06,291740
06/19/2003,19.03,19.39,18.45,18.92,276620
06/20/2003,18.75,18.89,18,18.45,249680
06/23/2003,18.16,18.4,17.05,17.5,619230
06/24/2003,17.52,18.05,17.2,17.64,331880
06/25/2003,17.99,18.07,17.51,17.75,675140
06/26/2003,17.98,18.02,17.47,17.98,829100
06/27/2003,17.95,18,17.18,17.37,597080
06/30/2003,17.39,17.39,16.2,16.75,1590600
07/01/2003,16.38,16.5,15.81,16.07,1010640
07/02/2003,15.5,15.71,15.46,15.5,8634310
07/03/2003,15.49,15.88,15.48,15.77,1079400
07/07/2003,15.77,16,15.7,15.96,1438990
07/08/2003,16.1,16.751,15.9,16.65,1901110
07/09/2003,16.4,16.439,15.85,16,1964320
07/10/2003,15.81,16.25,15.62,16.24,616520
07/11/2003,16.15,16.61,16.15,16.47,896800
07/14/2003,16.6,16.7,15.79,16.42,1392880
07/15/2003,16.2,16.6,16.18,16.55,957990
07/16/2003,16.59,16.66,16.3,16.525,565760
07/17/2003,16.39,16.5,15.61,15.74,798820
07/18/2003,15.8,15.95,14.97,15.5,800480
07/21/2003,15.65,15.8,14.78,14.89,816520
07/22/2003,14.8,14.94,13.99,14.5,1008760
07/23/2003,14.87,15.49,14.54,15.37,1145620
07/24/2003,16.61,16.62,15.41,15.91,2195050
07/25/2003,15.82,16.22,15.35,15.9,506150
07/28/2003,15.96,16,15.59,15.82,442150
07/29/2003,16.08,16.2,15.7,15.9,578420
07/30/2003,15.98,16.4,15.81,15.99,301850
07/31/2003,16.145,16.176,15.46,15.55,801980
08/01/2003,15.3,15.73,14.75,15,613690
08/04/2003,14.99,15.57,14.75,15.54,454860
08/05/2003,15.26,15.61,15.08,15.23,588670
08/06/2003,15.08,15.37,15.08,15.37,542160
08/07/2003,15.2,15.322,15.065,15.2,251660
08/08/2003,15.25,15.45,14.95,15.4,230860
08/11/2003,15.18,15.62,14.95,15.53,320240
08/12/2003,15.52,15.64,15.4,15.63,200620
08/13/2003,15.61,16.07,15.5,15.94,410390
08/14/2003,15.91,16.25,15.75,16.22,261220
08/15/2003,15.98,15.99,15.52,15.89,242100
08/18/2003,15.92,16.31,15.79,16.3,297980
08/19/2003,16.45,16.472,16.08,16.23,378320
08/20/2003,16.28,16.34,15.9,16.13,213230
08/21/2003,16.25,16.55,16.02,16.43,210730
08/22/2003,16.49,16.85,16.36,16.71,288180
08/25/2003,16.85,16.97,16.1,16.6,311770
08/26/2003,16.35,16.62,16.25,16.43,184270
08/27/2003,16.4,16.57,16.22,16.52,332720
08/28/2003,16.4,16.89,16.28,16.85,230290
08/29/2003,16.9,16.98,16.68,16.8,154170
09/02/2003,16.87,17.25,16.58,17.15,241610
09/03/2003,17.2,17.42,16.85,16.99,292130
09/04/2003,17.1,17.84,16.55,17.36,611470
09/05/2003,17.4,17.46,17.05,17.24,232940
09/08/2003,17.07,17.93,16.96,17.88,469820
09/09/2003,17.51,17.95,17.5,17.77,490150
09/10/2003,17.84,18.27,17.55,18.07,474770
09/11/2003,18.29,18.64,17.88,18.36,653250
09/12/2003,18.5,18.53,18.26,18.49,276150
09/15/2003,18.48,18.9,18.31,18.56,496120
09/16/2003,18.49,19.8,18.49,19.57,637060
09/17/2003,19.83,21.48,19.72,20.82,1245300
09/18/2003,21.16,21.9,20.9,21.71,1282080
09/19/2003,21.83,21.83,21.34,21.65,481670
09/22/2003,22.1,22.26,20.74,21.37,576480
09/23/2003,21.43,21.571,20.77,21.36,940190
09/24/2003,21.26,21.8,20.44,21.17,489700
09/25/2003,21.24,21.68,21.18,21.32,285060
09/26/2003,21.24,21.29,20.55,20.8,466200
09/29/2003,20.63,21.09,19.69,20.18,603290
09/30/2003,19.91,20.6,19.776,20.45,466850
10/01/2003,20.85,21.9,20.61,21.84,685100
10/02/2003,22.07,23.28,22.07,22.62,1276510
10/03/2003,23.7,24,22.6,23.29,1129640
10/06/2003,23.75,23.75,22.44,22.7,709180
10/07/2003,22.85,23.4,20.95,23.35,520170
10/08/2003,23.41,23.45,21.81,22.19,708370
10/09/2003,22.4,22.89,22.09,22.5,581090
10/10/2003,22.85,23.38,22.5,23.2,375940
10/13/2003,23.33,23.53,22.18,22.238,684090
10/14/2003,22.11,22.23,21.78,21.97,655280
10/15/2003,21.64,22.06,21.28,21.73,693300
10/16/2003,21.36,21.83,21.11,21.11,842560
10/17/2003,20.2,20.5,19.6,19.97,1427200
10/20/2003,16.05,17,14.7,15.19,6541070
10/21/2003,15.39,16,15.35,15.54,2756590
10/22/2003,15.6,15.97,15.3,15.71,1734620
10/23/2003,16.15,16.2,15.25,15.6,1700040
10/24/2003,14.79,15.61,14.5,15.27,2261440
10/27/2003,15.29,15.54,15.25,15.45,1306020
10/28/2003,15.6,16.46,15.1,16.26,2006770
10/29/2003,16.17,16.69,15.71,16.02,1408230
10/30/2003,16.3,16.37,15.81,15.93,514270
10/31/2003,16,16.34,15.93,16.31,606480
11/03/2003,16.44,16.47,15.85,15.92,1041620
11/04/2003,16.15,17.09,16.06,16.82,993700
11/05/2003,16.98,17.2,16.3,16.57,613900
11/06/2003,16.71,17.18,16.5,17,409870
11/07/2003,17.14,17.23,16.76,16.85,354380
11/10/2003,16.95,16.99,16.31,16.64,281240
11/11/2003,16.8,16.8,16.23,16.42,236700
11/12/2003,16.33,17.08,16.33,16.96,303670
11/13/2003,16.99,17.5,16.91,17.28,367930
11/14/2003,17.43,17.74,17.36,17.58,661850
11/17/2003,17.58,18.7,17.48,18.64,972780
11/18/2003,18.76,19.17,18.45,18.67,610940
11/19/2003,18.75,19.1,17.77,18.21,492440
11/20/2003,18.28,18.34,17.62,17.62,335990
11/21/2003,17.9192,18.2,17.281,17.82,1347690
11/24/2003,17.8,17.99,17.36,17.5,629680
11/25/2003,17.77,19.07,17.75,18.78,829880
11/26/2003,18.83,19.01,18.53,18.96,233290
11/28/2003,18.98,19.05,18.52,18.84,150600
12/01/2003,19,19,18.35,18.75,492120
12/02/2003,18.6,18.83,18.2,18.25,704170
12/03/2003,18.43,18.65,17.48,18.13,1140320
12/04/2003,18.04,18.18,17.34,17.65,393190
12/05/2003,17.44,17.87,17.17,17.689,521220
12/08/2003,17.74,17.88,17,17.74,678260
12/09/2003,17.96,18.05,17.29,17.4,215790
12/10/2003,17.49,17.49,16.75,17,422870
12/11/2003,16.9,17.35,16.83,17.18,438710
12/12/2003,17.35,17.35,16.92,17.15,260470
12/15/2003,17.18,17.4,17.09,17.36,389080
12/16/2003,17.36,17.49,17.25,17.3,386890
12/17/2003,17.3,17.37,17.21,17.29,225530
12/18/2003,17.21,17.56,17.18,17.5,273000
12/19/2003,18.2,19.17,18.16,18.4,853800
12/22/2003,18.51,19.2,18.5,19.16,452040
12/23/2003,19.05,19.45,18.88,19,423560
12/24/2003,18.97,18.97,18.64,18.81,194490
12/26/2003,18.83,19.31,18.83,19.02,78380
12/29/2003,19.13,19.35,18.95,19.35,244010
12/30/2003,19.4,19.72,19.39,19.67,240660
12/31/2003,19.71,19.75,18.84,19.36,404080
01/02/2004,19.37,19.45,19.04,19.13,285530
01/05/2004,19.27,24.13,18.78,23.63,8464940
01/06/2004,23.97,24.45,22.89,23.43,3810990
01/07/2004,23.51,23.92,22.96,23.3,1140770
01/08/2004,23.27,23.74,22.81,22.9,1235440
01/09/2004,21.65,22.14,20.9,21.15,2325310
01/12/2004,21.35,21.58,20.75,20.89,1264660
01/13/2004,21.19,21.19,20.478,20.68,780600
01/14/2004,20.35,20.74,20.35,20.6,659550
01/15/2004,20.46,22,20.4,21.39,1511950
01/16/2004,21.32,21.8,21.012,21.54,655130
01/20/2004,21.59,22.15,21.24,21.69,1259540
01/21/2004,21.86,22.5,21.62,22.38,491020
01/22/2004,22.49,22.52,21.68,22.25,457070
01/23/2004,22.4317,22.67,22.057,22.29,428970
01/26/2004,22.44,23.02,22.199,22.94,418230
01/27/2004,22.63,22.92,22.55,22.7,620790
01/28/2004,22.76,22.775,21.52,21.6,480920
01/29/2004,21.67,21.9,21.19,21.87,414800
01/30/2004,21.8,22.04,21.29,21.59,313790
02/02/2004,21.8,22,21.47,21.61,550350
02/03/2004,21.57,22.4,21.57,22.35,448710
02/04/2004,22.39,22.4,21.8,22.12,361900
02/05/2004,23.22,23.22,22.181,22.48,560730
02/06/2004,22.8,23.39,22.74,23.2,471910
02/09/2004,23.177,23.563,22.86,23.18,469900
02/10/2004,24.03,24.86,23.75,24.42,1091850
02/11/2004,24.75,25,24.35,24.5,989680
02/12/2004,24.36,24.47,23.63,24.13,465980
02/13/2004,24.33,24.33,23.13,23.2,593890
02/17/2004,22.88,23.43,21.79,22.12,1357800
02/18/2004,22.32,22.33,21.51,22.03,741490
02/19/2004,22.25,22.52,21.52,21.53,514460
02/20/2004,21.5,21.7,20.66,20.8,1030850
02/23/2004,20.846,20.85,19.6,19.64,1308120
02/24/2004,20.07,20.55,19.65,19.73,934970
02/25/2004,20.12,20.18,19.87,20.07,507030
02/26/2004,20.4,21.95,20.25,21.59,2032290
02/27/2004,21.47,24.54,21.47,24.27,3419830
03/01/2004,24.26,24.27,23.21,23.21,569800
03/02/2004,23.33,23.33,22.767,22.82,489020
03/03/2004,22.95,23.03,22.09,22.53,666800
03/04/2004,22.42,23.25,22.37,23.01,449800
03/05/2004,23,23.81,22.75,23.06,517280
03/08/2004,23.29,23.7,22.97,23.16,742910
03/09/2004,23.14,23.14,22.17,22.36,797890
03/10/2004,22.31,22.35,20.19,20.39,1137680
03/11/2004,20.12,21.61,20.1,20.44,483800
03/12/2004,20.5,20.86,20.2,20.42,538950
03/15/2004,20.27,21.05,19.84,20.02,398920
03/16/2004,19.8,20.47,19.8,20.17,536780
03/17/2004,20.3,21.06,20.02,20.79,720720
03/18/2004,20.79,20.94,20.03,20.39,293160
03/19/2004,20.37,20.52,19.95,20.4,317530
03/22/2004,20.37,20.38,19.81,20.16,509020
03/23/2004,20.2,20.36,19.9,20.13,346640
03/24/2004,22.15,24.25,21.67,22.68,4582210
03/25/2004,22.43,23.1,22.02,22.91,1140500
03/26/2004,22.97,23.5,22.5,22.67,796790
03/29/2004,22.75,23.35,22.61,23.18,722060
03/30/2004,23.15,23.29,22.6,23.26,920880
03/31/2004,23.75,24.76,23.7,24.42,1833780
04/01/2004,23.25,26.7,23.25,26.3,2621520
04/02/2004,26.44,26.82,25.03,26.62,1848120
04/05/2004,26.5,26.89,26.14,26.62,731630
04/06/2004,26.7,27,26.3,26.31,726810
04/07/2004,26.15,26.189,25.52,25.97,754010
04/08/2004,26.17,26.44,24.9,25.38,506540
04/12/2004,25.39,25.55,24.46,25.05,547920
04/13/2004,24.99,25.3,23.47,23.87,814040
04/14/2004,24.65,24.93,24,24.6,935050
04/15/2004,24.65,25.27,24.4,24.84,863340
04/16/2004,24.7,24.88,24.2,24.61,496610
04/19/2004,24.62,25.25,23.84,24.11,933410
04/20/2004,24.12,24.44,23.41,23.7,652620
04/21/2004,25.58,25.8,24.74,25.12,1389880
04/22/2004,25.35,26.73,25.23,26.38,1483330
04/23/2004,26.6,26.75,25.94,26.36,572520
04/26/2004,26.5,26.89,26.17,26.42,570520
04/27/2004,26.761,27.212,26.04,26.09,626250
04/28/2004,25.82,26.19,25.18,25.4,638600
04/29/2004,25.17,25.75,24.73,25.01,538170
04/30/2004,25,25.42,23.5,23.87,1494210
05/03/2004,23.83,25.15,23.7,24.74,623870
05/04/2004,24.88,25.04,24.31,24.68,463120
05/05/2004,24.64,25.61,24.58,25.06,544570
05/06/2004,24.69,25,22.94,24.88,1242840
05/07/2004,24.94,24.95,23.74,23.75,505790
05/10/2004,23.73,23.909,22.54,22.78,719240
05/11/2004,22.65,23.5,22.65,23.02,513940
05/12/2004,23.3,23.53,22.6,23.05,570350
05/13/2004,23,23.17,22.52,22.65,519460
05/14/2004,22.73,24.6,22.4,23.7,2621080
05/17/2004,23.65,24.48,22.93,23.9,1374420
05/18/2004,21.76,22.45,21.42,21.82,4000040
05/19/2004,23,23.23,20.77,21.23,3117350
05/20/2004,21.35,21.62,20.59,20.65,1212530
05/21/2004,20.585,21,20.38,20.86,757740
05/24/2004,20.73,21.29,20.52,20.85,722810
05/25/2004,20.76,21.83,20.76,21.39,874490
05/26/2004,21.48,22.51,21.48,22.3,722510
05/27/2004,22.36,22.53,22.16,22.26,706320
05/28/2004,22.54,22.88,22.31,22.6,486760
06/01/2004,22.74,22.74,22.12,22.68,661000
06/02/2004,22.56,22.82,22.24,22.49,565500
06/03/2004,22.37,22.74,21.82,21.96,374090
06/04/2004,21.8,22.59,21.8,22.31,280730
06/07/2004,22.28,22.83,22.21,22.32,825650
06/08/2004,22.21,22.34,21.91,22.05,490050
06/09/2004,21.91,22.11,20.7,21.21,936480
06/10/2004,21.47,21.5,20.52,21,747440
06/14/2004,20.93,21.4,20.58,21.25,586030
06/15/2004,21.25,21.74,21.2,21.42,420880
06/16/2004,21.58,21.71,21.31,21.69,497090
06/17/2004,21.75,21.75,21.16,21.31,250350
06/18/2004,21.35,21.66,21.05,21.16,327290
06/21/2004,21.2,21.68,21.2,21.46,400780
06/22/2004,22.12,22.84,21.85,22.26,1129910
06/23/2004,22.96,22.99,22.26,22.75,819510
06/24/2004,22.95,23.35,22.63,22.93,764880
06/25/2004,22.92,23.96,22.92,23.83,1008790
06/28/2004,23.9,24.01,23.25,23.63,527520
06/29/2004,23.61,24,23.43,23.63,519940
06/30/2004,23.7,23.85,23.23,23.45,546610
07/01/2004,23.51,23.59,23.21,23.31,534150
07/02/2004,23.3,23.49,23.05,23.16,337620
07/06/2004,22.89,23.07,22.47,22.52,283920
07/07/2004,22.43,22.56,21.7,22.05,1090850
07/08/2004,22.12,22.86,21.82,21.89,604950
07/09/2004,21.78,22.36,21.27,21.44,338780
07/12/2004,21.58,21.75,21.03,21.18,661120
07/13/2004,21.22,21.77,21.07,21.63,548220
07/14/2004,21.7,22.42,21.56,21.95,766830
07/15/2004,22,22.19,20.24,20.71,1685620
07/16/2004,20.7,21.3,20.57,21.15,573550
07/19/2004,21.64,21.65,20.2,20.39,625750
07/20/2004,20.3,20.4,20.14,20.32,821100
07/21/2004,20.35,20.67,20.22,20.5,610490
07/22/2004,20.29,20.79,20.22,20.47,444660
07/23/2004,20.35,20.41,19.85,19.98,521690
07/26/2004,20.22,20.28,19.21,19.41,554790
07/27/2004,19.28,19.6,18.92,19.19,1112860
07/28/2004,19.18,19.29,18.52,18.81,1049450
07/29/2004,19,19.46,18.89,19.24,444690
07/30/2004,19.46,19.66,19.06,19.2,644050
08/02/2004,19.3,19.5,18.87,19.1,336930
08/03/2004,19.13,19.25,18.64,18.69,484370
08/04/2004,17.2,17.5,16.85,17.11,2640450
08/05/2004,17.31,17.52,17.06,17.21,1220940
08/06/2004,17.02,17.29,16.48,16.6,778210
08/09/2004,16.68,16.93,16.35,16.38,544610
08/10/2004,16.32,16.67,15.78,16.47,994760
08/11/2004,16.39,17.16,16.216,16.97,707950
08/12/2004,17.08,17.09,16.35,16.44,369990
08/13/2004,16.4,16.82,16.16,16.24,132640
08/16/2004,16.22,16.78,16.19,16.37,436660
08/17/2004,16.37,17.31,16.37,16.7,866510
08/18/2004,16.82,17.25,16.32,16.9,582790
08/19/2004,17.08,17.08,16.28,16.92,711360
08/20/2004,16.88,17.1,16.86,16.95,344070
08/23/2004,16.89,17.28,16.89,17.11,744830
08/24/2004,17.12,17.25,17.07,17.11,363200
08/25/2004,17.32,17.39,17.06,17.32,314170
08/26/2004,17.38,17.39,17.04,17.25,475130
08/27/2004,17.29,17.43,17.09,17.32,335850
08/30/2004,17.31,17.32,16.9,16.92,394750
08/31/2004,17.11,17.29,16.92,16.96,363100
09/01/2004,17.12,17.13,16.88,16.97,441990
09/02/2004,16.83,17,16.8,16.94,564180
09/03/2004,16.87,17.06,16.85,16.98,288660
09/07/2004,17.06,17.08,16.9,16.94,682470
09/08/2004,17.03,17.14,16.84,16.89,1887280
09/09/2004,16.86,16.86,16.02,16.4945,2176280
09/10/2004,16.43,16.59,16.35,16.51,849620
09/13/2004,16.67,16.87,16.32,16.6,501540
09/14/2004,16.43,16.84,16.31,16.5,623390
09/15/2004,16.68,16.68,16.17,16.42,504360
09/16/2004,16.43,16.86,16.31,16.82,1217440
09/17/2004,16.82,17.2,16.65,17.01,1186070
09/20/2004,17.1,17.16,16.91,17.02,1087520
09/21/2004,17,18.51,16.9,18.23,2749790
09/22/2004,18.06,18.47,17.7,17.93,1811490
09/23/2004,17.87,18.46,17.8,18.34,1416410
09/24/2004,19.02,19.87,19.01,19.24,2301590
09/27/2004,19.09,19.09,18.45,18.46,725110
09/28/2004,18.62,18.85,18.45,18.72,883580
09/29/2004,18.79,18.97,18.3,18.5,669020
09/30/2004,18.52,18.52,18.21,18.36,628820
10/01/2004,18.37,18.94,18.12,18.41,844470
10/04/2004,18.38,18.75,18.38,18.5,700790
10/05/2004,18.42,18.55,17.73,17.83,983250
10/06/2004,17.74,18.21,17.63,18,920720
10/07/2004,18,18.03,17.5,17.61,1398780
10/08/2004,17.785,17.91,17.6,17.66,562990
10/11/2004,17.72,18.06,17.54,17.72,724070
10/12/2004,17.7,17.7,17.17,17.47,1437100
10/13/2004,18.02,18.5,17.75,18.4,2206470
10/14/2004,20.45,21.18,18.86,19.79,5414940
10/15/2004,20.03,20.44,19.59,20.3,1037660
10/18/2004,20.11,20.97,19.81,20.8,976640
10/19/2004,20.72,21.14,20.49,20.57,725650
10/20/2004,20.51,21,20.36,20.99,797490
10/21/2004,20.85,21.15,20.46,20.79,725460
10/22/2004,20.95,21.62,20.77,21.51,916450
10/25/2004,21.33,21.52,20.53,21.02,695830
10/26/2004,21.02,21.6,20.89,21.56,865270
10/27/2004,21.52,22.03,21.4,21.85,535770
10/28/2004,21.72,22.12,21.66,21.87,723590
10/29/2004,22.45,22.55,21.27,21.8,963910
11/01/2004,21.93,22,21.56,21.82,662580
11/02/2004,21.65,22.33,21.65,21.69,839080
11/03/2004,22.24,22.46,19.62,20.37,2793360
11/04/2004,20.37,21.26,20.02,21.14,1622150
11/05/2004,21.35,21.62,20.79,20.89,1083630
11/08/2004,21,21,20.09,20.31,1121140
11/09/2004,20.15,21.46,20.15,21.21,1066120
11/10/2004,21.11,21.7,20.95,21.37,467590
11/11/2004,21.4,22.04,21.28,21.95,1054600
11/12/2004,22.02,22.18,21.45,21.73,675630
11/15/2004,21.84,22.17,21.4,21.72,461840
11/16/2004,21.89,22.29,21.75,22.08,432650
11/17/2004,22.17,22.78,22.17,22.63,776650
11/18/2004,22.73,22.73,21.48,21.54,1286620
11/19/2004,21.69,21.69,20.58,20.98,1194910
11/22/2004,21.32,21.37,20.91,21.05,699100
11/23/2004,20.36,20.41,20.06,20.22,1757940
11/24/2004,20.27,20.36,20.11,20.27,900410
11/26/2004,20.38,20.58,20.37,20.46,244900
11/29/2004,20.469,20.61,20.23,20.43,683390
11/30/2004,20.6,20.69,20.35,20.48,516160
12/01/2004,20.51,20.93,20.48,20.9,591080
12/02/2004,20.91,21.24,20.88,21,841080
12/03/2004,21.17,21.2,20.66,20.76,427140
12/06/2004,20.77,20.91,20.231,20.24,581360
12/07/2004,20.39,20.6,20.185,20.21,305690
12/08/2004,20.34,20.5,20.076,20.41,840210
12/09/2004,20.38,20.56,20.07,20.18,354880
12/10/2004,20.1,20.21,19.62,19.97,898790
12/13/2004,20.03,20.38,19.82,20.01,590830
12/14/2004,19.86,20.05,19.14,19.42,1020050
12/15/2004,19.28,19.75,19.28,19.47,1029960
12/16/2004,19.53,19.54,19.02,19.39,1028580
12/17/2004,19.44,19.9,19.25,19.82,535020
12/20/2004,19.96,20.11,19.718,19.88,729140
12/21/2004,19.19,19.85,18.83,19.71,2268180
12/22/2004,20.3,21.2,20.11,21.2,4558420
12/23/2004,21.31,21.38,20.93,21.28,692370
12/27/2004,21.47,21.5,21.23,21.36,509110
12/28/2004,21.48,21.55,21.21,21.48,664670
12/29/2004,21.41,21.6,20.77,20.95,1127780
12/30/2004,21.05,21.06,20.75,20.95,855170
12/31/2004,20.8,21.2,20.8,21.01,375390
01/03/2005,21.27,21.27,20.88,21.12,643380
01/04/2005,21.24,21.24,20.31,20.35,1026370
01/05/2005,20.35,20.55,19.94,20,758910
01/06/2005,20.24,20.42,20.12,20.26,465480
01/07/2005,20.47,20.5,19.98,20.14,544400
01/10/2005,20.21,20.64,20.21,20.47,394960
01/11/2005,20.44,20.48,20.03,20.07,422720
01/12/2005,20.3,20.33,19.95,20.05,664160
01/13/2005,19.98,20.29,19.98,19.98,330660
01/14/2005,19.94,20.34,19.8,20.3,560630
01/18/2005,20.35,21.19,20.17,21.17,1181260
01/19/2005,21.29,21.64,21.17,21.47,1590900
01/20/2005,21.66,21.73,21.17,21.28,931130
01/21/2005,21.19,21.42,20.6,20.76,674680
01/24/2005,20.79,20.98,20.41,20.51,586610
01/25/2005,20.64,20.881,20.426,20.64,377230
01/26/2005,20.71,21.53,20.551,21.51,875800
01/27/2005,21.45,21.65,20.9,21.12,458580
01/28/2005,21.07,21.24,20.51,20.65,561490
01/31/2005,20.93,21.1,20.865,21.08,666760
02/01/2005,21.05,21.31,20.7,20.77,558780
02/02/2005,20.87,20.92,20.63,20.79,437900
02/03/2005,20.84,20.84,20.42,20.56,391090
02/04/2005,20.6,20.82,20.5,20.71,424620
02/07/2005,20.81,21.03,20.42,20.73,340410
02/08/2005,20.66,20.86,20.45,20.66,344550
02/09/2005,20.75,20.98,20.19,20.27,582960
02/10/2005,21.49,21.49,19.52,20.7,2045410
02/11/2005,20.79,21.38,20.38,21.25,884110
02/14/2005,21.37,21.97,21.01,21.97,1164820
02/15/2005,22.03,22.03,21.36,21.62,902310
02/16/2005,21.47,21.65,21.17,21.49,590960
02/17/2005,21.65,21.74,21.16,21.21,465300
02/18/2005,21.16,21.32,21,21.26,290150
02/22/2005,21.2,22.1,21.1,21.32,636340
02/23/2005,21.41,21.76,21.35,21.67,805950
02/24/2005,21.76,21.92,21.3,21.74,602280
02/25/2005,21.84,22.06,21.51,22.06,285400
02/28/2005,21.86,22.59,21.77,22.53,884280
03/01/2005,22.64,22.87,22.26,22.75,873330
03/02/2005,22.75,23,22.54,22.9,832050
03/03/2005,22.99,23.01,22.3,22.58,1442230
03/04/2005,22.54,22.9,22.4,22.47,1177800
03/07/2005,22.6,22.66,22.08,22.25,546890
03/08/2005,22.1,22.95,22.09,22.83,895100
03/09/2005,23,23,22.5,22.81,686350
03/10/2005,22.6,23,22.15,22.23,486470
03/11/2005,22.15,22.56,21.88,22.06,435350
03/14/2005,21.89,22.69,21.5,22.25,930310
03/15/2005,22.97,23,22.51,22.93,1146750
03/16/2005,22.85,23.18,22.18,22.24,562010
03/17/2005,22.4,22.74,22.11,22.46,288520
03/18/2005,22.53,22.84,22.35,22.52,814910
03/21/2005,22.46,22.63,22.11,22.18,440310
03/22/2005,22.18,22.4,21.9,22.02,452120
03/23/2005,21.94,22.23,21.61,22.03,368450
03/24/2005,22.13,22.38,21.93,22.07,228160
03/28/2005,22.02,22.07,21.56,21.64,305450
03/29/2005,21.53,21.95,21.47,21.61,748990
03/30/2005,21.53,22.14,21.28,21.96,508860
03/31/2005,22.19,22.5403,22.04,22.51,499990
04/01/2005,22.48,22.5,21.69,21.76,570150
04/04/2005,21.7,22.24,21.61,22.03,443590
04/05/2005,22,22.05,21.49,21.59,525830
04/06/2005,21.73,22.18,21.531,21.61,797730
04/07/2005,21.58,21.98,21.3,21.95,624360
04/08/2005,21.84,22.17,21.71,21.84,475740
04/11/2005,21.83,21.98,21.54,21.8,265390
04/12/2005,21.6,22.47,21.55,22.32,690460
04/13/2005,22.39,22.59,22.15,22.38,400250
04/14/2005,22.49,22.49,22.02,22.2,551220
04/15/2005,22.32,22.59,21.86,22.23,758210
04/18/2005,22.3,22.7,22.13,22.58,502050
04/19/2005,22.78,23,22.19,22.19,553180
04/20/2005,22.35,22.35,20.63,20.81,1204910
04/21/2005,19.47,20.95,19.09,20.52,3383960
04/22/2005,20.36,20.5,19.71,20.22,865560
04/25/2005,20.18,20.68,20.18,20.4,463500
04/26/2005,20.5,20.75,20.28,20.62,728910
04/27/2005,20.63,20.63,20.03,20.22,398830
04/28/2005,20.17,20.28,19.64,19.75,486950
04/29/2005,19.68,20.01,19.45,19.85,596270
05/02/2005,19.94,20.15,19.61,19.91,707300
05/03/2005,20.03,20.11,19.77,19.92,472920
05/04/2005,20,20.14,19.81,20.01,439060
05/05/2005,19.92,20.06,19.43,19.87,534910
05/06/2005,19.95,19.95,19.53,19.61,297300
05/09/2005,19.51,19.71,19.15,19.36,876830
05/10/2005,19.25,19.35,19.04,19.07,480640
05/11/2005,19.03,19.72,19.02,19.53,766990
05/12/2005,19.43,19.73,19.42,19.46,536410
05/13/2005,19.49,19.68,19.1,19.31,325250
05/16/2005,19.26,19.8,19.26,19.73,457790
05/17/2005,19.68,20.07,19.68,20.07,480070
05/18/2005,20,20.63,19.95,20.28,594840
05/19/2005,20.38,20.82,20.24,20.75,613120
05/20/2005,20.79,20.79,20.33,20.43,358060
05/23/2005,20.44,20.44,20.05,20.18,349240
05/24/2005,20.1,20.24,19.79,20,343440
05/25/2005,19.91,20.16,19.75,19.97,492110
05/26/2005,20,20.35,19.9,20.24,263350
05/27/2005,20.35,20.53,20.23,20.45,309180
05/31/2005,20.52,20.58,20.28,20.3,353330
06/01/2005,20.41,20.65,20.2,20.57,278840
06/02/2005,20.57,20.57,20,20.23,307460
06/03/2005,20.2,20.25,19.78,19.94,359320
06/06/2005,19.97,20.11,19.75,20.03,425620
06/07/2005,20.13,25.73,19.93,24.63,7825390
06/08/2005,24.61,24.94,23.99,24.4,2092740
06/09/2005,24.44,25.2,24.32,25.14,1122640
06/10/2005,25.07,25.51,24.05,25.07,853870
06/13/2005,25.01,25.47,24.64,24.9,536690
06/14/2005,24.9,25.03,24.55,24.7,457230
06/15/2005,23.91,24.98,23.88,24.34,962240
06/16/2005,24.49,25.02,24.4,24.99,736030
06/17/2005,25.04,25.14,24.8,24.8,627080
06/20/2005,24.8,25.05,24.4,24.58,512720
06/21/2005,24.63,25.51,24.63,25.5,758290
06/22/2005,25.49,25.99,25.28,25.88,916590
06/23/2005,25.73,25.96,25.44,25.73,577490
06/24/2005,25.78,26.25,25.71,25.92,729600
06/27/2005,25.86,26.17,25.33,25.75,495560
06/28/2005,25.87,25.99,25.5951,25.99,386960
06/29/2005,26,26.17,25.67,25.87,545260
06/30/2005,25.94,26.48,25.75,26.28,595390
07/01/2005,26.37,26.37,25.57,25.95,455420
07/05/2005,25.95,25.95,25.56,25.57,314640
07/06/2005,25.56,25.9,25.41,25.5,314760
07/07/2005,25.48,26.1,25.11,25.62,929980
07/08/2005,25.7,25.83,25.46,25.72,437220
07/11/2005,25.75,26.02,25.53,25.78,471550
07/12/2005,27.11,28.43,26.78,27.42,1438210
07/13/2005,27.42,27.56,27,27.34,703460
07/14/2005,27.22,28.21,27.02,27.97,736730
07/15/2005,28.11,28.26,27.72,28.25,688970
07/18/2005,28.25,28.39,27.19,28.13,585970
07/19/2005,28.07,28.68,27.06,27.71,1944970
07/20/2005,27.75,28.24,27.51,28,595520
07/21/2005,28.28,28.71,26.92,26.94,1932510
07/22/2005,27,27.06,26.07,26.23,956410
07/25/2005,26.47,27.5,26.31,27.31,840100
07/26/2005,26.26,28.43,26.25,28.36,1566680
07/27/2005,28.43,28.79,28.24,28.47,867260
07/28/2005,28.53,28.59,28.05,28.19,404290
07/29/2005,28.18,28.5,28.11,28.46,439010
08/01/2005,28.49,29.48,28.42,29.25,907010
08/02/2005,29.4,29.49,28.39,28.85,796250
08/03/2005,28.61,29.14,28.19,28.45,658330
08/04/2005,28.19,28.43,28,28.29,595920
08/05/2005,28.35,28.35,27.55,27.79,918360
08/08/2005,28.01,28.12,27.78,28.01,577560
08/09/2005,28.02,28.21,27.76,27.96,359040
08/10/2005,28.14,28.35,27.7,27.88,517150
08/11/2005,27.84,28.31,27.76,28.22,384180
08/12/2005,27.88,28.07,27.5,27.91,416410
08/15/2005,28,28.21,27.59,27.79,251150
08/16/2005,27.89,27.89,27.2,27.36,408550
08/17/2005,27.41,27.53,27.04,27.05,420790
08/18/2005,27,27.26,26.76,27.03,911780
08/19/2005,27.08,27.56,27.05,27.36,450630
08/22/2005,27.92,28.8,27.92,28.55,1187890
08/23/2005,28.7,29.21,28.66,29.1,876970
08/24/2005,29.21,30,29.1,29.69,1059900
08/25/2005,29.7,29.99,29.53,29.62,717260
08/26/2005,29.75,29.98,29.69,29.93,386130
08/29/2005,29.9,29.94,29.12,29.65,680150
08/30/2005,29.75,29.75,28.76,29.04,425650
08/31/2005,28.98,30,28.81,30,566330
09/01/2005,29.95,30.2,29.68,30.11,485550
09/02/2005,30.11,30.52,30.05,30.47,447340
09/06/2005,29.72,30.36,29.38,29.99,630210
09/07/2005,29.75,30.05,29.7,29.93,510110
09/08/2005,30.05,30.2,29.93,30.18,255940
09/09/2005,30.2,30.47,29.81,30.2,423770
09/12/2005,29.98,30.52,29.93,30.37,360750
09/13/2005,30.52,30.52,29.94,30.15,284070
09/14/2005,30.16,30.31,29.89,30,472220
09/15/2005,30.09,30.09,29.37,29.53,576770
09/16/2005,29.61,29.73,29.13,29.2,299730
09/19/2005,29.3,29.3,28.75,28.84,404000
09/20/2005,28.85,29.34,28.85,28.97,649830
09/21/2005,29,29.03,28.32,28.49,471260
09/22/2005,28.39,28.68,28.21,28.27,355020
09/23/2005,28.19,29.18,28,28.81,475510
09/26/2005,29,29.48,28.6,28.9,399970
09/27/2005,27.14,28.91,27,28.39,2190040
09/28/2005,28.02,28.8,26.91,27.3,1805870
09/29/2005,27.15,27.25,26.2597,26.38,1383430
09/30/2005,26.5,27.06,26.21,26.67,773330
10/03/2005,26.96,27.54,26.25,26.38,752780
10/04/2005,26.12,26.34,25.66,25.99,1354640
10/05/2005,25.76,26.32,25.41,26.04,2482010
10/06/2005,26.4,26.44,26.02,26.04,13471580
10/07/2005,26.25,26.25,26.04,26.08,1659450
10/10/2005,26.21,26.75,26.02,26.06,1617800
10/11/2005,26.05,26.35,25.4,25.8,1434730
10/12/2005,25.67,26.18,25.56,26,1355460
10/13/2005,25.84,26.1,25.84,26.05,1006830
10/14/2005,25.91,26.39,25.83,26.24,945590
10/17/2005,26.21,26.31,25.6987,26.05,1176230
10/18/2005,26,26.1,25.66,25.76,783710
10/19/2005,26,26.4,25.35,26.38,1021250
10/20/2005,25.75,25.85,24.36,24.75,2701750
10/21/2005,25.44,25.65,24.91,25.5,1864950
10/24/2005,25.47,25.6,25.21,25.51,1038860
10/25/2005,25.49,26,25.36,25.64,1441480
10/26/2005,25.53,25.87,25.43,25.83,1079640
10/27/2005,25.85,26.41,25.82,26.34,1199080
10/28/2005,26.47,26.73,26.2,26.53,1112290
10/31/2005,26.67,27.08,26.54,26.92,963140
11/01/2005,27.09,27.58,26.94,27.39,1187770
11/02/2005,27.44,28.02,27.27,27.92,929140
11/03/2005,27.91,28.63,27.43,27.58,1465460
11/04/2005,27.77,27.87,26.9,27.84,761340
11/07/2005,27.83,28.24,27.62,27.93,807880
11/08/2005,27.96,28.33,27.28,28.28,655310
11/09/2005,27.485,28.3,27.485,28.27,570560
11/10/2005,28.23,28.45,27.81,28.43,572610
11/11/2005,28.31,28.74,28.21,28.59,508860
11/14/2005,28.45,28.71,28.12,28.61,442480
11/15/2005,28.63,28.78,27.74,28.68,472540
11/16/2005,28.59,28.7417,28.18,28.66,425270
11/17/2005,28.5,29.05,28.27,28.99,697500
11/18/2005,28.91,29.75,28.82,29.63,1311100
11/21/2005,29.75,29.8,29.15,29.7,1173130
11/22/2005,29.7,29.92,29.45,29.78,1531420
11/23/2005,29.95,30.31,29.69,30.23,1534800
11/25/2005,30.09,30.49,30.09,30.43,158770
11/28/2005,30.56,30.56,30.03,30.26,1133280
11/29/2005,30.23,31.3,30.21,31.17,1242760
11/30/2005,30.22,30.8,29.92,29.92,3503290
12/01/2005,30.22,30.5,30.15,30.33,1782130
12/02/2005,30.39,30.5,29.97,30.1,1870720
12/05/2005,30.07,30.12,29.54,29.97,1265850
12/06/2005,29.91,30.78,29.66,30.71,2438060
12/07/2005,30.75,30.85,29.55,30.15,997100
12/08/2005,30.17,30.33,29.96,30.22,1150340
12/09/2005,30.07,30.35,29.91,30.09,691100
12/12/2005,30.02,30.25,29.76,29.99,1038310
12/13/2005,29.9,30.21,29.81,30.21,726030
12/14/2005,29.49,30.59,29.49,30.49,687740
12/15/2005,30.52,30.7,30.22,30.46,692320
12/16/2005,30.63,30.68,29.97,30.23,853710
12/19/2005,30.35,30.55,29.75,29.93,589560
12/20/2005,30.05,30.47,29.72,30.39,503700
12/21/2005,30.51,30.51,29.9,30.08,853560
12/22/2005,30.21,30.47,30.05,30.24,592070
12/23/2005,30.25,30.5,30.11,30.5,528390
12/27/2005,30.57,31.93,30.25,30.33,1062260
12/28/2005,30.49,30.61,30.25,30.32,405470
12/29/2005,30.46,30.74,30.35,30.49,305790
12/30/2005,30.63,30.86,30.15,30.26,254340
01/03/2006,30.45,31.14,30.4,31.03,927850
01/04/2006,31.17,32.13,31.12,32.01,1126920
01/05/2006,32.12,32.48,31.78,32.41,736940
01/06/2006,32.45,33.07,31.82,32.03,1258670
01/09/2006,32.19,32.2,31.18,31.41,1987950
01/10/2006,29.85,30.5,29.8,29.88,4682830
01/11/2006,29.88,30.65,29.84,30.5,1423130
01/12/2006,30.64,30.65,29.97,30.08,1449170
01/13/2006,30.1,30.1,29.89,29.96,1048650
01/17/2006,29.84,29.89,28.67,29,1441120
01/18/2006,28.99,29.26,28.71,29.12,1405140
01/19/2006,27.87,28.19,27.81,28.17,3982700
01/20/2006,28.24,28.46,27.9,28.09,1685980
01/23/2006,28,28.09,27.77,27.9,1006450
01/24/2006,27.85,28.18,27.78,27.9,953780
01/25/2006,27.98,28.5,27.94,28.4,1824500
01/26/2006,28.45,28.62,27.76,27.85,1252390
01/27/2006,27.9,28.45,27.85,28.37,1283890
01/30/2006,28.25,28.83,28.14,28.82,1223770
01/31/2006,28.84,28.98,28.5,28.7,825110
02/01/2006,28.79,29.09,21.06,26.72,12293890
02/02/2006,25.75,26.21,25.28,25.39,2974880
02/03/2006,25.37,26.6,25.32,26.08,2247780
02/06/2006,26.23,26.33,25.55,26.07,1884430
02/07/2006,26.21,27.1,26.17,27,1543000
02/08/2006,27.77,27.99,27.43,27.75,1901140
02/09/2006,28,28.45,27.85,28.25,1636320
02/10/2006,28.31,28.52,28.15,28.37,1624930
02/13/2006,28.4,28.8,28.13,28.35,1342340
02/14/2006,28.44,28.85,28.17,28.61,1064590
02/15/2006,30.15,30.38,28.8174,29.19,2324870
02/16/2006,29.39,30.05,29.36,29.8,1939150
02/17/2006,29.93,29.93,29.41,29.8,1492080
02/21/2006,29.91,30.21,29.74,30.17,945600
02/22/2006,30.27,30.48,30.05,30.35,839030
02/23/2006,30.26,30.72,30.24,30.69,476930
02/24/2006,30.6,31.48,30.6,31.47,1020560
02/27/2006,31.49,32,30.86,31.38,1415120
02/28/2006,31.45,31.55,30.94,31.52,1058420
03/01/2006,31.52,32.27,31.49,32.1,838900
03/02/2006,32.16,32.4,31.66,32,720490
03/03/2006,32,32.64,31.76,32.37,843010
03/06/2006,32.48,33.05,32.42,32.97,1262610
03/07/2006,32.99,33.2,32.47,32.76,1402020
03/08/2006,32.79,32.93,32.15,32.27,1183770
03/09/2006,32.22,32.45,30.83,30.93,1823430
03/10/2006,30.85,31.48,30.84,31.25,741050
03/13/2006,31.46,31.73,31.39,31.44,1027450
03/14/2006,31.53,32.14,31.46,31.79,839890
03/15/2006,32.09,33.6,31.93,33.24,1612890
03/16/2006,33.4,33.95,32.68,32.9,1041460
03/17/2006,33.08,33.22,32.71,32.75,616470
03/20/2006,32.87,33.63,32.65,33.43,952320
03/21/2006,33.37,33.88,32.8,33.19,712620
03/22/2006,32.28,32.35,31.66,31.79,2648800
03/23/2006,32.05,32.25,31.95,32.09,997770
03/24/2006,32.09,32.19,31.67,31.69,603270
03/27/2006,31.8,32.02,31.61,31.95,701390
03/28/2006,32,32.15,31.85,32.03,517070
03/29/2006,32.17,32.5,32.08,32.4,848650
03/30/2006,32.52,32.85,32.37,32.5,1115100
03/31/2006,32.66,32.92,32.61,32.79,778690
04/03/2006,33,33,32.55,32.55,974010
04/04/2006,32.84,32.85,31.65,32,1696180
04/05/2006,32.32,32.32,32.02,32.185,1750410
04/06/2006,32.18,32.5,31.57,31.72,1110060
04/07/2006,31.91,31.94,30.85,30.93,789620
04/10/2006,31.04,31.25,30.91,31.05,730670
04/11/2006,31.19,31.22,30.16,30.45,936460
04/12/2006,30.56,31.08,30.33,30.76,570200
04/13/2006,30.7,31.72,30.67,31.48,978370
04/17/2006,31.3,31.81,31.1,31.54,890440
04/18/2006,31.93,32.54,31.9,32.21,1612470
04/19/2006,32.3,32.93,32.3,32.6,1275860
04/20/2006,30.95,32.81,30.88,32.19,2067490
04/21/2006,32.11,32.14,30.95,31.42,1305620
04/24/2006,31.45,32.02,30.7,31.72,957250
04/25/2006,31.86,31.91,31.55,31.8,516080
04/26/2006,31.81,32,31.46,31.64,787290
04/27/2006,31.67,32,31.34,31.37,647680
04/28/2006,31.24,31.74,31.19,31.45,860710
05/01/2006,31.61,32.73,31.48,32.27,1617410
05/02/2006,32.4,32.62,31.95,32.13,645610
05/03/2006,32.18,32.3,31.98,32.09,692410
05/04/2006,32.3,32.54,31.86,31.94,814620
05/05/2006,32.15,32.2,31.66,31.74,1081110
05/08/2006,31.83,32.07,31.54,31.72,1365410
05/09/2006,31.73,31.8,31.37,31.39,582360
05/10/2006,31.27,31.51,31.08,31.27,768770
05/11/2006,31.37,31.64,31.21,31.5,700230
05/12/2006,31.5,31.56,31.21,31.3,647710
05/15/2006,31.4,31.45,30.78,30.85,704030
05/16/2006,31.04,31.22,30.29,30.45,1480860
05/17/2006,30.36,30.91,29.55,29.8,742400
05/18/2006,29.94,29.95,28.56,28.65,1260160
05/19/2006,28.75,29.17,28.39,28.78,758980
05/22/2006,28.7,29.03,28.3,28.4,552080
05/23/2006,28.66,29.01,28.32,28.66,1165610
05/24/2006,28.7,28.92,28.45,28.72,1087470
05/25/2006,28.83,29.58,28.76,28.94,767190
05/26/2006,29.19,29.81,29.11,29.58,392040
05/30/2006,29.46,29.85,29.27,29.45,929590
05/31/2006,29.61,29.74,29.23,29.34,710490
06/01/2006,29.54,29.79,29.42,29.62,787410
06/02/2006,29.8,30.71,29.58,30.49,817220
06/05/2006,30.56,30.8,30.17,30.32,675350
06/06/2006,29.45,29.76,28.62,28.78,1189240
06/07/2006,28.86,29.26,28.78,29.01,574490
06/08/2006,29,29.3,28.64,28.75,729970
06/09/2006,29.01,29.34,28.81,29.13,588830
06/12/2006,29.11,29.23,28.72,28.79,601010
06/13/2006,28.64,28.75,27.7159,27.93,715040
06/14/2006,28.03,29.23,27.8101,28.99,1041730
06/15/2006,29.11,30,29.11,29.75,1464730
06/16/2006,29.63,29.96,29.36,29.73,1007660
06/19/2006,29.89,30,28.67,28.93,1065070
06/20/2006,28.75,29.5,28.71,29.13,1092100
06/21/2006,29.248,29.63,28.58,28.6,1916050
06/22/2006,28.51,29.04,28.3,28.75,814200
06/23/2006,31.94,32.09,29.26,31.5,7709880
06/26/2006,32.17,32.47,31.52,31.81,2777970
06/27/2006,31.8,31.98,31.1,31.47,1435100
06/28/2006,31.56,31.56,30.8,31.26,1090720
06/29/2006,31.25,32.15,31.15,31.95,1682640
06/30/2006,32.02,33.05,31.61,32.96,4472220
07/03/2006,33.16,33.33,32.86,33.25,652380
07/05/2006,33.09,33.1,32.11,32.57,915250
07/06/2006,32.72,32.99,32.28,32.65,1057740
07/07/2006,32.71,32.82,31.96,32.03,569530
07/10/2006,32,32.36,31.24,31.36,772800
07/11/2006,31.3,31.35,30.76,30.89,923500
07/12/2006,30.76,30.96,30.22,30.82,990160
07/13/2006,30.79,31.19,30.3,30.42,757250
07/14/2006,30.5,31.21,30.36,30.96,737730
07/17/2006,30.84,31.18,30.55,30.66,436960
07/18/2006,30.84,31.13,30.06,30.06,924380
07/19/2006,30.06,31.77,30.05,31.43,849550
07/20/2006,32.04,32.04,30.14,30.14,711830
07/21/2006,30.06,30.07,29.7,29.96,898080
07/24/2006,30.06,30.66,29.93,30.58,856180
07/25/2006,30.75,31.74,30.55,31.5,622850
07/26/2006,31.57,31.6,31.01,31.5,430710
07/27/2006,31.67,31.81,30.56,30.66,452520
07/28/2006,30.59,30.89,30.12,30.74,987660
07/31/2006,30.88,31.25,30.8,31.07,683070
08/01/2006,30.96,32.3,30.64,31.98,927350
08/02/2006,32.124,32.54,32.114,32.42,624970
08/03/2006,32.4,33.22,32.31,32.97,1135770
08/04/2006,33.13,33.36,32.5,32.96,707940
08/07/2006,32.95,33.05,32.41,32.7,1079250
08/08/2006,32.55,32.82,32.47,32.63,798690
08/09/2006,32.7351,33.89,32.58,32.58,1050210
08/10/2006,32.5,33.12,32.31,32.99,298270
08/11/2006,33.12,33.56,32.94,32.98,532980
08/14/2006,33.04,33.35,32.58,32.69,944530
08/15/2006,33.18,33.61,32.97,33.37,904450
08/16/2006,33.44,33.77,33,33.3,1045660
08/17/2006,33.5,33.59,33.05,33.2,606760
08/18/2006,33.32,34.4,33.08,33.97,560100
08/21/2006,33.86,34.17,33.28,33.91,498070
08/22/2006,33.75,34.6,33.28,34.32,650900
08/23/2006,34.43,34.5,33.66,33.73,550970
08/24/2006,33.7,33.98,33.2,33.48,804460
08/25/2006,33.61,33.62,32.83,32.95,1088830
08/28/2006,32.69,32.83,32.27,32.44,1368180
08/29/2006,32.26,33.28,32.16,33.14,2350710
08/30/2006,33.36,33.44,32.7,33.31,1467900
08/31/2006,33.45,33.45,32.8,33,730440
09/01/2006,33.08,33.36,32.66,32.78,720070
09/05/2006,32.88,32.88,32.41,32.73,784960
09/06/2006,32.57,32.65,31.66,31.95,1393930
09/07/2006,31.72,31.9602,31.22,31.67,1204190
09/08/2006,30.85,31.37,30.05,31.24,3036470
09/11/2006,31.04,31.23,30.38,30.85,1319850
09/12/2006,30.72,30.78,29.43,30,2864730
09/13/2006,30.18,30.24,29.48,29.56,1899560
09/14/2006,29.46,30.82,28.88,30.33,2202140
09/15/2006,30.74,31.63,30.56,31.35,2527220
09/18/2006,31.24,31.53,31.07,31.24,2193430
09/19/2006,31.16,31.56,30.94,31.2,1063790
09/20/2006,31.2,31.95,31.18,31.66,985620
09/21/2006,31.81,32.4,30.8,32.04,1501670
09/22/2006,31.97,32.43,31.55,31.69,1138300
09/25/2006,31.87,32.23,31.22,32.2,477600
09/26/2006,31.976,32.8,31.976,32.76,849950
09/27/2006,32.81,33.26,32.56,32.7,805600
09/28/2006,32.65,32.77,32.09,32.31,1664560
09/29/2006,32.19,32.8,32.19,32.55,580000
10/02/2006,32.67,33.33,32.63,33.13,1249250
10/03/2006,32.15,32.74,32.12,32.37,2151670
10/04/2006,32.36,32.75,32.1,32.44,1084160
10/05/2006,32.38,33.54,32.11,33.36,1158370
10/06/2006,33.33,33.61,32.97,33.5,870980
10/09/2006,33.37,34.06,33.3,33.77,844840
10/10/2006,33.88,34.01,33.23,33.65,626370
10/11/2006,33.41,33.56,33.12,33.37,959670
10/12/2006,33.5,33.56,33.05,33.5,765310
10/13/2006,33.53,34.34,33.32,34.23,1179280
10/16/2006,34.32,34.75,34.22,34.58,948190
10/17/2006,34.23,34.31,33.8,33.91,2478580
10/18/2006,29.2,29.86,28.7,29.41,16220300
10/19/2006,29.4,29.85,29.29,29.48,2848910
10/20/2006,29.63,29.75,29.2,29.39,2282980
10/23/2006,29.29,30.12,29.29,29.78,1840420
10/24/2006,29.68,29.81,29.29,29.6,1394210
10/25/2006,29.55,29.68,29.1,29.18,1881120
10/26/2006,29.17,29.5,28.74,29.34,1399170
10/27/2006,28.97,29.25,28.49,28.51,1927350
10/30/2006,28.49,28.58,28.15,28.52,1417120
10/31/2006,28.39,28.54,28.13,28.54,1126470
11/01/2006,28.2,28.88,28.2,28.4,1074940
11/02/2006,28.35,28.35,27.89,28.05,1324930
11/03/2006,27.95,28.43,27.87,28.12,1287780
11/06/2006,28.34,28.55,27.83,27.95,1428510
11/07/2006,27.82,28.5,27.75,28.29,1408200
11/08/2006,28.06,28.43,27.69,28.22,1780550
11/09/2006,28.26,28.32,27.91,28.15,1242900
11/10/2006,28.24,28.25,27.84,27.98,830250
11/13/2006,27.94,27.99,27.4,27.68,1152230
11/14/2006,27.64,28.14,27.64,28.03,737330
11/15/2006,28.17,28.67,27.88,28.45,800660
11/16/2006,29.5,29.77,28.93,29.49,1668580
11/17/2006,29.5,29.5,29.15,29.23,1153490
11/20/2006,29.2,29.215,28.557,28.615,1121500
11/21/2006,28.4,28.7,28.16,28.35,1174520
11/22/2006,28.35,28.48,28.01,28.2,1302330
11/24/2006,28.13,28.24,27.84,27.94,499510
11/27/2006,27.95,28.01,27.02,27.04,1247990
11/28/2006,26.96,27.02,26.68,26.88,2141950
11/29/2006,26.88,27.25,26.88,27,3767630
11/30/2006,26.95,27.32,26.8,27.11,2450080
12/01/2006,27,27.2,26.78,27.06,958650
12/04/2006,26.93,27.83,26.76,27.61,898270
12/05/2006,27.4,27.65,27.21,27.64,625880
12/06/2006,27.67,28.58,27.37,28.27,1427110
12/07/2006,28.44,28.53,27.26,27.99,1201590
12/08/2006,27.99,28.71,27.82,28.5,1341930
12/11/2006,28.46,28.981,28.46,28.74,1070350
12/12/2006,28.18,28.44,27.89,28.19,1373680
12/13/2006,28.2,28.2,27.8,28.02,1074680
12/14/2006,28.02,28.3,27.88,28.21,531590
12/15/2006,28.18,28.72,28.1,28.61,985800
12/18/2006,28.56,28.6,27.7496,27.95,836710
12/19/2006,28.03,28.21,27.43,27.48,1164830
12/20/2006,27,27.93,26.99,27.73,1164660
12/21/2006,27.86,27.86,27.28,27.43,464970
12/22/2006,27.32,27.57,27.1,27.31,694190
12/26/2006,27.36,27.54,27.12,27.28,320880
12/27/2006,27.14,27.67,27.14,27.46,598110
12/28/2006,27.32,27.42,27.11,27.24,567040
12/29/2006,27.25,27.642,27.09,27.58,621690
01/03/2007,27.6,27.8,27.02,27.25,1185590
01/04/2007,27.18,27.45,26.91,27.23,900390
01/05/2007,27.25,28.76,27.2,28.7,2094380
01/08/2007,28.56,29.24,28.14,28.85,1911080
01/09/2007,29.53,30.23,29.28,29.48,1823190
01/10/2007,29.12,29.77,28.92,29.62,979230
01/11/2007,29.67,29.67,28.99,29.15,1535040
01/12/2007,29.21,29.51,28.61,29,1971340
01/16/2007,29,29.27,28.64,28.83,654440
01/17/2007,28.83,29.75,28.06,29.19,2883300
01/18/2007,29.15,29.73,29.03,29.64,814350
01/19/2007,29.72,30,29.65,29.86,1235570
01/22/2007,29.78,29.94,29.56,29.68,660720
01/23/2007,29.61,30.11,29.51,30.09,819370
01/24/2007,30.13,30.34,29.85,30.29,825860
01/25/2007,30.17,30.68,30.08,30.6,814550
01/26/2007,30.51,30.51,29.98,30.2,802280
01/29/2007,30.07,30.415,30.03,30.39,643980
01/30/2007,30.31,30.55,30.05,30.52,693050
01/31/2007,30.28,30.74,30.21,30.72,436940
02/01/2007,31.03,31.8,30.851,31.12,1409650
02/02/2007,31.06,31.06,30.45,30.55,956990
02/05/2007,30.57,30.98,30.545,30.94,456110
02/06/2007,30.94,30.94,30.5193,30.65,810310
02/07/2007,30.67,31.11,30.47,30.73,712810
02/08/2007,30.81,30.82,30.4,30.78,696650
02/09/2007,30.91,30.96,30.5,30.55,353900
02/12/2007,30.5,31.03,30.42,30.65,620300
02/13/2007,30.63,30.65,30.29,30.45,644610
02/14/2007,30.43,30.87,29.97,29.97,989840
02/15/2007,29.89,30.47,29.83,30.39,704020
02/16/2007,30.3,30.9,30.3,30.83,754220
02/20/2007,30.9,31.34,30.69,30.75,871480
02/21/2007,30.74,30.98,30.44,30.55,580840
02/22/2007,31.42,32.63,31.24,32.4,1874580
02/23/2007,32.25,32.36,31.64,32.07,959710
02/26/2007,32,32.11,31.77,31.78,632250
02/27/2007,31.51,32.1,31.49,31.6,1131730
02/28/2007,31.55,31.88,31.11,31.21,842510
03/01/2007,30.81,31.16,30.5,30.63,808840
03/02/2007,30.47,30.83,29.87,29.95,599010
03/05/2007,29.88,30.1,29.53,29.64,1303000
03/06/2007,30.05,30.12,29.46,29.75,1501470
03/07/2007,29.86,30.16,29.55,29.67,762170
03/08/2007,29.91,30.21,29.85,30.08,775400
03/09/2007,30.14,30.14,29.73,29.84,341660
03/12/2007,29.85,29.96,29.6,29.75,447770
03/13/2007,29.65,29.93,29.17,29.22,690580
03/14/2007,29.16,29.51,28.67,29.05,631910
03/15/2007,29,29.39,27.67,28.39,3425470
03/16/2007,28.15,28.61,28.04,28.38,1499300
03/19/2007,28.55,29.38,28.33,29.36,1582560
03/20/2007,29.24,29.54,29.17,29.41,633170
03/21/2007,29.55,29.61,29.02,29.42,806980
03/22/2007,29.41,29.61,29.22,29.24,635720
03/23/2007,29.28,29.5,28.93,28.99,706310
03/26/2007,29.05,29.31,29,29.24,721440
03/27/2007,29.28,29.31,28.73,29.24,622570
03/28/2007,29.16,29.48,29.02,29.44,1136790
03/29/2007,29.58,29.83,29.42,29.63,742140
03/30/2007,29.51,29.73,29.32,29.4,801260
04/02/2007,29.52,29.79,28.94,28.98,1016820
04/03/2007,29.1,29.68,29.09,29.52,1396950
04/04/2007,29.61,30.07,29.59,29.98,1037280
04/05/2007,30.03,30.54,29.91,30.53,876410
04/09/2007,30.58,30.9,30.4,30.68,873020
04/10/2007,30.72,30.86,30.34,30.73,687070
04/11/2007,30.66,30.74,30.12,30.31,606500
04/12/2007,30.24,31,30.24,30.99,512840
04/13/2007,30.91,31.03,30.5,30.93,438460
04/16/2007,30.97,31.65,30.9,31.05,456380
04/17/2007,30.47,30.98,30.14,30.23,1608560
04/18/2007,30.33,30.33,29.88,30,1577330
04/19/2007,29.82,30.26,29.74,29.99,782590
04/20/2007,30.04,30.25,29.82,30.01,881680
04/23/2007,29.86,30,29.41,29.58,873710
04/24/2007,29.73,30.04,29.59,29.83,958760
04/25/2007,29.78,30.01,29.68,29.9,815900
04/26/2007,29.79,30.71,29.1,30.62,1576240
04/27/2007,31.61,32.1,30.43,31.4,2585500
04/30/2007,31.6,31.65,30.69,30.94,1358050
05/01/2007,30.76,31.25,30.76,31.1,1116930
05/02/2007,31.1,32.02,31.1,31.95,1166130
05/03/2007,32,32,31.47,31.69,667600
05/04/2007,31.69,31.89,31.49,31.88,681550
05/07/2007,31.91,32.1,31.89,31.92,626030
05/08/2007,31.68,31.89,31.23,31.88,618020
05/09/2007,31.79,32.2,31.77,32.15,620970
05/10/2007,32.18,32.2,31.45,31.62,769810
05/11/2007,31.475,31.77,31.475,31.74,494210
05/14/2007,31.72,32.31,31.47,31.92,746200
05/15/2007,31.96,32.49,31.87,32.15,866360
05/16/2007,32.28,32.7,32.2,32.34,883700
05/17/2007,32.18,32.85,32.17,32.78,805460
05/18/2007,32.74,33.05,32.52,32.98,651280
05/21/2007,32.78,34.98,32.78,34.24,2158930
05/22/2007,34.03,34.08,33.64,33.95,987740
05/23/2007,33.95,34.01,33.35,33.45,648730
05/24/2007,33.66,33.7,33.09,33.37,482490
05/25/2007,33.33,33.55,33.23,33.49,268640
05/29/2007,33.74,34.03,33.49,33.92,632610
05/30/2007,33.76,33.9,33.53,33.64,541200
05/31/2007,35.1901,35.3,34.45,35.3,19407970
06/01/2007,35.23,35.27,34.86,35.03,1609010
06/04/2007,34.92,35.07,34.65,34.7,1205920
06/05/2007,34.57,35.13,34.57,34.72,1181050
06/06/2007,34.76,34.78,34.4,34.7,1006660
06/07/2007,34.52,34.6,33.93,34.19,1259000
06/08/2007,34.22,34.22,33.8,33.91,1112210
06/11/2007,33.89,34.09,33.73,33.89,1014400
06/12/2007,33.87,34.01,33.78,33.91,821630
06/13/2007,34.06,34.43,33.87,34.2,884590
06/14/2007,34.24,34.71,34.15,34.49,817380
06/15/2007,34.65,34.75,34.34,34.53,848080
06/18/2007,34.99,35.85,34.59,34.93,1279750
06/19/2007,34.91,35,34.17,34.2,969460
06/20/2007,34.36,34.54,33.95,34.06,838650
06/21/2007,34.13,34.89,34.12,34.7,749890
06/22/2007,34.68,34.91,34.01,34.09,1252470
06/25/2007,33.99,34.34,33.85,33.93,1036430
06/26/2007,34.19,35.07,34.08,34.89,1631710
06/27/2007,34.82,35.05,33.78,34.15,1793820
06/28/2007,34.18,34.2,33.6,33.64,1975100
06/29/2007,33.89,34.86,33.89,34.23,2065110
