08/11/2000,372.01,408.48,350.12,382.95,861535
08/14/2000,381.09,382,349.25,351.07,86495
08/15/2000,354.68,361.07,350.12,353.77,53086
08/16/2000,351.95,381.13,351.95,361.07,44492
08/17/2000,357.42,364.71,348.3,350.12,51713
08/18/2000,365.62,419.42,361.07,417.6,65726
08/21/2000,444.97,480.05,411.74,443.13,71670
08/22/2000,448.6,457.72,393.89,393.89,37025
08/23/2000,395.71,401.18,372.01,379.3,19554
08/24/2000,377.48,381.13,351.95,351.95,19914
08/25/2000,366.54,377.48,353.77,375.65,21978
08/28/2000,390.24,393.87,363.86,383.87,21391
08/29/2000,392.98,394.81,369.22,389.33,24840
08/30/2000,389.33,428.54,386.6,413.95,21780
08/31/2000,438.6,480.46,433.14,473.18,94234
09/01/2000,470.48,474.13,437.66,459.54,30091
09/05/2000,461.36,474.13,452.24,454.07,24439
09/06/2000,470.48,474.13,444.95,452.24,22004
09/07/2000,466.83,466.83,390.24,419.42,25743
09/08/2000,415.08,422.37,400.52,409.62,15680
09/11/2000,403.01,408.48,393.89,404.83,36547
09/12/2000,396.63,403.01,375.65,379.3,37055
09/13/2000,372.01,382.95,361.07,364.71,10666
09/14/2000,405.79,405.79,365.57,369.23,8262
09/15/2000,366.54,379.3,364.71,366.54,3831
09/18/2000,382.95,386.6,350.12,351.95,20352
09/19/2000,382.04,382.95,313.65,328.24,51356
09/20/2000,335.54,337.36,284.48,302.71,25832
09/21/2000,300.89,313.65,297.24,310.01,26940
09/22/2000,279.92,315.48,275.36,308.18,8658
09/25/2000,310.01,315.48,273.54,275.36,23038
09/26/2000,289,289,261.74,269.01,21068
09/27/2000,274.45,275.36,251.65,272.62,17585
09/28/2000,269.89,313.65,266.24,291.77,23763
09/29/2000,294.51,295.42,254.39,258.95,20749
10/02/2000,277.62,279.47,248.01,248.01,6652
10/03/2000,250.74,258.95,226.12,231.59,10594
10/04/2000,233.42,235.24,196.95,207.89,17045
10/05/2000,202.42,237.06,189.65,191.47,15965
10/06/2000,205.58,207.43,175.94,177.8,11510
10/09/2000,191.92,194.64,168.27,180.09,11620
10/10/2000,184.18,184.18,160.47,165.94,14343
10/11/2000,153.18,167.77,118.53,120.36,45466
10/12/2000,148.62,153.18,131.3,151.36,38944
10/13/2000,165.94,229.77,161.39,220.65,45096
10/16/2000,237.06,238.89,215.18,237.06,35028
10/17/2000,248.01,249.83,222.48,227.95,10929
10/18/2000,226.12,244.36,173.24,235.24,17725
10/19/2000,248,271.71,196.94,201.5,26973
10/20/2000,218.83,218.83,204.24,213.36,21517
10/23/2000,215.18,245.27,207.89,240.71,18446
10/24/2000,241.85,248.24,237.28,246.41,21037
10/25/2000,243.67,248.23,229.98,248.23,13642
10/26/2000,247.09,280.83,246.18,264.42,8456
10/27/2000,265.1,266.93,252.3,263.27,3500
10/30/2000,260.77,273.54,251.65,260.77,7833
10/31/2000,261.22,293.42,250.48,284.48,11506
11/01/2000,284.71,305.76,280.13,283.79,11623
11/02/2000,283.8,288.36,259.16,270.11,7968
11/03/2000,261.68,275.36,261.68,266.24,8076
11/06/2000,269.89,273.54,253.48,258.95,8510
11/07/2000,262.59,262.59,255.3,258.95,7230
11/08/2000,258.08,259.91,220.55,236.11,22137
11/09/2000,218.83,233.42,218.83,230.68,11837
11/10/2000,222.71,226.36,217.23,217.23,18710
11/13/2000,202.42,206.06,198.77,206.06,12489
11/14/2000,205.15,213.36,189.65,193.3,16728
11/15/2000,200.59,202.42,184.18,184.18,21950
11/16/2000,189.88,193.53,182.58,185.32,4087
11/17/2000,199.68,200.59,186,193.3,14510
11/20/2000,190.56,191.47,184.18,184.18,5558
11/21/2000,185.09,189.65,180.53,180.53,8761
11/22/2000,179.57,180.48,173.26,175.06,12049
11/24/2000,177.11,178.94,175.29,176.2,1782
11/27/2000,186,193.3,173.24,175.06,5369
11/28/2000,178.71,178.71,156.83,158.65,4089
11/29/2000,158.65,162.3,131.3,142.24,16971
11/30/2000,138.59,141.33,124,127.65,11065
12/01/2000,127.65,147.71,126.74,140.41,6339
12/04/2000,141.33,149.53,141.33,144.06,2519
12/05/2000,147.94,149.76,142.46,147.94,4981
12/06/2000,146.8,147.71,133.12,140.41,5306
12/07/2000,139.5,151.36,131.3,131.3,6196
12/08/2000,138.59,175.06,138.59,160.47,5781
12/11/2000,161.38,169.59,160.47,160.47,2378
12/12/2000,163.21,213.36,160.47,193.3,10428
12/13/2000,214.5,222.72,200.81,206.29,6813
12/14/2000,212.68,212.68,198.99,204.46,5186
12/15/2000,202.65,205.39,195.35,195.35,2608
12/18/2000,206.97,207.89,164.12,170.5,3246
12/19/2000,157.74,173.24,149.53,162.3,5184
12/20/2000,160.47,162.3,136.77,142.24,8503
12/21/2000,131.3,134.94,114.88,118.53,18584
12/22/2000,134.94,134.94,116.71,116.71,15180
12/26/2000,118.53,129.47,111.24,114.88,11579
12/27/2000,114.88,116.71,102.12,111.24,7554
12/28/2000,109.41,111.24,94.83,102.12,33666
12/29/2000,101.21,137.68,100.3,127.65,17332
01/02/2001,128.81,129.73,98.66,104.15,14125
01/03/2001,100.3,131.3,94.83,105.77,27572
01/04/2001,114.21,118.78,102.33,105.99,10042
01/05/2001,109.41,118.53,103.94,116.71,5308
01/08/2001,116.71,118.53,109.41,114.88,5277
01/09/2001,116.71,116.71,103.94,108.5,1896
01/10/2001,110.33,113.06,103.94,111.24,4927
01/11/2001,111.24,118.53,105.77,113.06,7957
01/12/2001,115.8,134.94,115.8,134.94,15816
01/16/2001,138.59,153.18,131.3,145.89,6067
01/17/2001,153.65,174.56,150.92,163.65,6491
01/18/2001,173.01,178.47,167.54,169.37,6614
01/19/2001,171.42,176.89,167.77,171.42,9180
01/22/2001,175.06,182.36,167.77,175.06,8766
01/23/2001,175.75,189.41,173.02,185.77,4274
01/24/2001,196.72,218.58,183.97,204.92,12271
01/25/2001,202.42,204.24,189.65,189.65,5873
01/26/2001,169.59,178.71,160.47,175.06,7530
01/29/2001,180.08,186.48,175.51,176.42,3055
01/30/2001,178.71,179.62,171.42,173.24,2636
01/31/2001,175.75,183.07,172.09,173.92,8130
02/01/2001,173.24,176.89,172.33,175.06,1561
02/02/2001,175.06,176.89,171.42,175.06,1306
02/05/2001,174.15,175.06,156.83,156.83,2509
02/06/2001,145.88,157.74,142.24,154.09,3551
02/07/2001,154.09,178.71,151.36,178.71,4294
02/08/2001,191.47,204.24,182.36,189.65,16833
02/09/2001,196.95,196.95,169.59,180.53,4693
02/12/2001,175.06,189.65,171.42,175.06,2526
02/13/2001,178.71,181.44,161.39,171.42,6227
02/14/2001,170.74,172.56,153.39,158.87,1484
02/15/2001,160.47,171.42,149.53,149.53,3497
02/16/2001,152.27,153.18,125.82,130.38,5664
02/20/2001,131.3,144.06,125.83,127.65,3751
02/21/2001,125.97,127.82,116.71,116.71,7415
02/22/2001,118.53,121.27,109.41,114.88,5247
02/23/2001,115.11,117.85,109.63,115.11,14931
02/26/2001,115.8,117.62,109.41,111.24,9614
02/27/2001,110.55,112.38,105.98,110.55,11650
02/28/2001,109.64,112.38,105.99,109.64,3665
03/01/2001,108.5,109.41,90.27,92.09,15181
03/02/2001,93.91,95.74,80.24,82.97,11471
03/05/2001,86.85,88.68,80.45,85.02,13409
03/06/2001,88.21,109.13,83.67,87.3,27547
03/07/2001,92.09,92.09,83.88,87.53,8258
03/08/2001,88.67,89.59,80.45,85.93,6266
03/09/2001,87.53,89.35,80.24,81.15,5452
03/12/2001,83.15,83.15,64.68,69.3,19649
03/13/2001,60.18,67.47,58.35,65.65,15513
03/14/2001,62.23,64.98,58.57,59.49,10920
03/15/2001,62,65.65,56.53,56.53,15050
03/16/2001,58.35,60.18,45.59,51.06,11459
03/19/2001,53.79,61.09,53.79,56.53,17515
03/20/2001,59.49,60.41,57.66,59.49,19787
03/21/2001,59.27,60.18,56.53,58.35,13827
03/22/2001,59.26,60.18,58.35,59.26,5845
03/23/2001,58.35,60.18,56.53,59.27,11064
03/26/2001,59.04,59.04,56.31,58.13,2520
03/27/2001,58.35,59.27,47.41,47.41,6908
03/28/2001,43.77,51.06,40.12,45.59,16262
03/29/2001,48.32,51.06,40.12,41.03,22194
03/30/2001,43.77,43.77,31,36.47,32656
04/02/2001,40.12,41.94,29.18,32.82,19285
04/03/2001,34.65,36.47,29.18,31.91,27077
04/04/2001,34.65,36.47,29.18,30.09,14392
04/05/2001,32.82,32.82,28.26,30.09,26410
04/06/2001,31.76,31.76,15.398,17.322,94903
04/09/2001,24.22,26.84,21.01,26.84,39625
04/10/2001,30.34,37.93,30.34,32.39,56356
04/11/2001,36.03,40.42,33.68,39.54,88021
04/12/2001,40.85,41.72,36.47,37.93,27238
04/16/2001,40.85,42.31,39.39,40.26,28475
04/17/2001,37.93,39.1,36.76,38.51,10862
04/18/2001,39.68,43.77,39.39,42.6,31209
04/19/2001,46.98,53.98,46.68,47.56,44819
04/20/2001,50.18,50.48,42.31,43.77,22584
04/23/2001,43.77,44.64,34.72,35.89,13834
04/24/2001,35.89,37.93,35.01,37.64,10745
04/25/2001,37.35,39.68,36.47,37.05,17275
04/26/2001,37.64,37.93,36.47,36.47,6223
04/27/2001,37.93,40.56,36.18,37.93,17901
04/30/2001,39.68,40.26,37.05,38.51,16379
05/01/2001,39.39,40.26,37.35,38.51,16179
05/02/2001,39.52,55.91,38.64,50.64,26906
05/03/2001,51.94,52.23,43.77,49.6,13697
05/04/2001,49.46,49.75,44.48,47.41,15349
05/07/2001,47.85,48.14,43.47,46.1,15312
05/08/2001,46.1,49.6,46.1,47.27,6291
05/09/2001,47.56,47.56,43.77,44.64,4889
05/10/2001,45.52,46.39,43.18,43.77,6860
05/11/2001,45.52,45.52,35.01,40.56,20318
05/14/2001,42.91,42.91,30.22,33.85,21499
05/15/2001,34.43,37.93,34.43,37.05,13309
05/16/2001,35.89,39.39,35.6,37.93,4534
05/17/2001,38.22,39.97,35.01,36.47,6559
05/18/2001,36.47,37.35,33.85,35.01,19976
05/21/2001,35.15,41.88,35.15,40.71,7039
05/22/2001,40.85,43.47,38.51,42.01,4317
05/23/2001,42.75,43.04,39.53,41.87,6142
05/24/2001,41.43,49.6,40.85,44.93,10700
05/25/2001,46.54,48.01,42.44,43.91,4100
05/29/2001,45.22,45.81,42.01,42.6,4781
05/30/2001,43.18,43.47,36.76,37.93,8725
05/31/2001,38.37,40.42,36.61,38.08,6208
06/01/2001,40.26,40.26,36.18,39.39,7684
06/04/2001,42.74,43.91,38.35,43.62,9277
06/05/2001,43.77,45.52,42.31,44.35,4962
06/06/2001,44.93,44.93,42.01,42.01,2068
06/07/2001,41.14,42.89,38.22,39.68,5210
06/08/2001,41.43,41.72,37.64,39.39,6620
06/11/2001,39.68,39.97,37.93,39.39,2334
06/12/2001,37.93,39.39,37.35,38.22,2001
06/13/2001,39.39,40.85,38.81,38.81,1156
06/14/2001,37.93,39.68,32.97,34.72,9237
06/15/2001,35.3,35.6,30.64,33.55,20053
06/18/2001,39.97,42.01,34.43,35.6,13997
06/19/2001,37.35,37.35,35.01,35.89,13645
06/20/2001,35.6,37.64,31.51,33.85,5216
06/21/2001,30.64,35.01,29.47,33.26,15437
06/22/2001,33.26,33.26,30.34,32.39,3566
06/25/2001,33.55,36.47,32.39,32.97,8179
06/26/2001,32.39,35.01,31.51,32.97,3878
06/27/2001,32.68,34.14,31.51,32.09,11078
06/28/2001,32.39,32.39,29.47,31.22,38227
06/29/2001,30.05,32.09,29.76,31.22,92357
07/02/2001,32.09,32.39,29.76,30.34,8144
07/03/2001,30.64,32.68,30.34,32.68,1477
07/05/2001,32.68,32.97,29.76,30.34,8938
07/06/2001,29.76,31.51,29.47,30.64,2015
07/09/2001,31.8,32.09,29.76,30.64,11349
07/10/2001,30.64,30.64,29.76,30.05,5310
07/11/2001,30.34,30.34,29.18,30.05,9077
07/12/2001,30.64,30.93,29.47,30.05,7206
07/13/2001,31.22,31.22,29.76,30.05,11179
07/16/2001,30.05,40.56,30.05,39.68,10419
07/17/2001,40.26,42.31,32.39,40.85,11171
07/18/2001,41.43,42.31,37.93,39.1,11052
07/19/2001,42.31,45.22,40.85,41.72,18794
07/20/2001,44.06,44.06,41.43,41.72,3333
07/23/2001,42.6,42.6,36.47,37.35,5667
07/24/2001,37.35,42.31,37.05,39.39,4776
07/25/2001,39.39,39.97,37.05,37.64,1852
07/26/2001,37.35,38.81,35.01,36.47,4262
07/27/2001,35.6,39.68,35.3,39.39,3742
07/30/2001,38.81,40.26,37.35,39.39,1546
07/31/2001,39.91,43.68,39.91,40.85,2484
08/01/2001,37.64,40.56,36.18,37.05,3031
08/02/2001,37.05,37.93,35.6,36.47,1731
08/03/2001,35.6,36.76,35.01,35.3,988
08/06/2001,36.47,36.47,35.3,35.3,1460
08/07/2001,36.76,37.64,35.3,36.47,1960
08/08/2001,36.18,37.35,35.6,36.18,4834
08/09/2001,35.6,37.05,35.01,36.47,2405
08/10/2001,36.47,37.05,35.01,36.18,987
08/13/2001,35.6,36.47,34.43,34.72,1815
08/14/2001,35.01,36.18,34.43,35.01,1752
08/15/2001,34.43,36.18,34.43,35.01,2998
08/16/2001,34.43,34.72,32.09,33.85,3078
08/17/2001,33.85,33.85,30.64,33.55,3402
08/20/2001,32.39,33.55,30.64,32.09,1637
08/21/2001,32.68,33.55,30.05,30.64,1982
08/22/2001,30.34,32.68,29.47,29.47,2844
08/23/2001,29.47,31.8,28.59,28.59,7954
08/24/2001,28.3,28.59,23.34,27.43,10253
08/27/2001,30.05,30.64,24.8,25.97,9352
08/28/2001,25.97,27.43,23.63,25.09,4578
08/29/2001,24.73,25.46,21.07,22.83,32118
08/30/2001,22.47,22.47,21.01,21.3,5722
08/31/2001,21.81,22.54,21.08,21.37,6923
09/04/2001,21.88,22.17,18.09,21.3,12767
09/05/2001,21.3,21.59,17.506,18.965,12206
09/06/2001,18.673,22.76,18.67,20.42,4706
09/07/2001,20.42,20.42,18.09,18.965,6526
09/10/2001,19.84,19.84,14.589,16.923,135807
09/17/2001,15.464,16.923,14.589,15.756,20788
09/18/2001,15.172,16.047,14.589,15.464,8817
09/19/2001,15.464,15.464,13.13,15.464,13722
09/20/2001,15.172,15.172,14.297,14.297,4548
09/21/2001,14.443,14.589,10.212,12.838,35536
09/24/2001,13.859,14.88,13.713,14.589,15861
09/25/2001,15.756,15.756,10.796,11.671,16211
09/26/2001,11.94,11.94,9.382,11.087,38996
09/27/2001,11.379,13.13,11.379,12.838,13558
09/28/2001,13.13,13.13,10.796,13.13,15078
10/01/2001,12.838,13.713,12.546,13.13,11813
10/02/2001,14.005,14.005,11.379,13.713,11409
10/03/2001,13.713,14.297,12.546,12.546,13796
10/04/2001,13.713,13.713,12.546,13.13,8665
10/05/2001,13.421,13.421,11.671,12.254,9311
10/08/2001,13.13,13.13,10.212,11.379,12793
10/09/2001,11.671,12.546,11.087,12.546,4899
10/10/2001,12.838,13.713,12.254,12.546,15502
10/11/2001,13.13,14.297,12.838,13.13,20595
10/12/2001,13.713,15.756,12.838,15.464,15443
10/15/2001,16.631,19.257,15.756,18.965,28945
10/16/2001,19.549,20.72,18.673,19.84,13619
10/17/2001,21.01,21.01,18.382,20.72,17333
10/18/2001,21.3,22.17,14.88,18.965,18712
10/19/2001,18.965,18.965,16.631,17.214,8769
10/22/2001,17.506,17.798,16.339,17.214,5925
10/23/2001,18.965,19.549,17.506,17.506,3979
10/24/2001,18.673,18.673,16.047,16.923,5074
10/25/2001,17.506,17.506,11.671,11.963,68420
10/26/2001,13.713,14.005,11.971,13.421,33656
10/29/2001,14.297,15.172,13.421,14.88,16144
10/30/2001,15.464,15.464,13.421,14.297,18842
10/31/2001,14.591,16.05,13.716,15.753,10272
11/01/2001,15.756,15.756,14.005,14.297,10407
11/02/2001,14.005,15.756,14.005,15.172,5956
11/05/2001,15.756,16.923,14.88,16.339,17812
11/06/2001,16.339,18.965,16.339,17.798,20031
11/07/2001,17.798,19.257,17.506,18.673,18373
11/08/2001,19.549,21.88,18.965,20.13,19114
11/09/2001,21.3,22.17,19.549,21.01,24714
11/12/2001,21.59,22.76,20.42,21.88,16708
11/13/2001,22.47,26.26,21.88,25.97,21016
11/14/2001,25.97,33.26,25.68,29.18,48962
11/15/2001,30.05,32.09,28.89,30.64,15123
11/16/2001,32.09,35.01,30.34,32.09,17215
11/19/2001,34.43,37.64,32.97,37.64,12632
11/20/2001,39.97,42.31,39.1,39.68,29040
11/21/2001,42.31,43.47,35.01,40.56,14354
11/23/2001,39.39,39.68,36.47,39.39,2181
11/26/2001,42.01,42.01,35.01,38.22,12964
11/27/2001,39.1,49.31,38.51,46.68,41197
11/28/2001,52.52,60.4,48.14,56.6,38970
11/29/2001,59.4,59.4,45.44,49.6,30851
11/30/2001,50.73,52.77,47.23,48.18,9455
12/03/2001,49.6,51.06,46.68,48.14,8931
12/04/2001,49.6,49.6,41.43,46.68,17158
12/05/2001,46.68,50.77,43.77,46.1,14942
12/06/2001,48.14,48.14,41.14,43.18,14055
12/07/2001,38.81,42.31,37.05,41.14,17151
12/10/2001,41.14,46.68,39.1,46.68,8889
12/11/2001,46.39,49.31,45.22,46.98,7951
12/12/2001,47.85,47.85,45.22,45.22,3498
12/13/2001,45.81,60.69,40.85,57.48,69968
12/14/2001,60.1,69.44,56.31,58.06,40270
12/17/2001,60.1,60.4,53.1,56.31,16526
12/18/2001,54.56,58.06,53.1,54.56,7248
12/19/2001,54.27,62.73,51.93,58.65,13717
12/20/2001,58.35,62.73,54.56,58.35,14115
12/21/2001,57.48,58.35,55.44,56.9,7034
12/24/2001,58.42,66.31,56.96,66.16,15439
12/26/2001,72.18,90.6,69.46,86.07,46189
12/27/2001,86.95,99.79,86.66,98.33,58117
12/28/2001,99.49,101.54,84.61,92.49,56836
12/31/2001,91.62,93.37,83.74,84.61,26791
01/02/2002,82.57,85.78,73.53,78.49,25680
01/03/2002,80.82,87.24,79.36,86.66,22812
01/04/2002,96.07,96.51,87.44,91.54,17942
01/07/2002,95.7,97.16,88.99,91.91,14047
01/08/2002,94.83,99.2,84.61,87.53,26294
01/09/2002,89.2,99.5,87.43,98.62,33235
01/10/2002,99.2,103,90.74,94.24,18297
01/11/2002,96.28,97.16,90.74,92.78,19783
01/14/2002,91.62,91.91,80.24,83.74,24903
01/15/2002,85.05,87.09,81.56,82.43,10717
01/16/2002,83.15,84.32,74.4,79.36,15712
01/17/2002,77.32,80.24,72.94,73.23,15045
01/18/2002,73.53,74.11,63.02,67.69,22532
01/22/2002,64.19,64.19,59.52,61.27,22293
01/23/2002,59.52,61.86,57.48,60.4,21702
01/24/2002,60.78,67.69,60.78,67.69,24852
01/25/2002,69.15,75.86,67.98,70.61,24320
01/28/2002,73.53,73.53,65.65,67.4,36490
01/29/2002,68.57,70.02,64.19,65.94,6943
01/30/2002,66.82,67.4,61.27,67.4,12533
01/31/2002,67.69,70.61,66.23,66.82,8638
02/01/2002,67.83,68.12,58.51,62.3,16071
02/04/2002,62.15,62.44,57.48,59.81,12099
02/05/2002,58.94,60.69,52.81,53.69,21923
02/06/2002,53.1,55.44,43.77,46.39,26236
02/07/2002,43.77,45.22,40.85,42.6,26331
02/08/2002,45.81,53.1,44.35,53.1,26370
02/11/2002,55.73,67.69,55.44,64.77,15887
02/12/2002,65.36,65.36,58.65,62.44,9159
02/13/2002,63.97,66.45,62.66,63.53,7624
02/14/2002,64.77,67.11,54.27,59.81,21837
02/15/2002,60.32,61.19,52.45,55.22,18131
02/19/2002,54.05,54.48,46.03,46.62,15732
02/20/2002,46.68,51.94,45.52,45.52,10326
02/21/2002,47.85,48.43,40.26,41.14,16309
02/22/2002,42.6,43.47,40.85,43.47,8105
02/25/2002,43.77,47.85,43.47,46.1,6934
02/26/2002,45.22,45.81,41.43,42.6,6037
02/27/2002,43.47,43.77,39.39,40.85,9936
02/28/2002,40.85,41.14,35.3,36.47,14177
03/01/2002,37.35,39.1,36.47,37.93,10464
03/04/2002,40.85,41.43,30.64,31.51,24464
03/05/2002,33.55,34.43,30.64,31.51,42788
03/06/2002,31.8,31.8,28.89,30.93,41659
03/07/2002,35.6,39.1,32.39,36.76,69815
03/08/2002,37.35,38.51,33.26,34.72,38995
03/11/2002,35.23,38.01,33.19,37.72,11293
03/12/2002,36.76,42.89,35.89,41.14,21938
03/13/2002,42.01,42.31,37.93,39.97,10986
03/14/2002,40.56,40.85,37.35,38.81,10482
03/15/2002,38.56,40.04,35.59,35.89,7470
03/18/2002,38.83,39.43,36.76,37.05,6451
03/19/2002,37.64,37.64,35.89,36.47,4569
03/20/2002,35.89,36.47,34.14,35.01,7964
03/21/2002,35.89,37.35,34.14,34.72,6752
03/22/2002,36.76,36.76,33.55,33.85,8128
03/25/2002,34.72,36.47,33.55,33.55,7695
03/26/2002,35.01,35.01,33.55,34.43,8485
03/27/2002,35.01,35.6,33.26,33.85,9494
03/28/2002,36.47,36.47,33.85,35.3,8927
04/01/2002,36.18,36.47,33.55,33.55,16053
04/02/2002,33.54,33.83,31.81,32.39,7419
04/03/2002,33.26,33.26,29.18,29.76,12918
04/04/2002,30.34,30.34,27.13,28.59,35192
04/05/2002,30.05,30.34,27.72,28.01,16067
04/08/2002,28.3,28.3,25.09,25.38,63612
04/09/2002,29.47,30.05,25.09,26.26,23552
04/10/2002,27.13,27.72,25.68,26.26,8011
04/11/2002,26.84,26.84,23.93,24.8,15667
04/12/2002,26.84,27.13,23.05,23.63,15086
04/15/2002,24.51,24.51,22.47,23.34,7770
04/16/2002,23.63,24.22,22.76,22.76,14321
04/17/2002,22.76,23.93,18.965,19.84,29371
04/18/2002,21.88,25.09,21.01,23.93,31110
04/19/2002,25.38,25.97,23.63,23.93,24355
04/22/2002,23.88,24.74,20.14,20.42,27697
04/23/2002,21.88,23.05,20.42,21.3,23959
04/24/2002,22.76,24.51,19.55,21.3,29745
04/25/2002,22.76,22.76,18.09,18.382,25142
04/26/2002,18.673,20.424,17.798,18.673,28274
04/29/2002,18.673,19.257,14.297,14.589,65849
04/30/2002,16.047,17.506,15.756,16.631,42004
05/01/2002,17.214,17.798,15.756,16.047,24408
05/02/2002,16.923,18.09,16.047,16.923,13996
05/03/2002,18.09,18.09,15.464,16.047,10883
05/06/2002,17.798,17.798,16.339,17.214,16607
05/07/2002,17.214,17.506,15.464,16.047,12482
05/08/2002,17.506,17.506,14.297,14.589,25741
05/09/2002,15.172,16.631,14.589,15.756,15554
05/10/2002,16.047,16.047,14.297,14.589,21397
05/13/2002,14.88,15.172,13.421,13.713,17510
05/14/2002,14.466,14.466,12.73,13.13,38989
05/15/2002,13.699,15.739,11.659,14.603,56811
05/16/2002,15.464,15.464,14.005,14.297,13244
05/17/2002,14.589,14.589,13.713,14.589,10279
05/20/2002,14.88,15.172,14.005,14.589,9383
05/21/2002,14.88,14.88,14.005,14.297,4407
05/22/2002,14.297,14.88,13.421,14.005,8882
05/23/2002,14.589,14.589,13.713,14.297,4888
05/24/2002,14.589,15.756,13.713,14.297,7281
05/28/2002,14.589,14.804,11.379,12.254,57024
05/29/2002,12.546,13.13,10.209,11.087,56584
05/30/2002,11.379,11.963,10.212,11.963,35668
05/31/2002,11.671,14.005,11.087,13.421,21755
06/03/2002,14.005,14.297,12.546,13.13,15453
06/04/2002,13.78,14.297,13.206,14.297,7706
06/05/2002,14.589,14.88,13.421,14.589,5896
06/06/2002,14.297,14.297,12.838,12.838,10523
06/07/2002,13.13,14.297,11.963,13.421,5740
06/10/2002,14.005,14.297,13.13,13.13,6274
06/11/2002,13.13,13.421,11.963,12.254,8212
06/12/2002,12.254,13.13,11.379,12.254,11115
06/13/2002,12.838,12.838,11.671,12.254,5937
06/14/2002,12.838,12.838,11.379,11.963,6043
06/17/2002,12.545,13.115,11.69,12.254,2687
06/18/2002,13.13,13.13,11.963,11.963,13296
06/19/2002,12.254,12.838,11.671,11.671,6049
06/20/2002,11.671,12.254,10.504,11.379,18766
06/21/2002,10.796,11.671,10.212,11.087,14446
06/24/2002,11.087,11.087,9.045,10.796,10882
06/25/2002,10.796,11.671,10.212,10.504,6607
06/26/2002,9.628,10.504,9.337,10.504,8978
06/27/2002,9.92,10.533,9.628,10.504,3363
06/28/2002,9.92,10.796,9.92,10.212,3297
07/01/2002,10.504,10.504,9.628,9.92,4120
07/02/2002,10.212,10.504,9.337,9.337,10882
07/03/2002,9.805,10.382,8.94,9.92,6628
07/05/2002,9.941,10.793,9.373,10.504,1968
07/08/2002,12.254,12.546,11.379,11.963,10796
07/09/2002,11.751,12.037,10.891,11.963,7040
07/10/2002,11.963,12.254,11.087,12.254,3087
07/11/2002,11.379,11.963,10.504,11.379,5466
07/12/2002,11.379,11.817,10.796,11.379,8280
07/15/2002,11.671,12.254,10.796,11.379,6205
07/16/2002,12.254,12.254,11.379,11.671,6807
07/17/2002,12.254,14.297,11.963,14.297,11710
07/18/2002,14.297,18.673,14.297,16.923,26723
07/19/2002,17.798,18.09,14.297,14.297,16512
07/22/2002,14.233,15.071,12.28,12.838,11367
07/23/2002,14.358,15.606,12.797,13.421,10350
07/24/2002,13.713,13.713,12.546,13.13,5701
07/25/2002,12.838,13.713,12.546,13.13,5960
07/26/2002,11.951,12.805,10.813,11.379,13303
07/29/2002,11.674,12.549,11.09,11.668,7469
07/30/2002,12.546,13.13,11.671,12.546,5735
07/31/2002,12.838,14.589,11.671,14.005,9102
08/01/2002,14.297,14.297,12.254,13.713,7122
08/02/2002,13.713,14.297,13.13,13.421,3817
08/05/2002,13.713,14.297,12.254,12.838,8256
08/06/2002,12.546,13.13,11.671,13.13,3043
08/07/2002,12.546,14.589,12.254,14.297,5576
08/08/2002,13.204,15.181,13.204,15.172,10807
08/09/2002,11.671,12.254,10.212,10.796,25185
08/12/2002,11.087,11.671,10.504,10.796,7596
08/13/2002,11.087,15.464,10.796,13.421,34198
08/14/2002,13.713,13.713,11.379,11.671,18550
08/15/2002,11.401,11.709,10.546,11.087,12585
08/16/2002,10.504,11.379,10.504,11.087,14797
08/19/2002,11.087,12.546,11.087,11.963,13916
08/20/2002,11.963,11.963,11.087,11.671,4284
08/21/2002,11.671,11.963,11.087,11.379,4730
08/22/2002,10.796,11.087,10.212,10.504,15225
08/23/2002,10.796,11.087,10.212,10.796,6491
08/26/2002,10.796,11.087,10.212,10.504,4429
08/27/2002,10.212,10.796,9.92,10.212,8341
08/28/2002,10.212,10.212,8.753,9.337,16644
08/29/2002,8.498,8.781,8.215,8.753,11446
08/30/2002,9.045,9.045,8.17,9.045,17242
09/03/2002,8.441,8.441,7.315,7.878,5362
09/04/2002,7.878,9.92,7.878,9.628,10198
09/05/2002,9.628,9.92,8.753,9.337,13494
09/06/2002,8.752,9.627,8.752,9.046,2201
09/09/2002,9.043,9.335,8.168,8.463,2921
09/10/2002,8.753,8.753,7.878,8.17,3691
09/11/2002,8.461,8.461,7.294,7.586,17406
09/12/2002,7.586,7.586,5.5436,6.419,22329
09/13/2002,6.7107,7.002,5.8354,6.1272,12639
09/16/2002,6.419,6.419,5.8354,6.419,4988
09/17/2002,6.1272,7.0025,5.8354,6.1272,9585
09/18/2002,6.7107,9.92,6.7107,7.878,43690
09/19/2002,8.461,8.768,7.294,7.294,7783
09/20/2002,7.863,8.446,7.281,7.892,8836
09/23/2002,7.878,7.878,6.711,7.294,12606
09/24/2002,7.002,7.2943,5.8354,7.002,15202
09/25/2002,7.002,7.0025,6.419,7.002,4750
09/26/2002,6.419,7.586,6.1272,7.294,6362
09/27/2002,7.294,9.92,7.294,9.628,24011
09/30/2002,9.319,10.521,7.515,9.92,12357
10/01/2002,10.212,10.796,9.483,10.504,12778
10/02/2002,11.963,13.421,10.212,10.504,48038
10/03/2002,10.504,10.504,8.753,8.753,9770
10/04/2002,8.753,9.045,7.878,8.461,16652
10/07/2002,7.878,8.461,7.002,7.294,10316
10/08/2002,7.002,7.294,6.419,6.419,17042
10/09/2002,6.7107,7.0025,6.419,6.419,8980
10/10/2002,6.1272,6.419,6.1272,6.419,14456
10/11/2002,6.419,6.419,6.1272,6.419,4674
10/14/2002,7.002,7.2943,6.419,7.294,10105
10/15/2002,7.878,7.878,6.419,6.7107,9634
10/16/2002,6.7107,7.0025,6.1272,6.419,12166
10/17/2002,6.419,7.0025,6.419,6.419,19899
10/18/2002,6.7107,7.0025,6.419,6.419,14621
10/21/2002,6.7107,6.7107,6.1272,6.419,3313
10/22/2002,6.419,7.002,6.419,6.7107,5547
10/23/2002,6.7107,7.2943,6.7107,6.7107,3930
10/24/2002,6.7107,7.294,6.7107,6.7107,12071
10/25/2002,6.7107,7.878,6.7107,7.002,19112
10/28/2002,8.193,8.193,7.283,7.586,8458
10/29/2002,8.753,9.949,8.461,8.753,146839
10/30/2002,8.461,9.045,7.294,8.17,31143
10/31/2002,7.878,8.461,7.586,8.17,9969
11/01/2002,7.878,8.17,7.294,7.586,13243
11/04/2002,7.878,9.337,7.586,9.045,47100
11/05/2002,9.045,10.504,8.753,9.628,46127
11/06/2002,9.045,9.045,7.586,8.753,35517
11/07/2002,8.17,8.461,7.878,7.878,11919
11/08/2002,7.878,8.461,7.878,8.461,11238
11/11/2002,7.878,8.461,7.586,7.878,11542
11/12/2002,8.17,8.17,7.586,7.586,6174
11/13/2002,8.015,8.015,7.443,7.586,10688
11/14/2002,7.601,8.154,7.572,8.154,16478
11/15/2002,7.878,8.17,7.586,8.17,11052
11/18/2002,8.17,8.461,7.586,7.878,11774
11/19/2002,7.586,7.878,7.586,7.586,15003
11/20/2002,7.878,7.878,7.586,7.878,4402
11/21/2002,7.586,9.337,7.586,8.753,43484
11/22/2002,8.461,9.045,7.878,8.17,17043
11/25/2002,8.753,11.087,8.753,9.92,160777
11/26/2002,11.087,11.671,9.92,10.504,144982
11/27/2002,9.956,10.525,9.672,10.212,34191
11/29/2002,10.504,11.379,10.212,10.212,23933
12/02/2002,10.216,10.5,8.797,9.337,25594
12/03/2002,9.322,9.613,9.031,9.06,9613
12/04/2002,9.045,9.337,8.17,8.461,24700
12/05/2002,8.17,8.753,7.878,8.461,9051
12/06/2002,8.753,8.753,8.17,8.17,9416
12/09/2002,8.313,8.313,7.74,8.17,14720
12/10/2002,8.753,8.753,8.17,8.461,15205
12/11/2002,8.461,8.461,7.878,7.878,19443
12/12/2002,7.586,7.907,7.294,7.586,20292
12/13/2002,7.586,7.615,6.7107,7.002,29521
12/16/2002,7.002,7.586,6.711,7.294,6463
12/17/2002,7.586,7.586,7.002,7.294,13461
12/18/2002,7.294,7.586,7.002,7.002,7029
12/19/2002,7.002,7.586,6.7107,7.002,13531
12/20/2002,7.002,7.586,6.7107,7.294,16514
12/23/2002,6.9903,7.298,6.1515,6.7107,39310
12/24/2002,6.7107,7.0025,6.419,6.7107,3767
12/26/2002,6.419,6.7107,6.1272,6.419,28466
12/27/2002,6.419,6.7107,5.8354,6.419,10157
12/30/2002,6.7399,6.7705,6.1272,6.1272,15277
12/31/2002,5.6769,5.7968,4.7974,5.1972,26787
01/02/2003,5.1453,5.1453,4.4102,4.7777,34430
01/03/2003,4.8012,4.8012,4.5618,4.6358,48826
01/06/2003,4.93,5.2471,4.93,5.1425,94872
01/07/2003,6.5019,7.126,6.5019,7.021,167376
01/08/2003,6.6688,6.7007,6.3434,6.3734,67752
01/10/2003,6.3817,6.5241,6.2283,6.2283,9175
01/14/2003,6.1544,6.2964,5.7756,5.9177,22078
01/15/2003,5.8926,5.8926,5.5057,5.605,21045
01/16/2003,6.0265,6.1085,5.4115,5.5345,14015
01/17/2003,5.0842,5.1345,4.6316,4.8963,32777
01/21/2003,4.7403,4.7403,4.4559,4.4677,134328
01/22/2003,4.4247,4.4661,4.0526,4.0939,54524
01/23/2003,3.9949,3.9949,3.7002,3.7657,48732
01/24/2003,3.9034,3.9147,3.4974,3.5377,51691
01/29/2003,3.1071,3.1071,2.8952,2.9998,14773
01/30/2003,3.0493,3.0781,2.7856,2.7952,6083
01/31/2003,2.8265,3.1912,2.8265,3.1912,13380
02/03/2003,2.8448,3.1001,2.7354,2.9451,104082
02/04/2003,2.9037,3.2051,2.9037,3.0503,9994
02/05/2003,3.1548,4.0939,3.1548,3.7748,60322
02/06/2003,3.7748,3.8295,3.3827,3.4283,49691
02/07/2003,3.5286,3.6107,3.4192,3.4192,17360
02/10/2003,3.4373,3.4464,3.3009,3.3555,27935
02/11/2003,3.3371,3.6927,3.3371,3.6927,43211
02/12/2003,3.6471,3.7292,3.5286,3.5286,9212
02/13/2003,3.5195,3.6654,3.5195,3.6471,12176
02/14/2003,3.7018,3.7018,3.556,3.556,8664
02/18/2003,3.5741,3.6295,3.5648,3.5833,25444
02/19/2003,3.5924,3.7292,3.5468,3.5651,64378
02/20/2003,3.6754,3.7592,3.6103,3.6289,18586
02/21/2003,3.5833,3.6015,3.5195,3.5195,15027
02/24/2003,3.5377,3.7018,3.5195,3.5195,39701
02/25/2003,3.5468,3.5468,3.3736,3.3736,16601
02/26/2003,3.4288,3.4561,3.2008,3.2637,18203
02/27/2003,3.2733,3.2733,3.1001,3.1001,15575
02/28/2003,3.0636,3.328,3.0636,3.1457,60320
03/03/2003,3.1183,3.2642,3.1001,3.1092,57027
03/04/2003,3.1912,3.6107,3.1092,3.6107,87843
03/05/2003,3.6563,3.6563,2.8265,3.0727,69528
03/06/2003,2.9633,3.1365,2.9633,2.9633,61851
03/07/2003,2.9906,3.0271,2.8265,2.8448,37393
03/10/2003,2.863,3.1639,2.8539,3.0362,71072
03/11/2003,3.1183,3.2824,3.1001,3.1457,46064
03/12/2003,3.1457,3.2824,3.1457,3.2186,8582
03/13/2003,3.1457,3.5012,3.1457,3.483,16561
03/14/2003,3.3736,3.401,3.3736,3.401,2524
03/17/2003,3.401,3.9936,3.3007,3.6654,120306
03/18/2003,3.6836,3.7383,3.5924,3.6836,28185
03/19/2003,3.5833,3.8021,3.5833,3.6654,13819
03/20/2003,3.6563,3.6927,3.4739,3.6471,34219
03/21/2003,3.6471,3.6471,3.4192,3.5195,11735
03/24/2003,3.4643,3.4643,3.209,3.2829,36242
03/25/2003,3.3007,3.5924,3.2186,3.2186,44308
03/26/2003,3.2824,3.3007,2.8995,2.9177,40017
03/27/2003,3.1961,3.1961,2.6025,2.8217,83354
03/28/2003,2.7728,2.7811,2.7167,2.7627,47127
03/31/2003,2.7809,2.7809,2.6898,2.6898,21056
04/01/2003,2.7718,2.7992,2.6898,2.6989,20727
04/02/2003,2.7354,2.7354,2.5986,2.7262,33304
04/03/2003,2.708,3.018,2.698,2.7992,131007
04/04/2003,3.089,3.2303,2.7312,2.863,113688
04/07/2003,3.0818,3.0818,2.8174,2.8265,56369
04/08/2003,2.8721,2.8904,2.6442,2.6898,21712
04/09/2003,2.6985,2.8551,2.6985,2.7354,10741
04/10/2003,2.8174,2.8174,2.6442,2.6442,9434
04/11/2003,2.6989,2.7354,2.6442,2.6898,6604
04/14/2003,2.7718,2.8265,2.7354,2.7627,22484
04/15/2003,2.7262,2.9633,2.7262,2.9633,9764
04/16/2003,2.8721,2.9086,2.7354,2.7354,44035
04/17/2003,2.7354,2.8448,2.7354,2.7354,32876
04/21/2003,2.9086,2.9542,2.7627,2.9268,15573
04/22/2003,2.8762,2.9591,2.8225,2.9045,26890
04/23/2003,2.8812,2.9177,2.8265,2.8904,12084
04/24/2003,2.8356,2.8812,2.8265,2.8265,2523
04/25/2003,2.8265,2.9177,2.8265,2.9086,8115
04/28/2003,2.8265,2.9177,2.8265,2.9177,8738
04/29/2003,2.863,2.9542,2.8356,2.8721,8448
04/30/2003,2.9359,3.0545,2.9177,2.9633,81924
05/01/2003,3.0089,3.1092,3.0089,3.0909,26760
05/02/2003,3.1183,3.7018,3.1183,3.6927,43485
05/05/2003,3.5851,4.9696,3.5851,4.9054,137571
05/06/2003,4.9955,5.3855,4.4105,4.5498,131860
05/07/2003,4.4222,4.5316,3.8751,4.103,60545
05/08/2003,4.1486,4.1486,3.7383,3.7383,63393
05/09/2003,3.7383,3.9207,3.4101,3.8295,153544
05/12/2003,3.8295,4.1942,3.8204,4.176,44196
05/13/2003,4.1942,4.3127,3.9298,4.1942,33991
05/14/2003,4.176,5.0513,3.9663,4.7777,176791
05/15/2003,4.7413,4.951,4.6136,4.8051,84497
05/16/2003,5.2245,5.4342,4.6501,5.1972,88396
05/19/2003,4.8872,5.0969,4.5589,4.7869,50559
05/20/2003,4.8142,5.106,4.7504,5.0148,226916
05/21/2003,5.0148,5.1151,4.8689,5.0148,66938
05/22/2003,5.102,5.2933,4.9197,5.2741,83866
05/23/2003,5.2883,6.1454,5.2883,5.6531,177342
05/27/2003,6.0276,7.116,6.0276,6.9113,203205
05/28/2003,6.9751,8.206,6.4828,7.559,273528
05/29/2003,7.705,7.86,7.477,7.623,150709
05/30/2003,7.477,7.805,7.313,7.586,105003
06/02/2003,7.577,8.024,7.577,7.741,75037
06/03/2003,7.604,7.86,7.586,7.613,24173
06/04/2003,7.613,7.741,6.893,7.085,72885
06/05/2003,7.112,7.495,6.984,7.34,44964
06/06/2003,7.34,7.75,7.167,7.385,41157
06/09/2003,7.379,8.062,6.7891,7.1119,94774
06/10/2003,6.7928,7.114,6.7472,7.012,29718
06/11/2003,7.012,7.75,6.8384,7.659,48915
06/12/2003,7.759,7.887,7.577,7.759,11844
06/13/2003,7.741,7.75,7.331,7.504,29323
06/16/2003,7.504,7.896,7.395,7.668,17108
06/17/2003,7.978,8.233,7.841,8.069,51602
06/18/2003,8.097,8.935,8.069,8.48,64381
06/19/2003,8.653,8.653,7.915,8.115,51658
06/20/2003,8.334,8.334,7.905,8.252,37947
06/23/2003,8.334,8.835,8.334,8.753,116532
06/24/2003,8.89,9.528,8.799,9.291,115708
06/25/2003,9.364,9.701,9.3,9.483,78080
06/26/2003,9.218,9.729,8.115,8.297,94427
06/27/2003,8.717,9.081,7.705,8.024,140713
06/30/2003,8.206,8.206,6.939,7.158,176190
07/01/2003,6.9387,7.477,6.8384,7.322,63444
07/02/2003,7.294,8.078,7.294,7.978,44363
07/03/2003,7.887,8.024,7.668,7.978,17711
07/07/2003,8.015,8.625,7.841,8.224,52531
07/08/2003,8.598,8.662,8.288,8.662,26533
07/09/2003,8.662,9.3,8.543,9.2,47321
07/10/2003,9.118,9.127,8.771,9.118,23579
07/11/2003,9.118,9.391,8.981,9.382,41240
07/14/2003,9.209,9.601,9.209,9.391,38518
07/15/2003,9.318,9.601,9.318,9.601,45932
07/16/2003,9.574,11.762,9.519,11.68,227138
07/17/2003,11.287,11.9,10.756,11.763,110960
07/18/2003,11.67,12.308,11.67,11.744,122726
07/21/2003,11.744,11.853,11.169,11.452,55936
07/22/2003,11.169,12.491,11.169,12.382,58025
07/23/2003,12.491,16.002,12.318,15.965,196498
07/24/2003,16.133,18.479,15.367,17.566,280542
07/25/2003,17.324,17.689,16.549,17.324,146191
07/28/2003,17.396,18.263,16.665,18.217,79838
07/29/2003,18.636,18.645,16.855,17.087,64734
07/30/2003,17.752,18.19,16.494,17.689,124354
07/31/2003,18.236,18.464,16.868,17.369,109687
08/01/2003,16.224,16.453,13.254,13.281,358361
08/04/2003,13.646,15.789,13.646,15.34,232967
08/05/2003,15.026,15.892,14.279,14.506,134537
08/06/2003,14.561,14.725,13.312,13.677,94857
08/07/2003,13.643,13.734,11.824,12.051,151810
08/08/2003,11.555,12.622,10.944,11.751,193258
08/11/2003,11.826,13.504,11.762,13.266,74082
08/12/2003,13.522,13.522,12.719,12.719,53909
08/13/2003,12.792,12.792,12.227,12.519,52045
08/14/2003,12.428,12.555,11.926,12.309,37362
08/15/2003,12.336,13.266,12.245,12.856,19633
08/18/2003,13.084,14.68,12.856,14.488,144603
08/19/2003,14.516,14.589,13.832,14.379,31807
08/20/2003,14.26,15.482,14.233,15.455,93033
08/21/2003,15.504,16.573,15.486,16.089,107124
08/22/2003,15.911,16.412,15.619,15.664,125255
08/25/2003,16.093,16.868,16.047,16.512,190927
08/26/2003,16.303,16.412,15.655,16.102,25998
08/27/2003,16.038,17.078,16.038,16.914,104641
08/28/2003,17.096,17.096,16.412,16.585,50150
08/29/2003,16.512,16.914,15.956,16.904,50676
09/02/2003,16.412,17.506,15.956,17.506,91766
09/03/2003,16.914,18.503,16.658,16.886,207390
09/04/2003,16.941,18.236,16.786,17.971,104341
09/05/2003,18.008,18.19,17.898,17.971,57771
09/08/2003,17.078,17.889,16.868,17.67,105942
09/09/2003,17.771,17.789,17.142,17.369,126416
09/10/2003,17.506,17.853,17.178,17.369,129451
09/11/2003,17.306,17.735,17.233,17.351,47434
09/12/2003,17.324,17.588,17.251,17.552,32458
09/15/2003,16.485,17.597,16.421,17.443,76946
09/16/2003,17.123,17.552,17.123,17.534,28969
09/17/2003,17.324,17.771,17.324,17.461,60096
09/18/2003,17.187,18.236,17.187,18.09,68042
09/19/2003,18.6,20.64,18.509,20.06,482814
09/22/2003,19.832,21.5,19.832,21.31,310605
09/23/2003,21.56,21.56,20.52,21.2,104653
09/24/2003,21.36,21.36,19.795,19.804,88632
09/25/2003,20.91,20.92,18.756,18.912,155095
09/26/2003,19.249,19.249,16.231,17.277,214869
09/29/2003,16.914,17.461,16.732,17.16,76821
09/30/2003,17.415,17.415,16.822,16.996,100213
10/01/2003,16.731,17.224,16.412,16.412,87936
10/02/2003,16.412,17.315,16.23,16.248,48575
10/03/2003,17.142,18.008,16.868,17.734,93057
10/06/2003,17.871,18.664,17.278,18.135,122489
10/07/2003,17.515,18.372,17.506,18.172,37127
10/08/2003,18.331,18.377,17.666,17.976,36285
10/09/2003,17.913,18.44,17.877,18.44,77623
10/10/2003,18.172,18.172,17.911,18.108,43418
10/13/2003,18.327,18.92,18.144,18.227,45695
10/14/2003,18.363,18.427,17.324,17.506,46888
10/15/2003,17.278,17.324,16.467,17.114,77028
10/16/2003,17.506,17.752,17.251,17.661,26327
10/17/2003,17.322,17.536,16.05,16.87,62180
10/20/2003,16.43,17.078,16.43,16.968,41647
10/21/2003,17.096,17.762,17.096,17.734,35500
10/22/2003,17.78,18.19,16.923,17.005,27426
10/23/2003,16.786,17.424,16.412,17.424,32530
10/24/2003,17.269,18.236,17.142,18.236,68261
10/27/2003,18.144,18.327,17.78,18.062,49030
10/28/2003,18.054,18.145,16.923,17.223,81203
10/29/2003,16.968,17.679,16.968,17.151,22636
10/30/2003,17.26,17.415,16.512,16.868,59116
10/31/2003,16.695,17.132,16.558,16.594,35322
11/03/2003,16.595,17.233,16.413,17.187,73786
11/04/2003,17.224,17.224,16.047,16.631,48058
11/05/2003,16.631,16.632,15.382,15.537,100442
11/06/2003,15.819,16.202,15.318,16.202,196695
11/07/2003,16.23,17.379,16.139,17.324,172239
11/10/2003,17.105,17.944,17.105,17.752,92989
11/11/2003,17.452,17.935,17.415,17.935,34300
11/12/2003,17.971,18.008,17.552,17.989,45465
11/13/2003,17.917,18.08,17.644,18.008,60218
11/14/2003,17.962,18.464,17.771,18.372,139077
11/17/2003,18.192,19.556,17.964,19.556,473451
11/18/2003,19.868,20.87,19.777,20.62,2503001
11/19/2003,20.35,20.97,20.03,20.2,259739
11/20/2003,19.922,20.29,19.695,20.29,516811
11/21/2003,20.43,20.5,20.06,20.38,261091
11/24/2003,20.33,23.1,20.33,22.34,572071
11/25/2003,22.14,25.28,22.14,23.29,485363
11/26/2003,23.31,24.2,23.31,23.76,126602
11/28/2003,23.8,24.52,23.7,24.35,24043
12/01/2003,24.2,25.89,24.2,24.98,269827
12/02/2003,25.38,26.5,24.98,25.72,268995
12/03/2003,25.77,26.55,25.08,25.08,187244
12/04/2003,24.85,25.17,22.81,23.51,212317
12/05/2003,23.21,23.71,22.49,22.66,95807
12/08/2003,22.92,24.73,22.72,24.53,175588
12/09/2003,24.99,25.52,23.97,24.21,159292
12/10/2003,24.74,24.97,23.28,23.71,75408
12/11/2003,23.47,24.35,21.94,24.15,106756
12/12/2003,24.57,26.58,23.94,25.01,109349
12/15/2003,26.14,26.14,24.12,24.72,165909
12/16/2003,24.6,24.98,23.21,23.74,138164
12/17/2003,23.68,24.72,23.3,24.09,96621
12/18/2003,24.24,25.71,23.82,24.71,193224
12/19/2003,24.77,25.13,24.35,25.05,86917
12/22/2003,24.6,24.72,23.65,24.5,71069
12/23/2003,24.42,24.66,23.3,23.81,176797
12/24/2003,24.07,24.62,24.07,24.62,31871
12/26/2003,24.71,25.07,24.27,24.84,38139
12/29/2003,25.38,25.98,24.4,25.76,111746
12/30/2003,25.77,26.42,25.17,25.48,99928
12/31/2003,25.65,25.89,25.17,25.72,46296
01/02/2004,25.81,26.7,25.71,26.29,220084
01/05/2004,26.44,26.87,26.03,26.44,167972
01/06/2004,26.45,27.17,26.08,26.36,179874
01/07/2004,26.44,26.93,26.2,26.81,69250
01/08/2004,26.99,28.36,26.56,28.21,128361
01/09/2004,28.2,34.31,28.02,33.55,895297
01/12/2004,32.97,33.73,30.45,32.04,726873
01/13/2004,32.18,32.18,30.54,31,160384
01/14/2004,30.54,33.33,30.54,32.64,287966
01/15/2004,32.82,32.82,31.94,32.49,102136
01/16/2004,32.49,33.28,31.94,32.93,88441
01/20/2004,32.87,33.68,30.57,33.17,223519
01/21/2004,32.07,33.05,32.05,32.43,74300
01/22/2004,32.52,32.75,29.9,31.11,360204
01/23/2004,30.81,31.55,30.36,30.41,70309
01/26/2004,30.41,32.37,30.41,31.82,150379
01/27/2004,32.19,32.19,30.95,31.15,104748
01/28/2004,31.59,32.96,31.28,31.33,165691
01/29/2004,31.35,31.44,30.07,31,242556
01/30/2004,30.77,31,29.28,30.01,293041
02/02/2004,29.63,30.32,28.81,29.2,206352
02/03/2004,28.98,30.63,28.98,29.19,170228
02/04/2004,29.35,30.47,27.84,29.72,143826
02/05/2004,27.89,28.06,26.26,26.92,1656105
02/06/2004,27.05,27.48,25.91,26.96,1729440
02/09/2004,27.12,28,26.9,27.38,456069
02/10/2004,27.27,27.88,27.2,27.74,228006
02/11/2004,27.81,28.4,27.66,28.27,212239
02/12/2004,28.36,28.45,27.74,27.81,125252
02/13/2004,28.04,28.17,26.75,27.35,133167
02/17/2004,27.63,27.72,27.17,27.4,124516
02/18/2004,27.24,27.54,27.1,27.33,130600
02/19/2004,27.61,27.61,26.3,26.32,129358
02/20/2004,26.25,26.42,25.07,25.59,378389
02/23/2004,25.59,25.72,23.76,24.15,208409
02/24/2004,23.72,24.71,22.1,24.44,325565
02/25/2004,24.54,25.43,24.28,25.2,132277
02/26/2004,25.18,25.52,24.9,25.3,76808
02/27/2004,25.73,26.34,25.68,25.99,117117
03/01/2004,26.33,26.9,25.3,26.67,195198
03/02/2004,26.92,26.92,26.1,26.3,132779
03/03/2004,26.15,26.44,25.99,26.17,63168
03/04/2004,26.17,27.61,26.17,27.44,306517
03/05/2004,27.57,30.43,27.44,29.68,450650
03/08/2004,29.72,30.04,28.54,29.23,430454
03/09/2004,29.59,29.72,29.11,29.17,182434
03/10/2004,29.99,30.34,28.65,28.95,349589
03/11/2004,29.23,29.73,28.52,28.82,180025
03/12/2004,29.04,31.18,28.7,30.32,224156
03/15/2004,30.26,30.26,28.54,28.67,163973
03/16/2004,28.74,29.05,26.69,27.17,422265
03/17/2004,27.09,28.62,27.09,28.25,232356
03/18/2004,28.27,28.84,27.69,28.21,114051
03/19/2004,28.28,28.64,28.1,28.27,71151
03/22/2004,28.59,28.59,27.78,28.35,206595
03/23/2004,28.49,28.89,27.91,28.28,127079
03/24/2004,28.26,29.28,28.17,28.92,95349
03/25/2004,29.07,30.96,28.7,30.84,313006
03/26/2004,30.76,31.89,30.32,30.94,308557
03/29/2004,31.3,32.78,30.55,32.4,337393
03/30/2004,32.53,33.44,31.99,33.27,159706
03/31/2004,32.83,33.73,32.82,33.03,137936
04/01/2004,32.92,33.41,32.09,32.68,162736
04/02/2004,32.31,33.01,32.31,32.4,332352
04/05/2004,32.09,32.4,30.72,30.72,290606
04/06/2004,30.72,30.97,29.59,30.13,474407
04/07/2004,29.94,30.1,28.63,29.22,386342
04/08/2004,29.29,31.27,29.19,30.99,164912
04/12/2004,31,31.46,30.23,30.76,79946
04/13/2004,30.93,30.93,29.63,29.97,118656
04/14/2004,29.83,29.83,28.71,28.96,76201
04/15/2004,29.26,29.73,28.8,28.85,291668
04/16/2004,28.75,29.06,27.78,27.78,270101
04/19/2004,27.79,27.79,26.92,27.28,144124
04/20/2004,27.27,27.81,25.83,26.07,381914
04/21/2004,26.2,27.72,25.92,27.7,203299
04/22/2004,27.85,30.07,27.63,28.72,218838
04/23/2004,28.27,29.92,27.85,29.72,353014
04/26/2004,29.9,29.91,28.32,29.41,165990
04/27/2004,29.41,29.55,28.59,28.74,132189
04/28/2004,29.06,29.06,27.32,27.37,122573
04/29/2004,27.77,27.79,27.07,27.67,205300
04/30/2004,27.64,27.64,25.7,26.64,151413
05/03/2004,26.75,28.7,26.75,28.54,231845
05/04/2004,28.7,28.7,27.27,27.35,174043
05/05/2004,27.68,27.75,27.13,27.48,181454
05/06/2004,27.41,27.47,26.38,27.47,132062
05/07/2004,27.44,28.14,26.99,27.45,101270
05/10/2004,27.35,27.35,25.93,25.94,172225
05/11/2004,26.09,27.11,26.09,26.53,44930
05/12/2004,26.2,26.89,24.88,26.48,172771
05/13/2004,26.02,26.96,26.02,26.8,215790
05/14/2004,26.65,26.66,25.55,25.81,201732
05/17/2004,25.53,25.57,24.86,25.4,116978
05/18/2004,25.4,25.91,25.35,25.65,253548
05/19/2004,25.57,27.11,25.57,26.1,91234
05/20/2004,25.99,26.7,25.95,26.38,83734
05/21/2004,26.69,26.92,26.09,26.8,80600
05/24/2004,26.99,27.85,26.85,27.58,217371
05/25/2004,27.66,29.3,27.33,29.25,172412
05/26/2004,29.17,29.61,29.06,29.26,66030
05/27/2004,29.19,29.63,28.51,28.74,52379
05/28/2004,28.62,28.9,27.79,28.77,60805
06/01/2004,28.87,29.72,27.6,29.41,199489
06/02/2004,29.7,29.7,28.47,28.51,63267
06/03/2004,28.67,28.67,27.35,28.03,73685
06/04/2004,28.58,29.01,27.46,29,130592
06/07/2004,28.88,29.04,28.06,29.04,64580
06/08/2004,28.9,29.24,28.26,29.04,63222
06/09/2004,28.99,28.99,28.32,28.36,35537
06/10/2004,28.37,29.22,28.24,29.11,168161
06/14/2004,28.46,28.9,27.95,28.05,199232
06/15/2004,28.08,28.99,28.08,28.81,245373
06/16/2004,28.3,29.22,28.3,29.18,142443
06/17/2004,28.68,29.14,28.68,28.99,49527
06/18/2004,28.7,29.61,28.7,29.2,187704
06/21/2004,29.03,30.07,29.03,29.64,193341
06/22/2004,29.77,30.04,29.22,29.89,70372
06/23/2004,30.09,31.12,29.84,31,240518
06/24/2004,30.71,31.06,29.89,30.09,139418
06/25/2004,29.86,30.71,29.38,30.71,818249
06/28/2004,30.59,30.8,29.81,30.24,101030
06/29/2004,29.9,30.97,29.9,30.79,149994
06/30/2004,30.96,30.96,30.13,30.95,112786
07/01/2004,30.96,30.96,30.25,30.56,130940
07/02/2004,30.74,30.76,29.67,29.9,95821
07/06/2004,29.63,30.03,27.87,28.21,132951
07/07/2004,28.18,29.01,28.01,28.11,162633
07/08/2004,27.88,28,27.01,27.12,98751
07/09/2004,27.03,27.65,27.03,27.64,59283
07/12/2004,27.66,27.66,26.99,27.18,125489
07/13/2004,27.34,27.34,27,27.13,55397
07/14/2004,27.18,27.65,26.59,27.62,78533
07/15/2004,27.73,27.73,26.1,26.79,219682
07/16/2004,27.19,27.2,26.46,26.77,348555
07/19/2004,27.14,27.25,25.57,26.01,173218
07/20/2004,25.96,26.75,25.92,26.44,178481
07/21/2004,26.44,26.82,25.42,25.67,137442
07/22/2004,25.42,25.81,24.89,25.79,189738
07/23/2004,25.84,25.9,25.48,25.72,213912
07/26/2004,25.48,25.85,24.12,24.3,257969
07/27/2004,24.25,25.78,24.25,25.62,207477
07/28/2004,25.78,25.78,24.35,25.76,162831
07/29/2004,27.85,31.81,27.64,28.87,1004000
07/30/2004,29.17,30.06,28.37,29.63,291138
08/02/2004,29.52,29.99,28.12,29.26,256586
08/03/2004,28.86,29.08,28.08,28.7,132540
08/04/2004,28.46,28.97,28.14,28.29,112134
08/05/2004,28.26,28.79,28.12,28.18,110994
08/06/2004,28.04,28.05,27.32,27.35,161900
08/09/2004,27.28,27.89,27.08,27.09,144438
08/10/2004,27.1,27.8,27.1,27.8,71261
08/11/2004,27.07,27.36,26.01,26.62,216106
08/12/2004,26.47,27.41,26.4,27.21,89383
08/13/2004,27.34,27.48,27.03,27.13,78715
08/16/2004,27.13,27.79,27.13,27.35,88914
08/17/2004,27.81,28.06,27.13,27.54,134887
08/18/2004,27.44,28.93,27.25,28.92,128687
08/19/2004,28.77,29.67,28.66,29.61,181845
08/20/2004,29.62,30.35,29.24,29.98,268886
08/23/2004,30.13,30.24,29.27,29.55,119788
08/24/2004,29.64,29.97,28.33,28.97,113080
08/25/2004,28.74,29.44,28.65,29.32,55797
08/26/2004,29.17,29.2,28.57,28.89,52460
08/27/2004,28.38,28.94,28.35,28.47,82889
08/30/2004,28.31,28.83,28.3,28.78,54176
08/31/2004,28.87,29.15,28.72,28.96,80813
09/01/2004,28.88,29.65,28.37,28.99,117827
09/02/2004,28.82,29.3,28.32,29.02,59692
09/03/2004,29.01,29.06,28.38,28.67,39230
09/07/2004,28.55,28.72,27.09,28.44,91034
09/08/2004,28.52,28.52,27.76,27.76,56767
09/09/2004,27.79,28.09,27.79,27.84,63472
09/10/2004,27.72,28.19,27.59,27.96,82753
09/13/2004,27.85,28.28,27.65,27.7,30411
09/14/2004,27.58,27.71,27.09,27.38,84869
09/15/2004,27.42,28.41,27.05,28.18,95497
09/16/2004,28.32,28.63,27.95,28.25,74024
09/17/2004,28.39,28.44,27.48,28.27,60365
09/20/2004,28.15,28.32,27.48,27.64,51647
09/21/2004,27.58,28.27,27.58,28.05,21794
09/22/2004,28.02,28.7,27.33,28.33,115558
09/23/2004,27.93,28.63,27.93,28.53,45967
09/24/2004,28.71,28.8,28.25,28.25,44475
09/27/2004,27.99,28.41,27.43,27.63,47203
09/28/2004,27.52,28.34,27.52,28.27,41659
09/29/2004,28.43,28.6,27.61,27.8,48440
09/30/2004,27.65,28.34,27.29,28.04,95524
10/01/2004,27.93,28.72,27.44,28.67,82354
10/04/2004,28.62,29.99,28.62,29.63,132560
10/05/2004,29.75,30.49,29.57,30.49,99598
10/06/2004,30.49,30.96,30.06,30.59,69916
10/07/2004,30.21,30.86,29.79,30.75,240928
10/08/2004,30.86,30.86,29.91,30.13,81877
10/11/2004,29.95,30.85,29.95,30.62,55046
10/12/2004,30.51,32.33,29.95,32.18,355095
10/13/2004,32,32.29,31.62,32.02,185510
10/14/2004,31.74,32,30.74,31.72,94225
10/15/2004,31.42,32.21,31.14,31.68,110236
10/18/2004,31.51,32.38,30.93,32.36,204887
10/19/2004,32.13,33.7,31.98,33.54,322091
10/20/2004,32.77,33.31,32.54,32.94,245999
10/21/2004,32.72,34.39,32.53,34.25,148270
10/22/2004,33.95,34.26,32.55,33.1,145555
10/25/2004,32.82,33.23,32.21,32.34,211376
10/26/2004,34.37,34.6,32.88,34.14,511238
10/27/2004,34.4,35.56,33.88,35.46,254366
10/28/2004,34.57,35.18,33.48,35.02,214764
10/29/2004,35.24,35.24,33.23,34.37,138420
11/01/2004,34.19,34.47,32.84,33.87,164264
11/02/2004,33.76,34.33,32.7,33.36,195435
11/03/2004,32.97,33.99,32.97,33.74,132080
11/04/2004,33.53,34,33.2,33.74,68492
11/05/2004,33.29,33.58,32.54,33.37,470355
11/08/2004,32.74,34.37,32.57,33.91,181324
11/09/2004,33.73,34.41,33.41,34.41,149394
11/10/2004,34.42,34.52,33.95,34.34,234652
11/11/2004,34.46,35.36,34.29,35.34,115758
11/12/2004,35.21,37.03,34.6,36.77,321361
11/15/2004,36.66,36.84,36.08,36.52,261301
11/16/2004,36.12,36.47,36,36.25,122469
11/17/2004,36.43,37.73,36.32,36.47,355533
11/18/2004,36.47,36.47,34.7,35.32,227795
11/19/2004,35.3,35.58,34.82,35.27,123259
11/22/2004,34.88,35.31,33.17,34.43,186250
11/23/2004,34.48,35.23,33.61,34.54,83341
11/24/2004,34.39,35.17,34.12,34.65,189042
11/26/2004,34.75,34.75,33.89,34.17,64730
11/29/2004,34.13,35.26,34.13,35.07,116465
11/30/2004,35.09,35.51,34.88,35.45,93807
12/01/2004,35.25,36.27,34.56,35.46,168541
12/02/2004,35.09,36.42,35.09,36.11,158499
12/03/2004,36.28,36.28,35.56,35.85,93363
12/06/2004,35.76,36.3,35.28,35.94,116253
12/07/2004,35.68,36.22,35.35,35.46,115401
12/08/2004,35.02,35.24,33.81,35.07,248395
12/09/2004,34.87,35.29,34.61,35.22,135310
12/10/2004,35.09,35.99,34.73,35.82,202091
12/13/2004,35.79,35.79,34.77,35.12,132521
12/14/2004,35.31,36.02,35.06,35.83,120861
12/15/2004,35.29,36.04,35.29,35.56,162994
12/16/2004,35.84,36.7,35.38,35.63,329909
12/17/2004,35.46,36.33,35.35,35.82,119505
12/20/2004,35.59,36.1,35.38,35.51,85798
12/21/2004,35.34,36.32,35.34,36.14,104234
12/22/2004,36.23,36.87,35.94,36.37,102602
12/23/2004,36.29,37.76,36.17,37.73,242046
12/27/2004,37.61,38.99,37.37,38.92,191615
12/28/2004,38.64,39.46,38.29,39.22,208437
12/29/2004,39.29,39.96,38.55,39.32,139396
12/30/2004,39.53,40.03,39.16,39.42,72106
12/31/2004,39.31,39.43,38.77,38.93,59933
01/03/2005,39.2,39.53,38.41,39.41,240524
01/04/2005,39.39,39.55,38.44,38.69,232883
01/05/2005,38.48,38.48,37.51,37.84,89290
01/06/2005,37.7,38.29,37.7,38.17,169646
01/07/2005,37.75,38.03,37.39,37.8,70119
01/10/2005,37.98,38.88,37.69,38.43,48781
01/11/2005,38.28,38.76,37.99,38.1,45549
01/12/2005,38,38.53,37.47,38.29,150062
01/13/2005,38.03,38.23,37.23,37.42,53986
01/14/2005,37.62,37.86,37.36,37.79,157940
01/18/2005,37.4,38.77,36.6,38.44,147334
01/19/2005,38.27,38.3,37.72,38.3,104727
01/20/2005,37.79,38.55,37.79,38.13,103509
01/21/2005,38.44,38.56,37.94,38.14,55703
01/24/2005,37.89,37.89,37.61,37.75,62140
01/25/2005,37.45,37.71,37.06,37.43,131511
01/26/2005,37.43,37.97,37.41,37.58,73932
01/27/2005,37.65,38.28,37.42,37.88,112970
01/28/2005,38.11,38.11,36.96,37.38,102123
01/31/2005,37.5,38.52,37.5,38.13,76220
02/01/2005,37.79,39.14,37.65,39.11,155614
02/02/2005,39.12,40.13,38.6,40.04,140612
02/03/2005,39.94,40.07,38.84,39.88,36466
02/04/2005,39.69,41.03,39.16,40.98,68825
02/07/2005,40.98,40.98,39.96,40.15,130366
02/08/2005,40.03,41.03,39.51,40.93,63614
02/09/2005,40.58,41.02,40.13,40.3,72893
02/10/2005,40.66,40.75,39.15,40.49,99872
02/11/2005,40.21,40.57,39.66,40,79217
02/14/2005,39.75,40.12,38.5,40.09,262426
02/15/2005,39.13,40.1,38.55,39.85,141377
02/16/2005,39.66,39.83,38.29,38.79,215855
02/17/2005,38.72,39.21,38.31,39.08,109022
02/18/2005,39.06,39.87,38.76,39.44,52030
02/22/2005,39.03,39.69,38.66,38.94,90918
02/23/2005,38.95,40.91,38.74,40.41,190029
02/24/2005,40,40.72,39.13,39.95,170592
02/25/2005,40.12,40.46,39.34,39.61,96131
02/28/2005,39.69,40.36,39.4,39.92,130305
03/01/2005,39.33,40.14,39.3,39.52,153975
03/02/2005,39.41,40.46,38.97,39.9,162923
03/03/2005,39.91,40.27,39.5,40.16,248819
03/04/2005,40.03,42.39,39.98,42.1,533816
03/07/2005,41.64,41.86,40.36,40.81,289931
03/08/2005,40.01,40.52,39.45,39.61,329637
03/09/2005,39.42,40.1,38.88,39,177678
03/10/2005,39,39.62,37.78,38.23,136116
03/11/2005,38.29,38.85,38.03,38.29,87129
03/14/2005,38.19,38.59,37.91,38.23,174803
03/15/2005,37.62,38.06,37.6,37.98,274132
03/16/2005,37.72,38,37.56,37.98,129259
03/17/2005,37.79,38.21,37.16,37.23,115613
03/18/2005,37.51,37.51,36.92,37.23,183340
03/21/2005,36.96,37.76,36.91,37.35,68122
03/22/2005,37.43,37.43,36.95,37.08,90018
03/23/2005,37.05,37.27,36.85,37.16,82366
03/24/2005,37.29,38.52,37.29,38.02,93609
03/28/2005,37.84,38.39,37.25,37.66,77298
03/29/2005,37.36,38,37.36,37.77,130859
03/30/2005,37.65,39.43,36.99,39.14,131124
03/31/2005,38.76,39.39,38.35,38.59,176119
04/01/2005,37.1,38.14,36.98,37.45,188053
04/04/2005,37.46,37.46,36.36,37.14,88148
04/05/2005,37.01,37.1,36.52,36.75,72706
04/06/2005,36.69,36.95,36.68,36.72,55985
04/07/2005,36.33,36.79,36.01,36.4,186780
04/08/2005,36.16,36.54,35.39,35.49,191397
04/11/2005,35.41,35.56,34.21,35.06,273403
04/12/2005,34.61,35.55,34.3,35.5,72644
04/13/2005,35.35,35.62,35.11,35.29,57174
04/14/2005,35.1,35.78,35.08,35.41,124551
04/15/2005,34.63,35.53,34.63,34.93,96651
04/18/2005,34.63,35.57,34.63,35.33,116809
04/19/2005,35.48,36.88,35.48,36.65,88764
04/20/2005,36.74,37.63,36.15,36.43,101883
04/21/2005,36.52,37.6,36.52,37.24,62863
04/22/2005,37.07,37.37,36.33,36.97,68566
04/25/2005,37.09,38.08,36.81,37.24,88449
04/26/2005,36.92,37.48,36.59,36.9,102656
04/27/2005,36.93,37.48,35.19,35.43,186922
04/28/2005,34.8,36.07,34.1,34.1,312936
04/29/2005,34.29,34.29,31.53,31.89,482636
05/02/2005,31.72,33.8,31.72,32.96,389878
05/03/2005,32.7,32.7,31.59,31.93,183354
05/04/2005,31.8,32.98,31.52,32.54,152826
05/05/2005,32.66,32.71,31.71,32.11,152894
05/06/2005,32.63,32.74,31.78,32.4,81906
05/09/2005,31.94,32.1,30.32,31.04,533746
05/10/2005,30.93,31,29.96,30.2,149311
05/11/2005,29.98,30.5,29.6,29.86,116808
05/12/2005,29.77,29.78,28.74,28.82,163747
05/13/2005,28.79,29.56,28.67,29.23,113682
05/16/2005,28.81,30.98,28.76,30.81,212554
05/17/2005,30.84,31.62,30.21,30.54,522511
05/18/2005,29.79,32.7,29.79,32.37,556859
05/19/2005,33.82,34.67,32.82,33.13,374909
05/20/2005,33.2,33.27,32.5,33.04,297260
05/23/2005,33.08,34.57,33.08,33.63,241252
05/24/2005,33.75,33.79,33.15,33.21,139605
05/25/2005,33.45,33.78,32.97,33.11,106524
05/26/2005,33.12,34.38,33.02,34.38,282708
05/27/2005,34.37,34.81,34,34.74,144382
05/31/2005,34.46,34.87,34.46,34.74,137857
06/01/2005,34.36,35.84,34.29,35.49,177849
06/02/2005,35.41,36.01,35.16,35.38,679419
06/03/2005,35.26,35.63,34.53,34.63,50790
06/06/2005,34.6,34.67,34.08,34.19,128834
06/07/2005,33.74,34.33,32.82,33.95,223809
06/08/2005,33.94,34.16,33.63,33.7,114783
06/09/2005,33.59,34.01,33.36,33.49,106588
06/10/2005,33.59,33.7,33.29,33.42,64079
06/13/2005,33.25,33.66,33.02,33.23,66824
06/14/2005,33.48,34.22,33.14,33.51,227925
06/15/2005,32.87,33.98,32.63,33.91,238059
06/16/2005,35.72,40.48,35.62,39.68,1103529
06/17/2005,39.57,40.81,39.57,40.22,259743
06/20/2005,39.2,40.06,39.13,39.73,234404
06/21/2005,39.64,39.92,39.54,39.84,65960
06/22/2005,39.83,40.17,39.57,40.03,262074
06/23/2005,39.9,39.95,38.91,38.97,156268
06/24/2005,38.95,38.95,37.02,38.15,329471
06/27/2005,37.74,39.54,37.74,38.54,159350
06/28/2005,38.66,39.91,38.64,39.83,144246
06/29/2005,39.64,40.08,39.39,39.8,78729
06/30/2005,39.8,40.09,39.1,39.48,123121
07/01/2005,38.68,39.15,38.15,39.05,142260
07/05/2005,38.81,39.6,38.46,39.32,118531
07/06/2005,39.27,39.5,38.76,39.08,81861
07/07/2005,37.78,39.42,37.77,39.39,110997
07/08/2005,39.09,40.68,39.09,40.5,94741
07/11/2005,40.58,40.76,40.38,40.72,270977
07/12/2005,40.59,40.75,40.28,40.65,98101
07/13/2005,40.55,40.62,40.12,40.6,54750
07/14/2005,40.67,40.67,40.01,40.34,52542
07/15/2005,39.94,40.64,39.94,40.64,42126
07/18/2005,40.63,40.63,38.92,39.58,117247
07/19/2005,39.57,40.31,39.31,39.97,166937
07/20/2005,39.8,40.75,39.77,40.31,62038
07/21/2005,40.26,40.51,39.92,39.96,92151
07/22/2005,40.07,40.73,39.61,40.72,109927
07/25/2005,40.77,41.46,40.51,40.59,174868
07/26/2005,40.61,41.49,39.89,41.1,107094
07/27/2005,41.29,41.41,40.91,41.09,184982
07/28/2005,40.9,41.25,39.51,40.57,199602
07/29/2005,40.49,40.82,40.26,40.45,110941
08/01/2005,40.14,40.6,39.24,39.78,242323
08/02/2005,39.64,40.13,39.35,39.56,96461
08/03/2005,39.21,39.93,39.16,39.66,390674
08/04/2005,39.48,40.03,38.81,39.27,156378
08/05/2005,39.25,39.25,37.24,37.25,208819
08/08/2005,37.21,37.96,36.75,36.96,149340
08/09/2005,36.9,37.31,36.33,36.47,160452
08/10/2005,36.64,37.6,35.97,36.31,164418
08/11/2005,36.28,37.02,35.81,36.81,140126
08/12/2005,35.94,36.36,35.46,35.68,292483
08/15/2005,35.53,36.27,35.53,35.97,97321
08/16/2005,35.88,36.71,35.83,36.47,208239
08/17/2005,36.35,36.7,36.24,36.63,250255
08/18/2005,36.41,36.54,36.2,36.24,217326
08/19/2005,36.1,36.23,35.56,35.87,78364
08/22/2005,35.91,36.2,34.9,35.27,92457
08/23/2005,35.3,35.81,34.74,35.34,158513
08/24/2005,35.48,36.02,35.46,35.59,74413
08/25/2005,35.58,35.83,35.42,35.61,59248
08/26/2005,35.61,35.71,35.4,35.65,69000
08/29/2005,35.69,35.69,35.41,35.52,74642
08/30/2005,35.56,35.71,35.19,35.55,54762
08/31/2005,35.38,35.57,34.9,35.53,53372
09/01/2005,35.41,36.68,34.77,34.97,190946
09/02/2005,35.09,35.92,34.86,34.9,129485
09/06/2005,35.05,35.86,34.98,35.1,149491
09/07/2005,34.78,35.37,34.69,35.28,197231
09/08/2005,35.1,38.27,35.07,37.9,567871
09/09/2005,37.9,38.85,37.9,38.78,263657
09/12/2005,38.69,40.27,38.69,39.35,285577
09/13/2005,39.18,39.54,38.09,38.34,99069
09/14/2005,38.33,39.28,37.91,38.1,91525
09/15/2005,37.9,38.29,37.46,37.85,141040
09/16/2005,37.89,38.62,37.89,38.58,140066
09/19/2005,38.51,38.54,37.49,37.82,43021
09/20/2005,37.68,38.13,37.42,37.53,48783
09/21/2005,37.38,37.54,36.43,37.34,74477
09/22/2005,37.11,38.15,36.68,37.6,116920
09/23/2005,37.48,37.62,36.72,37.18,61029
09/26/2005,37.08,39.21,36.94,38.42,107884
09/27/2005,37.96,38.63,37.51,38.4,77724
09/28/2005,38.6,38.63,36.89,37.99,67033
09/29/2005,37.7,38.45,37.5,38.06,49424
09/30/2005,37.98,38.18,37.18,37.97,103497
10/03/2005,37.68,38.41,36.96,38.08,91443
10/04/2005,38.05,38.28,37.39,37.5,56947
10/05/2005,37.14,37.68,35.99,36.25,89499
10/06/2005,35.92,36.42,35.12,35.89,102850
10/07/2005,35.41,35.41,32.35,33.92,556108
10/10/2005,33.9,34.01,33.25,33.39,148005
10/11/2005,33.25,33.62,33.06,33.08,167960
10/12/2005,32.92,33.42,32.69,32.94,188655
10/13/2005,32.82,33.33,32.76,32.92,200044
10/14/2005,32.95,33.67,32.85,33.22,151111
10/17/2005,33.16,33.98,33.12,33.86,143849
10/18/2005,33.79,33.91,33.5,33.65,106199
10/19/2005,33.74,33.85,32.68,33.63,116053
10/20/2005,33.52,33.78,32.56,32.95,96764
10/21/2005,32.95,33.18,32.11,32.19,188730
10/24/2005,32.3,33.02,31.95,32.73,176818
10/25/2005,32.7,33.24,32.3,33.22,150985
10/26/2005,33.85,35.05,33.78,34.67,535646
10/27/2005,35.29,35.33,34.66,34.95,166929
10/28/2005,34.85,34.96,32.79,32.87,363680
10/31/2005,32.83,33.95,32.83,33.64,213893
11/01/2005,33.26,33.8,33.26,33.54,90706
11/02/2005,33.51,34.26,33.35,33.84,168286
11/03/2005,34.19,34.54,33.73,34.51,264227
11/04/2005,34.47,34.82,33.85,34.07,130772
11/07/2005,34.34,35.05,34.09,34.92,266931
11/08/2005,34.97,35.04,34.08,34.08,423957
11/09/2005,34.13,34.13,32.48,32.48,987381
11/10/2005,32.72,33.27,32.72,32.83,3894012
11/11/2005,32.64,33.13,32.09,32.95,628103
11/14/2005,32.98,32.98,32.57,32.6,326559
11/15/2005,32.62,33.28,32.42,32.92,366999
11/16/2005,32.91,32.93,32.59,32.91,239267
11/17/2005,32.7,34.06,32.7,34.06,816724
11/18/2005,34.21,34.41,33.78,34.16,268730
11/21/2005,34.06,36.02,34.06,35.93,614373
11/22/2005,35.68,37.1,35.21,36.99,489974
11/23/2005,36.71,37.9,36.71,37.65,570939
11/25/2005,37.84,37.84,37.16,37.46,81627
11/28/2005,37.52,37.52,36.85,37.31,273147
11/29/2005,37.32,37.32,36.78,37.1,201784
11/30/2005,37.11,37.35,36.26,36.42,378213
12/01/2005,36.24,37.36,36.11,37.27,405358
12/02/2005,37.38,37.49,36.73,37.16,86068
12/05/2005,36.99,37.36,36.52,36.64,377459
12/06/2005,36.69,37.97,36.69,37.18,272639
12/07/2005,37.31,37.35,36.78,37.1,105465
12/08/2005,36.92,37.83,36.81,37.72,419692
12/09/2005,37.62,38.57,37.62,38.3,329436
12/12/2005,38.52,39.03,38.28,38.72,202586
12/13/2005,38.73,38.82,38.24,38.45,144559
12/14/2005,38.47,38.6,38.26,38.46,205376
12/15/2005,38.29,38.47,37.84,37.89,180170
12/16/2005,37.98,38.13,37.45,37.66,292949
12/19/2005,37.54,37.69,36.58,36.65,354803
12/20/2005,36.7,37.35,35.81,36.95,504938
12/21/2005,37.12,37.21,36.57,37.02,144085
12/22/2005,36.9,37.49,36.74,37.39,150600
12/23/2005,37.19,37.66,37.06,37.11,89556
12/27/2005,37.38,37.78,36.85,37.16,184266
12/28/2005,37.2,37.36,36.4,37.22,164800
12/29/2005,37.36,37.64,36.92,37.13,124755
12/30/2005,36.89,37.25,36.56,37.11,178728
01/03/2006,36.89,38.27,36.5,37.75,606913
01/04/2006,37.6,39.19,37.56,38.75,364923
01/05/2006,38.91,39.62,38.42,39.43,301421
01/06/2006,39.35,39.77,39.17,39.7,284918
01/09/2006,39.31,40.71,39.31,40.22,590514
01/10/2006,40.12,40.22,39.56,40.04,334135
01/11/2006,39.96,41.16,39.96,40.93,525031
01/12/2006,40.84,41.52,40.84,41.33,286282
01/13/2006,41.16,42.33,41.16,41.94,397246
01/17/2006,41.48,42.4,41.48,42.27,247451
01/18/2006,41.89,42.77,41.39,42.47,354672
01/19/2006,42.45,43.34,42.01,43.15,304073
01/20/2006,43.12,43.12,41.83,42.07,379727
01/23/2006,42.34,42.34,41.93,42.12,194555
01/24/2006,41.96,42.59,41.94,42.44,178629
01/25/2006,42.57,43.08,42.13,42.72,190421
01/26/2006,42.58,42.65,42.06,42.52,449621
01/27/2006,42.37,43.61,42.37,43.2,262513
01/30/2006,43.32,43.32,42.56,42.93,321291
01/31/2006,42.75,43.09,42.55,42.79,190245
02/01/2006,42.48,43,42.48,42.89,222735
02/02/2006,42.7,42.89,42.33,42.51,275105
02/03/2006,42.47,42.84,42.18,42.39,251272
02/06/2006,42.14,42.54,41.82,42.39,174633
02/07/2006,42.13,42.78,42.06,42.53,213480
02/08/2006,42.47,44.02,42.47,43.77,512678
02/09/2006,42.17,43.11,40.66,43.07,892744
02/10/2006,42.84,43.5,42.37,43.32,316617
02/13/2006,42.98,43.05,40.87,41.01,545645
02/14/2006,40.83,41.34,40.51,40.99,375215
02/15/2006,41.09,41.1,40.52,41.1,286503
02/16/2006,41.18,42.94,41.18,42.88,437924
02/17/2006,42.81,43.02,42.44,42.77,204981
02/21/2006,42.72,42.85,42.04,42.04,138117
02/22/2006,42,43.54,42,43.1,196656
02/23/2006,42.61,45.09,42.49,43.85,591625
02/24/2006,43.93,46.7,43.57,46.05,869340
02/27/2006,45.94,47.6,45.83,47.56,626376
02/28/2006,47.31,48.02,47.22,47.78,866992
03/01/2006,47.66,48.23,47.08,48.19,668664
03/02/2006,48.31,48.53,47.18,47.85,387742
03/03/2006,47.61,47.67,47.18,47.23,458842
03/06/2006,47.24,47.65,46.74,47.28,298807
03/07/2006,47.16,47.34,45.73,46.31,312538
03/08/2006,46,46.4,45.7,46.27,399978
03/09/2006,46.26,47.22,46.26,47.1,354568
03/10/2006,46.88,48.83,46.88,48.8,276317
03/13/2006,48.9,51.18,48.9,50.06,584906
03/14/2006,50.21,51.42,50.21,50.6,413367
03/15/2006,50.46,50.54,49.44,50.28,274358
03/16/2006,50.39,50.76,49.28,49.59,201037
03/17/2006,49.79,51.65,49.62,51.11,478100
03/20/2006,51.05,51.06,50.04,50.6,427462
03/21/2006,50.44,51.26,50.28,50.42,270110
03/22/2006,50.13,51.4,50.13,51.29,393884
03/23/2006,51.41,52.88,50.78,52.46,316480
03/24/2006,52.84,55.33,52.39,53.36,946403
03/27/2006,53.75,53.84,53.01,53.41,317311
03/28/2006,53.18,53.64,52.77,53.15,104427
03/29/2006,53.51,54.49,52.91,53.78,1033548
03/30/2006,54.22,56.43,53.41,56.38,1027737
03/31/2006,56.02,58.73,56.02,58.55,1064744
04/03/2006,57.45,57.46,55.36,56.62,1694642
04/04/2006,56.85,56.9,54.07,54.26,1105095
04/05/2006,54.01,54.07,50.97,52.95,1567698
04/06/2006,53.06,54.75,52.44,54.7,575418
04/07/2006,54.5,54.71,52.8,53.8,338629
04/10/2006,53.79,54.01,50.95,51.62,380677
04/11/2006,51.4,51.93,50.39,51.06,469200
04/12/2006,51.11,52.02,51.06,51.87,253675
04/13/2006,52.1,53.08,51.61,52.28,341682
04/17/2006,51.89,52.63,50.27,51.77,481235
04/18/2006,51.75,52.6,51.75,52.14,406280
04/19/2006,52.32,53.02,52.06,52.29,356053
04/20/2006,52.01,52.58,51.98,52.02,177637
04/21/2006,52.3,52.91,52.13,52.45,223722
04/24/2006,52.92,53.15,50.92,51.5,701308
04/25/2006,51.51,52.87,51.51,52.66,433838
04/26/2006,52.48,53.1,50.5,51.42,462288
04/27/2006,54.59,58.19,53.59,56.53,1225895
04/28/2006,56.13,60.43,56.13,60.13,857922
05/01/2006,59.78,59.99,57.6,58.01,812476
05/02/2006,57.82,58.6,57.26,57.32,232617
05/03/2006,57.13,57.47,55.76,56.08,341198
05/04/2006,55.97,58.31,55.69,58.29,249861
05/05/2006,58.14,58.65,57.5,57.54,109772
05/08/2006,57.37,59.12,57.2,58.85,161247
05/09/2006,58.54,59.28,58.17,58.75,151109
05/10/2006,58.52,60.09,58.44,59.46,378940
05/11/2006,59.57,59.57,56.88,56.99,215820
05/12/2006,56.38,58,56.2,57.49,437234
05/15/2006,57.05,57.43,55.85,57.31,307620
05/16/2006,57.18,58.04,56.95,57.79,249400
05/17/2006,57.18,57.62,55.56,56.44,339666
05/18/2006,56.84,57.76,53.81,54.39,281240
05/19/2006,54.2,54.52,50.99,51.95,922414
05/22/2006,51.68,52.95,50.55,52.09,537139
05/23/2006,52.16,52.32,51.25,51.29,241218
05/24/2006,51.38,51.72,48.83,50.45,444005
05/25/2006,50.61,51.01,49.57,49.88,671404
05/26/2006,50.3,54.08,50.07,53.62,651183
05/30/2006,52.96,53.47,51.98,52.6,311548
05/31/2006,52.8,53.17,52.23,53.13,324954
06/01/2006,53.12,55.21,51.7,55.1,353942
06/02/2006,55.12,56.43,55,55.83,388245
06/05/2006,55.15,55.68,53.78,54.4,256736
06/06/2006,54.55,55.17,53.49,53.84,458462
06/07/2006,54.06,54.73,53.53,53.53,277032
06/08/2006,53.33,53.33,49.56,52.19,589368
06/09/2006,52.18,53.48,50.88,51.21,213140
06/12/2006,47.78,49.29,46.37,47.7,1642434
06/13/2006,47.87,48.04,43.61,44.89,1075929
06/14/2006,44.78,46.13,44.05,44.66,608146
06/15/2006,45.05,47.55,44.95,46.5,854580
06/16/2006,46.52,46.64,44.77,45.27,782566
06/19/2006,45.55,45.73,43.31,43.77,380938
06/20/2006,43.89,44.24,43.46,43.49,333668
06/21/2006,43.43,47.28,43.32,46.46,611678
06/22/2006,46.53,46.72,45.58,45.94,279830
06/23/2006,46.02,47.56,45.43,47.04,485149
06/26/2006,47.28,47.68,46.48,46.79,224206
06/27/2006,46.9,47.37,45.95,46.37,210513
06/28/2006,46.64,46.65,45.12,46.61,228684
06/29/2006,46.71,50.26,46.71,49.46,469950
06/30/2006,48.03,50.68,47.94,49.95,1338679
07/03/2006,49.41,50.59,49.41,50.06,110094
07/05/2006,49.2,49.94,48.24,48.39,300950
07/06/2006,48.44,49.19,47.69,47.94,330762
07/07/2006,47.7,48.26,47.12,47.16,319742
07/10/2006,47.09,47.44,45.09,45.99,242186
07/11/2006,45.71,46.3,44.33,46.15,382736
07/12/2006,46.08,47.04,46.08,46.21,303294
07/13/2006,46.38,46.38,43.82,43.98,556417
07/14/2006,43.77,44.32,41.88,42.75,461617
07/17/2006,42.43,43.03,41.58,42.28,667818
07/18/2006,42.55,43.46,42.22,43.01,270761
07/19/2006,43.16,45.33,42.83,44.88,281016
07/20/2006,44.84,45.19,43.01,43.29,149452
07/21/2006,43.03,43.5,42.06,42.74,461924
07/24/2006,42.87,44.22,42.87,44.08,401131
07/25/2006,44.29,45.91,43.79,45.48,300560
07/26/2006,45.61,46.2,44.41,45.64,181380
07/27/2006,45.75,46.57,44.5,44.68,332201
07/28/2006,46.51,46.81,45.12,46.2,596284
07/31/2006,46.67,48.04,46.05,47.76,442489
08/01/2006,47.25,47.57,45.89,46.16,415072
08/02/2006,46.52,47.62,45.74,47.43,435888
08/03/2006,45.36,46.16,43.27,46.02,1353093
08/04/2006,46.5,46.51,44.69,45.34,318681
08/07/2006,44.81,45.12,43.15,44.5,408403
08/08/2006,44.51,46.05,44.36,45.53,449782
08/09/2006,46.15,47.19,45.49,45.84,523599
08/10/2006,45.39,46.18,45.01,45.77,281575
08/11/2006,45.39,46.17,45.01,45.63,293566
08/14/2006,46.03,46.63,45.41,45.87,340444
08/15/2006,47.88,53.62,47.63,52.9,2715441
08/16/2006,53.67,53.97,52.23,53.9,529878
08/17/2006,53.22,54.41,53.22,54.14,361130
08/18/2006,53.91,54.25,52.51,54.2,261871
08/21/2006,53.7,53.7,51.95,52.33,426859
08/22/2006,52.24,52.52,51.52,52.09,570164
08/23/2006,51.97,52.28,50.73,50.92,567225
08/24/2006,51.14,53.05,51.14,52.81,271508
08/25/2006,52.44,53.75,51.4,51.82,434522
08/28/2006,51.69,52.53,51.05,51.91,247187
08/29/2006,51.78,52.36,50.59,52.3,625194
08/30/2006,52.09,53.92,52.09,53.29,360983
08/31/2006,53.62,53.62,52.39,52.56,279627
09/01/2006,52.96,54.17,52.42,53.62,233743
09/05/2006,53.4,56.5,53.38,56.25,559664
09/06/2006,55.64,55.66,53.66,54.33,736124
09/07/2006,54.05,55.43,53.76,55.02,462392
09/08/2006,55.07,56.23,54.47,55.95,350698
09/11/2006,55.41,56.95,55.2,56.75,412826
09/12/2006,56.87,57.47,56.01,56.33,672032
09/13/2006,56.18,57.77,56.18,57.7,636701
09/14/2006,57.47,58.4,55.26,55.8,389360
09/15/2006,56.45,56.8,55.62,56.08,337112
09/18/2006,55.02,56.88,55.02,56.58,274521
09/19/2006,56.72,56.99,53.57,55.01,497690
09/20/2006,55.04,56.4,55.04,55.58,260063
09/21/2006,56.02,56.42,54.34,54.74,322294
09/22/2006,54.46,54.58,54.02,54.32,189418
09/25/2006,54.53,57.69,53.95,57.28,419607
09/26/2006,57.35,59.1,56.07,56.13,629326
09/27/2006,55.9,55.91,54.29,54.45,1048787
09/28/2006,54.7,55.3,53.77,54.72,437190
09/29/2006,54.83,56.12,54.43,54.76,355999
10/02/2006,54.42,54.93,53.67,54.31,294079
10/03/2006,54.17,55.17,52.75,53.71,292495
10/04/2006,53.47,55.91,53.41,55.76,376151
10/05/2006,55.66,58.38,55.66,58.09,529412
10/06/2006,57.7,58.18,57.12,57.41,475374
10/09/2006,57.18,58.32,56.88,57.99,254511
10/10/2006,58.35,58.6,56.31,56.79,414867
10/11/2006,56.35,57.68,55.97,56.45,593080
10/12/2006,56.64,58.62,56.48,58.35,610783
10/13/2006,58.39,60.12,58.18,58.82,467907
10/16/2006,58.51,60.08,58.15,59.19,371266
10/17/2006,58.68,59.39,57.79,58.94,212653
10/18/2006,58.43,59.9,58.07,59.6,341382
10/19/2006,59.48,61.19,59.18,60.66,384253
10/20/2006,60.83,61.84,60.27,61.34,525597
10/23/2006,61.47,62.47,60.67,61.89,633986
10/24/2006,62.02,62.14,61.39,62.03,282707
10/25/2006,62.19,63.04,61.51,62.33,597783
10/26/2006,61.04,64.5,61.04,64.42,793671
10/27/2006,63.98,64.41,62.69,62.79,314104
10/30/2006,62.76,63.41,62.27,62.82,497066
10/31/2006,62.01,63.08,61.92,62.36,457884
11/01/2006,62.02,62.23,61.07,61.1,454360
11/02/2006,60.88,61.58,60.74,61.35,507841
11/03/2006,61.36,62.16,60.98,61.73,165241
11/06/2006,61.77,62.48,61.77,62.38,366677
11/07/2006,62.27,64.09,62.21,63.21,514504
11/08/2006,62.8,64.4,62.35,63.74,422128
11/09/2006,63.75,64.19,63.47,63.83,522336
11/10/2006,63.71,64.03,63.37,63.82,238695
11/13/2006,63.73,64.08,63.35,63.72,153411
11/14/2006,63.81,66.27,63.42,66.2,704377
11/15/2006,65.89,67.37,65.89,66.66,388141
11/16/2006,66.75,67,65.49,65.72,360976
11/17/2006,65.91,66.41,65.52,66.05,233744
11/20/2006,65.32,68.06,65.22,68.02,392076
11/21/2006,68.16,70.62,68.11,69.72,596281
11/22/2006,69.87,70.82,69.68,70.15,257256
11/24/2006,69.57,70.13,69.31,69.31,57196
11/27/2006,68.85,68.85,67.08,67.43,354697
11/28/2006,66.9,67.29,66.47,66.83,247774
11/29/2006,67.45,69.05,66.82,68.05,439535
11/30/2006,68.09,70.38,68.03,69.75,331250
12/01/2006,68.91,69.46,66.87,68.23,429767
12/04/2006,68.32,70.39,67.84,69.61,264068
12/05/2006,69.95,70.72,69.27,69.61,226676
12/06/2006,70.12,72.57,69.88,71.82,729161
12/07/2006,71.98,74.07,70.79,71.55,681653
12/08/2006,71.51,71.81,70.57,71.11,377018
12/11/2006,71.99,74.38,71.99,72.36,702995
12/12/2006,72.47,73.2,71.02,72.43,388534
12/13/2006,72.92,74.04,72.58,73.69,516760
12/14/2006,73.77,75.66,73.59,75.22,455214
12/15/2006,75.4,75.78,74.42,74.68,518750
12/18/2006,73.62,73.95,70.79,71.24,577630
12/19/2006,70.7,72.12,70.31,71.15,275756
12/20/2006,70.92,71.41,69.92,70.2,283526
12/21/2006,70.42,70.49,68.79,69.18,283212
12/22/2006,69.04,69.11,68.08,68.77,217809
12/26/2006,68.51,69.48,68.48,69.31,153851
12/27/2006,69.53,71.99,69.53,71.25,442246
12/28/2006,71.28,71.28,69.3,69.63,209464
12/29/2006,69.62,70.1,68.87,68.96,207294
01/03/2007,69.29,70.83,68.63,68.73,445453
01/04/2007,67.66,70.71,65.56,70.4,807070
01/05/2007,69.97,70.25,68.18,69.41,279480
01/08/2007,69.46,69.55,68.62,69.29,268650
01/09/2007,69.28,71.9,68.86,71.39,387272
01/10/2007,70.92,73.5,70.92,72.92,491527
01/11/2007,72.36,76.89,72.31,75.14,674049
01/12/2007,75.22,75.22,74.28,74.7,324714
01/16/2007,74.8,75.23,74.57,74.8,895283
01/17/2007,74.68,74.72,73.74,74.4,372794
01/18/2007,73.78,74.22,71.2,72.6,518284
01/19/2007,72.53,75.99,72.53,75.68,452566
01/22/2007,75.39,75.41,73.76,74.55,490276
01/23/2007,74.36,76.84,74.18,75.66,367392
01/24/2007,75.79,76.65,75.7,75.85,424021
01/25/2007,75.9,76.23,74.56,75.04,387911
01/26/2007,75.24,75.25,73.72,74.32,315707
01/29/2007,74.41,75.79,74.23,74.66,292379
01/30/2007,74.89,77.33,74.84,76.2,296128
01/31/2007,76.27,77.67,75.97,76.96,513865
02/01/2007,76.76,78.01,75.81,75.82,328414
02/02/2007,76.05,76.92,75.74,75.86,306100
02/05/2007,75.69,76.58,75.24,75.4,248122
02/06/2007,75.85,75.87,74.13,74.88,296097
02/07/2007,74.81,77.64,74.81,77.41,421470
02/08/2007,75.89,75.89,73.38,73.71,738215
02/09/2007,73.89,74.6,71.64,72.98,554876
02/12/2007,73.05,73.12,72.16,73.03,355867
02/13/2007,73.26,76.33,73.14,76.2,698744
02/14/2007,75.88,79.99,75.67,78.85,1294703
02/15/2007,78.92,79.71,77.51,78.42,363866
02/16/2007,78.42,79.44,77.25,79.34,272657
02/20/2007,79.03,80.02,78.03,79.63,411917
02/21/2007,79.2,79.9,78.15,79.49,538658
02/22/2007,79.38,80.82,79.25,80.6,550509
02/23/2007,80.61,80.94,80.1,80.82,522156
02/26/2007,80.72,80.93,79.94,80.83,339732
02/27/2007,80.05,80.08,76.37,76.91,570695
02/28/2007,77.72,77.75,74.45,75.38,673813
03/01/2007,74.05,75.92,73.24,75.82,302130
03/02/2007,75.06,75.73,73.18,73.28,375288
03/05/2007,73.14,74.58,72.09,72.09,495640
03/06/2007,72.92,75.74,72.71,75.54,655270
03/07/2007,75.6,76.57,73.94,74.16,472261
03/08/2007,74.66,77.69,74.66,76.31,589860
03/09/2007,77.07,77.32,75.34,75.86,215936
03/12/2007,75.68,76.3,75.17,75.46,160563
03/13/2007,75,75.87,73.45,73.94,476144
03/14/2007,73.83,75.14,72.65,74.76,519720
03/15/2007,74.87,75.8,74,75.74,444580
03/16/2007,75.75,76.35,74.09,74.37,444696
03/19/2007,75.01,77.37,74.62,77.03,448044
03/20/2007,77.05,78.97,76.75,78.95,493130
03/21/2007,79.04,80.84,77.83,80.84,339080
03/22/2007,80.95,82.17,79.43,81.72,541420
03/23/2007,81.83,82.27,81.04,81.96,392055
03/26/2007,82.05,82.29,80.23,82.06,482015
03/27/2007,79.61,80.82,78.42,78.57,961613
03/28/2007,77.85,78.25,76.5,77.88,1964384
03/29/2007,78.42,78.86,77.32,78.25,653704
03/30/2007,78.31,79.22,76.92,78.08,558176
04/02/2007,78.4,78.85,77.65,78.29,354107
04/03/2007,78.46,79.64,78.3,78.96,584758
04/04/2007,79.1,79.38,78.45,79.1,381393
04/05/2007,78.9,80.47,78.9,80.18,204310
04/09/2007,80.29,81.66,80.26,81.06,266990
04/10/2007,80.91,81.75,80.68,81.43,379450
04/11/2007,81.73,81.73,80.26,80.26,254686
04/12/2007,80.49,80.99,79.25,80.92,482680
04/13/2007,80.72,80.88,79.94,80.43,358699
04/16/2007,81.2,82.55,80.79,81.14,359448
04/17/2007,81.01,81.7,80.55,80.88,400393
04/18/2007,80.7,80.75,79.47,79.62,358455
04/19/2007,79.58,79.6,77.89,77.93,405506
04/20/2007,78.24,79.33,77.69,78.1,361309
04/23/2007,77.93,79.56,77.93,79.36,178910
04/24/2007,79.28,80.63,78.53,79.97,451703
04/25/2007,80.02,80.02,78.27,78.54,456805
04/26/2007,78.39,82.61,78.39,79.56,1029864
04/27/2007,79.22,83.47,78.82,80.67,1071708
04/30/2007,81.12,81.12,75.91,76.1,1150309
05/01/2007,75.93,76.43,73.21,75.58,1303124
05/02/2007,75.72,76.7,74.99,76.32,1072460
05/03/2007,76.04,77.53,76.04,76.94,499077
05/04/2007,77.21,77.26,74.86,75.52,727065
05/07/2007,75.7,75.7,73.58,74.41,593984
05/08/2007,74.33,74.66,73.52,74.16,402308
05/09/2007,73.79,74.1,72.71,73.71,455406
05/10/2007,73.48,74.98,73.08,73.93,722159
05/11/2007,72.95,75.35,72.95,75.25,321485
05/14/2007,75.13,75.46,74.12,74.3,457941
05/15/2007,74.2,74.96,71.3,71.31,548403
05/16/2007,71.66,71.97,69.87,71.36,1237326
05/17/2007,71.74,74.51,69.97,74.13,1327500
05/18/2007,74.36,75.62,73.8,75.29,697061
05/21/2007,75.09,77.06,75.09,76.71,544328
05/22/2007,76.76,77.27,75.62,76.5,372495
05/23/2007,76.67,77.51,74.83,74.99,482625
05/24/2007,74.88,76.41,73.97,74.13,373169
05/25/2007,74.27,74.95,73.91,74.94,257135
05/29/2007,75.03,76.69,74.58,76.12,400946
05/30/2007,75.32,77.42,75.19,77.14,480217
05/31/2007,77.14,80.57,77.05,79.67,1128164
06/01/2007,79.81,80.26,78.26,79.01,720674
06/04/2007,78.89,78.92,78.25,78.88,339274
06/05/2007,78.26,80.07,77.97,79.99,487689
06/06/2007,79.36,79.74,78.63,79.46,504483
06/07/2007,79.07,79.52,77.59,78.06,717425
06/08/2007,78.17,80.22,77.55,80.01,544589
06/11/2007,80.1,80.1,78.54,78.62,287898
06/12/2007,78.41,78.72,76.64,76.89,489277
06/13/2007,77.25,79.75,76.77,78.5,452857
06/14/2007,78.65,80.53,78.43,79.6,370703
06/15/2007,80.72,81.44,79.56,80.26,555909
06/18/2007,80.36,81.37,79.48,79.72,254220
06/19/2007,79.37,79.63,78.43,78.5,290494
06/20/2007,78.76,78.94,76.89,76.9,452712
06/21/2007,76.67,77.57,75.34,77.53,568868
06/22/2007,77.44,77.95,75.81,76.63,578089
06/25/2007,76.47,77.64,75.26,76.64,339120
06/26/2007,76.67,80.13,76.5,79.08,835621
06/27/2007,78.89,80.45,77.91,80.21,397027
06/28/2007,80.37,83.58,80.28,82.47,953746
06/29/2007,82.9,85.12,82.4,83.41,828478
