06/15/2001,5.1781,5.3396,5.1662,5.2019,5180844
06/18/2001,5.183,5.2186,5.081,5.0905,3376356
06/19/2001,5.1399,5.1399,4.9381,4.95,4180520
06/20/2001,4.9281,4.94,4.7025,4.94,5442098
06/21/2001,4.9162,4.9162,4.7476,4.75,3269042
06/22/2001,4.75,4.7738,4.75,4.75,1429886
06/25/2001,4.75,4.7524,4.75,4.75,136838
06/26/2001,4.7476,4.7595,4.7476,4.75,737637
06/27/2001,4.7475,4.7498,4.6525,4.7,4013509
06/28/2001,4.7038,4.7513,4.68,4.68,2366533
06/29/2001,4.6746,4.7576,4.6746,4.6769,807875
07/02/2001,4.9018,4.9018,4.6763,4.7,398530
07/03/2001,4.692,4.692,4.5139,4.54,651594
07/05/2001,4.5706,4.6181,4.5706,4.5754,663331
07/06/2001,4.6171,4.629,4.6053,4.61,412412
07/09/2001,4.6159,4.6822,4.54,4.5519,2165971
07/10/2001,4.5428,4.5428,4.2581,4.2605,3191109
07/11/2001,4.2952,4.3713,4.2644,4.3356,2753731
07/12/2001,4.3,4.3,4.2644,4.3,1518298
07/13/2001,4.3236,4.4899,4.3236,4.4305,1780189
07/16/2001,4.3929,4.3929,4.2315,4.26,730641
07/17/2001,4.2316,4.2862,4.1273,4.1724,1478068
07/18/2001,4.147,4.2798,4.147,4.23,544476
07/19/2001,4.2601,4.405,4.2506,4.31,665774
07/20/2001,4.2924,4.3042,4.2449,4.29,1623885
07/23/2001,4.2913,4.2985,4.2463,4.27,324591
07/24/2001,4.2463,4.4835,4.2344,4.27,897059
07/25/2001,4.2869,4.6075,4.218,4.56,1240000
07/26/2001,4.53,4.5537,4.4826,4.53,402249
07/27/2001,4.4938,4.4938,4.3753,4.38,338198
07/30/2001,4.3971,4.409,4.3235,4.39,112454
07/31/2001,4.4016,4.4253,4.214,4.29,1758974
08/01/2001,4.3103,4.3412,4.2676,4.27,493627
08/02/2001,4.2725,4.3319,4.2702,4.32,662697
08/03/2001,4.3288,4.3288,4.26,4.26,288633
08/06/2001,4.2394,4.2441,4.1681,4.1776,206312
08/07/2001,4.173,4.173,4.09,4.09,115992
08/08/2001,4.0917,4.151,4.03,4.03,777412
08/09/2001,4.0303,4.0303,3.8429,3.85,1386511
08/10/2001,3.8315,3.86,3.8006,3.86,386045
08/13/2001,3.8712,3.8712,3.8,3.8,33260
08/14/2001,3.7944,3.83,3.747,3.83,59878
08/15/2001,3.8676,4.0456,3.8676,4.01,997137
08/16/2001,4.018,4.0322,3.9776,3.98,982860
08/17/2001,3.9761,3.9856,3.95,3.95,157650
08/20/2001,3.962,4,3.962,4,315284
08/21/2001,4.0217,4.0217,3.9576,3.96,99527
08/22/2001,3.9642,4.0212,3.9405,3.95,98157
08/23/2001,3.9361,3.9456,3.9029,3.91,336339
08/24/2001,3.8998,3.8998,3.8453,3.85,377477
08/27/2001,3.8416,4.0388,3.8416,3.92,320741
08/28/2001,3.9,3.9,3.8573,3.8881,318457
08/29/2001,3.8834,3.919,3.8596,3.9,567120
08/30/2001,3.8777,3.8777,3.745,3.79,710901
08/31/2001,3.8054,3.8553,3.8054,3.8553,293373
09/04/2001,3.8632,4.0246,3.8632,3.97,696177
09/05/2001,3.9604,3.9699,3.8725,3.92,334214
09/06/2001,3.9149,3.9149,3.8176,3.82,1501256
09/07/2001,3.7956,3.798,3.7481,3.7481,230585
09/10/2001,3.7428,3.7903,3.6905,3.7071,477201
09/17/2001,3.6727,3.6727,3.2288,3.3,1586278
09/18/2001,3.2756,3.418,3.2756,3.3705,1195229
09/19/2001,3.3674,3.3698,3.2844,3.32,422948
09/20/2001,3.297,3.4037,3.2851,3.38,924564
09/21/2001,3.3556,3.403,3.2963,3.3176,935724
09/24/2001,3.3674,3.3674,3.2963,3.32,290546
09/25/2001,3.3184,3.3184,3.06,3.06,281825
09/26/2001,3.041,3.0434,2.6825,2.73,604058
09/27/2001,2.7051,2.8,2.6078,2.8,2916695
09/28/2001,2.7993,2.7993,2.7281,2.7993,685417
10/01/2001,2.7452,2.7452,2.7,2.7,169556
10/02/2001,2.6942,2.6942,2.6776,2.68,286967
10/03/2001,2.6669,2.84,2.6219,2.84,571162
10/04/2001,2.8195,2.95,2.8171,2.95,456747
10/05/2001,2.9752,2.9918,2.7781,2.7781,841870
10/08/2001,2.7751,2.87,2.7751,2.851,253386
10/09/2001,2.88,2.88,2.8207,2.88,125299
10/10/2001,2.9107,3.0675,2.8988,3.02,149827
10/11/2001,3.0367,3.3069,3.0367,3.25,124870
10/12/2001,3.2311,3.2311,3.1076,3.11,82557
10/15/2001,3.083,3.1067,3.0332,3.0332,119334
10/16/2001,2.9758,3.0185,2.9615,3.0137,211291
10/17/2001,3.0175,3.0175,2.9581,2.9605,133841
10/18/2001,2.99,2.99,2.9425,2.9663,1038763
10/19/2001,2.9763,3,2.9644,3,419138
10/22/2001,3.0126,3.06,3.0126,3.06,15178
10/23/2001,3.0839,3.1195,3.0839,3.11,107074
10/24/2001,3.1114,3.1114,3.0853,3.09,73739
10/25/2001,3.0815,3.2,3.0815,3.2,148505
10/26/2001,3.1984,3.2671,3.177,3.26,301150
10/29/2001,3.249,3.2538,3.1944,3.23,261472
10/30/2001,3.2412,3.2412,3.17,3.17,253524
10/31/2001,3.1694,3.2382,3.0744,3.1432,293166
11/01/2001,3.09,3.1114,2.945,3.09,97186
11/02/2001,3.0869,3.17,3.0869,3.17,61907
11/05/2001,3.1944,3.28,3.1944,3.28,2213046
11/06/2001,3.2671,3.279,3.2434,3.26,569434
11/07/2001,3.2537,3.2537,3.211,3.23,277460
11/08/2001,3.22,3.2319,3.2176,3.22,324681
11/09/2001,3.1931,3.25,3.1931,3.25,56909
11/12/2001,3.2756,3.2756,3.24,3.24,217811
11/13/2001,3.2371,3.2419,3.2276,3.23,691546
11/14/2001,3.2337,3.2337,3.21,3.21,275875
11/15/2001,3.1731,3.1731,3.0639,3.09,1186899
11/16/2001,3.2054,3.2054,3.12,3.12,681944
11/19/2001,3.1231,3.2419,3.1231,3.23,864414
11/20/2001,3.2111,3.2229,3.1755,3.2111,559119
11/21/2001,3.1614,3.1661,3.1376,3.14,753060
11/23/2001,3.1329,3.14,3.1329,3.14,137357
11/26/2001,3.1371,3.1371,3.1276,3.13,155196
11/27/2001,3.1171,3.1456,3.1076,3.11,903517
11/28/2001,3.109,3.1328,3.0995,3.0995,526292
11/29/2001,3.0875,3.097,3.0376,3.04,1638757
11/30/2001,2.9781,3.0066,2.862,2.9876,999949
12/03/2001,2.9724,2.9724,2.9106,2.97,660359
12/04/2001,2.9462,2.9462,2.9106,2.9462,2778205
12/05/2001,2.9923,3.1822,2.9685,3.13,671203
12/06/2001,3.1456,3.1456,3.11,3.11,543372
12/07/2001,3.0808,3.1755,2.9504,3.14,692464
12/10/2001,3.1537,3.1537,3.1063,3.13,24460
12/11/2001,3.1244,3.16,3.1006,3.16,766012
12/12/2001,3.14,3.2206,3.14,3.14,2225920
12/13/2001,3.1476,3.1714,3.1262,3.15,2163279
12/14/2001,3.1566,3.1566,3.0948,3.14,1087512
12/17/2001,3.1466,3.1704,3.0635,3.13,3169514
12/18/2001,3.1168,3.15,3.105,3.15,1802803
12/19/2001,3.1599,3.4332,3.1599,3.35,2310722
12/20/2001,3.4206,3.7413,3.4206,3.67,3539191
12/21/2001,3.6685,3.6756,3.621,3.6424,748805
12/24/2001,3.6652,3.6819,3.6581,3.67,158711
12/26/2001,3.6763,3.7119,3.6668,3.7,3035677
12/27/2001,3.7249,3.808,3.7249,3.77,3687991
12/28/2001,3.7745,3.86,3.6985,3.86,2421084
12/31/2001,3.8526,3.9095,3.8218,3.9095,7298745
01/02/2002,3.8012,3.92,3.6872,3.9176,6736811
01/03/2002,3.9115,4.0419,3.8996,4.0395,7280066
01/04/2002,3.9418,4.07,3.9418,4.07,5286031
01/07/2002,4.0029,4.0599,3.991,3.9934,1989407
01/08/2002,3.9857,3.988,3.7625,3.8053,4578259
01/09/2002,3.7966,3.7966,3.7159,3.7729,3427048
01/10/2002,3.7614,3.7614,3.683,3.74,3622727
01/11/2002,3.7251,3.7394,3.6088,3.6705,1794291
01/14/2002,3.6812,3.6812,3.5862,3.6219,4444622
01/15/2002,3.6195,3.6883,3.5602,3.61,3996734
01/16/2002,3.6069,3.6069,3.5358,3.5358,2841349
01/17/2002,3.5581,3.5581,3.392,3.4371,6668036
01/18/2002,3.433,3.4924,3.4188,3.49,5767529
01/22/2002,3.4855,3.6016,3.4855,3.5519,1391794
01/23/2002,3.5609,3.5609,3.4968,3.5347,3181235
01/24/2002,3.5156,3.6437,3.5156,3.62,2052950
01/25/2002,3.6307,3.7493,3.6307,3.69,1705016
01/28/2002,3.7147,3.7361,3.6791,3.7147,1748363
01/29/2002,3.7076,3.7171,3.6744,3.7076,2481644
01/30/2002,3.7005,3.7598,3.5938,3.71,2372579
01/31/2002,3.7126,3.8549,3.7007,3.7956,3091602
02/01/2002,3.7754,3.8347,3.7516,3.8347,3173343
02/04/2002,3.7687,3.7924,3.7497,3.7876,1482973
02/05/2002,3.7973,3.8471,3.7925,3.8376,2188409
02/06/2002,3.801,3.8271,3.801,3.82,1483968
02/07/2002,3.8134,3.849,3.792,3.83,1275719
02/08/2002,4.03,4.03,3.9518,4.03,1483191
02/11/2002,4.0393,4.2983,4.0037,4.1676,1527732
02/12/2002,4.1847,4.327,4.1847,4.2132,1855803
02/13/2002,4.0617,4.2324,4.0569,4.23,1240762
02/14/2002,4.2226,4.2842,4.2226,4.27,2097622
02/15/2002,4.2755,4.2826,4.1425,4.2043,2270462
02/19/2002,4.0883,4.1808,4.0883,4.15,589939
02/20/2002,4.1534,4.2317,4.151,4.17,1600676
02/21/2002,4.1556,4.3266,4.0844,4.1058,1573695
02/22/2002,4.1146,4.2071,4.0838,4.2,1422701
02/25/2002,4.252,4.3209,4.2306,4.2948,2493047
02/26/2002,4.2816,4.3598,4.2436,4.31,1974913
02/27/2002,4.3421,4.4419,4.3421,4.4395,1248674
02/28/2002,4.4319,4.5245,4.4057,4.42,2580543
03/01/2002,4.4193,4.5356,4.4193,4.5,1280186
03/04/2002,4.4932,4.69,4.4932,4.6829,1357596
03/05/2002,4.7008,4.7981,4.5725,4.62,1882704
03/06/2002,4.6144,4.6856,4.5883,4.6358,968647
03/07/2002,4.7092,4.7637,4.7092,4.74,1854701
03/08/2002,4.8034,4.82,4.6538,4.82,1779404
03/11/2002,4.8225,4.8676,4.775,4.8534,1134874
03/12/2002,4.8611,4.8611,4.7521,4.7995,983860
03/13/2002,4.7965,4.8084,4.7276,4.7276,1262568
03/14/2002,4.7176,4.7485,4.7058,4.7081,1165828
03/15/2002,4.6959,4.7504,4.5536,4.6129,3174991
03/18/2002,4.5834,4.6522,4.5787,4.6,1756118
03/19/2002,4.6056,4.6198,4.5344,4.57,1386535
03/20/2002,4.5249,4.608,4.513,4.57,914885
03/21/2002,4.5848,4.6085,4.5634,4.5943,588089
03/22/2002,4.5784,4.5784,4.5,4.5,1148793
03/25/2002,4.5104,4.5934,4.4581,4.4581,1164780
03/26/2002,4.4426,4.5232,4.3595,4.49,3507316
03/27/2002,4.607,4.8445,4.607,4.74,1185787
03/28/2002,4.7253,4.8368,4.6683,4.6968,1031885
04/01/2002,4.7867,4.8934,4.744,4.8863,1124812
04/02/2002,4.8961,4.965,4.775,4.8866,2504641
04/03/2002,4.8445,4.854,4.7258,4.74,2094939
04/04/2002,4.7352,4.7352,4.5905,4.5905,2006213
04/05/2002,4.6266,4.6669,4.572,4.5981,1433845
04/08/2002,4.6146,4.7975,4.6146,4.75,1699764
04/09/2002,4.7447,4.7685,4.7044,4.7305,1145286
04/10/2002,4.7469,4.8229,4.7327,4.7968,817371
04/11/2002,4.8369,4.9555,4.7468,4.7468,1229025
04/12/2002,4.8052,4.8052,4.6463,4.67,1371152
04/15/2002,4.6939,4.7319,4.6251,4.7247,826355
04/16/2002,4.7451,4.8661,4.7404,4.8353,1984772
04/17/2002,4.8403,4.9091,4.781,4.8,1263525
04/18/2002,4.8174,4.9124,4.7629,4.9076,1037865
04/19/2002,4.9039,4.9395,4.8754,4.93,1280543
04/22/2002,4.9532,4.9817,4.8986,4.9224,1337147
04/23/2002,4.9197,5.1949,4.9197,5.0953,3842606
04/24/2002,5.0502,5.145,5.0502,5.1,2351772
04/25/2002,5.1085,5.3911,5.1061,5.3911,2489703
04/26/2002,5.3976,5.4095,5.2813,5.4,2602337
04/29/2002,5.4038,5.4275,5.3444,5.38,503095
04/30/2002,5.3525,5.4024,5.2932,5.3905,1461889
05/01/2002,5.397,5.5369,5.3543,5.48,2619414
05/02/2002,5.4819,5.4819,5.4154,5.47,1908043
05/03/2002,5.3527,5.4595,5.3052,5.45,1115564
05/06/2002,5.333,5.3686,5.1525,5.1881,682256
05/07/2002,5.1995,5.2422,5.057,5.19,935049
05/08/2002,5.3894,5.4273,5.2493,5.33,1036143
05/09/2002,5.2907,5.4093,5.2907,5.3453,740535
05/10/2002,5.355,5.4571,5.355,5.4405,1022008
05/13/2002,5.46,5.4837,5.3223,5.46,1365648
05/14/2002,5.4576,5.6403,5.4576,5.5858,2486833
05/15/2002,5.54,5.5756,5.457,5.5281,1420783
05/16/2002,5.5396,5.6584,5.5349,5.5824,1477372
05/17/2002,5.5742,5.5742,5.3417,5.4176,845290
05/20/2002,5.421,5.4566,5.16,5.1624,2285051
05/21/2002,5.128,5.2111,5.0591,5.09,1172233
05/22/2002,5.115,5.2242,5.1055,5.2124,1032131
05/23/2002,5.2023,5.3113,5.1904,5.29,860750
05/24/2002,5.2942,5.2942,5.2088,5.261,615242
05/28/2002,5.3061,5.3061,5.2135,5.2776,449842
05/29/2002,5.3171,5.3789,5.2008,5.3314,771431
05/30/2002,5.2512,5.3439,5.218,5.3439,1047959
05/31/2002,5.3656,5.3775,5.2303,5.33,1105226
06/03/2002,5.3362,5.3362,5.2176,5.22,579772
06/04/2002,5.2274,5.3319,5.1918,5.3129,1663565
06/05/2002,5.278,5.278,5.1712,5.24,874763
06/06/2002,5.2563,5.3156,5.2278,5.2729,776636
06/07/2002,5.1593,5.2139,5.0715,5.1,1914354
06/10/2002,5.1019,5.1731,5.0307,5.09,1521713
06/11/2002,5.1076,5.1076,4.8106,4.8439,1221598
06/12/2002,4.8392,5.01,4.7965,5.01,911413
06/13/2002,5.0508,5.0579,4.9583,5.0247,1077897
06/14/2002,4.9999,5.09,4.9643,5.09,1387110
06/17/2002,5.0919,5.2176,5.08,5.0847,1034663
06/18/2002,5.0526,5.2162,5.0526,5.0976,576149
06/19/2002,5.0779,5.1704,5.021,5.0234,1682311
06/20/2002,5.0393,5.0749,4.9515,4.98,3410184
06/21/2002,4.869,4.9759,4.7859,4.8595,1889987
06/24/2002,4.8235,4.9137,4.8235,4.89,1909611
06/25/2002,4.8273,4.9815,4.8273,4.8676,900468
06/26/2002,4.8049,4.9331,4.7645,4.85,983935
06/27/2002,4.826,4.8806,4.731,4.7547,1218507
06/28/2002,4.7495,4.9229,4.7495,4.8801,1553811
07/01/2002,4.884,4.884,4.7868,4.8247,719171
07/02/2002,4.8009,4.8009,4.4686,4.4924,1270458
07/03/2002,4.4887,4.65,4.4436,4.6358,1634209
07/05/2002,4.6607,4.7342,4.6607,4.72,402213
07/08/2002,4.7031,4.7198,4.6176,4.6176,1292463
07/09/2002,4.6729,4.6776,4.5638,4.6705,979349
07/10/2002,4.6808,4.7093,4.567,4.6215,1701233
07/11/2002,4.6234,4.6234,4.3815,4.4882,3083147
07/12/2002,4.4997,4.5425,4.3501,4.4119,1147167
07/15/2002,4.3908,4.4312,4.1104,4.3124,1723949
07/16/2002,4.2968,4.4296,4.2493,4.3347,1970813
07/17/2002,4.3905,4.5163,4.2054,4.2695,1184021
07/18/2002,4.2002,4.3141,4.2002,4.2666,2367475
07/19/2002,4.2318,4.2318,4.0488,4.1581,1937654
07/22/2002,4.1338,4.1576,3.8962,3.9034,1662649
07/23/2002,3.9149,3.9268,3.6776,3.6824,1302323
07/24/2002,3.5379,3.97,3.526,3.97,2113790
07/25/2002,3.9704,4.1224,3.9182,4.1176,1311337
07/26/2002,4.1181,4.1846,4.0493,4.13,2441054
07/29/2002,4.1501,4.5295,4.1429,4.5176,1059691
07/30/2002,4.5836,4.5836,4.351,4.5053,1279861
07/31/2002,4.5015,4.5086,4.3497,4.409,1848732
08/01/2002,4.3955,4.4454,4.2934,4.3148,3249658
08/02/2002,4.3002,4.3262,4.1081,4.12,791821
08/05/2002,4.1196,4.1789,4.0034,4.02,693176
08/06/2002,4.0422,4.3148,4.0232,4.2247,775287
08/07/2002,4.229,4.229,4.0698,4.2171,1079223
08/08/2002,4.2097,4.49,4.1859,4.49,927762
08/09/2002,4.4466,4.4466,4.2687,4.4063,1775655
08/12/2002,4.4218,4.7205,4.3293,4.7205,830501
08/13/2002,4.7114,4.7233,4.5286,4.5286,911743
08/14/2002,4.5536,4.6605,4.3755,4.4752,1533666
08/15/2002,4.4782,4.8203,4.4782,4.7443,1680376
08/16/2002,4.7385,4.7789,4.6435,4.7148,698872
08/19/2002,4.7559,4.8319,4.6538,4.8224,1203663
08/20/2002,4.8142,4.8142,4.5839,4.6147,743110
08/21/2002,4.5133,4.7152,4.4017,4.7152,2096902
08/22/2002,4.7225,4.8175,4.6822,4.77,1187025
08/23/2002,4.7396,4.7419,4.5495,4.5638,1293522
08/26/2002,4.5101,4.738,4.4887,4.7071,374511
08/27/2002,4.7299,4.7513,4.4924,4.5161,686148
08/28/2002,4.4923,4.4923,4.2837,4.2956,1294596
08/29/2002,4.291,4.3385,4.2435,4.3337,1000958
08/30/2002,4.3054,4.417,4.3054,4.3481,256864
09/03/2002,4.3049,4.3049,4.1081,4.1224,1039871
09/04/2002,4.1244,4.179,4.0485,4.16,702456
09/05/2002,4.1509,4.2197,4.1081,4.1176,514035
09/06/2002,4.1452,4.2805,4.1452,4.2781,602737
09/09/2002,4.2877,4.3709,4.2355,4.321,667678
09/10/2002,4.331,4.4995,4.331,4.4758,743722
09/11/2002,4.586,4.6168,4.4673,4.491,1130727
09/12/2002,4.4858,4.4953,4.3481,4.3481,599556
09/13/2002,4.3658,4.4607,4.3444,4.3847,659141
09/16/2002,4.381,4.4214,4.3715,4.3857,683567
09/17/2002,4.4882,4.493,4.168,4.27,1671027
09/18/2002,4.2658,4.3465,4.2017,4.2776,549335
09/19/2002,4.2566,4.3515,4.1973,4.24,777606
09/20/2002,4.2757,4.297,4.1381,4.1429,1916125
09/23/2002,4.121,4.2326,4.0996,4.1162,1559845
09/24/2002,4.116,4.1231,3.9901,4.04,2196968
09/25/2002,4.0714,4.33,4.0334,4.33,2232541
09/26/2002,4.3183,4.4013,4.2186,4.24,3054311
09/27/2002,4.2272,4.2272,4.0042,4.0066,2412157
09/30/2002,3.98,4.0774,3.8731,3.9895,1394681
10/01/2002,4.0453,4.0571,4.0073,4.05,1111406
10/02/2002,4.0614,4.2773,4.0495,4.1919,2587814
10/03/2002,4.1952,4.2926,4.1905,4.2048,1253205
10/04/2002,4.2222,4.2625,4.0894,4.1676,674547
10/07/2002,4.1527,4.2406,4.0576,4.0624,644898
10/08/2002,4.0371,4.0846,3.9184,4.03,774356
10/09/2002,4.0311,4.0691,3.9576,3.9576,950965
10/10/2002,3.9214,4.0305,3.9119,4.021,1022668
10/11/2002,4.2722,4.3505,4.2105,4.2176,1098396
10/14/2002,4.2096,4.359,4.1598,4.359,906167
10/15/2002,4.4805,4.509,4.4473,4.4829,1606316
10/16/2002,4.4695,4.5478,4.3983,4.4458,1132666
10/17/2002,4.5207,4.58,4.5183,4.58,1210665
10/18/2002,4.5785,4.6259,4.4622,4.5381,1066079
10/21/2002,4.4356,4.5898,4.4072,4.5376,1096142
10/22/2002,4.5456,4.5456,4.263,4.3224,2361742
10/23/2002,4.3049,4.4734,4.2503,4.4734,2657228
10/24/2002,4.4916,4.4916,4.323,4.3847,1474714
10/25/2002,4.3626,4.3626,4.1136,4.18,1601489
10/28/2002,4.189,4.3669,4.189,4.2839,1329671
10/29/2002,4.3229,4.3608,4.2114,4.3324,1911795
10/30/2002,4.2646,4.4024,4.2646,4.4,3731368
10/31/2002,4.4256,4.4564,4.3734,4.3853,1503171
11/01/2002,4.3781,4.5086,4.371,4.4968,1083857
11/04/2002,4.529,4.529,4.4127,4.4649,1082893
11/05/2002,4.45,4.469,4.3741,4.4476,1339775
11/06/2002,4.4551,4.6142,4.3791,4.6,1587896
11/07/2002,4.5739,4.5762,4.4244,4.4363,736858
11/08/2002,4.4569,4.4688,4.3787,4.3787,558088
11/11/2002,4.4093,4.4331,4.241,4.2576,572847
11/12/2002,4.2875,4.342,4.1759,4.2471,938572
11/13/2002,4.2144,4.2926,4.0673,4.1076,688160
11/14/2002,4.1355,4.2519,4.1355,4.24,970400
11/15/2002,4.2344,4.2747,4.187,4.2605,667759
11/18/2002,4.2776,4.42,4.2255,4.42,1241239
11/19/2002,4.4166,4.4522,4.3858,4.3976,1093261
11/20/2002,4.3975,4.5042,4.3833,4.4995,1283628
11/21/2002,4.4647,4.5241,4.4505,4.46,731811
11/22/2002,4.4637,4.4994,4.4091,4.44,817914
11/25/2002,4.453,4.5242,4.4435,4.5076,825274
11/26/2002,4.4951,4.4998,4.4334,4.45,1088330
11/27/2002,4.4587,4.5775,4.4564,4.53,822176
11/29/2002,4.5297,4.6127,4.4941,4.57,506847
12/02/2002,4.5986,4.76,4.5867,4.76,1271222
12/03/2002,4.7444,4.8701,4.7421,4.7776,1062429
12/04/2002,4.7685,4.7922,4.7186,4.7376,1872413
12/05/2002,4.7319,4.7935,4.6939,4.7058,1190623
12/06/2002,4.6986,4.7817,4.6892,4.7319,909797
12/09/2002,4.7222,4.7887,4.6629,4.6653,737917
12/10/2002,4.6919,4.737,4.6586,4.718,632879
12/11/2002,4.6824,4.699,4.6112,4.6776,1086146
12/12/2002,4.7058,4.7437,4.6844,4.7437,1106316
12/13/2002,4.7289,4.7479,4.6624,4.6624,688369
12/16/2002,4.6947,4.939,4.6947,4.939,1058565
12/17/2002,4.899,4.9749,4.8729,4.9132,1331183
12/18/2002,4.8754,4.8754,4.6476,4.669,653380
12/19/2002,4.6537,4.7582,4.63,4.6466,1206197
12/20/2002,4.6266,4.7524,4.5792,4.7524,1195697
12/23/2002,4.7371,4.7775,4.6659,4.73,895750
12/24/2002,4.723,4.7301,4.6447,4.6447,269099
12/26/2002,4.642,4.6753,4.6183,4.6729,872263
12/27/2002,4.7024,4.928,4.7024,4.89,2051409
12/30/2002,4.9281,4.9448,4.7476,4.75,1586927
12/31/2002,4.7717,4.8832,4.7598,4.8381,1135213
01/02/2003,4.8697,4.9219,4.7914,4.9147,2421611
01/03/2003,4.9251,4.9369,4.861,4.8871,612759
01/06/2003,4.9246,4.984,4.8581,4.87,1350837
01/07/2003,4.8894,4.9036,4.6639,4.6876,1547943
01/08/2003,4.7021,4.714,4.5786,4.6024,796260
01/09/2003,4.629,4.7666,4.629,4.75,1130362
01/10/2003,4.7727,4.7893,4.5805,4.59,2004579
01/13/2003,4.6529,4.7123,4.4844,4.5176,1609521
01/14/2003,4.4996,4.5519,4.4996,4.5376,746328
01/15/2003,4.5458,4.7452,4.5196,4.7262,1695973
01/16/2003,4.75,4.7642,4.7144,4.75,1317870
01/17/2003,4.72,4.7437,4.6726,4.72,789687
01/21/2003,4.721,4.7329,4.5976,4.6024,988093
01/22/2003,4.6045,4.7042,4.5356,4.69,1170661
01/23/2003,4.699,4.7084,4.6468,4.68,633557
01/24/2003,4.6864,4.6864,4.5322,4.6342,673854
01/27/2003,4.6402,4.6402,4.3557,4.4481,906313
01/28/2003,4.587,4.7272,4.5134,4.5371,1160223
01/29/2003,4.5324,4.5751,4.4517,4.549,1993076
01/30/2003,4.7468,4.8845,4.6329,4.6376,1575365
01/31/2003,4.6361,4.6884,4.5839,4.6195,1014266
02/03/2003,4.6122,4.6359,4.5624,4.5647,959820
02/04/2003,4.5502,4.6498,4.5075,4.6142,1481270
02/05/2003,4.6279,4.7395,4.6279,4.7253,899549
02/06/2003,4.6908,4.7691,4.6576,4.66,1094937
02/07/2003,4.6685,4.6969,4.5902,4.64,695583
02/10/2003,4.6206,4.7014,4.5826,4.6776,780797
02/11/2003,4.9228,4.9228,4.6358,4.65,1608532
02/12/2003,4.6406,4.6429,4.5005,4.5219,1926124
02/13/2003,4.5045,4.533,4.3978,4.4453,1979091
02/14/2003,4.4744,4.5171,4.4388,4.51,613049
02/18/2003,4.5194,4.707,4.5052,4.6571,1032993
02/19/2003,4.6385,4.6693,4.5815,4.61,529531
02/20/2003,4.619,4.6356,4.5431,4.6,525669
02/21/2003,4.5691,4.8209,4.5644,4.7971,1607267
02/24/2003,4.8051,4.9119,4.7647,4.8976,2160230
02/25/2003,4.8983,4.9339,4.7868,4.8247,1228898
02/26/2003,4.8274,4.9746,4.825,4.9129,1276038
02/27/2003,4.9277,4.9467,4.733,4.7924,1053544
02/28/2003,4.7893,4.8557,4.7324,4.7395,418428
03/03/2003,4.8178,4.8178,4.6991,4.7442,791293
03/04/2003,4.74,4.7946,4.6901,4.74,765513
03/05/2003,4.7346,4.7631,4.6159,4.6871,1337769
03/06/2003,4.6568,4.7209,4.6283,4.6995,848540
03/07/2003,4.6814,4.717,4.6291,4.6695,409642
03/10/2003,4.6489,4.694,4.5776,4.58,545175
03/11/2003,4.5613,4.5898,4.3953,4.4119,875246
03/12/2003,4.2815,4.3432,4.2554,4.3219,1684204
03/13/2003,4.3391,4.4223,4.3296,4.3938,2110719
03/14/2003,4.3748,4.529,4.3487,4.5076,1401135
03/17/2003,4.4976,4.6114,4.3862,4.4929,1579563
03/18/2003,4.5,4.73,4.4194,4.73,1365735
03/19/2003,4.7203,4.7369,4.642,4.68,934659
03/20/2003,4.6599,4.7808,4.6457,4.7453,2100833
03/21/2003,4.8272,4.8272,4.5781,4.5829,988596
03/24/2003,4.585,4.5969,4.4306,4.4924,1324699
03/25/2003,4.4838,4.6261,4.4434,4.5953,833814
03/26/2003,4.5993,4.6539,4.559,4.5756,770250
03/27/2003,4.5683,4.6894,4.5659,4.6395,519691
03/28/2003,4.6126,4.6813,4.6126,4.6505,1034796
03/31/2003,4.6312,4.6312,4.5362,4.5576,790287
04/01/2003,4.5839,4.6433,4.5364,4.6124,944365
04/02/2003,4.641,4.6766,4.6007,4.6553,1076393
04/03/2003,4.66,4.66,4.5295,4.539,850911
04/04/2003,4.5337,4.5765,4.4815,4.5076,1183806
04/07/2003,4.5349,4.5776,4.4234,4.4376,893415
04/08/2003,4.4642,4.488,4.4239,4.4429,992555
04/09/2003,4.4594,4.5637,4.4427,4.5376,1164860
04/10/2003,4.5407,4.6095,4.5289,4.6,2850944
04/11/2003,4.6351,4.6351,4.481,4.5024,1335785
04/14/2003,4.5095,4.5119,4.4739,4.5,1096136
04/15/2003,4.5005,4.5171,4.453,4.51,2271206
04/16/2003,4.5402,4.5473,4.3976,4.3976,1142359
04/17/2003,4.3903,4.4971,4.3405,4.49,2954297
04/21/2003,4.4981,4.5242,4.4673,4.5029,839616
04/22/2003,4.4805,4.5374,4.4426,4.49,647504
04/23/2003,4.4934,4.5907,4.4649,4.5147,765882
04/24/2003,4.5013,4.5013,4.4395,4.4514,865989
04/25/2003,4.4393,4.4441,4.3681,4.3776,637717
04/28/2003,4.3707,4.4871,4.3565,4.48,1159406
04/29/2003,4.5093,4.5402,4.4239,4.4547,1644512
04/30/2003,4.4296,4.4914,4.413,4.4391,1363680
05/01/2003,4.4625,4.6,4.4625,4.5976,1563385
05/02/2003,4.6015,4.6941,4.5968,4.63,1753291
05/05/2003,4.638,4.7519,4.6309,4.7258,1074060
05/06/2003,4.7515,4.799,4.7041,4.78,848179
05/07/2003,4.7814,4.7837,4.6983,4.76,1789739
05/08/2003,4.7553,4.9095,4.7197,4.9095,965979
05/09/2003,4.8984,4.9339,4.8249,4.9315,980656
05/12/2003,4.951,5.0388,4.951,4.9676,878032
05/13/2003,4.9707,5.049,4.8853,5.0419,879601
05/14/2003,5.0281,5.0613,4.9688,5.0471,1039336
05/15/2003,5.058,5.0604,4.9986,5.02,1289857
05/16/2003,5.0113,5.0136,4.902,4.9471,1079985
05/19/2003,4.9055,4.9293,4.7915,4.8224,1619855
05/20/2003,4.7941,4.8866,4.7846,4.8795,1282593
05/21/2003,4.8642,5.0376,4.8191,5.0376,980555
05/22/2003,5.002,5.0519,4.983,5.0447,1064844
05/23/2003,5.0175,5.1766,5.0175,5.16,2210033
05/27/2003,5.1618,5.3495,5.1571,5.3234,1626253
05/28/2003,5.322,5.322,5.2105,5.22,1529020
05/29/2003,5.194,5.2106,5.0206,5.08,960006
05/30/2003,5.0413,5.2929,5.0199,5.281,2961039
06/02/2003,5.2781,5.3374,5.2663,5.29,1064445
06/03/2003,5.2556,5.2793,5.1844,5.22,1295124
06/04/2003,5.2434,5.2814,5.1816,5.2695,1867579
06/05/2003,5.2334,5.2713,5.1836,5.25,560464
06/06/2003,5.2695,5.3669,5.2244,5.2576,829127
06/09/2003,5.2547,5.2642,5.1599,5.2429,577535
06/10/2003,5.2224,5.2912,5.2034,5.22,1492545
06/11/2003,5.2177,5.36,5.1608,5.3529,1394375
06/12/2003,5.3595,5.3999,5.1459,5.21,1131629
06/13/2003,5.2089,5.2089,4.9145,4.9905,1479659
06/16/2003,5.0005,5.0432,4.9601,5.0337,2346247
06/17/2003,5.0229,5.0893,4.9826,5.0324,1543735
06/18/2003,5.0351,5.104,4.9591,4.9971,1419306
06/19/2003,4.9488,5.1078,4.9417,5.0247,1362539
06/20/2003,5.0151,5.0625,4.9368,4.9676,1127282
06/23/2003,4.9712,4.9831,4.8834,4.9,1197262
06/24/2003,4.903,5.0194,4.8674,4.9624,1131253
06/25/2003,4.972,5.0884,4.972,5.01,1468558
06/26/2003,5.0098,5.0501,4.9102,4.9647,1682058
06/27/2003,4.9498,5.1278,4.945,5.04,1187437
06/30/2003,5.0594,5.1021,4.9881,5.0024,2416119
07/01/2003,4.9885,5.0099,4.9529,4.96,1393011
07/02/2003,4.9797,5.0176,4.9607,4.9939,898663
07/03/2003,4.9597,5.0308,4.9336,5.0047,602174
07/07/2003,5.0068,5.0258,4.9047,4.9119,1230548
07/08/2003,4.9032,5.01,4.8699,5.0076,1433606
07/09/2003,4.9805,5.0755,4.9805,5.0019,934281
07/10/2003,4.9778,5.0182,4.8425,4.8971,937333
07/11/2003,4.8631,4.9556,4.8607,4.92,743633
07/14/2003,4.9562,5.0013,4.7902,4.8495,1685931
07/15/2003,4.8676,4.9104,4.8296,4.87,857438
07/16/2003,4.9056,4.9389,4.851,4.8724,1113076
07/17/2003,4.8663,4.9588,4.8663,4.8995,1460959
07/18/2003,4.9166,5.218,4.9166,5.1776,1779261
07/21/2003,5.1762,5.1881,4.9459,4.9886,1127408
07/22/2003,5.0068,5.0613,4.9854,5.04,1377055
07/23/2003,5.0123,5.0835,4.9101,4.9648,1801771
07/24/2003,5.1032,5.1982,5.0581,5.0724,2468415
07/25/2003,5.1073,5.2402,5.1073,5.1524,2176975
07/28/2003,5.1883,5.2619,5.1811,5.2476,1383013
07/29/2003,5.2478,5.2668,5.1624,5.1647,1187284
07/30/2003,5.1562,5.3554,5.149,5.2771,2023008
07/31/2003,5.3086,5.451,5.3086,5.3324,3448211
08/01/2003,5.3187,5.4088,5.2878,5.34,2305987
08/04/2003,5.3891,5.4294,5.2658,5.28,1448602
08/05/2003,5.2937,5.3507,5.2558,5.2558,921709
08/06/2003,5.2197,5.2861,5.2197,5.2671,1896210
08/07/2003,5.2661,5.3919,5.2211,5.3753,2303430
08/08/2003,5.4314,5.448,5.3578,5.4076,985346
08/11/2003,5.4397,5.5583,5.416,5.4824,1686009
08/12/2003,5.4858,5.5379,5.4431,5.5,1277146
08/13/2003,5.5361,5.5978,5.4981,5.5076,723059
08/14/2003,5.5274,5.601,5.4539,5.4776,1141127
08/15/2003,5.4737,5.5947,5.469,5.5853,614471
08/18/2003,5.5915,5.6508,5.5607,5.6247,930705
08/19/2003,5.67,5.7269,5.6344,5.6771,958159
08/20/2003,5.664,5.7685,5.6284,5.7447,1038355
08/21/2003,5.7654,5.8366,5.7464,5.8247,760736
08/22/2003,5.8247,5.8247,5.6229,5.6324,790037
08/25/2003,5.5827,5.6206,5.5163,5.54,728225
08/26/2003,5.518,5.5417,5.3827,5.4776,2396643
08/27/2003,5.4825,5.6012,5.4469,5.5466,1582949
08/28/2003,5.555,5.726,5.5218,5.6571,1362682
08/29/2003,5.5559,5.6437,5.5511,5.6081,1490535
09/02/2003,5.6194,5.6194,5.4698,5.56,1965413
09/03/2003,5.5801,5.649,5.5564,5.6419,1741393
09/04/2003,5.6055,5.6387,5.5105,5.5224,1475022
09/05/2003,5.4971,5.5208,5.4758,5.49,777150
09/08/2003,5.5225,5.6151,5.5118,5.5605,1217116
09/09/2003,5.5138,5.5138,5.3431,5.4,1292844
09/10/2003,5.4166,5.4332,5.2861,5.4,1620133
09/11/2003,5.4156,5.4631,5.3634,5.38,1598963
09/12/2003,5.3769,5.4576,5.3271,5.4481,1337835
09/15/2003,5.4575,5.4741,5.3792,5.3981,1242816
09/16/2003,5.4076,5.4242,5.3934,5.4053,678425
09/17/2003,5.4101,5.4101,5.2749,5.3058,1416212
09/18/2003,5.3827,5.3827,5.2973,5.3329,1006166
09/19/2003,5.3344,5.3795,5.3012,5.37,933865
09/22/2003,5.3616,5.4019,5.2002,5.2476,1970569
09/23/2003,5.2614,5.2851,5.2305,5.24,1390928
09/24/2003,5.2797,5.3746,5.2678,5.3153,2161924
09/25/2003,5.3609,5.4036,5.3134,5.33,967468
09/26/2003,5.3118,5.3165,5.1553,5.1576,1258796
09/29/2003,5.1842,5.2198,5.1368,5.1795,816357
09/30/2003,5.163,5.2033,5.0871,5.0966,1854021
10/01/2003,5.0863,5.3047,5.0815,5.2929,1556491
10/02/2003,5.317,5.317,5.1508,5.2647,1474936
10/03/2003,5.2483,5.3266,5.2483,5.3076,1496182
10/06/2003,5.2902,5.3661,5.2617,5.34,1276442
10/07/2003,5.3088,5.3254,5.2329,5.2447,1536730
10/08/2003,5.2711,5.2806,5.1858,5.2024,1164390
10/09/2003,5.2268,5.2529,5.1034,5.1153,1788319
10/10/2003,5.1166,5.1665,5.081,5.1,1445477
10/13/2003,5.1074,5.1146,5.0458,5.0576,1031954
10/14/2003,5.0704,5.0822,5.0181,5.0205,1816912
10/15/2003,5.0549,5.0549,4.9007,4.9505,1897411
10/16/2003,4.9587,5.044,4.9587,4.98,2113908
10/17/2003,4.9648,5.0194,4.8982,4.9719,1171581
10/20/2003,4.9547,5.0188,4.9476,4.9476,1719779
10/21/2003,4.9526,5.0856,4.9526,5.0595,1141323
10/22/2003,5.0099,5.0289,4.9624,4.9624,806125
10/23/2003,4.9066,4.9066,4.8165,4.89,1014555
10/24/2003,4.8675,4.8865,4.7891,4.8105,1109318
10/27/2003,4.8225,4.8795,4.7774,4.8748,1107950
10/28/2003,4.7714,4.7714,4.5601,4.61,6321831
10/29/2003,4.7449,4.9086,4.567,4.6453,5626710
10/30/2003,4.6668,4.738,4.6549,4.7142,3074172
10/31/2003,4.7748,4.8128,4.6916,4.7748,2582239
11/03/2003,4.7629,4.7937,4.7226,4.77,1383040
11/04/2003,4.7684,4.8395,4.7352,4.8253,2526677
11/05/2003,4.7985,4.8365,4.7486,4.7676,2447940
11/06/2003,4.7718,4.8976,4.7243,4.8976,1700887
11/07/2003,4.8866,4.908,4.8392,4.8724,1624704
11/10/2003,4.8608,4.8893,4.7992,4.8253,1556191
11/11/2003,4.828,4.8755,4.7544,4.79,854792
11/12/2003,4.7448,4.8776,4.7448,4.8776,1149099
11/13/2003,4.9104,5.0646,4.9033,5.01,1810181
11/14/2003,5.029,5.0408,4.991,5.01,1182905
11/17/2003,5.0119,5.0119,4.9739,4.9976,1295172
11/18/2003,4.9908,5.0335,4.9031,4.96,1416338
11/19/2003,5.023,5.023,4.902,4.9471,1478866
11/20/2003,4.9456,4.9456,4.9052,4.91,2436221
11/21/2003,4.9175,4.9175,4.6778,4.73,2855502
11/24/2003,4.7524,4.7737,4.712,4.75,1602412
11/25/2003,4.8566,5.0395,4.8329,5.0276,2583266
11/26/2003,5.0067,5.0733,5.0067,5.0352,1936304
11/28/2003,5.0358,5.0666,5.0239,5.05,278950
12/01/2003,5.0799,5.2342,5.0562,5.2224,1488339
12/02/2003,5.1827,5.3393,5.1519,5.2824,2812413
12/03/2003,5.3012,5.3272,5.2181,5.2181,1347883
12/04/2003,5.1904,5.4893,5.1809,5.43,2321054
12/05/2003,5.4568,5.5185,5.3879,5.4876,821544
12/08/2003,5.4631,5.5366,5.4607,5.5153,1459859
12/09/2003,5.5433,5.5433,5.4081,5.42,1665709
12/10/2003,5.4109,5.4844,5.361,5.3753,984339
12/11/2003,5.361,5.3871,5.3325,5.3824,1146383
12/12/2003,5.2709,5.4395,5.2709,5.4253,1676300
12/15/2003,5.4916,5.4964,5.3634,5.38,1577075
12/16/2003,5.3742,5.398,5.3078,5.3671,1394992
12/17/2003,5.3529,5.3742,5.3244,5.3576,1035909
12/18/2003,5.3759,5.5824,5.364,5.5776,1628425
12/19/2003,5.5479,5.5716,5.3959,5.4624,2075382
12/22/2003,5.492,5.5466,5.4446,5.5395,1534074
12/23/2003,5.532,5.532,5.3493,5.4253,1969436
12/24/2003,5.4529,5.4814,5.4315,5.4624,331230
12/26/2003,5.4681,5.5061,5.4254,5.4824,664891
12/29/2003,5.4812,5.5476,5.4598,5.5453,1457155
12/30/2003,5.529,5.6524,5.491,5.51,1351041
12/31/2003,5.6368,5.6368,5.4944,5.5181,1263574
01/02/2004,5.5181,5.5632,5.4968,5.5276,1031433
01/05/2004,5.5051,5.6142,5.4814,5.5976,703761
01/06/2004,5.5746,5.6457,5.5319,5.5319,691374
01/07/2004,5.5569,5.5569,5.4502,5.5047,762394
01/08/2004,5.2943,5.546,5.216,5.4629,1820437
01/09/2004,5.4307,5.7534,5.4212,5.6253,1127022
01/12/2004,5.6295,5.6579,5.442,5.48,1312684
01/13/2004,5.4598,5.5856,5.4598,5.5453,1320669
01/14/2004,5.5753,5.5871,5.5159,5.58,697815
01/15/2004,5.587,5.6511,5.5229,5.5276,1338407
01/16/2004,5.5283,5.6161,5.5283,5.5876,745348
01/20/2004,5.615,5.85,5.615,5.8429,1237890
01/21/2004,5.732,5.8389,5.732,5.7629,1252050
01/22/2004,5.7537,5.8012,5.6636,5.7181,1629782
01/23/2004,5.7218,5.9378,5.7218,5.8619,1207139
01/26/2004,5.8954,5.9547,5.8527,5.9476,876796
01/27/2004,5.9404,5.9926,5.8501,5.8786,726122
01/28/2004,5.8188,6.1322,5.7689,6.0919,4138084
01/29/2004,6.0615,6.0734,5.9358,5.95,1974398
01/30/2004,5.8258,5.9302,5.7403,5.8447,1383462
02/02/2004,5.8131,5.8961,5.7846,5.8866,2980958
02/03/2004,5.888,5.8999,5.7788,5.8524,1577790
02/04/2004,5.7881,5.8356,5.781,5.8,3108955
02/05/2004,5.8581,5.8652,5.6873,5.7324,1412509
02/06/2004,5.7101,5.7695,5.7101,5.7671,1785379
02/09/2004,5.7717,5.9119,5.7717,5.9048,2109695
02/10/2004,5.9126,6.0076,5.8889,6.0076,2013003
02/11/2004,6.0081,6.077,5.9606,6.0176,1835955
02/12/2004,6.0121,6.069,6.0002,6.05,1090408
02/13/2004,6.066,6.1016,5.9829,5.99,1125852
02/17/2004,6.0126,6.079,5.9888,6.0719,895096
02/18/2004,6.1671,6.1671,5.9773,6.0129,1755531
02/19/2004,6.0755,6.0755,5.9686,5.9805,777200
02/20/2004,6.0379,6.045,5.912,5.9476,828108
02/23/2004,5.9256,5.9494,5.8686,5.89,939334
02/24/2004,5.8649,5.9788,5.8649,5.9266,1794651
02/25/2004,5.9635,6.0324,5.9136,6.03,1191150
02/26/2004,6.0449,6.1209,5.9903,6.0924,747163
02/27/2004,6.157,6.2756,6.1522,6.2471,2062682
03/01/2004,6.2698,6.4241,6.2698,6.3553,1698148
03/02/2004,6.3191,6.5019,6.3097,6.4781,4095760
03/03/2004,6.4949,6.578,6.4498,6.5353,2040225
03/04/2004,6.5215,6.569,6.4623,6.55,1661835
03/05/2004,6.5612,6.6371,6.5375,6.6276,1172828
03/08/2004,6.6136,6.7704,6.6136,6.73,2205690
03/09/2004,6.6927,6.707,6.6286,6.6524,2085362
03/10/2004,6.6301,6.6514,6.3597,6.4095,1497403
03/11/2004,6.4439,6.4795,6.33,6.3347,784925
03/12/2004,6.3389,6.4719,6.327,6.46,912324
03/15/2004,6.4564,6.549,6.3853,6.3971,694512
03/16/2004,6.4144,6.4429,6.2768,6.3076,962888
03/17/2004,6.3252,6.489,6.3252,6.4676,1501620
03/18/2004,6.5195,6.5314,6.377,6.5053,1216422
03/19/2004,6.511,6.53,6.3234,6.3234,754652
03/22/2004,6.3132,6.3132,6.2136,6.2871,871167
03/23/2004,6.2912,6.3316,6.1701,6.22,1317482
03/24/2004,6.1591,6.2303,5.9786,5.9976,2142466
03/25/2004,6.0069,6.0971,5.995,6.0947,1271548
03/26/2004,6.085,6.3506,6.04,6.2724,2731711
03/29/2004,6.3909,6.3909,6.2273,6.27,1496581
03/30/2004,6.2614,6.4678,6.2543,6.38,834846
03/31/2004,6.4029,6.4503,6.3436,6.41,1062218
04/01/2004,6.4122,6.4478,6.2888,6.3481,1497329
04/02/2004,6.3824,6.4393,6.361,6.38,1879227
04/05/2004,6.4053,6.429,6.3744,6.4124,1030697
04/06/2004,6.4979,6.5477,6.3295,6.3413,1000646
04/07/2004,6.3375,6.3493,6.252,6.29,2720368
04/08/2004,6.3574,6.4191,6.2839,6.3171,1823658
04/12/2004,6.2972,6.4895,6.2806,6.4705,849757
04/13/2004,6.7636,6.7636,6.6307,6.6758,3794921
04/14/2004,6.6755,6.7135,6.5686,6.5829,1395902
04/15/2004,6.5764,6.7355,6.5764,6.65,866924
04/16/2004,6.6406,6.7356,6.6003,6.7142,1491028
04/19/2004,6.7256,6.7541,6.6117,6.69,1114127
04/20/2004,6.6531,6.7006,6.4729,6.4729,640003
04/21/2004,6.5195,6.5266,6.4412,6.5005,756730
04/22/2004,6.5007,6.7,6.5007,6.5671,1861250
04/23/2004,6.5963,6.62,6.4539,6.601,1458192
04/26/2004,6.5075,6.6833,6.5075,6.6453,2761246
04/27/2004,6.678,6.8583,6.678,6.7729,1240171
04/28/2004,6.7544,6.8896,6.6619,6.771,1857793
04/29/2004,6.7992,6.7992,6.4216,6.5,2008935
04/30/2004,6.5032,6.5887,6.3845,6.4629,1124958
05/03/2004,6.4633,6.57,6.4206,6.5605,1844559
05/04/2004,6.562,6.6759,6.5003,6.5976,1638666
05/05/2004,6.3619,6.3927,6.2456,6.3571,3314459
05/06/2004,6.341,6.4431,6.3173,6.3576,2785775
05/07/2004,6.3321,6.389,6.0663,6.0924,1524424
05/10/2004,6.0554,6.1028,5.9058,5.9176,1812035
05/11/2004,6.0135,6.0919,5.9755,6.0824,1097685
05/12/2004,6.1207,6.154,5.945,6.04,1547452
05/13/2004,6.0314,6.2166,6.0314,6.2,1531217
05/14/2004,6.163,6.3221,6.125,6.22,1464579
05/17/2004,6.2175,6.272,6.1581,6.17,1208552
05/18/2004,6.2405,6.2405,6.0744,6.1124,1244070
05/19/2004,6.2883,6.3239,6.1222,6.21,1629616
05/20/2004,6.2103,6.2601,6.1581,6.17,945150
05/21/2004,6.1791,6.2052,6.0463,6.0724,982718
05/24/2004,6.1001,6.3256,6.0693,6.29,1144681
05/25/2004,6.2955,6.4285,6.2813,6.4095,994594
05/26/2004,6.4078,6.4268,6.2868,6.3247,1444415
05/27/2004,6.3296,6.3344,6.2015,6.2276,1293232
05/28/2004,6.2315,6.4024,6.2291,6.3834,1350161
06/01/2004,6.3847,6.5841,6.38,6.52,1244582
06/02/2004,6.5074,6.5311,6.391,6.4147,1549909
06/03/2004,6.3746,6.5099,6.3295,6.3319,1727341
06/04/2004,6.4041,6.4041,6.2688,6.34,955965
06/07/2004,6.3646,6.5214,6.329,6.4976,1141098
06/08/2004,6.5069,6.635,6.45,6.45,1174457
06/09/2004,6.4567,6.4638,6.2834,6.2976,1958504
06/10/2004,6.3483,6.4147,6.3198,6.41,1810808
06/14/2004,6.4037,6.4417,6.3563,6.3919,1111009
06/15/2004,6.419,6.647,6.419,6.5947,1346643
06/16/2004,6.6004,6.738,6.6004,6.7,904470
06/17/2004,6.67,6.7578,6.6534,6.6724,1154321
06/18/2004,6.6566,6.7659,6.5973,6.6376,1059016
06/21/2004,6.6417,6.6583,6.5705,6.58,1164407
06/22/2004,6.6095,6.6309,6.5668,6.5881,1902603
06/23/2004,6.5969,6.6824,6.5352,6.6753,1595011
06/24/2004,6.7382,6.7548,6.5791,6.6005,868364
06/25/2004,6.7094,6.7806,6.5811,6.6548,2839558
06/28/2004,6.6475,6.6475,6.4529,6.46,1495835
06/29/2004,6.4265,6.6426,6.4218,6.5547,1380753
06/30/2004,6.6379,6.8751,6.6237,6.8181,3178528
07/01/2004,6.8502,6.8573,6.7505,6.76,1738455
07/02/2004,6.8076,6.9025,6.7151,6.8124,1536694
07/06/2004,6.8178,6.8582,6.6968,6.7347,1414519
07/07/2004,6.7402,6.7995,6.6796,6.7829,1009129
07/08/2004,6.8126,6.86,6.6868,6.72,1654788
07/09/2004,6.7455,6.8714,6.6648,6.8524,1633726
07/12/2004,6.8888,6.9837,6.8461,6.9576,2820058
07/13/2004,6.863,6.9675,6.863,6.9176,1319786
07/14/2004,6.9218,7.09,6.9218,7.043,1398640
07/15/2004,7.085,7.17,7.002,7.082,1637285
07/16/2004,7.092,7.156,7.045,7.13,950702
07/19/2004,7.11,7.203,7.072,7.158,1202147
07/20/2004,7.175,7.175,6.9975,7.092,1234806
07/21/2004,7.119,7.214,6.9458,6.9719,1050547
07/22/2004,6.9534,6.9985,6.868,6.97,1181108
07/23/2004,6.9685,6.9756,6.8617,6.9424,951658
07/26/2004,6.9565,7.018,6.8496,6.8876,1479648
07/27/2004,6.9539,7.023,6.8922,6.9847,1388755
07/28/2004,7.06,7.084,6.9793,7.06,1372036
07/29/2004,7.122,7.16,6.9962,7.16,1796108
07/30/2004,7.158,7.208,7.099,7.113,1631453
08/02/2004,7.109,7.149,6.9688,7.038,1285412
08/03/2004,7.143,7.342,7.143,7.238,2703751
08/04/2004,7.26,7.26,7.061,7.08,2339561
08/05/2004,7.108,7.134,6.8089,6.9324,2820416
08/06/2004,6.9453,6.9738,6.7649,6.81,2089711
08/09/2004,6.8515,6.9441,6.8254,6.88,2604128
08/10/2004,6.9319,7.017,6.8868,6.9129,1958752
08/11/2004,6.9568,7.064,6.9188,6.9829,1843894
08/12/2004,6.9868,7.082,6.8776,6.8776,2052883
08/13/2004,6.9146,6.9359,6.8458,6.8647,1542420
08/16/2004,6.9026,7,6.8765,7,1321526
08/17/2004,7.084,7.084,6.88,6.88,1950068
08/18/2004,6.8827,7.139,6.8661,7.118,3115446
08/19/2004,7.099,7.205,7.092,7.122,2227327
08/20/2004,7.096,7.317,7.084,7.298,3442724
08/23/2004,7.274,7.298,7.151,7.16,2220604
08/24/2004,7.188,7.205,7.051,7.11,1376708
08/25/2004,7.142,7.189,7.094,7.142,1587209
08/26/2004,7.065,7.281,7.065,7.262,2274208
08/27/2004,7.234,7.336,7.205,7.267,1171728
08/30/2004,7.23,7.336,7.154,7.253,1183514
08/31/2004,7.243,7.335,7.243,7.29,1578135
09/01/2004,7.342,7.569,7.318,7.512,2224636
09/02/2004,7.512,7.576,7.453,7.51,1316569
09/03/2004,7.473,7.539,7.439,7.518,1668490
09/07/2004,7.529,7.529,7.373,7.42,2081354
09/08/2004,7.472,7.503,7.392,7.468,2143193
09/09/2004,7.507,7.624,7.465,7.6,2415227
09/10/2004,7.604,7.604,7.476,7.528,1007865
09/13/2004,7.559,7.656,7.478,7.485,1969659
09/14/2004,7.484,7.536,7.391,7.501,2213684
09/15/2004,7.487,7.636,7.439,7.61,2146710
09/16/2004,7.604,7.687,7.556,7.67,1711579
09/17/2004,7.673,7.739,7.637,7.715,1265745
09/20/2004,7.717,7.833,7.717,7.75,1784441
09/21/2004,7.809,7.877,7.716,7.837,1372685
09/22/2004,7.731,7.854,7.716,7.795,1255457
09/23/2004,7.789,7.789,7.687,7.727,2129258
09/24/2004,7.733,7.873,7.721,7.838,907630
09/27/2004,7.881,7.914,7.776,7.848,2197361
09/28/2004,7.878,7.949,7.823,7.93,2337711
09/29/2004,7.931,7.952,7.807,7.9,1412920
09/30/2004,8.049,8.07,7.883,7.923,2951251
10/01/2004,7.928,8.039,7.876,8.03,3220070
10/04/2004,8.058,8.079,7.892,7.918,2931655
10/05/2004,7.971,8.039,7.942,7.975,1665988
10/06/2004,8.009,8.18,8.009,8.18,2544477
10/07/2004,8.164,8.188,8.051,8.06,1397991
10/08/2004,8.044,8.167,7.985,8.068,1146712
10/11/2004,8.07,8.07,7.8,7.89,1229702
10/12/2004,7.869,7.973,7.798,7.852,1214118
10/13/2004,7.972,7.984,7.592,7.732,2518711
10/14/2004,7.788,7.933,7.785,7.842,1344357
10/15/2004,7.918,7.918,7.814,7.849,763169
10/18/2004,7.849,7.857,7.674,7.688,1216630
10/19/2004,7.679,7.795,7.622,7.7,1093176
10/20/2004,7.727,7.967,7.727,7.91,2796598
10/21/2004,7.964,7.985,7.89,7.94,2346291
10/22/2004,7.963,8.035,7.838,7.84,1280762
10/25/2004,7.846,7.96,7.744,7.958,1592659
10/26/2004,7.894,8.004,7.795,7.973,3666842
10/27/2004,7.93,8.034,7.426,7.5,4290440
10/28/2004,7.499,7.513,7.119,7.195,5075624
10/29/2004,7.196,7.353,7.085,7.163,4098131
11/01/2004,7.302,7.302,7.058,7.103,4052630
11/02/2004,7.119,7.119,6.9005,6.91,3030441
11/03/2004,7.062,7.102,6.9313,7.059,3920385
11/04/2004,7.108,7.144,7.006,7.068,2293303
11/05/2004,7.083,7.225,7.019,7.042,2873587
11/08/2004,6.9335,6.9715,6.7768,6.8076,9653498
11/09/2004,6.8078,6.9265,6.7651,6.8647,4274357
11/10/2004,6.8334,7.061,6.8334,6.9876,2766032
11/11/2004,6.9675,6.9675,6.8583,6.92,3796643
11/12/2004,6.9318,7.221,6.9199,7.202,3578929
11/15/2004,7.195,7.195,6.9978,7.05,4071010
11/16/2004,7.077,7.175,7.073,7.12,3127242
11/17/2004,7.056,7.253,7.02,7.208,2849436
11/18/2004,7.247,7.444,7.224,7.43,3757145
11/19/2004,7.472,7.615,7.451,7.61,5267825
11/22/2004,7.662,7.698,7.567,7.698,6179209
11/23/2004,7.723,7.856,7.699,7.801,4765938
11/24/2004,7.855,7.916,7.76,7.855,3763102
11/26/2004,7.833,7.942,7.831,7.84,663969
11/29/2004,7.761,7.834,7.666,7.763,3320764
11/30/2004,7.75,7.836,7.75,7.8,1963400
12/01/2004,7.77,7.777,7.483,7.535,4462678
12/02/2004,7.54,7.54,7.277,7.398,4332027
12/03/2004,7.405,7.519,7.372,7.45,1703350
12/06/2004,7.471,7.595,7.405,7.592,3042741
12/07/2004,7.559,7.566,7.196,7.21,2319582
12/08/2004,7.213,7.36,7.153,7.36,2637957
12/09/2004,7.385,7.587,7.373,7.572,3113875
12/10/2004,7.511,7.577,7.492,7.532,2225625
12/13/2004,7.592,7.618,7.499,7.53,1602932
12/14/2004,7.619,7.643,7.553,7.61,2199961
12/15/2004,7.599,7.646,7.518,7.575,2922066
12/16/2004,7.56,7.657,7.501,7.519,1772713
12/17/2004,7.494,7.577,7.48,7.568,1751917
12/20/2004,7.531,7.624,7.503,7.6,1363384
12/21/2004,7.724,7.816,7.655,7.795,2090752
12/22/2004,7.803,7.832,7.632,7.722,1299962
12/23/2004,7.712,7.83,7.712,7.79,575239
12/27/2004,7.787,7.787,7.563,7.571,767900
12/28/2004,7.567,7.681,7.567,7.681,877614
12/29/2004,7.666,7.742,7.645,7.721,667389
12/30/2004,7.709,7.712,7.612,7.648,627552
12/31/2004,7.623,7.687,7.616,7.64,960094
01/03/2005,7.495,7.54,7.232,7.258,2684514
01/04/2005,7.26,7.326,7.184,7.203,2507505
01/05/2005,7.098,7.151,7.056,7.07,2325352
01/06/2005,7.076,7.242,7.036,7.19,3001342
01/07/2005,7.218,7.218,6.985,6.99,2529990
01/10/2005,7.056,7.144,7.042,7.089,2812463
01/11/2005,7.035,7.116,7.009,7.083,1405548
01/12/2005,7.079,7.195,7.069,7.152,2203274
01/13/2005,7.196,7.347,7.165,7.3,2392107
01/14/2005,7.357,7.442,7.26,7.438,1554565
01/18/2005,7.532,7.641,7.404,7.48,2063899
01/19/2005,7.443,7.509,7.379,7.398,3243372
01/20/2005,7.377,7.408,7.183,7.285,2120078
01/21/2005,7.311,7.311,7.24,7.24,3016293
01/24/2005,7.334,7.469,7.317,7.4,1468818
01/25/2005,7.365,7.536,7.346,7.419,1864354
01/26/2005,7.42,7.446,7.296,7.32,1648686
01/27/2005,7.322,7.381,7.257,7.35,2707621
01/28/2005,7.289,7.291,7.146,7.225,1777067
01/31/2005,7.037,7.327,7.037,7.268,1588386
02/01/2005,7.265,7.388,7.257,7.352,1264919
02/02/2005,7.355,7.445,7.255,7.442,1404378
02/03/2005,7.416,7.485,7.359,7.475,3521401
02/04/2005,7.493,7.543,7.422,7.455,1150672
02/07/2005,7.453,7.517,7.363,7.458,1108061
02/08/2005,7.599,7.756,7.554,7.611,2476913
02/09/2005,7.649,7.711,7.619,7.64,3057609
02/10/2005,7.736,7.995,7.729,7.95,2774843
02/11/2005,7.91,8.005,7.877,7.951,1623940
02/14/2005,7.937,7.961,7.859,7.878,1388647
02/15/2005,7.864,7.964,7.836,7.9,1142971
02/16/2005,7.902,8.206,7.89,8.17,2018353
02/17/2005,8.177,8.189,7.931,7.94,1302616
02/18/2005,7.936,8.104,7.936,8.045,957733
02/22/2005,8.068,8.092,7.938,7.938,1553725
02/23/2005,8.096,8.113,8.037,8.07,1271995
02/24/2005,8.071,8.149,7.995,8.138,1713679
02/25/2005,8.102,8.249,8.102,8.138,1686342
02/28/2005,8.205,8.307,7.977,8.181,1779222
03/01/2005,8.193,8.243,7.998,8.06,1295972
03/02/2005,8.065,8.167,7.996,8.063,1323794
03/03/2005,8.094,8.303,8.089,8.26,2125448
03/04/2005,8.273,8.519,8.228,8.503,1969765
03/07/2005,8.354,8.356,8.164,8.282,2861160
03/08/2005,8.34,8.456,8.337,8.378,1710638
03/09/2005,8.309,8.312,8.098,8.108,1785075
03/10/2005,8.069,8.069,7.886,7.908,1046652
03/11/2005,7.91,8.086,7.908,8.06,2094469
03/14/2005,8.023,8.146,7.942,8.12,1503224
03/15/2005,8.161,8.206,7.973,7.973,1851384
03/16/2005,8.011,8.104,7.883,7.931,1247010
03/17/2005,8.055,8.088,7.967,8.055,1920181
03/18/2005,8.112,8.218,7.948,8.036,2029241
03/21/2005,8.048,8.138,7.97,8.058,1345302
03/22/2005,8.078,8.248,8.03,8.066,1628823
03/23/2005,8.034,8.036,7.806,7.87,1882008
03/24/2005,7.931,8.014,7.916,7.947,961065
03/28/2005,7.942,8.068,7.918,7.98,1106428
03/29/2005,7.976,8.149,7.862,7.891,1724040
03/30/2005,7.953,7.993,7.775,7.962,1633104
03/31/2005,7.827,7.967,7.721,7.872,4501007
04/01/2005,8.138,8.15,7.913,8.01,3043446
04/04/2005,8.082,8.154,7.881,7.942,1956452
04/05/2005,7.939,7.939,7.74,7.823,1828687
04/06/2005,7.835,7.956,7.814,7.89,2031671
04/07/2005,8.003,8.043,7.839,7.92,2738670
04/08/2005,7.92,7.984,7.721,7.74,2417403
04/11/2005,7.74,7.799,7.628,7.78,1202835
04/12/2005,7.786,7.786,7.486,7.558,1959653
04/13/2005,7.56,7.574,7.303,7.322,2539255
04/14/2005,7.394,7.446,7.276,7.375,2295521
04/15/2005,7.323,7.385,7.209,7.219,3322733
04/18/2005,7.185,7.325,7.17,7.268,2276195
04/19/2005,7.355,7.445,7.319,7.4,3324648
04/20/2005,7.545,7.545,7.308,7.329,1437542
04/21/2005,7.441,7.712,7.429,7.7,2318402
04/22/2005,7.757,7.826,7.57,7.66,2279822
04/25/2005,7.762,7.909,7.747,7.84,1698279
04/26/2005,7.838,7.838,7.646,7.67,2580963
04/27/2005,7.67,7.67,7.473,7.478,2300797
04/28/2005,7.439,7.451,7.356,7.38,2052685
04/29/2005,7.383,7.416,7.122,7.188,3434865
05/02/2005,7.256,7.488,7.185,7.469,2072244
05/03/2005,7.404,7.404,7.224,7.252,2090600
05/04/2005,7.264,7.513,7.212,7.421,2273152
05/05/2005,7.425,7.537,7.373,7.48,2346219
05/06/2005,7.566,7.59,7.481,7.488,2268799
05/09/2005,7.488,7.548,7.396,7.417,2588194
05/10/2005,7.441,7.52,7.306,7.33,2342173
05/11/2005,7.119,7.278,7.119,7.243,4255508
05/12/2005,7.246,7.246,6.9639,6.99,2613931
05/13/2005,7.013,7.077,6.8279,6.9205,2205536
05/16/2005,6.8902,6.959,6.8072,6.9495,3557161
05/17/2005,6.9256,6.9967,6.871,6.89,3763449
05/18/2005,6.929,6.9503,6.7914,6.9076,4678583
05/19/2005,6.9054,7.112,6.9054,7.1,1928345
05/20/2005,7.105,7.188,7.086,7.095,2081613
05/23/2005,7.118,7.173,7.061,7.135,2056467
05/24/2005,7.145,7.238,7.117,7.223,2088253
05/25/2005,7.214,7.392,7.162,7.383,3161007
05/26/2005,7.39,7.58,7.345,7.58,3353484
05/27/2005,7.547,7.71,7.528,7.67,2390433
05/31/2005,7.656,7.656,7.414,7.495,2636468
06/01/2005,7.506,7.623,7.492,7.58,699031
06/02/2005,7.575,7.575,7.383,7.44,2499600
06/03/2005,7.473,7.592,7.433,7.528,1218277
06/06/2005,7.594,7.604,7.416,7.452,2349555
06/07/2005,7.487,7.546,7.361,7.38,1455548
06/08/2005,7.383,7.509,7.336,7.407,1067771
06/09/2005,7.443,7.588,7.381,7.581,1682319
06/10/2005,7.598,7.617,7.508,7.579,925630
06/13/2005,7.536,7.572,7.451,7.553,1442543
06/14/2005,7.546,7.676,7.522,7.558,1941929
06/15/2005,7.616,7.654,7.533,7.567,2105424
06/16/2005,7.587,7.67,7.544,7.668,1522115
06/17/2005,7.732,7.765,7.606,7.758,3236300
06/20/2005,7.766,7.823,7.659,7.738,1347390
06/21/2005,7.716,7.764,7.633,7.681,2038174
06/22/2005,7.692,7.83,7.671,7.778,1767190
06/23/2005,7.724,7.897,7.724,7.79,1694084
06/24/2005,7.813,7.856,7.599,7.614,1783655
06/27/2005,7.632,7.724,7.603,7.62,1945827
06/28/2005,7.594,7.63,7.497,7.594,1736038
06/29/2005,7.583,7.721,7.526,7.602,1170047
06/30/2005,7.611,7.68,7.588,7.597,2995652
07/01/2005,7.607,7.654,7.562,7.59,1363906
07/05/2005,7.637,7.649,7.547,7.588,3565119
07/06/2005,7.614,7.709,7.519,7.633,2248395
07/07/2005,7.487,7.629,7.487,7.617,1971201
07/08/2005,7.751,7.836,7.661,7.718,2361885
07/11/2005,7.709,7.839,7.709,7.778,1957895
07/12/2005,7.842,8.129,7.821,8.103,4087256
07/13/2005,8.156,8.223,8.076,8.085,4167994
07/14/2005,8.148,8.19,7.967,8.005,3198772
07/15/2005,7.916,8.099,7.914,7.94,4094040
07/18/2005,8.067,8.126,8.001,8.058,5626535
07/19/2005,8.062,8.252,7.994,8.252,2391908
07/20/2005,8.236,8.314,8.188,8.291,2629501
07/21/2005,8.315,8.443,8.186,8.248,3021213
07/22/2005,8.305,8.566,8.305,8.523,2207142
07/25/2005,8.37,8.62,8.37,8.532,2185246
07/26/2005,8.547,8.612,8.393,8.495,1311966
07/27/2005,8.496,8.546,8.401,8.512,1631189
07/28/2005,8.546,8.648,8.501,8.601,1385533
07/29/2005,8.659,8.707,8.353,8.6,1635517
08/01/2005,8.666,8.754,8.64,8.723,1762698
08/02/2005,8.748,8.936,8.687,8.86,2360926
08/03/2005,8.862,8.888,8.786,8.86,1746881
08/04/2005,9.492,9.528,9.208,9.322,5179312
08/05/2005,9.372,9.436,9.211,9.334,3452905
08/08/2005,9.377,9.519,9.339,9.358,2655225
08/09/2005,9.407,9.45,9.284,9.358,2462234
08/10/2005,9.455,9.5,9.348,9.488,2659325
08/11/2005,9.555,9.591,9.465,9.548,2080352
08/12/2005,9.609,9.609,9.438,9.531,2038614
08/15/2005,9.555,9.586,9.429,9.46,1179028
08/16/2005,9.405,9.455,9.218,9.253,1295421
08/17/2005,9.316,9.359,9.008,9.051,2541102
08/18/2005,9.031,9.164,8.974,9.057,1242083
08/19/2005,9.132,9.21,9.021,9.035,2118951
08/22/2005,9.134,9.134,8.868,8.968,1832170
08/23/2005,9.036,9.1,8.891,8.958,1342629
08/24/2005,9.015,9.211,8.905,9.095,2152803
08/25/2005,9.089,9.116,8.997,9.059,1316638
08/26/2005,9.102,9.133,8.958,8.965,1324537
08/29/2005,9.13,9.182,8.862,8.981,1746543
08/30/2005,9.051,9.248,9.034,9.158,1475743
08/31/2005,9.184,9.635,9.184,9.538,2614451
09/01/2005,9.625,9.689,9.392,9.575,2022319
09/02/2005,9.533,9.664,9.469,9.543,2024633
09/06/2005,9.549,9.611,9.319,9.537,2175282
09/07/2005,9.553,9.722,9.511,9.66,1292928
09/08/2005,9.704,9.747,9.529,9.567,1459674
09/09/2005,9.589,9.603,9.454,9.584,2136083
09/12/2005,9.484,9.55,9.429,9.467,2015820
09/13/2005,9.448,9.457,9.291,9.31,2089495
09/14/2005,9.368,9.48,9.211,9.328,2027864
09/15/2005,9.38,9.463,9.183,9.331,1150790
09/16/2005,9.345,9.454,9.331,9.371,1121894
09/19/2005,9.496,9.626,9.491,9.598,1061095
09/20/2005,9.573,9.708,9.454,9.49,1695606
09/21/2005,9.705,9.726,9.512,9.517,1632257
09/22/2005,9.617,9.631,9.285,9.432,1429585
09/23/2005,9.367,9.372,9.132,9.265,1085564
09/26/2005,9.228,9.494,9.223,9.472,1613702
09/27/2005,9.531,9.73,9.424,9.678,2435527
09/28/2005,9.683,9.835,9.614,9.69,1677839
09/29/2005,9.714,9.802,9.368,9.56,3578948
09/30/2005,10.078,10.128,9.86,9.966,9355261
10/03/2005,10.103,10.238,9.899,10.158,4761621
10/04/2005,10.157,10.157,9.726,9.747,3684021
10/05/2005,9.806,9.806,9.419,9.431,2838627
10/06/2005,9.35,9.362,8.961,9.146,4474415
10/07/2005,9.283,9.366,9.181,9.292,2986336
10/10/2005,9.314,9.326,9.06,9.108,2111523
10/11/2005,9.205,9.297,9.067,9.11,2680138
10/12/2005,9.044,9.165,8.877,8.97,2030049
10/13/2005,8.969,8.969,8.545,8.813,3207097
10/14/2005,8.809,8.947,8.681,8.926,3602021
10/17/2005,9.057,9.109,8.822,8.9,3214863
10/18/2005,8.813,8.837,8.372,8.398,5676227
10/19/2005,8.326,8.444,8.017,8.428,5633702
10/20/2005,8.311,8.427,8.195,8.287,4624917
10/21/2005,8.226,8.435,8.174,8.302,2806894
10/24/2005,8.281,8.474,8.165,8.45,4643174
10/25/2005,8.468,8.658,8.446,8.636,2335189
10/26/2005,8.601,8.801,8.449,8.528,2743309
10/27/2005,8.526,8.624,8.242,8.325,2777802
10/28/2005,8.38,8.577,8.245,8.525,3122724
10/31/2005,8.624,8.811,8.567,8.631,2294743
11/01/2005,8.654,8.815,8.587,8.756,2585247
11/02/2005,8.466,8.729,8.067,8.719,6373038
11/03/2005,8.816,8.904,8.695,8.762,5591089
11/04/2005,8.734,8.869,8.71,8.767,3879338
11/07/2005,8.763,8.846,8.689,8.725,2734537
11/08/2005,8.689,8.938,8.601,8.845,2794607
11/09/2005,8.832,9.112,8.697,8.842,2748737
11/10/2005,8.802,8.89,8.601,8.662,3052327
11/11/2005,8.64,8.849,8.571,8.782,2687157
11/14/2005,8.866,9.004,8.795,8.942,2301902
11/15/2005,8.938,9.109,8.879,9.033,3682462
11/16/2005,9.141,9.319,9.025,9.26,3344455
11/17/2005,9.035,9.403,9.035,9.32,1866052
11/18/2005,9.326,9.326,9.108,9.298,2163034
11/21/2005,9.316,9.522,9.216,9.518,1856725
11/22/2005,9.6,9.797,9.565,9.75,2793867
11/23/2005,9.666,9.873,9.621,9.794,2673205
11/25/2005,9.568,9.872,9.568,9.81,1012068
11/28/2005,9.61,9.686,9.479,9.517,2443574
11/29/2005,9.614,9.704,9.485,9.528,1773148
11/30/2005,9.546,9.807,9.546,9.764,1815104
12/01/2005,9.814,10.084,9.764,10.065,2134565
12/02/2005,9.847,10.196,9.847,10.071,1975560
12/05/2005,10.147,10.199,9.976,10.038,2229171
12/06/2005,10.264,10.264,9.943,10.091,1784142
12/07/2005,10.182,10.208,10.009,10.125,1199634
12/08/2005,10.086,10.29,10.039,10.248,2281067
12/09/2005,10.237,10.245,10.086,10.195,1638462
12/12/2005,10.3,10.392,10.119,10.376,1910892
12/13/2005,10.441,10.493,10.275,10.322,2166055
12/14/2005,10.266,10.486,10.239,10.372,1516358
12/15/2005,10.168,10.337,10.13,10.28,1401571
12/16/2005,10.236,10.248,9.953,9.953,3212147
12/19/2005,9.965,10.055,9.81,9.915,2460201
12/20/2005,9.942,10.165,9.942,10.08,1494371
12/21/2005,10.123,10.208,10.04,10.166,1597564
12/22/2005,10.218,10.256,10.131,10.19,1380481
12/23/2005,10.134,10.267,9.991,10.25,1531798
12/27/2005,10.161,10.161,9.914,9.942,1921216
12/28/2005,9.992,10.308,9.992,10.177,2815451
12/29/2005,10.174,10.321,10.074,10.098,1680894
12/30/2005,10.005,10.325,9.915,10.185,1181868
01/03/2006,10.297,10.898,10.293,10.898,4078108
01/04/2006,10.728,11.153,10.716,11.122,4196700
01/05/2006,11.393,11.402,11.027,11.155,6394046
01/06/2006,11.276,11.369,11.217,11.3,2914965
01/09/2006,11.34,11.352,11.067,11.15,3115491
01/10/2006,11.22,11.301,11.064,11.078,4130792
01/11/2006,10.967,11.045,10.903,10.998,4994007
01/12/2006,11.087,11.315,11.011,11.03,3037803
01/13/2006,11.247,11.247,11.048,11.15,1260912
01/17/2006,11.275,11.327,11.109,11.137,2293528
01/18/2006,11.093,11.112,10.823,10.972,2543165
01/19/2006,10.795,11.21,10.795,11.208,3333554
01/20/2006,11.285,11.53,11.283,11.409,3081339
01/23/2006,11.388,11.419,11.246,11.305,2738371
01/24/2006,11.252,11.508,11.172,11.492,2294671
01/25/2006,11.566,11.58,11.172,11.245,2532897
01/26/2006,11.297,11.366,11.027,11.338,2415525
01/27/2006,11.464,11.747,11.376,11.59,1643110
01/30/2006,12.004,12.497,12.004,12.17,5246357
01/31/2006,12.01,12.364,11.88,12.298,3568433
02/01/2006,12.238,12.416,11.72,11.765,2528690
02/02/2006,11.822,11.881,11.544,11.812,3212930
02/03/2006,11.805,11.855,11.589,11.658,1913253
02/06/2006,11.793,11.864,11.622,11.748,3816765
02/07/2006,11.656,11.656,11.15,11.15,2605909
02/08/2006,11.15,11.356,10.974,11.238,3105838
02/09/2006,11.34,11.501,10.913,10.915,1890970
02/10/2006,10.953,11.027,10.676,10.965,2707402
02/13/2006,10.976,11.004,10.724,10.814,1901733
02/14/2006,10.621,10.758,10.462,10.689,3291991
02/15/2006,11.147,11.532,10.945,11.071,11031816
02/16/2006,11.23,11.242,10.871,11.135,5124789
02/17/2006,11.139,11.219,10.932,11.013,2305271
02/21/2006,11.155,11.414,11.153,11.367,2597142
02/22/2006,11.275,11.275,11.093,11.183,1529107
02/23/2006,11.213,11.379,11.059,11.18,2233657
02/24/2006,11.228,11.425,11.197,11.225,1067114
02/27/2006,11.15,11.245,11.022,11.15,1924701
02/28/2006,11.159,11.168,10.929,11.131,2217959
03/01/2006,11.176,11.447,11.176,11.437,3500342
03/02/2006,11.445,11.649,11.251,11.642,3758393
03/03/2006,11.642,11.82,11.592,11.637,2763894
03/06/2006,11.518,11.527,11.209,11.29,2622313
03/07/2006,11.246,11.26,10.968,11.032,2656071
03/08/2006,10.889,11.16,10.707,11.018,2931350
03/09/2006,11.093,11.195,10.974,11.059,2057920
03/10/2006,10.986,11.205,10.844,11.136,2117281
03/13/2006,11.245,11.492,11.245,11.478,2717120
03/14/2006,11.557,11.742,11.439,11.731,3461224
03/15/2006,11.717,11.819,11.577,11.795,2197353
03/16/2006,11.768,11.972,11.59,11.901,1982351
03/17/2006,11.869,11.926,11.618,11.758,2441630
03/20/2006,11.752,11.902,11.489,11.605,2129975
03/21/2006,11.525,11.817,11.414,11.528,1897662
03/22/2006,11.495,11.805,11.495,11.713,1847891
03/23/2006,11.805,12.08,11.781,12.044,2007370
03/24/2006,12.039,12.225,11.885,12.018,1603933
03/27/2006,11.863,11.956,11.706,11.934,1927385
03/28/2006,11.628,12.102,11.628,12.091,4051798
03/29/2006,11.959,12.13,11.883,12.123,2661362
03/30/2006,12.152,12.254,12.005,12.143,1319197
03/31/2006,12.048,12.298,11.918,12.153,2283833
04/03/2006,12.331,12.422,11.985,12.018,1541890
04/04/2006,11.906,12.184,11.906,12.161,1683531
04/05/2006,12.22,12.526,12.152,12.446,2699811
04/06/2006,12.577,12.634,12.318,12.465,2352738
04/07/2006,12.361,12.485,12.216,12.276,1853639
04/10/2006,12.408,12.495,12.268,12.401,1568263
04/11/2006,12.569,12.571,12.09,12.13,1462354
04/12/2006,12.199,12.27,12.007,12.04,1589289
04/13/2006,11.936,12.18,11.777,12.175,1561804
04/17/2006,12.341,12.379,12.163,12.217,976558
04/18/2006,12.339,12.605,12.322,12.598,1393800
04/19/2006,12.439,12.994,12.439,12.963,2397846
04/20/2006,12.88,13.15,12.854,13.096,3649568
04/21/2006,13.249,13.443,13.121,13.344,3063143
04/24/2006,13.144,13.282,12.999,13.211,2984919
04/25/2006,13.228,13.346,13.031,13.149,3280723
04/26/2006,13.128,13.368,12.848,12.872,2888590
04/27/2006,12.66,12.876,12.463,12.76,2114519
04/28/2006,12.535,13.054,12.535,12.936,2589070
05/01/2006,13.075,13.267,12.921,13.22,2555824
05/02/2006,13.348,13.623,13.234,13.621,2544991
05/03/2006,13.637,13.637,13.228,13.338,2951462
05/04/2006,13.311,13.781,13.269,13.741,2728344
05/05/2006,13.807,14.227,13.793,14.208,2783200
05/08/2006,14.006,14.267,13.712,14.184,5369137
05/09/2006,14.855,16.065,14.848,15.88,11013138
05/10/2006,16.021,17.063,15.921,16.93,8306386
05/11/2006,16.93,17.048,16.567,16.697,8379008
05/12/2006,16.611,16.611,16.16,16.195,4664682
05/15/2006,16.021,16.08,15.228,15.558,5075549
05/16/2006,15.232,15.756,15.163,15.448,5421610
05/17/2006,15.433,15.703,14.877,15.06,3765504
05/18/2006,15.329,15.514,14.869,14.881,3514811
05/19/2006,14.829,15.099,14.608,14.898,5073804
05/22/2006,14.912,14.948,14.501,14.765,6784701
05/23/2006,14.954,15.362,14.84,14.901,7757886
05/24/2006,14.784,15.054,14.262,14.71,5013094
05/25/2006,15.051,15.215,14.792,15.191,4216432
05/26/2006,15.244,15.463,15.173,15.363,3101173
05/30/2006,15.599,15.725,15.423,15.525,6428682
05/31/2006,15.593,15.849,15.491,15.835,11699302
06/01/2006,15.769,16.066,15.665,16.038,5962163
06/02/2006,16.322,16.429,16.139,16.187,6188096
06/05/2006,16.331,16.369,15.837,15.854,4445395
06/06/2006,15.781,15.912,15.38,15.632,5594278
06/07/2006,15.621,15.621,14.904,14.932,5456272
06/08/2006,14.713,15.126,14.288,15.073,5550282
06/09/2006,15.123,15.151,14.543,14.881,3823856
06/12/2006,14.946,14.96,14.158,14.177,4627288
06/13/2006,13.997,14.284,13.536,13.629,3974879
06/14/2006,13.687,13.953,13.511,13.834,4372815
06/15/2006,14.119,14.646,13.922,14.617,5651346
06/16/2006,14.712,14.764,14.242,14.461,3602409
06/19/2006,14.287,14.294,13.734,13.802,3047828
06/20/2006,14.001,14.105,13.543,13.598,2699894
06/21/2006,13.656,14.367,13.625,14.18,3406493
06/22/2006,14.181,14.437,14.003,14.242,4192700
06/23/2006,14.431,14.846,14.369,14.822,4749576
06/26/2006,14.832,14.976,14.597,14.924,2311467
06/27/2006,15.145,15.295,15,15.05,4064762
06/28/2006,15.151,15.421,15.001,15.217,2386014
06/29/2006,15.413,15.968,15.311,15.923,2749579
06/30/2006,16.019,16.062,15.69,16.005,1867473
07/03/2006,16.199,16.296,16.033,16.284,1171309
07/05/2006,16.19,16.541,15.725,16.406,4493755
07/06/2006,16.514,16.87,16.476,16.495,5936785
07/07/2006,16.527,16.727,16.036,16.105,3883422
07/10/2006,16.134,16.48,16.022,16.214,3469800
07/11/2006,16.302,16.57,16.231,16.478,4128223
07/12/2006,16.45,16.851,16.322,16.659,3187015
07/13/2006,16.635,16.702,16.056,16.08,3207533
07/14/2006,16.17,16.545,15.968,16.502,4070948
07/17/2006,16.425,16.448,15.684,15.803,3210420
07/18/2006,16.04,16.107,15.442,15.706,3148150
07/19/2006,15.73,16.464,15.73,16.395,2498073
07/20/2006,16.493,16.586,15.66,15.665,2061446
07/21/2006,15.713,15.727,15.008,15.018,3219100
07/24/2006,14.415,15.151,14.415,14.726,7433133
07/25/2006,14.867,15.375,14.741,15.375,4151953
07/26/2006,15.369,15.419,14.187,14.545,8892937
07/27/2006,14.716,14.835,14.123,14.168,6378017
07/28/2006,14.13,14.799,14.035,14.661,4985309
07/31/2006,14.72,15.081,14.675,14.943,2703631
08/01/2006,14.936,15.166,14.632,15.095,2780323
08/02/2006,15.34,15.646,15.311,15.506,4875287
08/03/2006,15.275,15.588,15.267,15.514,5839230
08/04/2006,15.688,15.702,15.204,15.37,3646686
08/07/2006,15.431,15.654,15.2,15.44,2374003
08/08/2006,15.333,15.571,15.132,15.21,2487806
08/09/2006,15.295,15.44,14.861,14.872,2634495
08/10/2006,14.735,15.003,14.571,14.963,1995530
08/11/2006,14.953,15.041,14.509,14.645,1660241
08/14/2006,14.573,14.68,14.347,14.435,2292932
08/15/2006,14.624,14.783,14.441,14.757,1872375
08/16/2006,14.797,15.037,14.659,14.832,1732541
08/17/2006,14.686,14.747,14.232,14.361,1961860
08/18/2006,14.43,14.781,14.288,14.712,1620893
08/21/2006,14.758,14.917,14.616,14.777,1345292
08/22/2006,14.775,15.093,14.775,15.048,1807515
08/23/2006,15.053,15.093,14.503,14.804,2316729
08/24/2006,14.886,15.049,14.663,14.978,2570593
08/25/2006,14.994,14.994,14.41,14.676,5347273
08/28/2006,14.596,14.753,14.43,14.518,2702851
08/29/2006,14.314,14.342,14.124,14.288,5939532
08/30/2006,14.282,14.282,13.748,13.76,7395453
08/31/2006,13.718,14.098,13.599,13.96,4440147
09/01/2006,13.99,14.239,13.981,14.04,3432444
09/05/2006,14.089,14.842,14.065,14.799,3787389
09/06/2006,14.605,14.8,14.363,14.461,3435429
09/07/2006,14.324,14.556,14.065,14.348,2947594
09/08/2006,14.362,14.512,13.881,13.897,2465496
09/11/2006,13.672,13.672,13.157,13.295,3914783
09/12/2006,13.318,13.575,13.171,13.378,2379093
09/13/2006,13.45,13.626,13.273,13.318,4941750
09/14/2006,13.23,13.379,12.871,12.985,3432116
09/15/2006,12.754,13.183,12.581,13.074,4362741
09/18/2006,13.12,13.308,12.636,12.653,8166846
09/19/2006,12.696,12.836,12.392,12.528,8683633
09/20/2006,12.428,12.67,12.362,12.395,4459805
09/21/2006,12.486,12.859,12.365,12.365,5402171
09/22/2006,12.511,12.589,12.171,12.299,3806693
09/25/2006,12.151,12.26,11.828,12.179,4699046
09/26/2006,12.112,12.486,12.043,12.429,2446744
09/27/2006,12.517,12.78,12.296,12.704,2998924
09/28/2006,12.649,12.95,12.606,12.682,2707007
09/29/2006,12.339,12.899,12.339,12.747,1525506
10/02/2006,12.697,12.721,12.365,12.434,2497321
10/03/2006,12.413,12.432,11.905,11.936,4272853
10/04/2006,11.965,12.216,11.825,12.105,5660562
10/05/2006,12.315,12.645,12.315,12.583,3313689
10/06/2006,12.547,12.744,12.379,12.657,2260582
10/09/2006,12.76,12.9,12.48,12.529,2006353
10/10/2006,12.455,13.046,12.407,12.846,3347530
10/11/2006,12.777,12.993,12.554,12.687,4221714
10/12/2006,12.749,13.171,12.675,13.102,2875016
10/13/2006,13.191,13.5,13.191,13.327,2285278
10/16/2006,13.359,13.99,13.359,13.99,3247100
10/17/2006,13.927,13.941,13.623,13.915,2875747
10/18/2006,14.03,14.059,13.627,13.767,1758413
10/19/2006,13.811,14.314,13.742,14.298,2659870
10/20/2006,14.357,14.383,13.961,14.115,2865867
10/23/2006,14.019,14.351,13.998,14.183,2925111
10/24/2006,14.132,14.747,14.106,14.725,2541349
10/25/2006,14.29,14.701,14.091,14.62,4523208
10/26/2006,14.675,14.801,14.357,14.753,3150350
10/27/2006,14.676,14.726,14.131,14.197,3372238
10/30/2006,14.037,14.405,14.023,14.31,2544322
10/31/2006,14.35,14.457,14.134,14.319,3916006
11/01/2006,14.365,14.403,13.914,13.952,3798911
11/02/2006,13.88,14.046,13.794,13.903,4005201
11/03/2006,14.004,14.265,13.981,14.182,2851963
11/06/2006,14.248,14.391,14.151,14.312,3078433
11/07/2006,14.325,14.371,14.128,14.235,2510808
11/08/2006,14.174,14.516,14.119,14.473,4044069
11/09/2006,14.548,14.771,14.367,14.46,1917968
11/10/2006,14.383,14.391,14.004,14.115,2116619
11/13/2006,14.006,14.056,13.878,13.942,3399683
11/14/2006,13.994,14.025,13.79,13.871,2951054
11/15/2006,13.915,14.285,13.872,14.138,4128077
11/16/2006,14.374,14.443,13.792,13.875,3809844
11/17/2006,13.755,13.765,13.506,13.689,3937864
11/20/2006,13.645,13.826,13.534,13.698,3053893
11/21/2006,13.728,13.902,13.672,13.835,2716261
11/22/2006,13.845,13.845,13.565,13.693,3186256
11/24/2006,13.635,13.789,13.635,13.68,1073777
11/27/2006,13.694,13.734,13.338,13.416,2523104
11/28/2006,13.387,13.615,13.347,13.608,2942735
11/29/2006,13.727,14.064,13.67,14.064,4860448
11/30/2006,14.064,14.24,13.979,14.238,6791163
12/01/2006,14.093,14.437,14.01,14.383,3533202
12/04/2006,14.325,14.344,14.123,14.344,2505038
12/05/2006,14.434,14.536,14.106,14.453,2980762
12/06/2006,14.496,14.765,14.444,14.71,3807227
12/07/2006,14.781,14.781,14.551,14.672,2808280
12/08/2006,14.75,14.94,14.71,14.888,2780117
12/11/2006,14.827,14.969,14.711,14.867,2124605
12/12/2006,14.458,14.926,14.458,14.724,3346955
12/13/2006,14.782,14.983,14.758,14.936,2640088
12/14/2006,15.055,15.164,14.929,15.131,2576323
12/15/2006,15.212,15.212,14.977,14.977,1776589
12/18/2006,14.933,14.933,14.544,14.589,3398365
12/19/2006,14.529,15.182,14.505,15.025,2822195
12/20/2006,15.023,15.061,14.779,14.807,1259193
12/21/2006,14.858,14.993,14.718,14.827,1782328
12/22/2006,14.848,14.907,14.715,14.762,1331839
12/26/2006,14.805,14.961,14.498,14.615,1278740
12/27/2006,14.685,14.854,14.595,14.789,1817002
12/28/2006,14.757,14.911,14.672,14.7,2066936
12/29/2006,14.592,14.704,14.521,14.632,1819443
01/03/2007,14.52,14.52,13.853,14.003,2208551
01/04/2007,13.928,13.959,13.451,13.479,3203971
01/05/2007,13.403,13.517,13.213,13.369,2999044
01/08/2007,13.691,14.109,13.473,13.606,3059532
01/09/2007,13.482,13.493,13.13,13.382,2780605
01/10/2007,13.176,13.477,13.166,13.38,2702573
01/11/2007,13.362,13.633,13.08,13.156,2396544
01/12/2007,13.292,13.717,13.2,13.701,2404774
01/16/2007,13.648,13.691,13.384,13.415,2521129
01/17/2007,13.443,13.725,13.443,13.576,1514694
01/18/2007,13.64,13.754,13.441,13.5,2255781
01/19/2007,13.609,14.027,13.588,13.987,1938967
01/22/2007,14.08,14.104,13.786,13.938,1894736
01/23/2007,14.048,14.37,14.026,14.313,2098259
01/24/2007,14.304,14.432,14.114,14.406,1638966
01/25/2007,14.357,14.372,14.087,14.12,2065136
01/26/2007,14.223,14.249,14.067,14.169,1144582
01/29/2007,14.176,14.335,13.953,14.062,1136097
01/30/2007,14.164,14.531,14.164,14.496,1428134
01/31/2007,14.458,14.762,14.344,14.707,2064755
02/01/2007,14.695,14.89,14.631,14.826,1950052
02/02/2007,15.075,15.075,14.733,14.88,1458303
02/05/2007,14.925,15.003,14.647,14.675,1983297
02/06/2007,14.765,14.855,14.592,14.718,2228777
02/07/2007,14.733,14.776,14.432,14.501,2130071
02/08/2007,14.525,15.026,14.525,14.95,1679268
02/09/2007,14.923,15.004,14.752,14.925,1821692
02/12/2007,14.925,15.317,14.816,14.946,3492548
02/13/2007,15.107,15.338,14.934,15.328,2509153
02/14/2007,15.246,15.424,14.973,15.282,6177328
02/15/2007,15.273,15.684,14.834,15.617,6406787
02/16/2007,15.564,15.816,15.498,15.69,3954127
02/20/2007,15.571,15.673,15.383,15.552,2989600
02/21/2007,15.384,15.718,15.37,15.69,2363285
02/22/2007,15.944,16.24,15.742,16.159,3656158
02/23/2007,16.208,16.225,15.985,16.042,2332446
02/26/2007,16.226,16.307,16.122,16.165,2421861
02/27/2007,15.786,16.054,15.344,15.555,1985019
02/28/2007,15.593,15.733,15.297,15.586,2106146
03/01/2007,15.385,15.926,15.192,15.776,2908955
03/02/2007,15.729,15.84,15.492,15.518,3400627
03/05/2007,15.321,15.783,15.204,15.349,3486940
03/06/2007,15.449,15.843,15.449,15.75,3330215
03/07/2007,15.666,16.153,15.5,16.018,3186326
03/08/2007,16.116,16.18,15.9,16.005,3102111
03/09/2007,15.947,16.063,15.641,15.907,4540138
03/12/2007,15.807,15.938,15.72,15.888,1848191
03/13/2007,15.831,16.044,15.747,15.852,2843565
03/14/2007,15.904,16.115,15.695,15.992,2928364
03/15/2007,15.971,16.096,15.821,15.885,2163765
03/16/2007,15.826,16.011,15.717,15.802,2060313
03/19/2007,15.976,16.197,15.898,16.138,2374521
03/20/2007,16.131,16.183,15.858,16.1,2708454
03/21/2007,16.257,16.602,16.257,16.495,2246939
03/22/2007,16.606,16.684,16.369,16.423,2507086
03/23/2007,16.464,16.54,16.184,16.362,4649196
03/26/2007,16.451,16.608,16.337,16.601,3790117
03/27/2007,16.545,16.669,16.486,16.624,2110157
03/28/2007,16.609,16.672,16.39,16.49,1805553
03/29/2007,16.609,16.81,16.483,16.751,2718871
03/30/2007,16.717,16.805,16.361,16.567,4177611
04/02/2007,16.66,16.819,16.544,16.81,1786960
04/03/2007,16.736,16.779,16.537,16.658,2085370
04/04/2007,16.631,16.858,16.526,16.844,1775749
04/05/2007,16.807,16.95,16.769,16.85,975558
04/09/2007,16.85,17.059,16.762,16.841,1395545
04/10/2007,16.888,17.179,16.823,17.172,1835855
04/11/2007,17.015,17.05,16.77,16.832,2656513
04/12/2007,16.912,17.139,16.817,17.104,1857973
04/13/2007,17.126,17.162,16.986,17.098,1733635
04/16/2007,16.908,17.191,16.906,17.136,2191391
04/17/2007,17.255,17.326,17.053,17.139,1836743
04/18/2007,16.73,16.73,16.36,16.55,4041828
04/19/2007,16.463,16.549,16.375,16.418,1809821
04/20/2007,16.592,16.706,16.248,16.423,3152130
04/23/2007,16.457,16.642,16.438,16.599,2168516
04/24/2007,16.64,16.652,16.41,16.591,1375028
04/25/2007,16.736,17.213,16.707,17.123,2410948
04/26/2007,17.117,17.224,16.946,17.16,3363057
04/27/2007,17.133,17.299,17.078,17.249,3886713
04/30/2007,17.254,17.399,16.811,16.834,1964548
05/01/2007,16.882,16.925,16.597,16.773,1690205
05/02/2007,16.781,17.004,16.731,16.885,2494298
05/03/2007,16.872,17.316,16.857,17.268,2357145
05/04/2007,17.28,17.498,17.194,17.322,2210661
05/07/2007,17.285,17.344,17.121,17.235,2753256
05/08/2007,17.221,17.221,16.808,16.882,2941804
05/09/2007,16.843,17.377,16.793,17.353,5723805
05/10/2007,17.409,17.521,16.674,16.771,3001925
05/11/2007,16.86,17.456,16.846,17.404,3081966
05/14/2007,17.409,17.668,17.338,17.53,3198147
05/15/2007,17.59,17.932,17.458,17.764,3987358
05/16/2007,17.697,17.815,17.215,17.509,3268222
05/17/2007,17.355,17.785,17.191,17.739,2807230
05/18/2007,17.685,17.861,17.654,17.832,2673098
05/21/2007,17.838,18.27,17.826,18.151,2271328
05/22/2007,18.036,18.098,17.773,17.801,2647865
05/23/2007,17.916,18.26,17.845,17.93,1550410
05/24/2007,17.956,18.146,17.358,17.42,1891297
05/25/2007,17.596,17.797,17.553,17.724,1057317
05/29/2007,17.725,17.908,17.63,17.732,1114420
05/30/2007,17.581,17.971,17.503,17.959,1479357
05/31/2007,18.006,18.192,17.805,17.942,1992385
06/01/2007,17.988,18.047,17.857,17.981,1660469
06/04/2007,17.938,18.517,17.905,18.486,1913971
06/05/2007,18.455,18.528,18.189,18.336,1629145
06/06/2007,18.205,18.219,17.806,17.882,2130621
06/07/2007,17.796,17.955,17.369,17.449,2254760
06/08/2007,17.447,17.545,17.243,17.531,1804297
06/11/2007,17.77,17.941,17.464,17.727,1307297
06/12/2007,17.688,17.8,17.532,17.586,1503797
06/13/2007,17.643,17.956,17.622,17.93,1544670
06/14/2007,18.01,18.298,18.003,18.158,1458829
06/15/2007,18.27,18.396,18.223,18.228,2272828
06/18/2007,18.23,18.313,18.03,18.277,1890358
06/19/2007,18.112,18.446,18.112,18.321,2259890
06/20/2007,18.298,18.414,17.873,17.923,2069869
06/21/2007,18.029,18.663,17.972,18.658,3173393
06/22/2007,18.725,18.99,18.594,18.834,4432555
06/25/2007,18.564,18.742,18.312,18.388,2360214
06/26/2007,18.555,18.614,18.132,18.203,1843783
06/27/2007,17.988,18.543,17.805,18.527,2299116
06/28/2007,18.721,18.868,18.505,18.612,2282192
06/29/2007,18.866,19.037,18.679,18.769,2365224
