08/19/2004,100,104.06,95.96,100.335,22353090
08/20/2004,101.01,109.08,100.5,108.31,11429498
08/23/2004,110.76,113.48,109.05,109.4,9140244
08/24/2004,111.24,111.6,103.57,104.87,7632224
08/25/2004,104.96,108,103.88,106,4599110
08/26/2004,104.95,107.95,104.66,107.91,3551168
08/27/2004,108.11,108.62,105.69,106.15,3108977
08/30/2004,105.49,105.49,102.01,102.01,2601620
08/31/2004,102.32,103.71,102.16,102.37,2463427
09/01/2004,102.7,102.97,99.67,100.25,4574578
09/02/2004,99.09,102.37,98.94,101.51,7567013
09/03/2004,100.95,101.74,99.32,100.01,2578705
09/07/2004,101.01,102,99.61,101.58,2927073
09/08/2004,100.74,103.03,100.5,102.3,2495226
09/09/2004,102.5,102.71,101,102.31,2032853
09/10/2004,101.6,106.56,101.3,105.33,4353885
09/13/2004,106.63,108.41,106.46,107.5,3927322
09/14/2004,107.68,112,106.79,111.49,5488357
09/15/2004,110.56,114.23,110.2,112,5362452
09/16/2004,112.34,115.8,111.65,113.97,4637786
09/17/2004,114.42,117.49,113.55,117.49,4748627
09/20/2004,116.95,121.6,116.77,119.36,5332562
09/21/2004,120.2,120.42,117.51,117.84,3617903
09/22/2004,117.45,119.67,116.81,118.38,3794393
09/23/2004,118.84,122.63,117.02,120.82,4273082
09/24/2004,120.97,124.1,119.76,119.83,4566707
09/27/2004,119.56,120.88,117.8,118.26,3536818
09/28/2004,121.05,127.4,120.21,126.86,8476027
09/29/2004,126.53,135.02,126.23,131.08,15274991
09/30/2004,130.22,132.3,129,129.6,6890125
10/01/2004,130.8,134.24,128.9,132.58,7571329
10/04/2004,135.275,136.87,134.03,135.06,6541875
10/05/2004,134.66,138.53,132.24,138.37,7507251
10/06/2004,137.67,138.45,136,137.08,6699883
10/07/2004,136.56,139.88,136.55,138.85,7066873
10/08/2004,138.73,139.68,137.02,137.73,5543874
10/11/2004,137.01,138.86,133.85,135.26,5249263
10/12/2004,134.49,137.61,133.4,137.4,5920143
10/13/2004,143.32,143.55,140.08,140.9,9894833
10/14/2004,141.02,142.38,138.56,142,5234304
10/15/2004,144.95,145.5,141.95,144.11,6604448
10/18/2004,143.2,149.2,141.21,149.16,7032780
10/19/2004,150.5,152.4,147.35,147.94,9069401
10/20/2004,147.94,148.99,139.6,140.49,11389627
10/21/2004,144.13,150.13,141.62,149.38,14998000
10/22/2004,170.32,180.17,164.08,172.43,36919840
10/25/2004,176.28,194.43,172.55,187.4,32775270
10/26/2004,186.449,192.64,180,181.8,22313860
10/27/2004,182.29,189.52,181.77,185.97,13373482
10/28/2004,186.63,194.39,185.6,193.3,14856604
10/29/2004,198.36,199.95,190.6,190.64,21183460
11/01/2004,193.5,197.67,191.27,196.03,12233618
11/02/2004,198.73,199.25,193.34,194.87,11365995
11/03/2004,198.19,201.6,190.75,191.67,13897606
11/04/2004,188.25,190.4,183.35,184.7,14474388
11/05/2004,182,182.3,168.55,169.35,19852000
11/08/2004,170.86,175.44,169.4,172.55,11200077
11/09/2004,174.1,175.2,165.27,168.7,11160536
11/10/2004,170.67,172.52,166.33,167.86,10651413
11/11/2004,169.13,183.75,167.57,183.02,15023209
11/12/2004,185.23,189.8,177.4,182,16746068
11/15/2004,180.25,188.32,178.75,184.87,11901512
11/16/2004,177.5,179.47,170.83,172.545,20928800
11/17/2004,169.06,177.5,169,172.5,18137860
11/18/2004,170,174.42,165.73,167.54,16633270
11/19/2004,169.1,169.98,166.52,169.4,8816609
11/22/2004,168.645,169.5,161.31,165.1,12372104
11/23/2004,167.915,170.83,166.5,167.52,12426573
11/24/2004,174.84,177.21,172.51,174.76,15290473
11/26/2004,175.8,180.03,175.32,179.39,6480025
11/29/2004,180.36,182.95,177.51,181.05,10669849
11/30/2004,180.7,183,180.25,181.98,7745574
12/01/2004,182.1,182.5,179.55,179.96,7868147
12/02/2004,179.9,181.51,178.55,179.4,6270626
12/03/2004,180,181.06,177.6,180.4,5873733
12/06/2004,179.13,180.7,176.02,176.29,6257535
12/07/2004,176,176.2,170.55,171.43,6872138
12/08/2004,170.57,173.68,168.73,169.98,7526103
12/09/2004,170.25,173.5,168.47,173.43,7654902
12/10/2004,173.43,174.88,171.29,171.65,4320465
12/13/2004,172.03,173.18,169.45,170.45,4803614
12/14/2004,171,178.82,169.6,178.69,11102401
12/15/2004,177.99,180.69,176.66,179.78,11545863
12/16/2004,177.22,180.49,175.95,176.47,8577261
12/17/2004,177,180.5,176.55,180.08,7417654
12/20/2004,181.93,188.46,181.87,185.02,9840211
12/21/2004,186.17,187.88,183.4,183.75,5524667
12/22/2004,183.9,186.85,183.01,186.3,3910203
12/23/2004,187.45,188.6,186,187.9,3615676
12/27/2004,189.15,193.3,189.1,191.91,6105595
12/28/2004,192.11,193.55,191.01,192.76,4148098
12/29/2004,191.97,193.52,191.78,192.9,2679281
12/30/2004,192.97,198.23,191.85,197.6,5904978
12/31/2004,199.23,199.88,192.56,192.79,7677229
01/03/2005,197.4,203.64,195.46,202.71,15860692
01/04/2005,201.33,202.93,193.48,194.5,13762396
01/05/2005,193.45,196.9,192.23,193.51,8239545
01/06/2005,195.25,195.9,187.72,188.55,10389803
01/07/2005,190.64,194.25,188.78,193.85,9666175
01/10/2005,194.5,198.1,191.83,195.06,7554795
01/11/2005,195.38,197.71,193.18,193.54,6962544
01/12/2005,194.33,195.93,190.5,195.38,8361295
01/13/2005,195.38,197.39,194.05,195.33,6852573
01/14/2005,196,200.01,194.13,199.97,9643747
01/18/2005,200.89,205.02,198.66,203.9,13237127
01/19/2005,204.64,205.3,196.71,197.3,11351583
01/20/2005,192.5,196.25,192,193.92,9003777
01/21/2005,194.44,195.36,188.12,188.28,9294685
01/24/2005,188.69,189.33,180.32,180.72,14034232
01/25/2005,182.2,182.24,176.29,177.12,10696013
01/26/2005,179.27,189.41,179.15,189.24,12345935
01/27/2005,188.76,188.86,185.2,188.08,6631221
01/28/2005,190.02,194.7,186.34,190.34,12212727
01/31/2005,193.69,196.36,191.72,195.62,9600561
02/01/2005,194.38,196.66,190.63,191.9,19153960
02/02/2005,215.64,216.8,203.66,205.96,32874260
02/03/2005,205.86,213.37,205.81,210.86,13005885
02/04/2005,206.47,207.75,202.6,204.36,14823134
02/07/2005,205.26,206.4,195.51,196.03,12981698
02/08/2005,196.96,200.02,194.53,198.64,11493216
02/09/2005,200.76,201.6,189.46,191.58,17310420
02/10/2005,191.97,192.21,185.25,187.98,18986720
02/11/2005,186.66,192.32,186.07,187.4,13126137
02/14/2005,182.89,193.08,181,192.99,38576160
02/15/2005,193.61,199.84,193.08,195.23,25857570
02/16/2005,194.7,199.33,194.3,198.41,16653921
02/17/2005,198.35,199.75,196.81,197.9,10426333
02/18/2005,198.27,198.84,196.66,197.95,8507046
02/22/2005,196.67,198.9,190.39,191.37,13506512
02/23/2005,193.3,194.48,188.66,193.95,15650711
02/24/2005,182.8,189.85,182.23,188.89,25837030
02/25/2005,189.38,189.92,185.51,185.87,9983901
02/28/2005,186,189.87,185.85,187.99,7824418
03/01/2005,189.29,189.75,185.39,186.06,9431762
03/02/2005,185.95,187.67,184.36,185.18,7325936
03/03/2005,186.13,187.75,184.31,187.01,7612159
03/04/2005,186.7,187.25,185.07,185.9,6778129
03/07/2005,187.52,189.6,187.03,188.81,8710529
03/08/2005,189.1,189.85,184.97,185.2,8046020
03/09/2005,184.21,184.65,180.16,181.35,11375297
03/10/2005,181.01,181.2,177.4,179.98,10964011
03/11/2005,180.44,180.95,177.15,177.8,8030469
03/14/2005,178.33,178.4,172.57,174.99,11146592
03/15/2005,175.3,180,174.21,178.61,10444435
03/16/2005,176.7,178.61,175.01,175.6,7151929
03/17/2005,177.13,179.64,175.8,179.29,8261695
03/18/2005,178.81,180.4,178.31,180.04,7153356
03/21/2005,179.27,182.17,177.25,180.88,7483615
03/22/2005,181.18,181.94,177.85,178.6,5649453
03/23/2005,177.97,180.24,177.97,178.98,4857419
03/24/2005,180.7,180.86,179.2,179.25,3727539
03/28/2005,181.68,184.8,180.95,181.42,8748100
03/29/2005,181.05,183.28,178.07,179.57,6478302
03/30/2005,180.64,181.45,179.6,180.45,6260231
03/31/2005,177.95,181.39,176.8,180.51,6770462
04/01/2005,181.76,182.95,179.99,180.04,6196416
04/04/2005,179.95,185.32,179.84,185.29,8078608
04/05/2005,187.89,190.26,187.57,188.57,8750113
04/06/2005,188.69,189.65,187.58,189.22,5278872
04/07/2005,188.78,194.62,188.64,193.76,9694562
04/08/2005,193.69,195.1,191.45,192.05,5116704
04/11/2005,193.09,194.8,192.32,193.23,5411925
04/12/2005,193,194.42,189.41,193.96,7322292
04/13/2005,193.47,194.32,189.73,192.93,6558128
04/14/2005,193,194.36,190.1,191.45,6162356
04/15/2005,190.1,190.34,184.66,185,11584509
04/18/2005,184.96,187.88,183.49,186.97,6553403
04/19/2005,189.33,192,188.03,191.4,8560170
04/20/2005,198.58,200.5,195.91,198.1,15469239
04/21/2005,200.42,205,199.32,204.22,18683040
04/22/2005,221,224,214.26,215.81,33222620
04/25/2005,217.7,224.74,217.52,223.53,19861020
04/26/2005,220.22,222,218.29,218.75,17285020
04/27/2005,217.99,220.85,216.74,219.78,10317176
04/28/2005,219.5,222.08,217.71,219.45,8691968
04/29/2005,222.17,222.25,217.82,220,9183854
05/02/2005,222.05,223.7,220.21,222.29,9778195
05/03/2005,221.85,228.15,221.32,226.19,17797910
05/04/2005,227.23,229.88,227,228.5,12173708
05/05/2005,228.62,228.62,225.88,226.98,7516776
05/06/2005,228.4,229.25,226.47,228.02,6770910
05/09/2005,228,228.5,225.43,226.02,5538129
05/10/2005,225.47,227.8,224.72,227.8,6348834
05/11/2005,228.97,231.98,227.93,231.29,11479923
05/12/2005,230.81,232.23,228.2,228.72,8957683
05/13/2005,229.18,231.09,227.32,229.24,7416107
05/16/2005,229.68,231.62,228.57,231.05,5767655
05/17/2005,230.56,233.45,230.2,233.13,7808839
05/18/2005,233.61,239.97,233.52,239.16,12316818
05/19/2005,240.48,241.17,238.27,239.18,9719025
05/20/2005,240.98,241.67,239.65,241.61,8175393
05/23/2005,243.22,258.1,242.71,255.45,21444440
05/24/2005,256.96,265.44,253.5,256,29121830
05/25/2005,252.73,260.98,250.63,260.81,18157430
05/26/2005,260.96,263.76,258.3,259.2,13554038
05/27/2005,260.46,266.05,259.25,266,12190561
05/31/2005,269.43,278.4,269.37,277.27,22277420
06/01/2005,283.05,292.89,282.02,288,35253350
06/02/2005,288.73,289.78,284.6,287.9,17984840
06/03/2005,286.79,289.3,277.41,280.26,18815950
06/06/2005,282.39,293.75,281.83,290.94,22599490
06/07/2005,297.5,299.59,290.3,293.12,24340430
06/08/2005,292.85,293.19,278,279.56,25822060
06/09/2005,284.72,288.5,280.56,286.31,16457373
06/10/2005,287,287.28,280.02,282.5,12721422
06/13/2005,279.82,284.19,276.52,282.75,12819732
06/14/2005,278.59,281.24,277.75,278.35,10127384
06/15/2005,275,277.3,267.43,274.8,20943440
06/16/2005,274.26,278.3,273.07,277.44,12469496
06/17/2005,279,280.3,275.9,280.3,10445283
06/20/2005,276.09,287.67,271.73,286.7,21051350
06/21/2005,288.07,290.3,284.97,287.84,15153375
06/22/2005,289.67,292.32,288.67,289.3,10557675
06/23/2005,288,294.81,286.5,289.71,14083550
06/24/2005,290.9,298,289.58,297.25,20177440
06/27/2005,299,304.47,293.86,304.1,17883060
06/28/2005,306.56,309.25,302,302,19082140
06/29/2005,302.5,304.38,292.15,292.72,18320170
06/30/2005,294.34,298.93,291.04,294.15,15103830
07/01/2005,295.04,296.24,289.22,291.25,9234756
07/05/2005,292.1,295.98,290.23,295.71,7498527
07/06/2005,297.3,297.6,291.38,291.53,8037169
07/07/2005,289.39,295.8,288.51,295.54,10684827
07/08/2005,296.01,297.5,294.05,296.23,7459423
07/11/2005,296.4,296.6,291.02,293.35,8411985
07/12/2005,293.39,294.4,290.93,291.784,5868856
07/13/2005,292.51,299.24,292.1,298.86,11443945
07/14/2005,305.34,306.75,300.07,300.89,10673520
07/15/2005,301.24,303.4,299.78,301.19,8451781
07/18/2005,300,301.9,297.75,299.54,6218822
07/19/2005,302.1,310.35,301.8,309.9,12734363
07/20/2005,305.57,312.6088,301.8,312,14348753
07/21/2005,314.05,317.8,311.21,313.94,20766030
07/22/2005,306.56,309.25,296.33,302.4,23399440
07/25/2005,302.39,303.29,294.96,295.85,9659462
07/26/2005,295.01,298,292.09,296.09,9835342
07/27/2005,297.74,298.23,292.4,296.93,7368676
07/28/2005,297.41,297.41,293.28,293.5,5928907
07/29/2005,292.84,292.84,286.99,287.76,8370207
08/01/2005,288.12,292.5,288.1,291.6099,5664127
08/02/2005,291.6,299.52,291.12,299.19,7293935
08/03/2005,298,299.72,295.6,297.3,5936511
08/04/2005,295.55,299,295.25,297.73,5279231
08/05/2005,297.5,298.51,291.31,292.35,5945085
08/08/2005,293.6,295.65,290.49,291.25,4484890
08/09/2005,291.96,292.68,288.51,291.57,5781839
08/10/2005,291.3,292.33,284.88,285.68,6999218
08/11/2005,285.89,286.58,280.62,284.05,7515471
08/12/2005,283.36,290.2,281.64,289.721,6589864
08/15/2005,289.8,292.77,283.77,284,8173312
08/16/2005,284.88,287.79,283.34,285.65,7111608
08/17/2005,285.51,286.57,284,285.1,3892643
08/18/2005,275.91,280.5,275,279.99,11912383
08/19/2005,280.99,281.45,279.62,280,5610299
08/22/2005,281.24,281.47,273.35,274.01,6876630
08/23/2005,276.16,279.74,274.12,279.58,5844640
08/24/2005,277.57,284.75,276.45,282.57,8593825
08/25/2005,282.55,284,279.97,282.59,4377461
08/26/2005,283.48,285.02,282.66,283.58,3755300
08/29/2005,282.24,289.12,282.24,288.45,5904290
08/30/2005,287.39,289.51,285.88,287.27,4792010
08/31/2005,288.23,288.5,284.36,286,5034029
09/01/2005,285.91,287.5,285,286.25,2741894
09/02/2005,286.51,289.99,286.44,288.45,3434583
09/06/2005,289,289.39,286.8,287.11,4213640
09/07/2005,285.89,295.5,285.28,294.87,7499588
09/08/2005,294.83,299.28,293.36,295.39,6613335
09/09/2005,297.28,299.1,296.56,299.09,4394824
09/12/2005,301.75,311.42,301,309.74,10387830
09/13/2005,309,315.53,306.17,311.68,10299021
09/14/2005,308.73,313.28,300.3,303,11276840
09/15/2005,299.52,306.75,297.91,302.62,15466249
09/16/2005,304.02,304.5,299.87,300.2,7579808
09/19/2005,301,306,300.71,303.79,5761948
09/20/2005,306.15,311.3,305.23,307.91,9399439
09/21/2005,308.41,313.76,305.96,311.9,10119718
09/22/2005,311.5,319.22,310.17,311.37,13006491
09/23/2005,313,317.21,312.59,315.36,8483885
09/26/2005,319.5,320.95,312.56,314.28,9894472
09/27/2005,314.95,318.41,313.38,313.94,6873111
09/28/2005,314.22,315.1,305.6,306,7997474
09/29/2005,306.68,310.72,306.08,309.62,5613797
09/30/2005,314.22,317.5,312.29,316.46,9097539
10/03/2005,313.63,320.11,312.79,318.68,9160185
10/04/2005,319.95,321.28,310.74,311,9144424
10/05/2005,312.69,314.9,308,310.71,8328482
10/06/2005,314.14,314.48,310.09,312.75,7993887
10/07/2005,315.01,316.67,310.54,312.99,6770338
10/10/2005,313.31,314.82,309.15,310.65,5572492
10/11/2005,311.16,312.65,304.86,306.1,8542903
10/12/2005,305.2,307.19,299,300.97,9306105
10/13/2005,302,302,290.685,297.44,10567455
10/14/2005,299.26,300.23,292.54,296.14,8519253
10/17/2005,297.5,305.2,294.56,305,7566802
10/18/2005,304.96,307.96,302.74,303.28,7077805
10/19/2005,304,309.87,303.96,308.7,7010764
10/20/2005,309.99,311.13,301.21,303.2,13995545
10/21/2005,345.63,346.43,333,339.9,22892460
10/24/2005,343.37,349.3,342.19,348.65,9449763
10/25/2005,345.78,347.4,342.86,346.91,6900438
10/26/2005,346.28,356,346.19,355.44,9204492
10/27/2005,356.6,357.09,351.68,353.06,5139414
10/28/2005,355.27,358.95,355.02,358.17,5986595
10/31/2005,360.24,374.75,359.51,372.14,14344855
11/01/2005,371.86,383.9,369.01,379.38,16367123
11/02/2005,381.7,385,377.17,379.68,10682504
11/03/2005,382.41,386.58,381.38,385.95,7444596
11/04/2005,389.98,391.79,385.45,390.43,8821904
11/07/2005,394.94,397.47,392.15,395.03,9585838
11/08/2005,394.25,395.59,388.58,389.9,7894406
11/09/2005,386.67,388.29,378.03,379.15,10461947
11/10/2005,378.36,391.35,377.43,391.1,9123478
11/11/2005,395.12,396.9,388.85,390.4,7062145
11/14/2005,392.12,398.22,391.53,396.97,7794512
11/15/2005,394.38,397,390.95,392.8,8626201
11/16/2005,396.2,398.85,394.11,398.15,8694892
11/17/2005,401.8,403.81,399.53,403.45,9212784
11/18/2005,403.49,404.5,399.85,400.21,7024621
11/21/2005,399.17,409.98,393.49,409.36,10304169
11/22/2005,408.65,417.31,406.23,416.47,9596255
11/23/2005,417.04,424.72,415.78,422.86,10080692
11/25/2005,425.78,428.75,425.3,428.62,4840017
11/28/2005,430.11,431.24,422.44,423.48,11005919
11/29/2005,424.14,426.4,402.14,403.54,21490020
11/30/2005,404.26,408.45,395.56,404.9125,15582895
12/01/2005,409.1,415.44,408.29,414.0901,9740301
12/02/2005,416.94,419.53,413.86,417.7,7543323
12/05/2005,417,417.5,404.28,405.85,10289620
12/06/2005,408.7,416.41,401.7,404.54,15115169
12/07/2005,406.21,406.7,399.01,404.22,11641729
12/08/2005,405.3,410.65,402.64,410.65,8899536
12/09/2005,415,415.78,408.56,409.2,7644909
12/12/2005,414.63,415.21,409.95,412.612,6950113
12/13/2005,413,418,411.64,417.49,8159766
12/14/2005,417.04,419.73,415.49,418.96,6621209
12/15/2005,419.11,423.14,416.5,422.53,6036298
12/16/2005,425.34,432.5,422.75,430.15,16328220
12/19/2005,432.2,446.21,420.11,424.6,21937767
12/20/2005,427.86,432.2,424.67,429.74,10067892
12/21/2005,433.55,436.86,420.71,426.33,11219940
12/22/2005,431.765,432.86,425.93,432.04,7546825
12/23/2005,432.15,432.5,428.78,430.93,4591343
12/27/2005,431.86,431.86,422.76,424.64,6703031
12/28/2005,424.12,427.78,421.26,426.69,7117924
12/29/2005,428.03,428.73,419.17,420.15,6945986
12/30/2005,417.27,418.21,413.74,414.86,7587222
01/03/2006,422.52,435.67,418.22,435.23,13125193
01/04/2006,443.9,448.96,439.75,445.24,15286911
01/05/2006,446,451.55,441.5,451.24,10808695
01/06/2006,456.87,470.5,453.24,465.66,17757574
01/09/2006,466.15,473.4,460.94,466.9001,12792001
01/10/2006,464.42,470.25,462.04,469.76,9097219
01/11/2006,471.27,475.11,469.18,471.63,9007669
01/12/2006,473.72,474.99,461.5,463.63,10123649
01/13/2006,464.31,466.89,461.61,466.25,7657356
01/17/2006,464.21,469.9,462.53,467.11,8283049
01/18/2006,447.3,457.36,443.25,444.9099,20491861
01/19/2006,450.94,453.49,433,436.445,14537862
01/20/2006,437.5,440.03,394.74,399.4601,41160374
01/23/2006,407.38,428.39,405.73,427.5,22741821
01/24/2006,436.03,444.95,434.48,443.03,15464602
01/25/2006,451.26,454.23,429.22,433,18739368
01/26/2006,439.54,439.99,423.56,434.265,12925961
01/27/2006,434.87,438.22,428.98,433.49,8451965
01/30/2006,429.23,433.28,425,426.82,8588664
01/31/2006,430.57,439.6,423.973,432.6601,22007686
02/01/2006,389.39,402,387.52,401.78,27123669
02/02/2006,404.09,406.5,395.98,396.04,11803642
02/03/2006,393.62,393.9,372.57,381.555,18282047
02/06/2006,385.31,389.9,379.56,385.1,8942637
02/07/2006,382.99,383.7,363.345,367.92,16630755
02/08/2006,368.48,370.69,354.67,369.08,20804922
02/09/2006,371.2,374.4,356.11,358.77,11911105
02/10/2006,361.99,364.5,353.14,362.61,15187560
02/13/2006,346.25,350.6,341.89,345.7,19707202
02/14/2006,345.33,351.69,342.4,343.32,14654292
02/15/2006,341.27,346,337.83,342.38,12947094
02/16/2006,345.67,367,344.49,366.46,21315502
02/17/2006,369.86,372.14,363.62,368.75,14317737
02/21/2006,366.44,373.54,365.11,366.59,8686049
02/22/2006,367.15,368.95,363.86,365.49,6476229
02/23/2006,365.61,381.24,365.39,378.07,12550607
02/24/2006,377.3,380.07,373.49,377.4,6485727
02/27/2006,381.27,391.7,380.28,390.375,10212241
02/28/2006,392.99,397.54,338.51,362.62,39437711
03/01/2006,369,369.45,361.3,364.8,12061820
03/02/2006,364.28,381.1,362.2,376.45,18329867
03/03/2006,384.3,387.24,375.76,378.18,11962060
03/06/2006,380.91,383.4,367.14,368.1,8939713
03/07/2006,365.02,368.45,358.15,364.45,10378155
03/08/2006,353.935,360.03,350.5411,353.88,11746809
03/09/2006,355.39,358.53,341.5,343,13915101
03/10/2006,343.5,344.5,331.55,337.5,19325624
03/13/2006,340.93,346.1,335.45,337.06,13643142
03/14/2006,337.145,352.37,332.62,351.16,18450992
03/15/2006,350.77,352.3,340.53,344.5,12768831
03/16/2006,348.61,348.75,337.9,338.77,10016707
03/17/2006,338.8,341.78,334.93,339.79,8553039
03/20/2006,342.35,350.09,341.54,348.19,10408578
03/21/2006,350.01,351.66,339.08,339.92,9838744
03/22/2006,339.75,344.1,337.5,340.22,7596135
03/23/2006,342.35,345.75,340.2,341.89,7419679
03/24/2006,368.6,370.09,362.51,365.8,15137122
03/27/2006,367.09,371.71,365,369.69,7024052
03/28/2006,371.71,377.86,371.17,377.2,8952532
03/29/2006,379.94,399,379.51,394.98,19345086
03/30/2006,389.22,393.5,383.61,388.44,14721614
03/31/2006,388.74,391.87,384.03,390,36512057
04/03/2006,389.57,392.47,387.93,389.7,8122853
04/04/2006,389.9,404.9,388.14,404.34,15716477
04/05/2006,408.205,414.57,402.82,407.99,13411217
04/06/2006,406.49,413.89,405.43,411.18,8598429
04/07/2006,412.41,412.85,404.02,406.16,7025930
04/10/2006,407.08,417.17,405.25,416.38,9322729
04/11/2006,416.42,419.1,406.22,409.66,11108813
04/12/2006,409,411.33,405.19,408.95,6017399
04/13/2006,408.63,409.76,400.5,402.16,6552921
04/17/2006,403.45,412.5,400.84,406.82,8258952
04/18/2006,407.93,409.83,401.5,404.24,8134566
04/19/2006,412.57,413.64,406.73,410.5,6780958
04/20/2006,411.01,416,408.2,415,12268323
04/21/2006,448.905,450.72,436.17,437.1,22551855
04/24/2006,439.4,444.7,436.52,440.5,8836492
04/25/2006,439.63,441.04,426,427.16,9562757
04/26/2006,427.74,430.04,423.53,425.97,7277887
04/27/2006,422.91,426.91,419.39,420.03,8342198
04/28/2006,418.625,425.73,416.3,417.94,7421079
05/01/2006,418.47,419.44,398.55,398.9,10361634
05/02/2006,401.08,402.49,388.4,394.8,13105318
05/03/2006,396.35,401.5,390.88,394.17,8072302
05/04/2006,395.03,398.87,392.21,394.75,4652021
05/05/2006,397.6,400.68,391.78,394.3,6065179
05/08/2006,395.11,397.12,390.05,394.78,5119547
05/09/2006,395.695,409,393.75,408.8,9140684
05/10/2006,408.31,411.71,401.86,402.98,6187368
05/11/2006,403.42,404.71,384.98,387,8893596
05/12/2006,383.54,384.87,373.55,374.13,10087601
05/15/2006,375.93,380.15,368.25,376.2,8590023
05/16/2006,375.99,376.86,369.89,371.3,6492456
05/17/2006,370.61,379.84,370.22,374.5,10643849
05/18/2006,378.78,381.81,370.71,370.99,5834931
05/19/2006,373.28,374.5,360.57,370.02,11398216
05/22/2006,367.85,373.03,365.25,370.95,8604299
05/23/2006,374.21,383.88,373.56,375.58,8983251
05/24/2006,377.35,383.44,371.61,381.25,9553850
05/25/2006,379.08,383,372.31,382.99,8194646
05/26/2006,384.55,385.88,380.03,381.35,3667097
05/30/2006,378.28,381,371.45,371.94,4310204
05/31/2006,373.8022,378.25,366.78,371.82,7981257
06/01/2006,373.54,382.99,371.6,382.62,6278030
06/02/2006,386.84,387.08,377.45,379.44,6386442
06/05/2006,376.18,381.45,374.15,374.44,5558512
06/06/2006,376.585,390,376.3,389.99,10262098
06/07/2006,393.24,394.86,386.5,386.51,8911300
06/08/2006,387.75,394.27,378.59,393.3,10358633
06/09/2006,392.19,395.43,385.35,386.57,6156625
06/12/2006,388.34,390.49,381,381.54,5019131
06/13/2006,380.9,387,378.12,386.525,7662124
06/14/2006,389.83,391.1,378.52,384.39,7773360
06/15/2006,386.62,392.25,383,391,6788401
06/16/2006,389.1,390.93,388,390.7,5306979
06/19/2006,390.85,394.8,386.98,388.14,7634692
06/20/2006,388.03,391.87,386.51,387.17,4045219
06/21/2006,391.06,404,389.75,402.13,8745047
06/22/2006,401.58,406,388,399.95,6008179
06/23/2006,402.76,409.75,400.74,404.86,5314766
06/26/2006,406.75,408.3,403.25,404.22,3551178
06/27/2006,405.71,408,401.01,402.32,4107079
06/28/2006,404.01,406.48,401.13,406.11,3712699
06/29/2006,407.99,418.2,405.82,417.81,6662215
06/30/2006,415.6,419.33,412.33,419.33,6298846
07/03/2006,420.04,423.77,419.45,423.2,2156782
07/05/2006,421.52,422.8,415.64,421.46,4986307
07/06/2006,423.375,425.38,421.98,423.19,3687577
07/07/2006,426.05,427.89,415.88,420.45,6042310
07/10/2006,423.44,425.23,416.38,418.2,4438867
07/11/2006,418.505,425.05,413.03,424.56,5972817
07/12/2006,422.09,422.74,416.73,417.25,4906618
07/13/2006,414,418.34,406.83,408.83,6924475
07/14/2006,410.33,411.49,398.61,403.5,7552072
07/17/2006,404.625,411,403.72,407.89,5813229
07/18/2006,409.75,410.57,397.74,403.05,8631609
07/19/2006,395.01,401.14,394.66,399,8523151
07/20/2006,404.28,404.44,385.66,387.12,12631703
07/21/2006,386.14,391.75,377.69,390.108,11767919
07/24/2006,392.82,393.89,381.21,390.9,8087709
07/25/2006,385.02,391.31,383.8,389.36,5761388
07/26/2006,388.2,391.91,383,385.5,5532668
07/27/2006,387.37,387.49,377.95,382.4,5641105
07/28/2006,382,389.56,381.73,388.12,4084395
07/31/2006,388,389.17,383.31,386.6,4598575
08/01/2006,385.11,385.77,375.51,375.51,5466822
08/02/2006,375.6,377.17,365.2,367.23,7098826
08/03/2006,364.98,377.91,363.36,375.39,6329923
08/04/2006,379.56,380.68,371.75,373.85,5095481
08/07/2006,371.5,379.73,371.15,377.95,3999670
08/08/2006,382.82,384.5,379.09,381,5744843
08/09/2006,382.8,384.68,376.36,376.94,4311433
08/10/2006,373.88,377.67,372.46,374.2,4264885
08/11/2006,374.4,375.28,368,368.5,3768869
08/14/2006,371.5,375.13,368.67,369.43,4968614
08/15/2006,374.11,381.6699,372.6,380.97,6699844
08/16/2006,383.48,388.45,382.12,387.72,5853626
08/17/2006,386.39,390,383.92,385.8,5080326
08/18/2006,386.31,387.09,380.75,383.36,4952934
08/21/2006,378.1,379,375.22,377.3,4120021
08/22/2006,377.7341,379.26,374.84,378.29,4164286
08/23/2006,377.64,378.27,372.66,373.43,3644331
08/24/2006,374.44,376.4,372.26,373.73,3484226
08/25/2006,373.08,375.32,372.5,373.26,2467697
08/28/2006,375.61,380.95,375,380.95,4165511
08/29/2006,380.78,382.32,377.2,378.95,4465569
08/30/2006,379.21,384.65,378.51,380.75,4043381
08/31/2006,381.4941,382.15,378.2,378.53,2967829
09/01/2006,380.995,381.28,377.19,378.6,2674099
09/05/2006,379.87,385.4,377.44,384.36,4075696
09/06/2006,382.1,383.19,379.66,380.14,3727247
09/07/2006,379.39,381.75,377.4,378.49,3842020
09/08/2006,376.72,380.79,376.72,377.85,3083687
09/11/2006,378.26,384.69,377.77,384.09,4529209
09/12/2006,385,392.73,384.88,391.9,5467584
09/13/2006,395.15,406.76,395.1,406.57,9770012
09/14/2006,404.3,406.28,401.93,403.98,5367264
09/15/2006,407.48,410.05,406.74,409.88,7841361
09/18/2006,410,418.69,409.47,414.69,7112081
09/19/2006,415.46,415.49,392.74,403.81,14296993
09/20/2006,407.1,407.39,394.62,397,9153144
09/21/2006,400.3,408.45,399.86,406.85,10696496
09/22/2006,404.98,407.45,401.36,403.78,4649781
09/25/2006,405.58,409.45,402.5,403.98,5741665
09/26/2006,405.5,407.68,401.77,406.87,5294404
09/27/2006,406.3,411.22,402.37,402.92,5976732
09/28/2006,404.08,406.98,400.54,403.58,5112270
09/29/2006,405.125,405.62,401.41,401.9,3314271
10/02/2006,401.9,406,400.8,401.44,3652660
10/03/2006,401.29,406.46,398.19,404.04,5466991
10/04/2006,404.97,415.77,403.05,415.7,6665278
10/05/2006,414.7,418.24,410.86,411.81,5791267
10/06/2006,410.22,421.91,409.7501,420.5,7338921
10/09/2006,424.8,431.95,423.42,429,7604362
10/10/2006,431.56,437.85,422.39,426.65,9790385
10/11/2006,425.02,429.91,423.76,426.5,5636120
10/12/2006,428.56,429.68,424,427.44,4847701
10/13/2006,427.76,429.5,425.56,427.3,3622924
10/16/2006,427.7,429.2,421.34,421.75,4319841
10/17/2006,420.3,423.75,416.702,420.64,5223729
10/18/2006,422.995,424.75,417.5,419.31,6017775
10/19/2006,420.23,429.5,419.57,426.06,11811574
10/20/2006,458.99,460.1,453.59,459.67,11651830
10/23/2006,462.28,484.64,460.37,480.78,15112587
10/24/2006,476.28,477.86,471.41,473.31,8689249
10/25/2006,477.435,488.5,475.11,486.601,9193204
10/26/2006,487.68,491.96,484.2,485.1,7038916
10/27/2006,483.901,485.24,472.49,475.2,6605323
10/30/2006,474.82,480.46,470.01,476.57,6564929
10/31/2006,478.06,482.16,473.84,476.39,6290513
11/01/2006,478.755,479.13,465.26,467.5,5432536
11/02/2006,467.5,473.73,466.38,469.91,5237476
11/03/2006,472.23,473.75,465.0615,471.798,4908828
11/06/2006,473.77,479.66,472.33,476.95,4994005
11/07/2006,476.76,479.02,471.77,472.57,4899180
11/08/2006,470.35,481.74,468.6,475,7967689
11/09/2006,476.5,479.49,471.86,472.63,4881474
11/10/2006,473.78,474.72,470.29,473.55,2798140
11/13/2006,474.9,481.17,474.14,481.03,4345778
11/14/2006,480.7,489.95,480.5,489.3,7226636
11/15/2006,493.43,499.85,491.93,491.93,8374726
11/16/2006,495,497.68,492.56,495.9,5094800
11/17/2006,493.25,499.66,493,498.79,5518493
11/20/2006,498.4,498.4,492.65,495.05,5125136
11/21/2006,496.54,510,495.83,509.65,8435184
11/22/2006,510.97,513,505.78,508.01,4502231
11/24/2006,504.5,507.5,504,505,1734759
11/27/2006,501.37,501.78,484.75,484.75,7328530
11/28/2006,481.13,489.86,477.03,489.5,7804921
11/29/2006,494.24,494.74,482.25,484.65,6316158
11/30/2006,484.19,490.4,481.55,484.81,5578482
12/01/2006,485.98,488.39,478.5,480.8,5632131
12/04/2006,483,487.43,479.35,484.85,4907230
12/05/2006,487.4,489.44,484.89,487,4103352
12/06/2006,486.96,492.4,484.52,488.71,4452142
12/07/2006,490.23,491.8,482.42,482.64,4664821
12/08/2006,481.94,488.6,480,484.11,3976769
12/11/2006,484.92,488.9,483.8,483.93,3265394
12/12/2006,483.85,486.36,480.28,481.78,4213915
12/13/2006,484.69,485.5,477.02,478.99,4663651
12/14/2006,480.25,483.75,477.26,482.12,4751909
12/15/2006,482.635,484.11,479.84,480.3,5249198
12/18/2006,482.505,482.74,460.72,462.8,8019215
12/19/2006,461.72,469.31,458.5,468.63,6589808
12/20/2006,470,471.5,462.33,462.9,4381624
12/21/2006,464.185,465.25,452.3405,456.2,6964512
12/22/2006,457.5,458.64,452.73,455.58,3989025
12/26/2006,456.52,459.47,454.59,457.53,2075834
12/27/2006,460,468.08,459.1,468.03,4232299
12/28/2006,467.12,468.58,462.25,462.56,3138991
12/29/2006,462.1,464.47,459.86,460.48,2559612
01/03/2007,466,476.66,461.11,467.59,7716876
01/04/2007,469,483.95,468.35,483.26,7903123
01/05/2007,482.5,487.5,478.11,487.19,6874670
01/08/2007,487.69,489.87,482.2,483.58,4755944
01/09/2007,485.45,488.25,481.2,485.5,5383043
01/10/2007,484.43,493.55,482.04,489.46,5977240
01/11/2007,497.2,501.75,496.18,499.72,7221619
01/12/2007,501.99,505,500,505,4475211
01/16/2007,507.55,513,503.3,504.28,7576751
01/17/2007,503.38,507.77,494.38,497.28,6707827
01/18/2007,494.52,496.48,487.43,487.83,5932794
01/19/2007,487.98,490.76,486.74,489.75,4979438
01/22/2007,492.5,492.65,478.5,480.84,5406948
01/23/2007,480.79,484.75,477.29,479.05,4684854
01/24/2007,484.445,499.54,483.29,499.07,6069351
01/25/2007,501,504.5,485.66,488.09,6444030
01/26/2007,490.93,497.9,487.03,495.84,5497075
01/29/2007,498,498.75,490.5,492.47,4777608
01/30/2007,494,498,491.22,494.32,4185010
01/31/2007,496.49,505,495.51,501.5,12353946
02/01/2007,506,506.01,481.53,481.75,15666983
02/02/2007,482.61,485,477.81,481.5,6312943
02/05/2007,477.5,478,466.19,467.16,7209404
02/06/2007,468.1,473.3,467.26,471.48,5323261
02/07/2007,473.82,474.35,468.78,470.01,4121171
02/08/2007,468.05,473.75,465.15,471.03,4077076
02/09/2007,471.65,472.68,461.5,461.89,4859792
02/12/2007,460.68,462.39,455.02,458.29,5754779
02/13/2007,459.155,462.78,457.26,459.1,4062899
02/14/2007,460,469.13,459.22,465.93,5699898
02/15/2007,466,466.13,460.72,461.47,4049054
02/16/2007,462.8,470.15,462.06,469.94,6179453
02/20/2007,468.47,472.75,464.71,472.1,4068732
02/21/2007,469.84,478.68,467.74,475.86,5643016
02/22/2007,478.69,484.24,474.39,475.85,5747117
02/23/2007,475.75,476.95,467.8,470.62,3885380
02/26/2007,472.83,475.25,463.75,464.93,3988525
02/27/2007,455,459.8,447.17,448.77,9334965
02/28/2007,450.41,453.67,443.04,449.45,8045073
03/01/2007,442.67,452.42,440,448.23,8689023
03/02/2007,445.11,448.7,438.68,438.68,6585824
03/05/2007,437.02,445.5,437,440.945,6358681
03/06/2007,447.47,459,447.38,457.55,7537069
03/07/2007,462.69,463.14,454.29,455.64,6534538
03/08/2007,459.22,465.5,454.1,454.72,5362996
03/09/2007,458,458.4,450.1,452.96,4977644
03/12/2007,452.57,455.25,451.11,454.75,3467389
03/13/2007,450.11,451.93,442.83,443.03,6378285
03/14/2007,443.23,448.66,439,448,8019113
03/15/2007,447.86,449.822,443.94,446.19,3947143
03/16/2007,445.65,446.7,439.89,440.85,5667755
03/19/2007,443.25,448.5,440.63,447.23,5198179
03/20/2007,445.79,447.6,443.6,445.28,3422090
03/21/2007,445.3,456.57,445.215,456.55,5800727
03/22/2007,455.61,462.17,452.53,462.04,5727108
03/23/2007,461.45,463.39,457.08,461.83,4114754
03/26/2007,460.55,465,455.62,465,4710809
03/27/2007,463.55,465.23,460.34,463.62,3741966
03/28/2007,461.87,465.44,460.15,461.88,4638284
03/29/2007,464.55,466,455,460.92,3988819
03/30/2007,462.1,463.4,456.14,458.16,3380552
04/02/2007,457.76,458.53,452.12,458.53,3448432
04/03/2007,464.05,474.25,464,472.6,6517388
04/04/2007,472.14,473,469.58,471.02,3779426
04/05/2007,471.3,472.09,469.62,471.51,2716205
04/09/2007,472.98,473,465.59,468.21,3062740
04/10/2007,467.09,470.79,465.16,466.5,2979218
04/11/2007,466.06,469.4,462.61,464.53,3823781
04/12/2007,464,468,462.24,467.39,2710874
04/13/2007,468.45,468.77,463.36,466.29,2799340
04/16/2007,468.4566,476.99,468.15,474.27,5079683
04/17/2007,473.91,476.39,471.6,472.8,3213972
04/18/2007,471.26,479.9,469.53,476.01,5670840
04/19/2007,474.48,481.95,469.59,471.65,11196000
04/20/2007,490.52,492.5,482.02,482.48,12223144
04/23/2007,480.1,485,478.26,479.08,5678181
04/24/2007,478.61,479.98,475.55,477.53,3698823
04/25/2007,480,481.37,476.11,477.99,3969261
04/26/2007,478,484.45,477.11,481.18,4129658
04/27/2007,480.07,482.4,478.33,479.01,2927221
04/30/2007,479.15,481.35,471.38,471.38,3644822
05/01/2007,472.19,472.81,464.17,469,3658854
05/02/2007,468.65,471.08,465.73,465.78,3079695
05/03/2007,466.22,474.07,465.29,473.23,3595956
05/04/2007,470.31,474.84,465.88,471.12,3951718
05/07/2007,472.14,472.82,466.47,467.27,3021098
05/08/2007,466.13,468.17,464.73,466.81,2906482
05/09/2007,466.15,471.73,463.88,469.25,3891201
05/10/2007,467.04,469.49,461.02,461.47,3690560
05/11/2007,461.83,467,461,466.74,2940516
05/14/2007,465.8,467.51,460,461.78,3873013
05/15/2007,461.96,462.54,457.41,458,4119197
05/16/2007,462,473.14,459.02,472.61,6561889
05/17/2007,472.46,475.22,470.81,470.96,4666701
05/18/2007,472.03,472.7,469.75,470.32,3696999
05/21/2007,469.65,479.2,466.72,470.6,6168414
05/22/2007,473,479.01,473,475.86,3840113
05/23/2007,480.8206,483.4103,473.75,473.97,5086159
05/24/2007,475.15,479.2,471.5,474.33,4197646
05/25/2007,479.7,484.95,477.27,483.52,5348571
05/29/2007,485,491.8,484,487.11,5219983
05/30/2007,484.5,498.84,483,498.6,7297746
05/31/2007,500.79,508.78,497.06,497.909,8924988
06/01/2007,501,505.02,497.93,500.397,4806053
06/04/2007,497.91,510.51,497.59,507.07,7103654
06/05/2007,509.81,519,506.61,518.84,10455831
06/06/2007,516.75,520.78,515.26,518.25,7899118
06/07/2007,520,526.5,512.51,515.06,10637963
06/08/2007,516.2,519.64,509.46,515.49,6360840
06/11/2007,514.09,518.25,510,511.34,4654473
06/12/2007,508.75,511.67,503.17,504.77,6421321
06/13/2007,507.0872,508.54,498.69,505.24,7041809
06/14/2007,505.36,505.88,501.7,502.84,4622809
06/15/2007,508.19,509,501.23,505.89,6174169
06/18/2007,506.67,516,504.24,515.2,4844775
06/19/2007,514.02,517.25,511.54,514.31,4383019
06/20/2007,516.96,518.75,509.06,509.97,4339628
06/21/2007,510.99,515.29,506.28,514.11,4409757
06/22/2007,516.48,524.99,516.1,524.98,7287906
06/25/2007,528.98,534.99,523.38,527.42,7926481
06/26/2007,532.81,533.2,526.24,530.26,5689732
06/27/2007,525,527.99,519.56,526.29,6126444
06/28/2007,524.88,529.5,523.8,525.01,4174084
06/29/2007,526.02,527.4,519.46,522.7001,3881004
