12/08/2000,5.3137,7.687,5.1247,6.7209,20706968
12/11/2000,7.624,7.645,6.6789,7.12,4024753
12/12/2000,7.13,7.141,6.5109,6.6789,1467672
12/13/2000,6.973,7.015,6.6369,6.6789,552018
12/14/2000,6.713,6.8076,6.6815,6.7656,373299
12/15/2000,6.7997,6.8102,6.0535,6.7682,1280070
12/18/2000,6.889,6.889,6.5319,6.7419,688006
12/19/2000,6.7393,6.7393,6.4663,6.5923,641827
12/20/2000,6.4059,6.5529,6.0488,6.1328,1572412
12/21/2000,6.0698,6.2169,5.9648,6.1118,1439688
12/22/2000,6.2589,6.5109,6.2169,6.4689,613615
12/26/2000,6.4899,6.5109,6.3429,6.3849,1120977
12/27/2000,6.3534,6.4269,6.1328,6.2379,529397
12/28/2000,6.2589,6.5109,6.1538,6.2589,1554258
12/29/2000,6.3009,6.7629,6.3009,6.6369,326153
01/02/2001,6.7761,6.8076,6.2824,6.4715,483961
01/03/2001,6.3114,6.5109,5.8808,5.9228,790082
01/04/2001,6.0384,6.0803,5.9126,6.0593,384528
01/05/2001,6.0882,6.1302,5.9623,6.0882,1387913
01/08/2001,6.0488,6.1118,5.8808,5.8808,926661
01/09/2001,6.0173,6.0488,5.7128,5.7968,867744
01/10/2001,5.7758,5.7968,5.6288,5.7128,1238837
01/11/2001,5.7233,6.2169,5.7128,6.1118,1653647
01/12/2001,6.2484,6.4689,6.2169,6.4269,712708
01/16/2001,6.5949,6.8889,6.3429,6.3849,878463
01/17/2001,6.4243,6.6762,6.3403,6.5083,565327
01/18/2001,6.5451,6.5556,6.3455,6.3875,378357
01/19/2001,6.4059,6.4689,6.1328,6.1749,358295
01/22/2001,6.2537,6.2642,5.9279,6.012,1066792
01/23/2001,6.1536,6.1536,5.9861,5.9861,618720
01/24/2001,6.0095,6.0515,5.6943,5.7153,1625519
01/25/2001,5.7968,6.0488,5.4608,6.0068,1114735
01/26/2001,5.9024,6.4884,5.8187,6.2373,308769
01/29/2001,6.3769,6.7236,6.2614,6.7026,295361
01/30/2001,6.6999,6.7419,6.3639,6.7419,236285
01/31/2001,6.6603,6.7022,6.4928,6.5137,114582
02/01/2001,6.5109,6.7419,6.5109,6.6789,135705
02/02/2001,6.7419,7.309,6.7209,7.267,706166
02/05/2001,7.394,8.169,7.289,8.043,966774
02/06/2001,8.141,8.635,8.026,8.32,866239
02/07/2001,8.107,8.401,8.023,8.191,280324
02/08/2001,8.152,8.53,8.152,8.446,671098
02/09/2001,8.422,8.464,8.065,8.065,1085573
02/12/2001,8.149,8.191,7.897,7.897,3511137
02/13/2001,8.002,8.275,7.855,8.191,338060
02/14/2001,8.233,8.275,7.183,7.477,1940812
02/15/2001,7.645,7.729,6.973,7.141,525532
02/16/2001,7.12,7.519,6.7629,7.183,381200
02/20/2001,7.393,7.393,6.4269,6.5949,526119
02/21/2001,6.4715,6.7656,6.3454,6.5976,290310
02/22/2001,6.5871,6.5976,6.2404,6.2404,290896
02/23/2001,6.2169,6.91,6.1749,6.889,180345
02/26/2001,6.889,7.225,6.8679,7.13,172905
02/27/2001,7.225,7.393,7.183,7.393,402338
02/28/2001,7.435,7.435,7.33,7.351,204147
03/01/2001,7.309,7.351,6.3429,6.7209,267830
03/02/2001,6.7839,6.8049,6.4689,6.7629,246697
03/05/2001,6.8889,7.099,6.7839,7.015,161595
03/06/2001,7.057,7.183,6.7209,6.7209,359479
03/07/2001,6.9625,7.015,6.7419,6.931,245208
03/08/2001,6.973,6.973,6.5529,6.6789,195813
03/09/2001,6.7104,6.889,6.5529,6.5949,200869
03/12/2001,6.4689,6.5949,6.0908,6.0908,361268
03/13/2001,6.1749,6.3849,6.1118,6.3429,327047
03/14/2001,6.2169,6.8049,6.1328,6.6579,268423
03/15/2001,6.6999,6.8889,6.6789,6.8049,83926
03/16/2001,6.8469,6.8469,6.6159,6.6159,111302
03/19/2001,6.6159,6.6369,6.3429,6.5109,163969
03/20/2001,6.5529,6.8889,6.4269,6.4269,455602
03/21/2001,6.4269,6.7629,6.4269,6.6999,105945
03/22/2001,6.7551,6.7656,6.4714,6.5975,186501
03/23/2001,6.7209,6.931,6.5949,6.7209,499640
03/26/2001,6.7209,6.931,6.6789,6.8049,700806
03/27/2001,6.6789,6.8049,6.6369,6.6369,340433
03/28/2001,6.5949,6.6789,6.0488,6.3009,255626
03/29/2001,6.3009,6.4269,6.0908,6.4059,174093
03/30/2001,6.3849,6.7209,6.3849,6.6789,144326
04/02/2001,6.5109,6.7209,6.5109,6.6369,184503
04/03/2001,6.7209,6.7629,6.2169,6.2169,334188
04/04/2001,6.3429,6.8049,6.1749,6.7419,282708
04/05/2001,6.8049,6.8469,6.6999,6.8049,163081
04/06/2001,6.7629,6.7629,6.3849,6.4269,206523
04/09/2001,6.358,6.358,6.032,6.1328,1192401
04/10/2001,6.2673,6.3009,6.2001,6.2337,726392
04/11/2001,6.3513,6.3513,6.1362,6.1564,513923
04/12/2001,6.116,6.2169,6.0824,6.0824,177362
04/16/2001,6.0824,6.1967,6.0152,6.0656,203550
04/17/2001,6.1026,6.2169,6.1026,6.1833,116955
04/18/2001,6.2337,6.3849,5.9816,6.0488,883216
04/19/2001,6.0757,6.0959,6.0488,6.0488,369007
04/20/2001,6.2169,6.2572,6.116,6.237,537735
04/23/2001,6.2169,6.2169,6.1665,6.2068,222295
04/24/2001,6.1496,6.2169,6.1362,6.1833,190157
04/25/2001,6.1597,6.2001,6.0925,6.116,522550
04/26/2001,6.1026,6.3009,6.0992,6.2673,482677
04/27/2001,6.3009,6.7377,6.2841,6.7377,1048676
04/30/2001,6.973,7.746,6.5159,7.057,1814345
05/01/2001,7.057,7.292,7.057,7.238,524633
05/02/2001,7.275,7.393,7.027,7.057,1051049
05/03/2001,7.057,7.124,7.023,7.077,729068
05/04/2001,7.082,7.442,7.059,7.344,279082
05/07/2001,7.393,7.393,7.235,7.326,107732
05/08/2001,7.443,7.759,7.359,7.736,342524
05/09/2001,7.746,7.897,7.729,7.867,144633
05/10/2001,7.981,8.267,7.961,8.223,421090
05/11/2001,8.22,8.3,7.998,8.032,657354
05/14/2001,8.03,8.033,7.663,7.663,354355
05/15/2001,7.729,8.015,7.598,7.914,488628
05/16/2001,8.025,8.028,7.628,7.756,296693
05/17/2001,7.863,8.331,7.729,8.294,416914
05/18/2001,8.297,8.3,8.065,8.152,492501
05/21/2001,8.102,8.102,7.88,7.947,256218
05/22/2001,7.897,8.032,7.695,7.729,472562
05/23/2001,7.729,7.867,7.706,7.706,138974
05/24/2001,7.763,7.83,7.729,7.83,643373
05/25/2001,7.83,7.83,7.712,7.753,455004
05/29/2001,7.746,7.796,7.396,7.41,986175
05/30/2001,7.306,7.326,6.6873,6.8217,875183
05/31/2001,6.6369,6.7646,6.4386,6.7243,1188847
06/01/2001,6.7008,6.7545,6.6604,6.7243,746928
06/04/2001,6.694,6.7478,6.4689,6.6806,905242
06/05/2001,6.5966,7.326,6.5966,7.007,1702155
06/06/2001,7.01,7.527,6.9394,7.161,2202688
06/07/2001,7.218,7.544,7.097,7.427,545171
06/08/2001,7.581,7.695,7.443,7.595,598738
06/11/2001,7.564,7.595,7.326,7.38,397861
06/12/2001,7.413,7.49,7.359,7.443,301448
06/13/2001,7.526,7.603,7.317,7.385,438721
06/14/2001,7.427,7.46,7.359,7.393,256217
06/15/2001,7.359,7.591,7.359,7.578,226758
06/18/2001,7.578,7.595,7.46,7.477,123500
06/19/2001,7.531,7.578,7.363,7.477,291928
06/20/2001,7.46,7.561,7.393,7.544,274372
06/21/2001,7.494,7.511,7.359,7.42,241639
06/22/2001,7.43,7.585,7.413,7.561,563917
06/25/2001,7.544,7.618,7.527,7.531,400248
06/26/2001,7.574,7.574,7.511,7.511,292519
06/27/2001,7.511,7.729,7.494,7.726,436250
06/28/2001,7.729,7.83,7.611,7.726,458579
06/29/2001,7.727,7.805,7.586,7.687,418565
07/02/2001,7.766,7.813,7.729,7.783,220812
07/03/2001,7.81,7.83,7.729,7.783,103861
07/05/2001,7.779,7.83,7.746,7.796,219912
07/06/2001,7.783,7.867,7.779,7.843,504398
07/09/2001,7.816,7.837,7.796,7.83,261874
07/10/2001,7.83,7.88,7.796,7.85,509756
07/11/2001,7.779,7.847,7.527,7.531,266933
07/12/2001,7.549,7.647,7.549,7.643,434378
07/13/2001,7.645,7.679,7.611,7.645,212474
07/16/2001,7.662,7.695,7.544,7.595,78863
07/17/2001,7.695,7.695,7.544,7.605,149388
07/18/2001,7.611,7.618,7.521,7.527,176472
07/19/2001,7.527,7.712,7.511,7.628,269016
07/20/2001,7.615,7.695,7.615,7.679,131535
07/23/2001,7.65,7.697,7.596,7.627,164829
07/24/2001,7.605,7.611,7.03,7.124,422860
07/25/2001,7.175,7.175,6.889,6.9965,183908
07/26/2001,6.9259,7.124,6.7881,7.057,576414
07/27/2001,7.091,7.447,7.057,7.39,130344
07/30/2001,7.316,7.427,7.312,7.393,326148
07/31/2001,7.326,7.41,7.225,7.326,158912
08/01/2001,7.447,7.561,6.7881,6.9091,2002112
08/02/2001,6.9226,6.9226,6.6033,6.6268,1421246
08/03/2001,6.6571,6.6705,6.3009,6.4487,755558
08/06/2001,6.4958,6.6604,6.4386,6.6604,1234656
08/07/2001,6.6823,6.7059,6.652,6.6621,200502
08/08/2001,6.6672,6.6672,6.5193,6.5697,205630
08/09/2001,6.6133,6.6166,6.4357,6.5396,721738
08/10/2001,6.5697,6.5697,6.526,6.5529,270804
08/13/2001,6.4857,6.5529,6.405,6.405,2933828
08/14/2001,6.4034,6.5546,6.3697,6.4202,1462828
08/15/2001,6.4118,6.6201,6.4017,6.4823,1315899
08/16/2001,6.4891,6.4924,6.4185,6.4454,328530
08/17/2001,6.405,6.4151,6.3681,6.4017,617181
08/20/2001,6.4185,6.4185,6.3513,6.3681,705860
08/21/2001,6.3849,6.4823,6.3244,6.3916,309192
08/22/2001,6.3559,6.7525,6.3525,6.6659,127347
08/23/2001,6.7377,6.9595,6.6201,6.6201,170814
08/24/2001,6.6033,6.8385,6.6033,6.7243,114872
08/27/2001,6.8016,6.8083,6.6201,6.6201,107427
08/28/2001,6.8049,6.8049,6.5529,6.5966,88680
08/29/2001,6.7041,6.7041,6.5966,6.6873,52081
08/30/2001,6.7041,6.7112,6.6369,6.6369,69637
08/31/2001,6.6604,6.7041,6.6369,6.6705,34522
09/04/2001,6.7008,6.8553,6.6604,6.7377,407386
09/05/2001,6.7781,6.8721,6.7377,6.7781,245803
09/06/2001,6.7213,6.9891,6.7213,6.7878,519335
09/07/2001,6.7613,6.889,6.6201,6.6201,408278
09/10/2001,6.6235,6.7445,6.4723,6.7209,445482
09/17/2001,5.9951,6.5529,5.9951,6.3849,642181
09/18/2001,6.4386,6.4386,6.0253,6.0488,1888738
09/19/2001,6.0488,6.1833,5.612,5.6422,979039
09/20/2001,4.9567,5.1415,4.8055,4.8391,1356070
09/21/2001,4.6643,4.8727,4.2678,4.8727,1352205
09/24/2001,5.0579,5.5116,5.0546,5.3091,398433
09/25/2001,5.3566,5.3891,4.9399,5.1751,351448
09/26/2001,5.1718,5.4103,5.1079,5.3599,195517
09/27/2001,5.4271,5.4271,5.3431,5.3633,343415
09/28/2001,5.4103,5.444,5.3633,5.4137,1860165
10/01/2001,5.4103,5.4103,5.3364,5.3599,853755
10/02/2001,5.3499,5.4171,5.2087,5.2087,1747687
10/03/2001,5.2087,5.2927,5.0945,5.2255,421976
10/04/2001,5.2759,5.4776,5.1247,5.37,587724
10/05/2001,5.3599,5.4776,5.3263,5.4003,239847
10/08/2001,5.4408,5.4609,5.35,5.3766,515695
10/09/2001,5.4271,5.4271,5.3263,5.3431,818045
10/10/2001,5.3767,5.4776,5.3263,5.3767,730851
10/11/2001,5.4694,5.9559,5.4694,5.7781,198176
10/12/2001,5.8472,5.9648,5.696,5.8472,119926
10/15/2001,5.78,5.9144,5.78,5.8539,40177
10/16/2001,5.8775,5.8775,5.7733,5.78,78566
10/17/2001,5.7296,5.7968,5.6288,5.6624,229134
10/18/2001,5.6851,5.7136,5.6464,5.6464,51182
10/19/2001,5.7094,5.7262,5.565,5.565,49136
10/22/2001,5.7535,5.7806,5.6789,5.7128,68137
10/23/2001,5.7128,5.7296,5.6624,5.7229,64575
10/24/2001,5.7262,5.7296,5.5448,5.7296,97900
10/25/2001,5.7296,5.7296,5.612,5.6825,105942
10/26/2001,5.7262,5.7632,5.6473,5.7598,429713
10/29/2001,5.7296,5.7296,5.696,5.7128,60112
10/30/2001,5.7262,5.7262,5.444,5.5716,165755
10/31/2001,5.6288,5.696,5.5145,5.6489,114572
11/01/2001,5.612,5.7262,5.4608,5.6758,517494
11/02/2001,5.7027,5.7128,5.6489,5.6792,88685
11/05/2001,5.7203,5.7287,5.6111,5.6414,111905
11/06/2001,5.6657,5.7161,5.5448,5.6624,78862
11/07/2001,5.7094,5.7262,5.6691,5.696,56245
11/08/2001,5.7128,5.78,5.6523,5.6523,185987
11/09/2001,5.7061,5.7061,5.6456,5.696,52078
11/12/2001,5.6825,5.6993,5.6355,5.6624,159205
11/13/2001,5.7464,5.7464,5.6456,5.7296,443697
11/14/2001,5.7296,5.7296,5.5515,5.5683,402622
11/15/2001,5.696,5.7127,5.5117,5.6926,219061
11/16/2001,5.7019,5.7472,5.5489,5.7304,346034
11/19/2001,5.7298,5.7466,5.6793,5.7261,187172
11/20/2001,5.7128,5.7262,5.5448,5.7128,67257
11/21/2001,5.6456,5.7262,5.6288,5.6758,181823
11/23/2001,5.6153,5.7128,5.6153,5.6893,41963
11/26/2001,5.7128,5.78,5.528,5.78,508563
11/27/2001,5.7296,5.8136,5.7128,5.7464,195217
11/28/2001,5.733,5.7968,5.7229,5.733,219324
11/29/2001,5.733,5.7968,5.7161,5.7867,87490
11/30/2001,5.7598,5.8808,5.7598,5.864,779067
12/03/2001,5.8808,6.069,5.8472,6.0287,533564
12/04/2001,6.0488,6.0488,5.948,6.0085,135402
12/05/2001,6.0488,6.1328,5.9816,6.0488,315738
12/06/2001,6.0488,6.0824,5.9648,6.0455,125286
12/07/2001,6.0488,6.0791,5.9648,6.0589,102368
12/10/2001,6.0656,6.3815,6.0656,6.3614,857326
12/11/2001,6.3815,6.4252,6.3177,6.4185,1524196
12/12/2001,6.4151,6.5495,6.3345,6.5193,1289709
12/13/2001,6.5159,6.5227,6.4555,6.4723,801977
12/14/2001,6.5059,6.5966,6.4756,6.5529,290143
12/17/2001,6.5831,6.7377,6.5227,6.7243,900180
12/18/2001,6.7579,7.175,6.7545,7.07,876080
12/19/2001,7.057,7.074,6.7209,6.7276,180333
12/20/2001,6.8385,6.9562,6.7747,6.9091,207717
12/21/2001,6.8552,7.09,6.8552,7.06,407698
12/24/2001,7.124,7.128,7.023,7.087,141056
12/26/2001,7.14,7.143,6.999,7.088,303289
12/27/2001,7.057,7.178,7.057,7.107,737994
12/28/2001,7.111,7.225,7.057,7.165,236583
12/31/2001,7.201,7.225,7.111,7.165,193133
01/02/2002,7.06,7.158,7.06,7.141,268725
01/03/2002,7.141,7.181,7.091,7.154,522552
01/04/2002,7.131,7.185,7.131,7.178,434470
01/07/2002,7.175,7.178,6.9763,7.033,412152
01/08/2002,7.027,7.04,6.7041,6.8049,1406660
01/09/2002,6.8049,6.8889,6.7377,6.7982,762113
01/10/2002,6.8217,6.9797,6.7949,6.9326,224382
01/11/2002,6.9562,6.9562,6.8217,6.8217,181233
01/14/2002,6.7713,6.7747,6.6604,6.7176,316928
01/15/2002,6.7545,6.9931,6.6537,6.9595,595167
01/16/2002,6.7848,6.8352,6.5025,6.6806,515114
01/17/2002,6.6873,6.6873,6.6235,6.6604,92550
01/18/2002,6.6873,6.6873,6.5361,6.5697,342819
01/22/2002,6.5663,6.5731,6.5193,6.5193,172902
01/23/2002,6.5193,6.5361,6.4185,6.5361,183611
01/24/2002,6.5361,6.5529,6.3849,6.5126,399359
01/25/2002,6.5126,6.5126,6.3849,6.4823,360378
01/28/2002,6.4857,6.5361,6.3681,6.479,230928
01/29/2002,6.3882,6.4786,6.3849,6.3849,451731
01/30/2002,6.3849,6.4185,6.3681,6.4017,194617
01/31/2002,6.4166,6.4909,6.3699,6.4271,687257
02/01/2002,6.4891,6.4891,6.3546,6.3647,311869
02/04/2002,6.3681,6.553,6.3378,6.3647,421140
02/05/2002,6.3824,6.4647,6.2496,6.3034,913986
02/06/2002,6.3916,6.7142,6.3009,6.3345,176765
02/07/2002,6.5161,6.6305,6.3108,6.3276,766544
02/08/2002,6.3193,6.4202,6.2992,6.3832,203177
02/11/2002,6.3849,6.4185,6.3513,6.3849,388043
02/12/2002,6.4185,6.5865,6.3042,6.5462,648424
02/13/2002,6.5865,6.7545,6.4689,6.5697,660932
02/14/2002,6.6873,6.8352,6.5663,6.7176,878464
02/15/2002,6.7209,6.7209,6.6571,6.6974,312169
02/19/2002,6.6537,6.7176,6.61,6.6974,255635
02/20/2002,6.7008,6.7142,6.6336,6.6873,328531
02/21/2002,6.6201,6.7108,6.6201,6.6235,183317
02/22/2002,6.6504,6.6772,6.5529,6.6571,157424
02/25/2002,6.668,6.7537,6.6428,6.7201,860708
02/26/2002,6.7209,6.7848,6.684,6.7444,892143
02/27/2002,6.9562,6.9595,6.7478,6.7713,690095
02/28/2002,6.768,6.8217,6.7478,6.7713,445185
03/01/2002,6.815,6.8453,6.6571,6.7747,850185
03/04/2002,6.7713,7.161,6.6873,7.091,1878325
03/05/2002,7.094,7.275,6.956,7.208,1409043
03/06/2002,7.225,7.245,7.107,7.215,526427
03/07/2002,7.222,7.494,7.074,7.309,918629
03/08/2002,7.326,7.42,7.225,7.41,501734
03/11/2002,7.393,7.454,7.363,7.433,452628
03/12/2002,7.41,7.46,7.346,7.41,600813
03/13/2002,7.443,7.46,6.7243,6.9898,1104023
03/14/2002,7.023,7.205,7.017,7.205,388645
03/15/2002,7.21,7.233,7.048,7.112,869391
03/18/2002,7.144,7.269,7.05,7.269,331220
03/19/2002,7.288,7.378,7.184,7.324,570042
03/20/2002,7.359,7.427,7.292,7.406,683841
03/21/2002,7.356,7.437,7.346,7.433,308893
03/22/2002,7.333,7.548,7.329,7.541,282414
03/25/2002,7.457,7.544,7.427,7.527,524939
03/26/2002,7.433,7.574,7.43,7.571,565409
03/27/2002,7.517,7.595,7.423,7.595,560350
03/28/2002,7.566,7.711,7.509,7.701,759873
04/01/2002,7.595,7.746,7.511,7.729,254733
04/02/2002,7.652,7.786,7.652,7.779,351451
04/03/2002,7.716,7.766,7.689,7.756,259443
04/04/2002,7.731,7.761,7.714,7.758,341876
04/05/2002,7.737,7.811,7.324,7.805,572968
04/08/2002,7.83,7.83,7.645,7.749,356223
04/09/2002,7.729,7.796,7.662,7.726,413648
04/10/2002,7.712,7.746,7.595,7.746,196409
04/11/2002,7.695,7.783,7.648,7.779,265745
04/12/2002,7.785,7.785,7.711,7.781,228292
04/15/2002,7.765,7.775,7.66,7.737,294962
04/16/2002,7.685,7.783,7.669,7.783,678486
04/17/2002,7.726,7.779,7.712,7.756,673726
04/18/2002,7.729,7.776,7.642,7.722,143138
04/19/2002,7.642,7.729,7.595,7.709,123800
04/22/2002,7.695,7.729,7.443,7.618,220807
04/23/2002,7.591,7.595,7.561,7.578,68749
04/24/2002,7.732,7.732,7.524,7.544,127962
04/25/2002,7.558,7.645,7.443,7.511,239254
04/26/2002,7.477,7.568,7.46,7.561,487453
04/29/2002,7.561,7.571,7.494,7.558,231819
04/30/2002,7.558,7.595,7.527,7.564,308595
05/01/2002,7.658,7.756,7.591,7.662,684137
05/02/2002,7.665,7.729,7.628,7.695,638608
05/03/2002,7.679,7.729,7.662,7.729,296097
05/06/2002,7.645,7.763,7.642,7.722,326749
05/07/2002,7.709,7.729,7.685,7.685,196705
05/08/2002,7.69,7.744,7.647,7.707,267581
05/09/2002,7.695,7.729,7.588,7.709,215452
05/10/2002,7.67,7.738,7.67,7.738,120420
05/13/2002,7.711,7.731,7.644,7.714,241984
05/14/2002,7.728,7.745,7.678,7.727,263696
05/15/2002,7.727,7.986,7.66,7.822,1033748
05/16/2002,7.894,8.032,7.887,7.947,661230
05/17/2002,7.934,8.129,7.924,8.129,634150
05/20/2002,8.045,8.109,7.964,8.038,516609
05/21/2002,8.03,8.07,8.03,8.063,191679
05/22/2002,8.095,8.099,7.964,8.065,363944
05/23/2002,8.068,8.116,8.048,8.109,555880
05/24/2002,8.116,8.132,8.065,8.072,248785
05/28/2002,8.065,8.132,7.796,8.129,474948
05/29/2002,8.092,8.149,8.035,8.095,96714
05/30/2002,8.065,8.105,7.729,8.065,508563
05/31/2002,8.065,8.099,7.937,8.055,230628
06/03/2002,8.055,8.082,7.867,7.914,403820
06/04/2002,7.863,8.042,7.847,7.964,336570
06/05/2002,7.984,8.062,7.9,8.055,87795
06/06/2002,8.06,8.064,7.973,7.99,141385
06/07/2002,7.958,8.065,7.884,8.045,271098
06/10/2002,8.05,8.1,7.983,8.04,253191
06/11/2002,8.046,8.047,7.761,7.791,84832
06/12/2002,7.83,7.83,7.175,7.326,385969
06/13/2002,7.316,7.585,7.228,7.437,274229
06/14/2002,7.343,7.964,7.259,7.914,335376
06/17/2002,7.89,8.065,7.83,8.065,365736
06/18/2002,7.947,8.065,7.897,7.984,151179
06/19/2002,7.961,8.038,7.642,7.699,231222
06/20/2002,7.695,7.897,7.39,7.736,323178
06/21/2002,7.662,7.947,7.561,7.756,250272
06/24/2002,7.721,7.818,7.694,7.788,233861
06/25/2002,7.78,7.827,7.43,7.463,369589
06/26/2002,7.359,7.46,7.299,7.413,372279
06/27/2002,7.39,7.413,7.343,7.4,213971
06/28/2002,7.393,7.433,7.326,7.41,243426
07/01/2002,7.391,7.435,7.291,7.361,231574
07/02/2002,7.393,7.393,7.05,7.057,323774
07/03/2002,7.023,7.057,6.7545,6.8049,275874
07/05/2002,6.7545,6.8721,6.6033,6.6873,769544
07/08/2002,6.7176,6.7176,6.6336,6.6571,201267
07/09/2002,6.6537,6.6571,6.3177,6.4252,527015
07/10/2002,6.3681,6.4723,6.3244,6.3815,194327
07/11/2002,6.3177,6.4353,6.2068,6.3177,225872
07/12/2002,6.237,6.4454,6.2337,6.3882,183914
07/15/2002,6.3832,6.6352,6.2824,6.5008,311947
07/16/2002,6.3916,6.6369,6.3882,6.5059,140469
07/17/2002,6.5529,6.5899,6.3849,6.3849,214557
07/18/2002,6.4521,6.5899,6.4017,6.4521,108919
07/19/2002,6.3882,6.4991,6.3849,6.4017,246402
07/22/2002,6.4017,6.4857,6.3849,6.4017,170230
07/23/2002,6.3933,6.4874,6.3933,6.4303,273398
07/24/2002,6.2998,6.333,5.9848,6.2202,688314
07/25/2002,6.1648,6.2655,6.0808,6.0841,520017
07/26/2002,6.0841,6.2151,6.064,6.0976,160096
07/29/2002,6.1833,6.4487,6.1328,6.3345,526428
07/30/2002,6.3513,6.4487,6.2505,6.3714,418101
07/31/2002,6.3768,7.246,6.3768,6.8433,918021
08/01/2002,6.8856,6.8856,6.7209,6.7243,238960
08/02/2002,6.8049,6.8049,6.6703,6.7344,375555
08/05/2002,6.6873,6.7377,6.5999,6.684,353535
08/06/2002,6.6991,6.7731,6.6654,6.7092,311604
08/07/2002,6.7915,6.7915,6.7243,6.7344,177075
08/08/2002,6.7327,6.8102,6.6856,6.7192,358682
08/09/2002,6.7209,6.7209,6.6873,6.7142,198799
08/12/2002,6.7686,6.8021,6.6699,6.7377,147461
08/13/2002,6.684,6.7276,6.5227,6.5294,136301
08/14/2002,6.4218,6.553,6.3781,6.4622,423518
08/15/2002,6.4823,6.5327,6.4588,6.5159,429423
08/16/2002,6.526,6.5932,6.526,6.5798,505293
08/19/2002,6.6358,7.185,6.6358,7.141,636191
08/20/2002,6.9898,7.091,6.9528,7.047,302606
08/21/2002,6.9562,7.191,6.9494,7.181,411852
08/22/2002,7.047,7.091,7.006,7.044,313067
08/23/2002,6.9763,7.007,6.9226,6.9226,128416
08/26/2002,6.8856,6.9562,6.815,6.9024,102894
08/27/2002,6.8152,7.06,6.8152,7.033,279933
08/28/2002,6.9148,6.9178,6.685,6.7848,144023
08/29/2002,6.7849,6.9257,6.7712,6.7846,102220
08/30/2002,6.8067,6.8842,6.7224,6.7595,150866
09/03/2002,6.7277,6.7277,6.2069,6.2369,318006
09/04/2002,6.308,6.7218,6.182,6.6369,498390
09/05/2002,6.6168,6.7377,6.4558,6.6134,550939
09/06/2002,6.6,6.9058,6.5764,6.8721,282484
09/09/2002,6.8217,6.9058,6.7377,6.8217,434489
09/10/2002,6.807,7.0247,6.6998,7.0247,297208
09/11/2002,6.9898,6.9965,6.8553,6.9058,229556
09/12/2002,6.9158,6.9427,6.8009,6.9394,126548
09/13/2002,6.9158,6.9696,6.8923,6.9696,196702
09/16/2002,6.8805,6.9342,6.7867,6.8671,632860
09/17/2002,6.81,6.9209,6.773,6.7865,342737
09/18/2002,6.7853,6.8358,6.3167,6.4549,826227
09/19/2002,6.5009,6.521,6.2051,6.2151,302218
09/20/2002,6.2117,6.3833,6.2086,6.3229,300703
09/23/2002,6.3814,6.3814,6.1463,6.2034,318576
09/24/2002,6.1833,6.2505,6.1328,6.1732,133021
09/25/2002,6.1782,6.2858,6.121,6.2286,212300
09/26/2002,6.2255,6.4096,6.1652,6.3393,254100
09/27/2002,6.3647,6.442,6.2269,6.2975,276756
09/30/2002,6.3177,6.3345,6.1833,6.2337,455548
10/01/2002,6.2219,6.3832,6.148,6.3832,250337
10/02/2002,6.383,6.3834,6.1851,6.2624,108352
10/03/2002,6.3009,6.3042,6.2337,6.274,330560
10/04/2002,6.274,6.3177,6.2236,6.3143,342821
10/07/2002,6.299,6.3325,6.1347,6.1347,305760
10/08/2002,6.1749,6.2152,6.1009,6.1009,346857
10/09/2002,6.1177,6.1345,6.0673,6.0673,335034
10/10/2002,6.0522,6.2807,5.948,6.1665,532857
10/11/2002,6.116,6.3009,6.0959,6.2337,397576
10/14/2002,6.153,6.2169,6.153,6.2135,113381
10/15/2002,6.1847,6.3477,6.0351,6.3244,420770
10/16/2002,6.3262,6.4001,6.2187,6.2486,292007
10/17/2002,6.269,6.3832,6.269,6.3832,196621
10/18/2002,6.3849,6.3849,6.2269,6.2807,364841
10/21/2002,6.3294,6.3328,6.1816,6.2824,564851
10/22/2002,6.2505,6.2505,6.1328,6.1496,149460
10/23/2002,6.1496,6.2169,6.1228,6.1664,641892
10/24/2002,6.1648,6.2454,6.0606,6.1312,553952
10/25/2002,6.1965,6.2805,6.1092,6.2405,241356
10/28/2002,6.3075,6.7715,6.3075,6.7244,1419548
10/29/2002,6.714,6.7408,6.3624,6.5834,602025
10/30/2002,6.8251,6.9898,6.6571,6.9864,897568
10/31/2002,6.9898,7.074,6.943,7.03,271249
11/01/2002,7.047,7.057,6.9091,7.057,486271
11/04/2002,7.057,7.427,6.983,7.366,728023
11/05/2002,7.306,7.427,7.238,7.427,950180
11/06/2002,7.393,7.43,7.329,7.393,604108
11/07/2002,7.329,7.464,7.326,7.42,386905
11/08/2002,7.467,7.511,7.252,7.497,432553
11/11/2002,7.403,7.561,7.393,7.527,1183098
11/12/2002,7.563,7.65,7.469,7.59,758577
11/13/2002,7.595,7.615,7.447,7.595,570997
11/14/2002,7.595,7.729,7.568,7.729,742473
11/15/2002,7.642,7.826,7.622,7.826,576063
11/18/2002,7.781,7.835,7.714,7.781,670421
11/19/2002,7.766,7.786,7.706,7.763,449653
11/20/2002,7.702,7.887,7.675,7.887,675441
11/21/2002,7.882,8.03,7.825,8.03,1056577
11/22/2002,7.914,8.099,7.894,8.065,1316896
11/25/2002,8.065,8.099,7.981,8.095,918455
11/26/2002,8.1,8.1,7.976,8.013,413815
11/27/2002,7.729,8.082,7.662,8.079,657483
11/29/2002,8.05,8.073,8.003,8.006,220872
12/02/2002,8.043,8.668,7.996,8.574,4199328
12/03/2002,8.569,8.636,8.176,8.284,2112104
12/04/2002,8.28,8.384,8.011,8.307,1539134
12/05/2002,8.116,8.351,8.065,8.119,1035915
12/06/2002,8.122,8.351,8.065,8.25,519177
12/09/2002,8.248,8.252,8.033,8.07,400009
12/10/2002,8.112,8.317,8.065,8.297,460443
12/11/2002,8.317,8.421,8.31,8.401,1680919
12/12/2002,8.351,8.418,8.317,8.401,525535
12/13/2002,8.403,8.403,8.047,8.154,493567
12/16/2002,8.396,9.619,8.343,9.552,5321125
12/17/2002,9.35,9.468,9.243,9.404,4183298
12/18/2002,9.342,9.369,9.083,9.261,1521169
12/19/2002,9.238,9.49,9.224,9.473,1304425
12/20/2002,9.426,9.739,9.406,9.729,1813426
12/23/2002,9.723,10.191,9.72,10.184,2400051
12/24/2002,10.065,10.182,9.964,10.031,1066422
12/26/2002,10.043,10.076,9.949,10.019,622078
12/27/2002,10.019,10.056,9.928,10.002,534156
12/30/2002,9.994,10.011,9.5,9.715,1223932
12/31/2002,9.727,9.928,9.633,9.831,821750
01/02/2003,9.846,10.102,9.5,10.075,1202912
01/03/2003,10.08,10.537,10.036,10.355,1689875
01/06/2003,10.384,10.777,10.333,10.663,1686445
01/07/2003,10.637,10.729,10.457,10.531,1894697
01/08/2003,10.473,10.517,10.191,10.234,2378144
01/09/2003,10.256,10.478,10.236,10.417,1385307
01/10/2003,10.401,10.585,10.367,10.579,1129025
01/13/2003,10.626,10.643,10.226,10.317,2300298
01/14/2003,10.268,10.463,10.244,10.382,1682353
01/15/2003,10.412,10.433,10.281,10.369,1255161
01/16/2003,10.375,10.423,10.019,10.355,1681449
01/17/2003,10.236,10.333,10.065,10.169,515735
01/21/2003,10.135,10.219,9.197,9.534,2292694
01/22/2003,9.248,9.702,9.211,9.571,1097575
01/23/2003,9.624,9.843,9.577,9.729,671989
01/24/2003,9.747,9.764,9.653,9.69,562402
01/27/2003,9.697,9.744,9.408,9.438,1237365
01/28/2003,9.384,9.656,9.287,9.643,575642
01/29/2003,9.608,9.907,9.396,9.833,657517
01/30/2003,9.907,10.028,9.698,9.769,701327
01/31/2003,9.695,9.927,9.678,9.87,457404
02/03/2003,9.844,9.918,9.774,9.871,685176
02/04/2003,9.834,9.915,9.757,9.871,332216
02/05/2003,9.866,10.075,9.866,9.903,512526
02/06/2003,9.883,10.062,9.806,9.896,510944
02/07/2003,9.893,9.913,9.587,9.631,339568
02/10/2003,9.577,9.802,9.564,9.661,666163
02/11/2003,9.675,9.779,9.645,9.678,1231840
02/12/2003,9.756,10.41,9.739,10.175,4264148
02/13/2003,10.196,10.199,9.987,10.001,1904136
02/14/2003,9.969,10.389,9.969,10.389,1213057
02/18/2003,10.414,11.19,10.384,11.096,2828495
02/19/2003,11.209,11.481,10.903,11.088,2530838
02/20/2003,11.19,11.426,11.106,11.402,1280652
02/21/2003,11.33,11.454,11.195,11.384,1123405
02/24/2003,11.313,11.474,11.239,11.37,887562
02/25/2003,11.249,11.343,11.142,11.293,748054
02/26/2003,11.295,11.426,11.147,11.221,810559
02/27/2003,11.419,11.419,10.871,11.106,1200841
02/28/2003,11.249,11.333,11.182,11.205,929778
03/03/2003,11.476,11.486,11.227,11.291,907274
03/04/2003,11.241,11.325,10.975,11.056,1308245
03/05/2003,10.989,11.12,10.723,10.78,1821187
03/06/2003,10.669,10.908,10.639,10.868,567056
03/07/2003,10.787,10.851,10.7,10.753,846215
03/10/2003,10.733,10.78,10.485,10.596,1150680
03/11/2003,10.585,10.77,10.545,10.74,1612106
03/12/2003,10.755,10.873,10.634,10.873,1197324
03/13/2003,10.915,11.288,10.811,11.187,1611831
03/14/2003,11.236,11.441,11.205,11.343,1276711
03/17/2003,11.182,11.397,11.044,11.3,1801888
03/18/2003,11.313,11.757,11.276,11.726,3812932
03/19/2003,11.694,11.728,11.422,11.516,2200180
03/20/2003,11.553,11.745,11.261,11.664,982294
03/21/2003,11.758,11.886,11.661,11.745,2713678
03/24/2003,11.526,11.755,11.51,11.577,2116177
03/25/2003,11.579,12.522,11.563,12.377,4132097
03/26/2003,11.822,12.266,11.799,12.121,3168501
03/27/2003,12.106,12.123,11.817,11.965,1135339
03/28/2003,11.957,11.99,11.789,11.936,813830
03/31/2003,11.945,12.099,11.458,12.032,1683241
04/01/2003,12.081,12.091,11.792,11.92,1490966
04/02/2003,12.015,12.15,11.921,12.089,1501257
04/03/2003,12.148,12.403,12.014,12.259,1970062
04/04/2003,12.377,12.43,11.812,11.923,1400175
04/07/2003,12.037,12.098,11.718,11.829,1621102
04/08/2003,11.859,11.93,11.795,11.822,1281251
04/09/2003,11.829,11.846,11.731,11.778,1418031
04/10/2003,11.794,11.928,11.726,11.817,1578994
04/11/2003,11.958,11.965,11.844,11.931,739159
04/14/2003,12.052,12.385,12.042,12.358,1886493
04/15/2003,12.388,12.845,12.318,12.845,3342673
04/16/2003,12.892,13.262,12.855,13.067,2879378
04/17/2003,13.015,13.082,12.894,13.038,870649
04/21/2003,13.045,13.045,12.874,12.921,1210611
04/22/2003,12.971,13.351,12.918,13.244,1452909
04/23/2003,13.307,13.341,13.133,13.25,2517086
04/24/2003,13.208,13.477,13.188,13.41,1236820
04/25/2003,13.371,13.435,13.089,13.106,1554314
04/28/2003,13.156,13.274,12.871,13.005,1023869
04/29/2003,13.082,13.27,13.059,13.18,798973
04/30/2003,13.579,14.616,13.492,14.225,5853099
05/01/2003,14.178,14.474,14.047,14.265,1965379
05/02/2003,14.159,15.184,14.153,15.181,4036481
05/05/2003,15.248,15.51,15.218,15.393,2207772
05/06/2003,15.372,15.504,15.214,15.49,1796720
05/07/2003,15.404,15.509,15.31,15.475,786934
05/08/2003,15.411,15.421,15.29,15.374,559909
05/09/2003,15.411,15.515,15.304,15.421,767717
05/12/2003,15.436,16.125,15.423,16.018,2642401
05/13/2003,16.023,16.097,15.939,16.08,1312635
05/14/2003,16.093,16.258,15.899,16.07,1381207
05/15/2003,16.097,16.278,15.717,16.009,1374107
05/16/2003,16.203,16.354,16.145,16.261,772584
05/19/2003,16.129,16.179,15.339,15.446,1658289
05/20/2003,15.512,15.522,14.286,14.709,3414199
05/21/2003,14.205,15.213,13.808,15.115,4808088
05/22/2003,15.337,15.425,14.904,15.327,1916451
05/23/2003,15.398,15.616,15.139,15.552,908801
05/27/2003,15.598,16.239,15.51,16.229,2142532
05/28/2003,16.449,16.51,15.996,16.137,1555151
05/29/2003,16.14,16.144,15.677,15.777,812391
05/30/2003,15.826,16.283,15.809,16.213,1175353
06/02/2003,16.325,16.332,15.976,16.009,1087990
06/03/2003,16.197,16.443,15.935,16.295,1299246
06/04/2003,16.377,16.73,16.276,16.512,2053145
06/05/2003,16.549,17.368,16.397,16.791,2657828
06/06/2003,16.969,17.128,16.549,16.891,1804868
06/09/2003,16.99,17.06,16.178,16.323,1110761
06/10/2003,16.359,16.617,16.328,16.517,715362
06/11/2003,16.51,16.806,16.386,16.728,705571
06/12/2003,16.769,16.997,16.759,16.87,1030664
06/13/2003,16.883,16.903,16.634,16.674,494890
06/16/2003,16.685,16.957,15.261,15.737,8594448
06/17/2003,14.851,15.232,13.925,14.919,16297627
06/18/2003,14.954,15.109,14.537,14.87,2542405
06/19/2003,14.993,15.033,14.61,14.842,1001275
06/20/2003,14.927,15.028,14.288,14.82,1283164
06/23/2003,14.685,14.766,13.314,13.415,4498471
06/24/2003,13.082,13.442,12.635,13.059,6090359
06/25/2003,12.943,13.571,12.825,12.869,3494920
06/26/2003,12.825,13.283,12.757,13.072,4323992
06/27/2003,13.259,13.427,12.913,13.02,2395415
06/30/2003,13.178,13.581,13.144,13.403,1596862
07/01/2003,13.304,13.405,12.941,13.066,1722724
07/02/2003,13.073,13.912,13.042,13.818,1689363
07/03/2003,13.845,13.98,13.61,13.664,610394
07/07/2003,13.702,13.833,13.48,13.652,1685073
07/08/2003,13.541,14.388,13.534,14.28,1574273
07/09/2003,14.338,14.761,14.153,14.599,1954118
07/10/2003,14.544,14.558,14.151,14.184,986392
07/11/2003,14.176,14.445,14.159,14.368,750031
07/14/2003,14.552,14.754,14.452,14.532,878245
07/15/2003,14.605,14.631,14.114,14.211,658547
07/16/2003,14.255,14.255,13.808,14.064,718713
07/17/2003,13.985,14.035,13.249,13.36,2195326
07/18/2003,13.358,13.59,13.18,13.499,1339673
07/21/2003,13.455,13.647,13.408,13.61,657845
07/22/2003,13.593,13.936,13.593,13.805,646917
07/23/2003,13.736,14.132,13.726,14.109,798227
07/24/2003,14.415,14.619,14.324,14.435,1224681
07/25/2003,14.467,15.25,14.369,15.199,1968793
07/28/2003,15.48,15.759,15.372,15.54,1495820
07/29/2003,15.734,15.962,15.458,15.663,2027316
07/30/2003,13.341,13.607,12.78,12.941,21459131
07/31/2003,13.267,13.271,12.655,12.864,4474464
08/01/2003,12.862,13.134,12.382,12.849,2742189
08/04/2003,12.914,12.914,12.434,12.484,1216215
08/05/2003,12.499,12.755,12.452,12.563,1193928
08/06/2003,12.694,12.694,11.989,12.325,1887895
08/07/2003,12.383,12.383,12.121,12.182,1256499
08/08/2003,12.113,12.372,12.113,12.237,1059019
08/11/2003,12.219,12.531,12.219,12.494,1063452
08/12/2003,12.481,12.686,12.481,12.672,557214
08/13/2003,12.635,12.75,12.602,12.713,732873
08/14/2003,12.746,12.918,12.689,12.884,1075269
08/15/2003,12.871,12.918,12.828,12.867,332393
08/18/2003,12.887,13.018,12.827,12.992,899937
08/19/2003,13.079,13.257,13.005,13.183,593495
08/20/2003,13.156,13.217,13.045,13.106,685378
08/21/2003,13.173,13.186,13.072,13.163,646249
08/22/2003,13.162,13.275,13.029,13.113,1149305
08/25/2003,13.065,13.113,12.827,13.055,496169
08/26/2003,13.025,13.126,12.85,13.096,637675
08/27/2003,13.055,13.613,13.055,13.469,1383164
08/28/2003,13.428,13.499,13.408,13.442,736089
08/29/2003,13.402,13.492,13.388,13.428,363748
09/02/2003,13.396,13.739,13.359,13.679,927813
09/03/2003,13.714,14.447,13.684,14.346,1609719
09/04/2003,14.349,14.517,14.131,14.43,780659
09/05/2003,14.356,14.719,14.305,14.631,1078980
09/08/2003,14.756,14.941,14.608,14.783,934154
09/09/2003,14.798,14.848,14.721,14.751,951715
09/10/2003,14.655,14.742,14.218,14.356,911195
09/11/2003,14.312,14.322,13.788,14.114,684390
09/12/2003,14.033,14.225,13.819,14.191,472752
09/15/2003,14.183,14.216,13.981,14.129,472730
09/16/2003,14.137,14.917,14.134,14.917,902379
09/17/2003,14.847,15.246,14.773,14.988,771531
09/18/2003,14.954,15.078,14.591,15.041,937648
09/19/2003,15.117,15.225,15.06,15.191,859103
09/22/2003,15.105,15.189,14.836,15.122,937062
09/23/2003,15.055,15.414,15.045,15.401,746058
09/24/2003,15.46,15.46,15.144,15.167,794033
09/25/2003,15.409,15.712,15.198,15.292,1355304
09/26/2003,15.293,15.299,13.823,14.219,2669687
09/29/2003,14.267,14.297,13.665,14.102,2472211
09/30/2003,14.092,14.291,14.011,14.095,845427
10/01/2003,14.131,14.181,13.768,14.006,791275
10/02/2003,14.003,14.423,13.952,14.326,1180995
10/03/2003,14.517,14.81,14.514,14.564,840664
10/06/2003,14.531,14.692,14.531,14.605,297357
10/07/2003,14.598,15.166,14.541,15.085,981942
10/08/2003,15.122,15.186,14.934,14.994,454982
10/09/2003,15.058,15.226,14.843,14.981,725252
10/10/2003,15.048,15.052,14.46,14.692,909129
10/13/2003,14.621,14.648,14.033,14.185,2224039
10/14/2003,14.141,14.551,14.131,14.531,1119586
10/15/2003,14.64,15.053,14.636,14.845,1173846
10/16/2003,14.833,15.156,14.786,15.038,969282
10/17/2003,15.119,15.122,14.954,15.021,827757
10/20/2003,15.122,15.122,14.951,15.035,703486
10/21/2003,14.954,15.095,14.937,15.058,845611
10/22/2003,15.031,15.058,14.541,14.578,943901
10/23/2003,14.437,14.457,14.07,14.215,1401526
10/24/2003,14.258,14.265,13.946,14.131,2261870
10/27/2003,14.176,14.768,14.129,14.724,1099054
10/28/2003,14.773,15.223,14.726,15.112,1827440
10/29/2003,15.243,18.173,15.139,17.491,10182659
10/30/2003,17.069,17.197,16.606,16.912,4334868
10/31/2003,16.91,16.91,16.722,16.802,1353466
11/03/2003,16.994,18.073,16.906,17.898,4550605
11/04/2003,17.978,18.12,17.434,18.069,1449653
11/05/2003,17.898,17.999,17.243,17.585,1317783
11/06/2003,17.542,17.585,17.048,17.256,982192
11/07/2003,17.327,17.642,17.145,17.206,790294
11/10/2003,17.261,17.339,16.874,16.904,534762
11/11/2003,16.938,16.962,16.146,16.781,965568
11/12/2003,16.812,16.98,16.812,16.957,580119
11/13/2003,16.96,17.367,16.88,17.166,881757
11/14/2003,17.075,17.266,16.56,16.594,636403
11/17/2003,16.554,17.474,16.429,17.38,2271155
11/18/2003,17.599,17.952,17.357,17.424,2096881
11/19/2003,17.451,17.582,17.078,17.347,1814814
11/20/2003,17.209,18.166,16.595,17.793,4868285
11/21/2003,17.955,17.968,17.219,17.545,1116613
11/24/2003,17.804,18.539,17.75,18.472,2988181
11/25/2003,18.615,19.23,18.514,18.706,2678750
11/26/2003,19.057,19.145,18.667,18.993,1206491
11/28/2003,18.818,19.14,18.801,18.987,379391
12/01/2003,19.165,19.621,18.461,18.922,1524441
12/02/2003,18.965,19.108,18.84,18.928,792356
12/03/2003,19.015,19.361,18.567,18.604,1099096
12/04/2003,18.691,19.01,17.965,18.501,1260856
12/05/2003,18.364,18.432,17.98,18.194,699765
12/08/2003,18.2,18.605,17.91,18.049,1407603
12/09/2003,17.999,18.297,17.83,17.897,846896
12/10/2003,17.907,17.958,16.985,17.402,2028486
12/11/2003,17.37,18.462,17.292,18.231,1775447
12/12/2003,18.542,19.108,18.43,18.572,2284163
12/15/2003,19.06,19.128,17.938,18.101,2283588
12/16/2003,18.05,18.192,17.965,18.057,958164
12/17/2003,18.02,18.602,17.7,18.46,1827258
12/18/2003,18.642,18.831,18.204,18.465,1295859
12/19/2003,18.53,18.908,18.337,18.692,9358843
12/22/2003,18.911,18.979,18.03,18.406,2029418
12/23/2003,18.391,18.74,18.245,18.699,1394351
12/24/2003,18.616,18.667,18.267,18.304,661744
12/26/2003,18.389,18.47,18.263,18.308,335133
12/29/2003,18.363,18.659,18.336,18.631,1061215
12/30/2003,18.619,18.935,18.468,18.583,1107211
12/31/2003,18.843,19.021,18.467,18.474,895945
01/02/2004,18.651,18.739,18.124,18.253,1325958
01/05/2004,18.26,18.654,18.057,18.542,1422556
01/06/2004,18.478,19.897,18.293,19.558,3413166
01/07/2004,19.647,20.14,19.359,19.467,2135107
01/08/2004,19.486,19.846,19.327,19.679,1036696
01/09/2004,19.498,19.735,19.234,19.44,1286107
01/12/2004,19.444,19.518,19.223,19.494,924131
01/13/2004,19.467,19.732,19.088,19.301,1213781
01/14/2004,19.528,19.85,19.098,19.477,1515688
01/15/2004,19.484,19.708,19.196,19.498,1665741
01/16/2004,19.51,19.744,19.394,19.574,1013767
01/20/2004,19.61,19.65,19.003,19.44,1235444
01/21/2004,19.493,19.679,19.069,19.527,801536
01/22/2004,19.508,19.802,19.057,19.095,1146929
01/23/2004,19.073,19.344,18.533,18.641,1890001
01/26/2004,18.525,18.599,17.813,18.318,2698565
01/27/2004,18.221,18.319,17.852,17.906,1535579
01/28/2004,17.989,18.169,17.84,17.972,1307502
01/29/2004,17.953,18.096,17.712,17.997,1918753
01/30/2004,18.03,18.108,17.826,17.996,778569
02/02/2004,17.972,18.311,17.579,17.646,1495764
02/03/2004,17.629,17.65,17.046,17.124,2229077
02/04/2004,16.953,16.963,16.539,16.658,1747171
02/05/2004,16.758,17.161,16.639,16.839,1241047
02/06/2004,16.958,17.687,16.955,17.467,1747576
02/09/2004,17.716,17.729,17.397,17.401,827904
02/10/2004,17.434,17.75,17.37,17.672,1049531
02/11/2004,16.558,16.607,15.117,15.883,13229441
02/12/2004,16.439,16.737,16.066,16.242,3407435
02/13/2004,16.382,16.483,16.094,16.29,1434641
02/17/2004,16.446,16.463,16.141,16.158,959469
02/18/2004,16.131,16.137,15.836,15.971,1296533
02/19/2004,15.995,16.262,15.778,15.829,1211627
02/20/2004,15.78,15.837,15.576,15.678,1631140
02/23/2004,15.602,15.727,15.463,15.534,1813153
02/24/2004,15.737,15.761,15.381,15.646,1893539
02/25/2004,15.717,15.724,15.429,15.632,2230176
02/26/2004,15.707,15.758,15.578,15.619,1360891
02/27/2004,15.603,15.729,15.464,15.525,1095802
03/01/2004,15.707,15.73,15.383,15.73,1460099
03/02/2004,15.632,16.203,15.632,15.948,1168196
03/03/2004,15.832,16.08,15.537,15.741,677659
03/04/2004,15.632,15.937,15.595,15.775,452345
03/05/2004,15.722,15.807,15.512,15.61,735286
03/08/2004,15.185,15.581,15.046,15.205,4913176
03/09/2004,15.057,15.165,14.336,14.373,2219468
03/10/2004,14.324,14.781,13.95,14.279,2076284
03/11/2004,14.25,14.393,13.891,13.894,2236597
03/12/2004,13.913,14.242,13.801,14.018,2662733
03/15/2004,13.984,14.086,13.492,13.492,2557375
03/16/2004,13.682,13.767,13.496,13.513,2688625
03/17/2004,13.645,14.167,13.564,13.784,2437028
03/18/2004,13.776,13.85,13.596,13.738,1353879
03/19/2004,13.826,13.877,13.65,13.674,1452539
03/22/2004,13.637,13.694,13.494,13.579,1097918
03/23/2004,13.781,13.801,13.465,13.506,1325809
03/24/2004,13.554,14.476,13.496,14.398,2743374
03/25/2004,14.508,15.095,14.416,15.037,3652680
03/26/2004,14.918,15.105,14.678,14.678,1164896
03/29/2004,14.82,14.868,14.427,14.552,1955611
03/30/2004,14.5,15.035,14.377,15.018,1252357
03/31/2004,15.073,15.073,14.469,14.483,1526072
04/01/2004,14.523,14.628,14.33,14.378,4711476
04/02/2004,14.628,14.92,14.384,14.578,1768520
04/05/2004,14.578,14.625,14.279,14.5,1347760
04/06/2004,14.44,14.505,14.281,14.379,531730
04/07/2004,14.313,14.578,14.31,14.394,881101
04/08/2004,14.52,14.703,14.316,14.428,1109482
04/12/2004,14.296,14.588,14.235,14.3,695740
04/13/2004,14.325,14.359,13.671,13.769,1043758
04/14/2004,13.713,14.018,13.672,13.964,840612
04/15/2004,13.896,14.079,13.557,13.645,1009495
04/16/2004,13.547,13.723,13.496,13.618,1181299
04/19/2004,13.632,13.845,13.543,13.821,934305
04/20/2004,13.845,13.953,13.537,13.537,967203
04/21/2004,13.589,13.732,13.528,13.616,1052966
04/22/2004,13.564,13.726,13.388,13.655,1238713
04/23/2004,13.689,13.733,13.408,13.598,644687
04/26/2004,13.73,13.73,12.902,13.106,3067995
04/27/2004,13.277,13.457,13.148,13.338,1826688
04/28/2004,12.076,12.159,10.887,11.159,15267866
04/29/2004,11.265,11.397,11.092,11.204,3060352
04/30/2004,11.265,11.265,10.892,10.926,2846830
05/03/2004,11.021,11.037,10.712,10.742,2772016
05/04/2004,10.834,10.851,10.129,10.139,4854940
05/05/2004,10.18,10.322,10.142,10.22,4694138
05/06/2004,10.22,10.244,9.915,10.007,2431369
05/07/2004,10.027,10.122,9.966,9.996,2933883
05/10/2004,9.964,10.101,9.629,9.856,2040418
05/11/2004,9.917,10.032,9.869,9.944,2096966
05/12/2004,10.003,10.054,9.62,9.871,2840635
05/13/2004,9.815,9.907,9.71,9.808,1969962
05/14/2004,9.956,9.976,9.824,9.864,2032177
05/17/2004,9.703,9.798,9.503,9.659,1802335
05/18/2004,9.646,10.073,9.629,10.029,1808565
05/19/2004,10.23,10.8,10.169,10.468,3282891
05/20/2004,10.578,10.87,10.497,10.697,3377169
05/21/2004,10.865,11.125,10.769,11.037,2965446
05/24/2004,11.607,11.702,11.146,11.21,3359395
05/25/2004,11.334,11.67,11.134,11.629,2221554
05/26/2004,11.619,11.643,11.277,11.365,2085867
05/27/2004,11.419,11.819,11.419,11.616,2771014
05/28/2004,11.733,11.811,11.471,11.763,1262072
06/01/2004,11.619,11.867,11.619,11.802,1959459
06/02/2004,11.867,11.867,11.616,11.683,913718
06/03/2004,11.626,11.704,11.453,11.453,1014845
06/04/2004,11.541,11.67,11.388,11.46,950573
06/07/2004,11.692,12.001,11.502,11.909,1487580
06/08/2004,11.943,11.997,11.783,11.861,1527699
06/09/2004,11.729,11.865,11.607,11.648,1162568
06/10/2004,11.756,11.78,11.593,11.699,571758
06/14/2004,11.748,11.833,11.134,11.195,1662973
06/15/2004,11.147,11.389,11.097,11.358,1939593
06/16/2004,11.395,11.395,10.605,10.653,5416940
06/17/2004,10.759,10.759,10.386,10.451,2898509
06/18/2004,10.378,11.106,10.338,10.808,2245908
06/21/2004,10.844,10.946,10.573,10.593,827274
06/22/2004,10.609,11.175,10.558,11.127,1645050
06/23/2004,11.068,11.404,10.898,11.315,1343400
06/24/2004,11.382,11.789,11.287,11.663,2178355
06/25/2004,11.804,11.804,11.685,11.75,913696
06/28/2004,11.86,12.335,11.7,12.243,2975557
06/29/2004,12.209,12.3,11.948,12.121,2363807
06/30/2004,12.011,12.56,11.977,12.56,2052738
07/01/2004,12.361,12.375,11.708,11.786,4546691
07/02/2004,11.858,12.004,11.655,11.678,1441616
07/06/2004,11.668,11.973,11.556,11.824,1551990
07/07/2004,12.031,12.119,11.872,12.038,1333949
07/08/2004,12.068,12.265,11.872,11.967,1166112
07/09/2004,12.133,12.255,11.973,12.15,529480
07/12/2004,12.144,12.182,11.64,11.846,1082464
07/13/2004,11.797,12.089,11.797,12.048,894661
07/14/2004,11.984,12.055,11.834,11.922,1008590
07/15/2004,11.856,12.063,11.646,11.65,1184665
07/16/2004,11.543,11.871,11.401,11.573,1964504
07/19/2004,11.746,11.912,11.478,11.821,1234617
07/20/2004,11.906,11.929,11.668,11.861,1252834
07/21/2004,11.868,11.875,11.465,11.488,1215731
07/22/2004,11.526,11.746,11.197,11.522,1861335
07/23/2004,11.411,11.485,11.007,11.105,1125052
07/26/2004,11.176,11.309,11.021,11.132,1081275
07/27/2004,11.166,11.78,10.678,11.417,2935770
07/28/2004,12.682,13.37,11.882,12.797,14790902
07/29/2004,12.609,12.969,12.582,12.908,4136255
07/30/2004,12.901,13.04,12.708,12.725,3035085
08/02/2004,12.724,13.237,12.558,13.111,2488347
08/03/2004,12.926,13.113,12.567,12.672,1530967
08/04/2004,12.797,12.987,12.675,12.814,1603016
08/05/2004,12.765,12.955,12.579,12.623,1311808
08/06/2004,12.543,12.743,12.089,12.262,1769701
08/09/2004,12.034,12.414,11.98,12.173,889003
08/10/2004,12.267,12.867,12.219,12.84,1274891
08/11/2004,12.682,12.828,12.092,12.662,1658996
08/12/2004,12.457,12.545,12.002,12.273,3038429
08/13/2004,12.29,12.412,12.138,12.185,1197263
08/16/2004,12.428,12.428,12.163,12.275,1082325
08/17/2004,12.272,12.601,12.251,12.56,1609129
08/18/2004,12.54,12.886,12.394,12.855,1422934
08/19/2004,12.718,12.856,12.606,12.711,1297867
08/20/2004,12.757,13.034,12.584,12.936,873591
08/23/2004,13.001,13.069,12.763,12.841,1283118
08/24/2004,12.994,12.994,12.478,12.651,879135
08/25/2004,12.577,13.262,12.577,13.116,2628068
08/26/2004,13.057,13.135,12.924,13.104,1238139
08/27/2004,13.111,13.308,12.965,13.22,1047620
08/30/2004,13.097,13.613,12.921,13.498,2177493
08/31/2004,13.569,13.728,12.812,13.189,3303462
09/01/2004,13.082,13.377,12.852,13.021,905656
09/02/2004,13.007,13.564,12.936,13.544,1354073
09/03/2004,13.365,13.606,13.267,13.508,1292062
09/07/2004,13.535,13.908,13.521,13.803,1067129
09/08/2004,13.693,13.903,13.435,13.56,1513754
09/09/2004,13.552,13.796,13.463,13.559,1824214
09/10/2004,13.581,13.581,13.34,13.479,1410607
09/13/2004,13.496,13.642,13.282,13.564,1503799
09/14/2004,13.613,13.796,13.47,13.718,1711942
09/15/2004,13.752,13.752,13.243,13.294,2193133
09/16/2004,13.47,13.769,13.389,13.654,1366251
09/17/2004,13.743,14.004,13.73,13.943,1583863
09/20/2004,13.927,13.984,13.659,13.767,1675675
09/21/2004,13.784,13.896,13.679,13.828,843398
09/22/2004,13.766,13.803,13.47,13.572,1425705
09/23/2004,13.476,13.642,13.394,13.418,806276
09/24/2004,13.353,13.526,13.238,13.401,890392
09/27/2004,13.503,13.689,13.404,13.611,1005053
09/28/2004,13.479,13.686,13.414,13.632,876873
09/29/2004,13.584,14.438,13.527,14.398,2436133
09/30/2004,14.35,14.907,14.35,14.669,2737153
10/01/2004,14.761,15.005,14.615,15.001,1515613
10/04/2004,14.918,15.142,14.644,14.695,1405004
10/05/2004,14.723,14.961,14.672,14.92,1417913
10/06/2004,14.913,15.293,14.751,15.276,1822724
10/07/2004,15.023,15.397,14.854,15.332,1171615
10/08/2004,15.256,15.3,15.09,15.171,1145939
10/11/2004,15.246,15.544,15.215,15.517,1620325
10/12/2004,15.469,15.551,15.188,15.5,1165939
10/13/2004,15.447,15.756,15.352,15.553,1090974
10/14/2004,15.608,15.666,15.412,15.652,763405
10/15/2004,15.703,15.876,15.588,15.717,1246966
10/18/2004,15.792,15.792,15.208,15.31,1759330
10/19/2004,15.663,15.764,15.334,15.374,1152030
10/20/2004,15.452,15.714,15.13,15.585,913593
10/21/2004,15.588,15.778,15.425,15.697,928768
10/22/2004,15.641,15.956,15.607,15.705,1186621
10/25/2004,15.734,15.734,15.347,15.513,1445524
10/26/2004,15.509,16.237,15.322,16.183,1947721
10/27/2004,16.2,17.716,16.017,17.133,9776282
10/28/2004,17.494,17.531,16.71,16.785,3128910
10/29/2004,16.578,17.107,16.551,16.955,1368501
11/01/2004,16.904,17.273,16.853,17.026,1212237
11/02/2004,17.141,17.412,16.955,17.172,2195640
11/03/2004,17.3,17.511,17.229,17.358,1718103
11/04/2004,17.368,17.636,17.277,17.619,738795
11/05/2004,17.667,17.836,17.345,17.548,1427186
11/08/2004,17.487,17.813,17.487,17.521,747298
11/09/2004,17.601,17.845,17.523,17.726,751023
11/10/2004,17.857,17.999,17.697,17.88,1187454
11/11/2004,17.98,18.116,17.845,18.062,687503
11/12/2004,18.16,18.208,17.905,18.143,1019823
11/15/2004,18.182,18.335,18.019,18.294,1040887
11/16/2004,18.15,18.353,17.98,18.052,949596
11/17/2004,18.148,18.359,17.924,17.979,1108150
11/18/2004,18.006,18.083,17.158,17.646,2326545
11/19/2004,17.741,18.155,17.454,18.046,2268557
11/22/2004,18.079,18.97,18.039,18.892,3725353
11/23/2004,18.989,19.328,18.65,19.284,2524855
11/24/2004,19.33,19.564,19.215,19.455,1562911
11/26/2004,19.566,19.878,19.447,19.776,1358032
11/29/2004,20.01,20.05,19.538,19.897,2059301
11/30/2004,19.933,19.988,19.687,19.902,1013809
12/01/2004,20,20.19,19.885,20.1,1228430
12/02/2004,19.971,20.13,18.558,18.938,3914178
12/03/2004,18.794,19.205,18.162,19.16,3616796
12/06/2004,19.259,19.341,18.931,19.119,1991635
12/07/2004,19.183,19.183,18.577,18.741,1785755
12/08/2004,18.618,18.769,18.32,18.457,1249692
12/09/2004,18.962,19.42,18.64,19.287,2204673
12/10/2004,19.304,19.359,18.702,18.794,1075031
12/13/2004,18.981,19.371,18.813,19.357,1190677
12/14/2004,19.418,19.665,19.169,19.545,1157996
12/15/2004,19.55,19.642,19.239,19.468,940670
12/16/2004,19.502,19.612,18.743,18.825,1625831
12/17/2004,18.864,19.768,18.792,19.689,2893232
12/20/2004,19.709,20,19.371,19.689,1841219
12/21/2004,19.724,20.03,19.68,19.981,1069455
12/22/2004,20.06,20.51,19.807,20.51,3821338
12/23/2004,20.48,21.12,20.43,20.81,3879194
12/27/2004,21.1,21.21,20.82,20.93,1893298
12/28/2004,21.03,21.23,20.87,21.21,1321310
12/29/2004,21.1,21.21,20.85,20.95,1211176
12/30/2004,21.07,21.21,20.67,20.71,769599
12/31/2004,20.68,20.86,20.56,20.8,749315
01/03/2005,20.9,21.02,19.75,20.17,2890060
01/04/2005,20.38,20.47,19.168,19.357,3663950
01/05/2005,19.126,19.335,17.987,18.312,6522973
01/06/2005,18.326,18.456,17.966,18.237,2549512
01/07/2005,18.261,18.674,18.168,18.261,2428664
01/10/2005,18.153,18.252,17.698,17.763,2562059
01/11/2005,17.539,17.587,16.811,16.848,4806015
01/12/2005,17.141,17.427,16.667,17.171,6898621
01/13/2005,17.37,17.955,17.171,17.705,5531983
01/14/2005,17.855,18.074,17.554,17.972,1794616
01/18/2005,18.064,18.362,17.948,18.286,1841547
01/19/2005,18.333,18.398,17.75,17.925,2092452
01/20/2005,17.905,17.905,17.251,17.512,2508460
01/21/2005,17.518,17.919,17.166,17.218,2573748
01/24/2005,17.303,17.747,17.023,17.201,2235035
01/25/2005,17.248,17.621,17.029,17.238,1340483
01/26/2005,17.368,17.628,17.2,17.525,1214763
01/27/2005,17.534,17.534,17.106,17.503,1348698
01/28/2005,17.529,17.594,17.163,17.433,2266707
01/31/2005,18.129,19.6,18.091,18.81,6530817
02/01/2005,19.003,19.164,18.661,18.88,2243544
02/02/2005,18.721,19.784,18.71,19.757,2860477
02/03/2005,19.668,19.795,19.384,19.719,1427483
02/04/2005,19.73,19.798,19.319,19.487,1633875
02/07/2005,19.603,19.675,19.104,19.237,1208453
02/08/2005,19.36,19.788,19.117,19.552,2353047
02/09/2005,19.884,20.27,18.337,18.73,7238778
02/10/2005,18.827,19.079,18.447,18.68,2941308
02/11/2005,18.574,18.909,18.31,18.868,1410273
02/14/2005,18.914,19.085,18.561,18.852,1935702
02/15/2005,18.883,19.02,18.545,18.811,1430481
02/16/2005,18.787,18.972,18.757,18.873,713844
02/17/2005,18.815,18.982,18.743,18.811,1336840
02/18/2005,18.75,18.839,18.079,18.192,2149058
02/22/2005,17.98,18.093,17.481,17.481,2835751
02/23/2005,17.512,17.72,17.279,17.477,1808392
02/24/2005,17.442,17.705,17.24,17.503,1517429
02/25/2005,17.515,17.72,17.228,17.638,1212075
02/28/2005,17.611,18.073,17.464,17.529,1491898
03/01/2005,17.611,17.908,17.356,17.58,1043207
03/02/2005,17.553,17.703,17.365,17.406,849133
03/03/2005,17.438,17.578,16.901,17.435,2184484
03/04/2005,17.467,18.432,17.443,17.765,2996133
03/07/2005,17.844,18.322,17.748,18.038,1856107
03/08/2005,17.951,18.259,17.708,17.708,931418
03/09/2005,17.737,17.956,17.45,17.512,817706
03/10/2005,17.679,17.679,17.087,17.289,1773069
03/11/2005,17.42,17.663,17.009,17.08,1894645
03/14/2005,17.118,17.252,16.94,17.149,856419
03/15/2005,17.188,17.202,15.831,16.415,4411765
03/16/2005,16.079,16.393,15.918,16.051,2100807
03/17/2005,15.997,16.988,15.826,16.557,3125553
03/18/2005,16.451,16.824,16.294,16.486,1854929
03/21/2005,16.559,16.71,16.351,16.378,1293443
03/22/2005,16.417,16.578,15.945,16.079,1674402
03/23/2005,15.985,16.412,15.923,16.309,971359
03/24/2005,16.415,16.508,16.19,16.214,1305338
03/28/2005,16.183,16.183,14.909,15.255,4211922
03/29/2005,15.165,15.528,14.964,15.336,2275982
03/30/2005,15.393,15.656,15.393,15.625,1574404
03/31/2005,15.695,16.01,15.61,15.839,1709039
04/01/2005,16.029,16.166,15.297,15.393,1765702
04/04/2005,15.398,15.644,15.162,15.555,1496865
04/05/2005,15.542,15.774,15.432,15.74,906844
04/06/2005,15.861,16.101,15.725,15.827,1679491
04/07/2005,15.742,15.766,15.451,15.55,3222428
04/08/2005,15.656,15.899,15.567,15.66,1250020
04/11/2005,15.738,15.783,15.4,15.564,921419
04/12/2005,15.472,15.783,15.256,15.783,1205374
04/13/2005,15.906,16.005,15.718,15.755,1316370
04/14/2005,15.887,15.962,15.405,15.446,1145032
04/15/2005,15.342,15.516,14.876,14.907,2675873
04/18/2005,14.864,15.111,14.519,14.676,3188019
04/19/2005,14.77,14.993,14.589,14.75,1527887
04/20/2005,14.839,15.167,14.712,14.712,2022861
04/21/2005,14.904,15.03,14.716,14.952,2182343
04/22/2005,14.893,14.986,14.702,14.798,1928314
04/25/2005,14.94,15.025,14.837,14.981,906000
04/26/2005,15.051,15.277,14.856,14.887,2188775
04/27/2005,14.109,14.57,13.65,14.444,8365098
04/28/2005,14.36,14.36,13.778,13.864,3926081
04/29/2005,13.926,14.09,13.358,13.505,3669491
05/02/2005,13.671,14.044,13.503,13.849,2241947
05/03/2005,13.91,14.037,13.749,13.931,1097851
05/04/2005,14.042,14.104,13.713,13.912,1125139
05/05/2005,14.035,14.042,13.71,13.939,1661510
05/06/2005,14.103,14.339,13.953,14.339,1236346
05/09/2005,14.345,14.365,14.006,14.16,1174748
05/10/2005,14.093,14.586,14.028,14.565,1908820
05/11/2005,14.522,14.984,14.474,14.81,1889252
05/12/2005,14.95,14.96,14.43,14.526,1453699
05/13/2005,14.536,14.765,14.468,14.611,805912
05/16/2005,14.794,14.839,14.216,14.438,1369210
05/17/2005,14.474,14.516,14.293,14.468,840255
05/18/2005,14.463,15.317,14.463,15.071,3103879
05/19/2005,15.177,15.246,14.962,15,1858428
05/20/2005,15.056,15.22,14.981,15.186,777032
05/23/2005,15.379,15.512,15.154,15.495,1619946
05/24/2005,15.393,15.523,14.924,15.047,2555874
05/25/2005,15.152,15.152,14.663,14.738,1039957
05/26/2005,14.743,15.218,14.692,14.986,1579852
05/27/2005,15.045,15.275,14.925,15.214,1748273
05/31/2005,15.244,15.436,15.1,15.169,750254
06/01/2005,15.256,15.434,15.085,15.3,1035481
06/02/2005,15.442,15.46,15.07,15.135,1004549
06/03/2005,15.163,15.201,14.829,14.873,823086
06/06/2005,14.923,15.088,14.776,14.819,747676
06/07/2005,14.804,14.839,14.432,14.545,1961444
06/08/2005,14.445,14.74,14.425,14.466,1112767
06/09/2005,14.645,14.656,14.197,14.43,1274742
06/10/2005,14.375,14.505,14.208,14.283,1094664
06/13/2005,14.321,14.457,14.259,14.43,1200313
06/14/2005,14.492,14.564,14.334,14.351,1020181
06/15/2005,14.507,14.507,14.302,14.397,1029721
06/16/2005,14.44,15.097,14.389,15.042,1364761
06/17/2005,15.061,15.232,14.756,15.212,2473857
06/20/2005,15.213,15.316,14.909,15.094,1077840
06/21/2005,15.107,15.124,14.642,14.823,1170577
06/22/2005,14.919,14.974,14.591,14.923,715302
06/23/2005,15.07,15.073,14.451,14.505,1274918
06/24/2005,14.432,14.493,14.103,14.138,1664472
06/27/2005,14.062,14.394,14.042,14.045,1586769
06/28/2005,14.083,14.367,14.059,14.206,1877489
06/29/2005,14.213,14.493,14.162,14.469,1054785
06/30/2005,14.625,14.823,14.536,14.625,1997120
07/01/2005,14.736,15.071,14.671,14.941,2306002
07/05/2005,15.018,15.155,14.834,15.111,1283225
07/06/2005,15.09,16.523,15.063,16.482,4689650
07/07/2005,16.082,16.486,16.058,16.239,2207182
07/08/2005,16.243,16.722,16.085,16.554,2045857
07/11/2005,16.126,16.54,16.109,16.157,2997721
07/12/2005,16.205,16.328,15.832,16.222,1736010
07/13/2005,16.282,16.631,16.203,16.258,1066444
07/14/2005,16.421,16.581,16.277,16.441,624303
07/15/2005,16.609,17.289,16.571,17.252,3506154
07/18/2005,17.221,17.221,16.612,17.112,1789455
07/19/2005,17.146,17.358,16.784,17.303,1320349
07/20/2005,17.248,18.087,17.176,17.96,2266255
07/21/2005,17.893,18.194,17.612,17.794,1405889
07/22/2005,17.777,17.941,17.455,17.527,1211165
07/25/2005,17.772,17.789,17.392,17.539,804053
07/26/2005,17.637,18.194,17.531,17.982,2011962
07/27/2005,19.519,19.628,18.535,18.795,12484776
07/28/2005,18.936,18.95,18.502,18.659,1909051
07/29/2005,18.786,18.923,18.584,18.762,1634741
08/01/2005,18.851,18.984,18.625,18.854,1201668
08/02/2005,18.784,18.989,18.572,18.716,1418673
08/03/2005,18.586,18.753,18.298,18.486,1601393
08/04/2005,18.391,18.528,17.755,17.867,2196392
08/05/2005,17.876,18.481,17.784,18.143,1610164
08/08/2005,18.285,18.469,18.165,18.356,1547450
08/09/2005,18.457,18.871,18.444,18.813,1852192
08/10/2005,18.81,19.083,18.81,18.875,2282232
08/11/2005,19.018,19.487,18.984,19.408,1960210
08/12/2005,19.374,19.425,19.022,19.23,1796793
08/15/2005,19.215,19.454,19.065,19.413,1211210
08/16/2005,19.406,19.41,18.627,18.746,1902288
08/17/2005,18.712,18.969,18.681,18.787,1117217
08/18/2005,18.758,19.076,18.683,18.83,1536742
08/19/2005,18.817,19.08,18.652,19.046,1285029
08/22/2005,19.148,19.323,19.025,19.152,1021020
08/23/2005,19.172,19.412,19.172,19.275,1274056
08/24/2005,19.294,19.709,19.041,19.14,1379090
08/25/2005,19.056,19.637,19.056,19.196,765517
08/26/2005,19.153,19.344,18.999,19.017,1088234
08/29/2005,19.018,19.234,18.871,19.104,1062705
08/30/2005,18.972,19.359,18.972,19.328,1234050
08/31/2005,19.314,19.8,19.249,19.8,1755198
09/01/2005,19.783,20.13,19.667,20.11,1818193
09/02/2005,20.01,20.5,19.99,20.32,1449776
09/06/2005,20.45,20.52,20.32,20.51,1091701
09/07/2005,20.39,20.54,20.39,20.51,860849
09/08/2005,20.64,20.84,20.55,20.76,1784854
09/09/2005,20.65,21.39,20.64,21.34,2913916
09/12/2005,21.37,21.71,21.31,21.63,1807320
09/13/2005,21.56,22.23,21.4,22.11,4020550
09/14/2005,22.09,22.21,21.66,21.89,2328517
09/15/2005,21.93,22.21,21.92,22.17,1831265
09/16/2005,22.08,22.97,22.05,22.89,3770413
09/19/2005,22.94,23.05,22.84,23.03,3085108
09/20/2005,23.05,23.22,22.61,22.64,3208789
09/21/2005,22.66,22.71,21.15,21.57,5520492
09/22/2005,21.55,21.62,20.92,21.07,3456224
09/23/2005,21.37,21.7,21.22,21.27,2535628
09/26/2005,21.34,21.95,20.76,21.06,2839842
09/27/2005,21.21,21.75,20.78,21.44,3601481
09/28/2005,21.41,21.91,20.78,21.25,2785057
09/29/2005,21.27,23.04,21.26,22.8,5385138
09/30/2005,22.93,23.25,22.7,23.15,4078607
10/03/2005,23.51,24.09,23.27,24.08,4494788
10/04/2005,24.07,24.16,23.55,23.74,2964450
10/05/2005,23.59,23.61,22.59,22.73,3127668
10/06/2005,22.79,23.08,22.44,22.66,2775679
10/07/2005,22.66,22.88,22.57,22.59,1720994
10/10/2005,22.71,22.81,22.32,22.41,1523256
10/11/2005,22.45,22.65,21.8,22.25,4474423
10/12/2005,22.26,22.28,21.21,21.39,3212834
10/13/2005,21.46,21.99,20.92,21.34,3779264
10/14/2005,21.53,21.88,20.88,21.85,2323694
10/17/2005,21.94,22.06,21.45,21.55,1043276
10/18/2005,21.55,21.95,21.1,21.61,1853045
10/19/2005,21.59,22.14,21.21,22.13,1977046
10/20/2005,21.72,22.43,21.71,21.96,2455307
10/21/2005,22.21,22.46,21.89,22.44,2442976
10/24/2005,22.49,23.12,21.99,23.09,2273741
10/25/2005,23.25,23.27,22.81,23.07,2622243
10/26/2005,22.56,22.57,19.41,20.35,17946634
10/27/2005,20.02,20.24,18.998,19.306,5824938
10/28/2005,19.598,19.978,19.03,19.523,4109732
10/31/2005,19.832,20.1,19.333,19.634,3285207
11/01/2005,19.689,19.843,19.121,19.213,2944963
11/02/2005,19.218,19.242,18.859,18.924,3747045
11/03/2005,19.222,19.755,19.222,19.745,3580410
11/04/2005,19.822,19.887,19.186,19.401,2394271
11/07/2005,19.4,19.632,18.51,18.75,4254760
11/08/2005,18.582,19.074,18.579,18.698,2232827
11/09/2005,18.875,19.1,18.796,19.011,1560404
11/10/2005,19.111,19.596,18.854,19.535,1990084
11/11/2005,19.533,19.837,19.359,19.591,1934237
11/14/2005,19.632,20.18,19.605,19.827,2212905
11/15/2005,20.03,20.16,19.489,19.608,2195948
11/16/2005,19.644,19.836,19.607,19.737,1206317
11/17/2005,19.837,20.19,19.636,20.18,1449142
11/18/2005,20.38,21.16,20.23,20.92,5012146
11/21/2005,21.1,21.21,20.74,21.16,1985208
11/22/2005,21.12,21.17,20.27,21.1,2832423
11/23/2005,21.14,21.14,19.98,20.44,2829930
11/25/2005,20.43,20.57,20.01,20.44,934959
11/28/2005,20.44,20.6,19.666,19.749,2803182
11/29/2005,20.09,20.23,19.195,19.25,2810022
11/30/2005,19.233,19.284,18.619,19.012,4546542
12/01/2005,19.159,19.842,19.048,19.41,3536545
12/02/2005,19.314,20.011,19.314,19.98,2883063
12/05/2005,20.63,21.04,20.15,20.37,3236530
12/06/2005,20.41,20.62,20.02,20.08,1978440
12/07/2005,20.03,20.53,19.866,20.48,2339257
12/08/2005,20.65,20.89,20.27,20.32,2243083
12/09/2005,20.29,20.46,19.98,20.11,1517511
12/12/2005,20.55,21.05,20.44,20.99,2789947
12/13/2005,20.99,22.02,20.89,21.92,5421477
12/14/2005,22.01,22.05,21.54,21.89,2381559
12/15/2005,22.08,22.1,21.34,21.46,2069088
12/16/2005,21.33,21.4,20.99,21.05,5028324
12/19/2005,21.05,21.52,21.05,21.16,2528598
12/20/2005,21.31,21.33,20.91,21.17,2138053
12/21/2005,21.2,21.89,20.9,21.73,2438550
12/22/2005,21.69,23.75,21.65,23.54,11280023
12/23/2005,23.57,23.71,22.95,23.65,4006260
12/27/2005,23.6,23.69,22.74,22.91,1776789
12/28/2005,22.92,22.98,22.46,22.66,1943595
12/29/2005,22.6,22.63,22.11,22.37,1888864
12/30/2005,22.2,23.8,22.02,22.86,5199752
01/03/2006,23.1,23.33,22.59,23.24,3102012
01/04/2006,22.52,22.66,21.67,22.61,7090295
01/05/2006,22.64,22.75,21.93,22.06,3089075
01/06/2006,22.25,23.09,21.96,23.03,3187201
01/09/2006,23.12,23.52,22.67,23.09,2771990
01/10/2006,23.04,23.19,22.12,22.33,3135743
01/11/2006,22.38,22.74,21.86,22.03,4336248
01/12/2006,21.98,22.28,21.49,21.98,3219348
01/13/2006,22.01,22.21,21.11,21.7,4168293
01/17/2006,21.7,21.79,21.03,21.2,2109529
01/18/2006,20.73,21.35,20.67,21.17,3128232
01/19/2006,21.14,21.36,20.67,21.01,4061308
01/20/2006,20.86,21.34,20.52,20.64,3333490
01/23/2006,20.66,21.1,20.66,21.06,2981151
01/24/2006,21.06,22.32,21.06,22.2,5374907
01/25/2006,22.22,22.6,21.5,21.75,3812019
01/26/2006,21.18,22.05,21.11,21.82,2511631
01/27/2006,21.77,22.85,21.74,22.16,2602165
01/30/2006,22.32,22.54,21.8,21.88,1606721
01/31/2006,22.03,22.03,21.31,21.42,1309091
02/01/2006,21.3,21.61,21.08,21.46,1416490
02/02/2006,21.67,22.6,21.67,22.22,6468800
02/03/2006,22.14,22.8,21.85,22.07,5674431
02/06/2006,22.02,22.05,21.57,21.64,1807770
02/07/2006,21.77,22.08,21.02,21.18,2194207
02/08/2006,21.24,21.37,20.7,20.95,2289168
02/09/2006,21.23,22.7,21.18,22.69,3972844
02/10/2006,22.54,23.06,22.34,22.92,2171773
02/13/2006,23.09,23.46,23.02,23.46,2979427
02/14/2006,23.46,23.46,22.85,23.07,1925691
02/15/2006,23.11,23.11,22.59,22.74,1512416
02/16/2006,22.8,23.05,22.4,22.57,1881262
02/17/2006,22.66,23.02,22.48,22.52,2132121
02/21/2006,22.6,23.11,22.54,22.77,3638410
02/22/2006,24.27,24.52,21.99,22.44,24944594
02/23/2006,22.7,22.95,22.41,22.56,4685532
02/24/2006,22.67,23.13,22.45,23.1,3279686
02/27/2006,23.79,24.29,23.59,24.24,4232428
02/28/2006,24.15,24.28,23.51,23.74,2017301
03/01/2006,23.96,24.16,23.4,24.03,2642921
03/02/2006,24.11,25.08,23.83,25.08,4258305
03/03/2006,25.03,25.87,24.88,25.54,5491520
03/06/2006,25.64,26.46,25.64,25.95,5238708
03/07/2006,25.87,26.05,25,25.49,3156296
03/08/2006,25.27,25.94,24.86,25.85,3190199
03/09/2006,25.95,26.45,25.52,26,3249964
03/10/2006,25.88,26,25.63,25.78,1086225
03/13/2006,25.85,26.04,25.66,25.72,1523627
03/14/2006,25.77,26.23,25.57,25.96,2009663
03/15/2006,25.98,26.74,25.91,26.57,3127381
03/16/2006,26.69,26.77,26.2,26.44,1712581
03/17/2006,26.39,26.89,26.39,26.6,2463956
03/20/2006,26.88,27.48,26.71,27.38,3158817
03/21/2006,27.39,28.15,27.12,27.96,4058541
03/22/2006,27.91,27.91,27.61,27.85,2057791
03/23/2006,27.8,27.8,27.12,27.53,1413979
03/24/2006,27.6,28.18,27.38,28.13,1619384
03/27/2006,28.25,29.04,28.22,29.04,4231093
03/28/2006,29.2,29.26,27.91,28.1,4052125
03/29/2006,28.35,28.62,28.01,28.07,2847513
03/30/2006,28,28.07,26.77,27.26,4350355
03/31/2006,26.93,27.75,26.92,27.41,3872123
04/03/2006,27.67,28.86,27.6,27.97,4542545
04/04/2006,28.15,28.3,27.64,27.98,1275582
04/05/2006,27.9,28.47,27.7,28.15,1494609
04/06/2006,28.06,28.65,28.05,28.43,1471255
04/07/2006,28.47,28.99,28.19,28.42,2425546
04/10/2006,28.44,28.67,27.75,28.35,2237551
04/11/2006,28.5,28.64,28.27,28.5,1073584
04/12/2006,28.48,29.18,28.2,29.1,2217353
04/13/2006,28.99,30.16,28.97,30.02,4020146
04/17/2006,29.84,30.22,29.55,29.66,2535168
04/18/2006,29.79,30.46,29.7,30.35,2328902
04/19/2006,30.45,30.74,30.02,30.36,2957631
04/20/2006,30.35,30.51,30.05,30.22,1187306
04/21/2006,30.55,30.69,29.57,29.67,1647899
04/24/2006,29.93,30.03,29.52,29.7,1773361
04/25/2006,29.93,30.36,29.77,30.04,4093115
04/26/2006,29.86,30.28,29.5,30.07,1901745
04/27/2006,29.24,30.5,27.72,30.45,2992424
04/28/2006,30.67,30.67,29.72,29.79,1955211
05/01/2006,30.51,30.87,29.84,30.17,2714047
05/02/2006,30.54,30.54,29.91,30.33,2182839
05/03/2006,33.45,34.1,32.5,33.27,16706003
05/04/2006,33.31,33.43,32.62,33.17,3049883
05/05/2006,33.49,33.5,32.65,32.65,2639623
05/08/2006,32.78,33.48,32.63,33.08,3478798
05/09/2006,33.01,33.73,33,33.7,2679665
05/10/2006,33.73,33.84,33.11,33.48,2747013
05/11/2006,33.68,35.14,33.22,33.45,4430893
05/12/2006,33.24,33.91,32.52,32.67,2376227
05/15/2006,32.36,32.85,30.64,31.8,3360543
05/16/2006,31.94,32.66,31.78,32.16,1709949
05/17/2006,32.24,32.29,30.16,30.23,3630198
05/18/2006,30.46,31.13,29.42,29.84,3640867
05/19/2006,29.84,30.86,29.71,30.79,3348407
05/22/2006,30.81,31.48,29.04,29.42,3818078
05/23/2006,29.77,30.58,29.7,30.05,2540958
05/24/2006,30.08,30.81,29.94,30.6,3226487
05/25/2006,31.03,31.47,30.83,31.4,3053903
05/26/2006,31.82,32.42,31.51,32.37,2148715
05/30/2006,32.39,32.8,31.56,31.86,4013341
05/31/2006,31.92,32.6,30.82,32.19,4579122
06/01/2006,32.09,33.54,31.95,33.51,3165961
06/02/2006,33.73,33.9,33.03,33.56,2424067
06/05/2006,33.58,33.73,32.21,32.41,1773521
06/06/2006,32.41,32.96,31.35,31.88,3164740
06/07/2006,32.07,32.85,31.91,32.03,2885780
06/08/2006,31.8,31.91,30.7,31.57,4930136
06/09/2006,32.07,32.52,31.16,31.21,2759014
06/12/2006,32.01,32.09,30.65,30.9,3042212
06/13/2006,30.71,30.89,27.81,28.83,8365889
06/14/2006,28.83,31.04,28.83,30.94,7201226
06/15/2006,31.33,32.77,30.99,32.31,6314888
06/16/2006,32.31,32.41,31.75,32.09,3970859
06/19/2006,32.68,33.21,32.44,32.55,4474094
06/20/2006,32.58,32.58,31.19,32.13,3688519
06/21/2006,32.37,34.2,32,33.42,5406759
06/22/2006,34.11,34.34,33,34.14,5779294
06/23/2006,34.29,35.09,33.53,33.9,5245770
06/26/2006,34.45,34.51,33.47,34.12,4070510
06/27/2006,34.3,34.71,33.42,33.49,3740106
06/28/2006,33.92,35.29,33.82,35.29,5991476
06/29/2006,35.56,37.25,35.13,37.09,9292174
06/30/2006,37.58,37.75,36.01,36.4,5482651
07/03/2006,36.67,36.92,36.37,36.74,2404105
07/05/2006,36.58,36.61,35.62,35.96,3486967
07/06/2006,36.2,37.33,35.96,36.75,4456658
07/07/2006,36.12,36.2,33.71,34.17,14008762
07/10/2006,34.7,34.98,33.33,33.74,5918387
07/11/2006,33.62,35.4,33.47,35.37,4455695
07/12/2006,35.14,35.14,33.77,33.95,4668391
07/13/2006,33.27,34.51,32.79,33.73,5771978
07/14/2006,33.52,34.29,32.76,33.56,4208496
07/17/2006,33.47,34.66,33.31,34.24,3657681
07/18/2006,34.5,35.2,34.09,34.9,3990023
07/19/2006,34.98,35.32,34.24,34.86,2779357
07/20/2006,35,35.18,33.45,33.55,2800623
07/21/2006,33.36,33.71,32.8,32.86,3872237
07/24/2006,33.23,34.85,33.01,34.56,4226878
07/25/2006,34.77,34.84,33.82,34.64,2825928
07/26/2006,33.99,34.6,33.8,34.06,3320137
07/27/2006,33.86,33.86,31.75,32.07,10992717
07/28/2006,32.16,32.89,31.8,31.9,5774497
07/31/2006,32.26,33.1,32.05,32.81,4973295
08/01/2006,32.04,32.04,30.59,31.04,12154285
08/02/2006,33.69,34.11,29.74,30.39,43043152
08/03/2006,30.36,31.81,29.86,30.61,14711917
08/04/2006,31.19,31.32,29.31,29.92,10812972
08/07/2006,30.36,30.76,30.02,30.48,5055574
08/08/2006,30.65,30.79,29.84,30.07,4261737
08/09/2006,30.41,30.64,29.36,29.58,3762253
08/10/2006,29.84,30.24,29.46,30.1,2686754
08/11/2006,30.15,30.7,29.71,30.66,3121117
08/14/2006,30.82,31.29,30.09,30.09,3485055
08/15/2006,30.52,31.18,30.26,30.84,4483586
08/16/2006,31.71,32.16,31.06,31.97,3455174
08/17/2006,32.31,32.93,32.03,32.16,3505529
08/18/2006,32.22,32.31,31.42,31.88,2325824
08/21/2006,31.81,32.11,30.91,31.84,2051772
08/22/2006,31.38,32.08,31.16,31.65,2550783
08/23/2006,31.75,31.94,30.83,31,1170836
08/24/2006,31.2,31.24,29.98,30.3,2351990
08/25/2006,30.34,31.04,30.1,30.53,1510918
08/28/2006,30.62,31.36,30.36,31.26,1771404
08/29/2006,31.43,31.43,30.71,31.27,1701582
08/30/2006,31.43,32.26,31.39,32.26,2358402
08/31/2006,32.53,32.77,31.76,32.3,3280468
09/01/2006,31.94,32.5,31.77,32.41,2018399
09/05/2006,32.55,33.08,32.18,32.98,2595842
09/06/2006,32.73,32.73,31.07,31.18,3188128
09/07/2006,31.05,31.11,29.26,29.39,6951339
09/08/2006,29.67,30.98,29.55,29.79,5333981
09/11/2006,29.51,29.88,28.46,29.11,4645024
09/12/2006,29.04,29.68,28.64,29.6,3672449
09/13/2006,29.71,30.23,29.48,29.87,2350122
09/14/2006,29.94,30.4,29.48,30.35,3047774
09/15/2006,30.58,30.66,29.85,30.01,5538966
09/18/2006,30.22,30.81,30.02,30.58,2666323
09/19/2006,30.36,30.4,29.33,29.75,2796203
09/20/2006,29.96,30.92,29.7,30.65,3232152
09/21/2006,30.89,31.11,30.42,30.78,3077378
09/22/2006,30.84,30.87,30.02,30.27,4299958
09/25/2006,30.59,31.19,29.98,31.08,2884567
09/26/2006,31.1,31.33,30.45,31.26,3079643
09/27/2006,31.47,33.08,31.41,32.68,6321128
09/28/2006,32.54,33.64,32,33.48,4880631
09/29/2006,33.37,34.06,33.33,33.66,3994061
10/02/2006,33.61,33.61,32.79,33.1,3077856
10/03/2006,33.18,33.18,31.96,32.53,3484020
10/04/2006,32.44,33.84,32.27,33.84,2809037
10/05/2006,33.84,34.47,33.54,34.16,4029849
10/06/2006,34.28,34.7,33.77,34.26,3218063
10/09/2006,34.18,35.03,33.97,34.78,2083317
10/10/2006,34.66,35.2,34.4,34.95,2337236
10/11/2006,34.71,35.32,33.87,34.64,2922886
10/12/2006,34.91,35.45,34.56,35.03,2496908
10/13/2006,35.13,35.33,34.83,35.22,1958909
10/16/2006,35.32,35.67,35.07,35.16,2392498
10/17/2006,34.92,35.11,34.14,34.98,2081366
10/18/2006,35.45,35.49,34.18,34.23,1872123
10/19/2006,34.09,34.11,32.86,34.09,4135834
10/20/2006,34.21,34.24,33.37,33.77,4049989
10/23/2006,35.19,35.2,34.06,34.41,4116309
10/24/2006,34.5,35.18,34.24,34.93,2153743
10/25/2006,35.29,36.57,35.26,36.51,3608397
10/26/2006,37.48,38.01,36.58,37.85,4547932
10/27/2006,37.62,38.37,36.16,36.47,4483163
10/30/2006,36.57,37.29,36.02,36.24,3694540
10/31/2006,36.53,37.06,36.02,36.89,4856809
11/01/2006,32.14,32.44,30.92,31.02,37888910
11/02/2006,31.45,32.38,30.71,32.1,12555603
11/03/2006,32.25,32.67,31.64,32.13,5714277
11/06/2006,32.7,33.32,32.13,32.57,4218588
11/07/2006,32.67,33.11,32.43,32.46,3483550
11/08/2006,32.24,33.07,32.2,32.8,3029503
11/09/2006,32.99,33.04,32.18,32.48,3119719
11/10/2006,32.54,32.54,31.79,31.94,3265610
11/13/2006,31.91,32.26,31.57,32.22,2484696
11/14/2006,32.16,33.3,31.95,33.29,2924418
11/15/2006,33.32,34.04,33.09,33.85,2677894
11/16/2006,34.15,34.91,34.01,34.85,4013903
11/17/2006,34.75,34.83,34.05,34.58,2541522
11/20/2006,34.26,34.5,33.52,33.81,3198128
11/21/2006,33.81,34.23,33.31,33.55,2274259
11/22/2006,33.75,34.52,33.18,33.98,2685376
11/24/2006,33.71,34.37,33.55,33.81,1009312
11/27/2006,34.5,34.75,33.32,33.66,2820702
11/28/2006,33.68,33.85,33.21,33.55,1914450
11/29/2006,34.53,35.16,34.05,35.08,4285301
11/30/2006,35.07,35.64,35.07,35.45,2524480
12/01/2006,35.22,35.35,34.42,34.82,2040750
12/04/2006,35.14,35.28,34.93,35.07,2816850
12/05/2006,35.71,35.76,35.38,35.45,3111975
12/06/2006,35.43,35.74,35.15,35.49,1782783
12/07/2006,34.71,35.14,34.05,34.55,3708964
12/08/2006,34.54,34.72,33.63,34.69,3018361
12/11/2006,35.08,35.51,34.86,35.03,2949857
12/12/2006,35.01,36.16,34.9,35.88,4125328
12/13/2006,35.94,36.89,35.9,36.79,4734164
12/14/2006,36.96,37.73,36.82,37.25,3805572
12/15/2006,37.13,38.35,37.11,38.27,6840294
12/18/2006,38.29,38.85,37.99,38.59,4505777
12/19/2006,38.22,38.64,36.26,38.39,5967021
12/20/2006,38.01,38.61,37.5,38.05,2300426
12/21/2006,37.96,38.51,37.59,38.12,2908892
12/22/2006,38.23,38.61,37.77,38.43,2501211
12/26/2006,38.29,38.43,37.88,38.3,1531659
12/27/2006,38.58,38.94,38.35,38.51,2050140
12/28/2006,38.72,39.59,38.48,39.22,3443135
12/29/2006,39.16,39.66,38.73,38.81,2410886
01/03/2007,38.87,39.52,37.72,38.89,4582627
01/04/2007,38.64,39,37.92,38.39,2536653
01/05/2007,38.1,38.34,37.47,38.27,2962429
01/08/2007,38.01,38.03,37.01,37.66,2569565
01/09/2007,36.27,36.93,35.15,36.19,6981000
01/10/2007,35.61,36.68,35.56,36.47,3007132
01/11/2007,36.87,36.89,36.13,36.28,2889372
01/12/2007,36.13,36.68,35.92,36.48,1747858
01/16/2007,36.3,36.39,35.86,36.36,2842952
01/17/2007,36.03,36.62,35.93,36.38,2827179
01/18/2007,36.17,36.23,34.63,34.94,3226907
01/19/2007,34.81,35.58,34.36,34.5,3289607
01/22/2007,34.5,34.52,33.77,34.39,2974551
01/23/2007,34.41,35.2,34.41,34.9,1930786
01/24/2007,35.15,35.27,34.86,35.16,1600974
01/25/2007,35.01,35.06,34.34,34.66,1642411
01/26/2007,34.55,34.85,33.86,34.5,1938291
01/29/2007,34.5,35.08,34.03,34.8,1687606
01/30/2007,34.83,34.83,34.06,34.3,1817537
01/31/2007,34.75,35.23,34.41,35.02,2341780
02/01/2007,35.11,35.59,34.59,34.66,1761458
02/02/2007,34.79,35.88,34.79,35.66,2117909
02/05/2007,35.67,35.78,35.16,35.48,1310360
02/06/2007,35.56,36.05,35.1,35.52,1282370
02/07/2007,35.63,36.08,35.4,36.05,2217794
02/08/2007,35.98,37.06,35.98,37.01,2424866
02/09/2007,37.06,37.13,36.23,36.45,2214016
02/12/2007,35.91,36.57,35.63,36.15,3738895
02/13/2007,36.34,36.91,36.19,36.73,3726494
02/14/2007,40.61,41.34,38.42,39.74,27911187
02/15/2007,39.64,40.75,39.2,39.43,5714372
02/16/2007,39.34,39.38,38.19,38.87,4739307
02/20/2007,39.61,41,39.34,40.21,6784606
02/21/2007,40.42,40.73,39.61,39.85,3272896
02/22/2007,40.07,40.39,39.11,39.53,3002429
02/23/2007,39.74,40.31,39.65,40.07,2264054
02/26/2007,40.56,41.21,39.59,39.92,2377109
02/27/2007,38.94,39.25,37.78,37.78,2260563
02/28/2007,38.32,38.87,37.7,38.17,2009652
03/01/2007,37.06,38.19,36.28,37.56,2114850
03/02/2007,37.39,37.63,36.27,36.29,1870708
03/05/2007,36.01,36.65,35.64,35.73,2996898
03/06/2007,36.6,37.17,36.3,36.74,2566842
03/07/2007,36.77,36.86,35.66,36.03,3280125
03/08/2007,36.69,37.14,36.43,36.75,2825635
03/09/2007,37.23,37.39,36.32,36.59,1833003
03/12/2007,36.64,37.18,36.42,37.17,1299321
03/13/2007,36.81,37.34,36.62,36.62,3055804
03/14/2007,36.52,37.4,36.38,37.24,2383431
03/15/2007,36.99,37.64,36.96,37.35,2332858
03/16/2007,37.29,38.04,37.2,37.53,2890091
03/19/2007,37.82,38.23,37.54,38,2300931
03/20/2007,38.18,38.38,38.03,38.24,1720443
03/21/2007,38.34,38.91,38.15,38.91,2313587
03/22/2007,39.01,39.09,38.56,38.93,2003558
03/23/2007,39.03,39.07,38.51,38.71,1257940
03/26/2007,38.76,38.76,37.86,38.39,2098585
03/27/2007,38.24,38.45,37.83,37.89,1550578
03/28/2007,37.87,38.25,37.53,37.53,2193420
03/29/2007,37.86,38.57,37.48,37.86,2451988
03/30/2007,37.86,37.98,37.55,37.75,2042387
04/02/2007,37.83,38.03,37.66,37.86,1482369
04/03/2007,38.15,38.45,37.91,38.19,1475282
04/04/2007,38.15,38.2,37.51,37.67,2191620
04/05/2007,37.61,37.82,37.59,37.7,1565921
04/09/2007,37.92,37.95,37.46,37.46,1449377
04/10/2007,37.36,37.44,36.93,37.23,2303125
04/11/2007,37.37,37.52,36.47,36.73,1752358
04/12/2007,36.8,37.36,36.4,37.2,1667244
04/13/2007,37.07,37.47,36.96,37.37,1257665
04/16/2007,37.49,37.84,37.39,37.74,1534934
04/17/2007,38.01,38.11,37.51,37.78,1658410
04/18/2007,37.7,38.41,37.67,38.12,1594421
04/19/2007,38.03,38.5,37.86,38.38,1707043
04/20/2007,38.59,38.71,38.25,38.27,2379720
04/23/2007,38.35,38.81,38.1,38.43,1525774
04/24/2007,38.45,38.69,38.14,38.22,1475830
04/25/2007,38.47,39.74,38.4,39.23,3168345
04/26/2007,39.71,40.54,39,40.38,3252230
04/27/2007,40.16,41.03,40.12,40.87,3274792
04/30/2007,40.86,41.62,40.37,40.57,5924163
05/01/2007,40.7,41.48,40.44,41.39,4467555
05/02/2007,38.87,40.47,38.53,39.69,11622143
05/03/2007,39.6,39.77,38.91,39.49,3042043
05/04/2007,39.53,39.71,38.45,38.66,2774253
05/07/2007,38.7,39.23,38.54,38.84,1782139
05/08/2007,38.81,39.02,38.31,38.85,1868793
05/09/2007,38.58,39.53,38.49,39.46,1881320
05/10/2007,39.37,39.46,38.52,38.73,2137539
05/11/2007,38.83,39.18,38.52,39.16,1644060
05/14/2007,39.33,39.33,38.75,39.1,1556107
05/15/2007,39.22,39.79,38.83,38.89,2102444
05/16/2007,39.28,39.35,38.59,38.85,2112093
05/17/2007,38.82,39.13,38.43,38.64,951615
05/18/2007,39,39.72,38.42,39.64,2958442
05/21/2007,39.21,40.39,39.14,40.03,3024221
05/22/2007,39.86,40.86,39.8,40.66,2835904
05/23/2007,40.82,42.34,40.67,41.92,5177873
05/24/2007,41.66,42.85,41.64,42.44,5003603
05/25/2007,42.53,42.53,41.84,41.89,2161282
05/29/2007,41.92,42.31,41.47,42.17,1648079
05/30/2007,41.97,45.32,41.79,45.3,6653995
05/31/2007,45.36,46.3,44.67,44.84,4433600
06/01/2007,44.99,45.36,44.51,45.28,1846881
06/04/2007,44.98,45.04,44.34,44.68,1972291
06/05/2007,44.4,44.83,44.21,44.6,2066508
06/06/2007,44.29,44.89,43.74,44.74,2027984
06/07/2007,44.39,44.83,43.52,43.7,2370170
06/08/2007,43.58,45,43.34,44.46,2019372
06/11/2007,44.71,46.17,44.67,46.07,3670781
06/12/2007,45.85,46.46,45.63,45.82,3083818
06/13/2007,46.27,47.03,45.8,47,3258655
06/14/2007,47.12,48.25,46.98,47.98,3279708
06/15/2007,48.6,48.73,47.67,48.65,3583087
06/18/2007,48.45,50.14,48.2,49.88,4068615
06/19/2007,49.87,50.2,49.17,49.45,3010711
06/20/2007,49.43,49.61,47.57,47.67,3038845
06/21/2007,47.76,49.51,47.65,49.25,3188387
06/22/2007,49.31,49.82,48.46,49.35,12389809
06/25/2007,49.76,51.4,49.56,50.46,4406507
06/26/2007,50.9,51.08,49.19,49.93,3232842
06/27/2007,49.66,52.34,49.53,52.32,3692339
06/28/2007,51.38,52.76,51.15,51.17,3707961
06/29/2007,51.47,51.8,51.22,51.54,2323539
