04/05/2000,11.195,12.16,11.051,11.581,84574328
04/06/2000,11.675,11.865,11.581,11.628,19993226
04/07/2000,11.465,11.604,11.278,11.465,16877032
04/10/2000,11.558,11.605,11.418,11.511,7474047
04/11/2000,11.348,11.441,11.208,11.301,6787328
04/12/2000,11.349,12.466,11.256,12.14,14526816
04/13/2000,12.096,12.841,11.864,12.748,13893220
04/14/2000,12.631,12.678,11.792,11.886,13065414
04/17/2000,11.978,12.306,11.978,12.025,4667140
04/18/2000,12.118,12.212,11.604,12.025,7242829
04/19/2000,12.238,12.238,11.908,11.955,6996836
04/20/2000,11.768,11.908,11.488,11.535,9243535
04/24/2000,11.581,11.955,11.535,11.908,4079207
04/25/2000,11.932,12.119,11.885,11.932,9886908
04/26/2000,11.932,12.025,11.885,11.978,7924184
04/27/2000,12.05,12.097,11.719,11.908,3284723
04/28/2000,11.908,12.609,11.488,12.375,8210049
05/01/2000,12.841,13.497,12.654,13.404,7841023
05/02/2000,13.192,13.426,13.005,13.286,4179823
05/03/2000,13.286,13.333,12.912,13.052,2643133
05/04/2000,13.029,13.123,12.139,13.029,4264460
05/05/2000,12.889,13.309,12.749,13.122,2437846
05/08/2000,13.333,13.845,13.286,13.473,3872175
05/09/2000,13.613,13.754,12.538,12.771,5419054
05/10/2000,12.725,13.333,12.725,13.099,4339552
05/11/2000,13.169,13.683,12.982,13.449,3997701
05/12/2000,13.543,13.87,13.496,13.776,2445464
05/15/2000,14.173,14.36,13.893,14.173,3615236
05/16/2000,14.058,14.474,13.919,14.243,6660169
05/17/2000,14.197,14.662,13.685,14.29,1852049
05/18/2000,14.214,14.308,13.98,14.121,3820838
05/19/2000,13.823,13.823,13.356,13.589,5128742
05/22/2000,13.636,13.729,12.982,13.636,2274029
05/23/2000,13.636,14.196,13.636,14.103,2802406
05/24/2000,14.103,14.57,13.916,14.477,2103784
05/25/2000,14.407,14.453,13.987,14.36,2322592
05/26/2000,14.313,14.827,14.173,14.734,3453564
05/30/2000,14.897,15.037,14.57,14.85,4321035
05/31/2000,14.896,15.271,14.522,15.271,4482424
06/01/2000,15.271,15.317,14.897,14.944,3852347
06/02/2000,15.832,15.879,15.361,15.691,4527168
06/05/2000,15.341,15.621,15.247,15.341,3175518
06/06/2000,15.597,15.597,15.224,15.271,3953390
06/07/2000,15.341,15.481,15.2,15.434,1229825
06/08/2000,15.411,15.458,15.177,15.224,1284371
06/09/2000,15.317,15.691,15.317,15.691,1601769
06/12/2000,15.504,15.551,14.71,15.271,1434072
06/13/2000,15.481,15.574,15.107,15.527,1302803
06/14/2000,15.509,15.556,14.944,14.944,3060514
06/15/2000,14.967,15.154,14.874,14.92,3199567
06/16/2000,15.107,15.154,14.78,14.967,4277578
06/19/2000,14.967,15.061,14.78,14.92,1692393
06/20/2000,14.85,14.99,13.87,14.056,3906557
06/21/2000,14.033,14.266,13.52,13.846,3275748
06/22/2000,13.986,14.594,13.846,14.313,2621932
06/23/2000,14.22,14.594,14.033,14.407,2880806
06/26/2000,14.518,14.609,13.883,14.337,2329945
06/27/2000,14.477,15.269,14.291,14.896,2719077
06/28/2000,15.13,15.271,14.477,14.663,4677837
06/29/2000,14.828,16.087,14.641,15.947,6574471
06/30/2000,16.216,16.355,14.165,15.703,5921824
07/03/2000,15.527,16.042,15.48,15.948,1097164
07/05/2000,16.02,16.02,15.454,15.784,2668614
07/06/2000,15.411,16.438,15.364,16.345,2102568
07/07/2000,16.298,16.532,16.251,16.298,1988841
07/10/2000,16.251,16.345,16.018,16.018,1094258
07/11/2000,15.948,15.995,15.34,15.527,1924789
07/12/2000,15.648,15.742,15.129,15.271,2630945
07/13/2000,15.127,15.127,14.711,14.804,2509522
07/14/2000,14.804,15.784,14.804,15.597,1724893
07/17/2000,15.504,15.504,15.084,15.177,747078
07/18/2000,14.99,15.271,14.99,15.224,3206847
07/19/2000,15.247,15.527,15.014,15.294,1812076
07/20/2000,15.134,15.594,15.134,15.364,2988880
07/21/2000,15.504,15.691,15.364,15.504,1038586
07/24/2000,15.2,15.341,14.967,15.294,1024290
07/25/2000,15.247,15.855,15.153,15.668,1747013
07/26/2000,15.691,15.878,15.457,15.551,1659176
07/27/2000,15.551,15.878,15.13,15.271,1864344
07/28/2000,14.99,15.271,14.944,15.177,1087833
07/31/2000,15.317,15.784,15.084,15.691,3254370
08/01/2000,15.667,15.901,15.527,15.761,2724198
08/02/2000,15.691,15.784,15.457,15.597,1825940
08/03/2000,15.55,15.597,14.805,15.084,4494335
08/04/2000,15.084,15.224,14.522,15.131,5603983
08/07/2000,15.502,16.673,15.456,16.673,5058447
08/08/2000,17.839,18.213,17.372,17.419,13539653
08/09/2000,17.23,17.601,16.767,16.998,4696707
08/10/2000,16.469,17.185,16.29,17.185,6059917
08/11/2000,17.956,18.143,17.535,17.909,3043490
08/14/2000,17.275,17.365,17.05,17.185,1825108
08/15/2000,17.816,17.909,17.537,17.862,2090408
08/16/2000,17.909,17.956,17.348,17.535,1079574
08/17/2000,17.862,18.049,17.582,17.862,1255619
08/18/2000,17.675,18.05,17.628,17.816,1413994
08/21/2000,17.722,17.908,17.21,17.629,1234285
08/22/2000,17.839,18.072,17.465,17.932,2461391
08/23/2000,17.791,18.728,17.744,18.587,1815071
08/24/2000,18.586,18.773,18.026,18.119,1985068
08/25/2000,18.166,18.166,17.605,17.652,956405
08/28/2000,17.535,17.722,17.442,17.582,1217903
08/29/2000,17.652,17.979,17.559,17.932,1658919
08/30/2000,17.909,18.562,17.863,18.562,2259348
08/31/2000,18.516,18.609,18.05,18.189,1576968
09/01/2000,18.306,18.82,17.932,18.586,2219807
09/05/2000,18.213,18.633,17.746,18.119,2554672
09/06/2000,18.306,18.493,18.259,18.306,1666272
09/07/2000,18.493,18.633,18.213,18.399,1865557
09/08/2000,18.446,18.913,18.353,18.726,568823
09/11/2000,19.058,19.2,18.304,18.539,2022540
09/12/2000,18.633,18.633,17.839,18.399,2594552
09/13/2000,18.354,19.332,18.074,19.099,3060540
09/14/2000,18.866,18.866,18.353,18.68,2256347
09/15/2000,18.633,18.68,18.259,18.353,1237456
09/18/2000,18.54,18.587,17.978,18.072,1785191
09/19/2000,18.03,18.446,17.614,18.446,1839533
09/20/2000,18.563,18.703,17.488,18.096,2780387
09/21/2000,18.096,18.096,17.722,17.956,2595598
09/22/2000,17.839,18.633,17.746,18.493,1263423
09/25/2000,18.983,19.169,18.33,18.376,3104980
09/26/2000,18.609,18.983,18.516,18.89,1708963
09/27/2000,19.1,19.987,18.68,19.707,5040934
09/28/2000,19.823,20.66,19.73,20.29,2601945
09/29/2000,20.15,20.43,19.591,19.637,1902184
10/02/2000,19.076,20.011,18.796,19.684,2169805
10/03/2000,19.683,19.823,19.03,19.077,1587483
10/04/2000,19.147,19.193,18.493,18.586,1989075
10/05/2000,18.446,19.754,18.399,19.567,2969697
10/06/2000,20.01,20.06,18.746,19.496,1931601
10/09/2000,19.497,19.777,19.217,19.45,602859
10/10/2000,19.31,19.45,18.797,19.17,1316813
10/11/2000,19.076,19.356,18.797,18.89,1807396
10/12/2000,19.029,19.076,18.003,18.096,2881080
10/13/2000,18.259,18.727,18.212,18.633,2306132
10/16/2000,18.913,19.379,18.541,19.006,1515252
10/17/2000,19.053,19.427,19.006,19.24,894574
10/18/2000,19.123,19.217,18.279,19.17,3931711
10/19/2000,19.17,19.451,18.562,18.562,2676615
10/20/2000,18.493,18.726,17.932,18.026,1746029
10/23/2000,17.956,18.096,17.488,17.722,2622846
10/24/2000,17.675,18.517,17.628,18.283,1769561
10/25/2000,18.259,19.38,18.213,18.493,1912255
10/26/2000,18.656,18.889,17.91,18.143,2131214
10/27/2000,18.306,18.68,18.306,18.539,1398597
10/30/2000,18.68,20.36,18.68,19.894,3659215
10/31/2000,20.17,20.83,19.754,20.64,3623083
11/01/2000,20.5,21.67,20.5,21.29,2965962
11/02/2000,20.83,21.47,20.18,20.64,3954441
11/03/2000,20.67,20.81,19.734,19.875,5227056
11/06/2000,19.498,19.922,19.451,19.592,2197758
11/07/2000,19.639,21.05,19.591,20.39,3804698
11/08/2000,20.51,21.59,20.46,20.98,1604645
11/09/2000,21.05,22.41,21.05,22.37,2686529
11/10/2000,22.23,22.89,21.94,22.46,2637024
11/13/2000,22.3,22.3,21.31,21.45,2888136
11/14/2000,21.52,22.08,21.1,21.24,2332370
11/15/2000,21.12,22.82,21.12,22.44,5272862
11/16/2000,22.51,23.07,22.27,23.07,3274453
11/17/2000,23.1,23.28,22.48,22.53,2259542
11/20/2000,22.53,22.53,21.45,21.87,1653270
11/21/2000,21.5,21.64,21.12,21.12,1119200
11/22/2000,20.96,21.19,19.919,20.11,2232561
11/24/2000,20.39,21.05,20.34,21,857344
11/27/2000,21.17,21.87,21.17,21.54,1475543
11/28/2000,21.36,21.83,21.07,21.12,2115114
11/29/2000,21.17,21.4,20.79,20.93,1596949
11/30/2000,22.67,22.91,22.16,22.34,12729302
12/01/2000,23.07,23.07,22.18,22.41,6959283
12/04/2000,23.14,23.99,22.72,23.94,8497641
12/05/2000,24.32,24.32,23.42,24.13,7724880
12/06/2000,24.06,25.1,23.92,24.95,9250887
12/07/2000,25.26,26.06,25.17,25.87,14510287
12/08/2000,26.12,27.47,24.96,27.47,93673061
12/11/2000,26.72,26.77,25.83,26.54,22752720
12/12/2000,26.06,26.53,25.82,26.15,6239866
12/13/2000,26.2,26.25,25.21,25.35,6117858
12/14/2000,25.07,25.87,24.93,25.59,4519342
12/15/2000,25.97,26.44,25.59,26.34,7661123
12/18/2000,25.78,26.86,25.78,26.44,3166220
12/19/2000,26.08,26.37,25.28,25.47,5107386
12/20/2000,25.64,25.78,25.12,25.12,3571075
12/21/2000,24.2,25.05,24.2,24.72,5112060
12/22/2000,24.84,25.54,24.6,25.54,2568054
12/26/2000,25.61,25.85,25.24,25.47,2229970
12/27/2000,25.52,25.99,25.47,25.75,1537169
12/28/2000,26.13,26.74,26.08,26.37,1406887
12/29/2000,26.81,27,26.34,26.34,1003819
01/02/2001,26.39,26.44,25.45,25.59,3296433
01/03/2001,25.75,27.54,25.75,26.27,4427446
01/04/2001,26.25,26.34,23.61,24.55,6539847
01/05/2001,25.14,25.24,23.59,23.73,4151674
01/08/2001,23.75,25.03,23.75,24.74,2991906
01/09/2001,25.24,25.9,25.14,25.47,4301560
01/10/2001,25.4,25.45,24.74,25.07,3070565
01/11/2001,25.5,25.5,24.32,24.46,4544848
01/12/2001,24.53,24.63,22.93,23.31,4476667
01/16/2001,22.77,23.9,22.77,23.28,3483372
01/17/2001,23.5,23.73,23.35,23.45,1980524
01/18/2001,23.73,24.39,23.17,23.78,2789792
01/19/2001,23.78,23.87,23.21,23.35,2710302
01/22/2001,24.03,25.08,23.84,24.7,13059760
01/23/2001,24.86,25.19,24.34,24.77,1789469
01/24/2001,25.07,25.59,24.74,25.31,1555479
01/25/2001,25.52,25.57,24.72,25.1,1571178
01/26/2001,25.19,25.24,24.39,24.77,1864972
01/29/2001,24.74,25.21,24.62,24.97,1864014
01/30/2001,24.65,25.44,24.51,25.21,1140141
01/31/2001,25.12,25.12,24.58,24.72,3457301
02/01/2001,24.74,25.19,24.73,25.19,2242676
02/02/2001,25.41,25.48,24.84,25.13,2185215
02/05/2001,25.38,25.38,24.74,25.34,1285560
02/06/2001,25.4,25.4,24.08,24.6,1508702
02/07/2001,24.6,25.36,24.6,25.27,1187702
02/08/2001,24.93,25.11,24.32,24.45,1236929
02/09/2001,24.91,24.99,24.16,24.35,2243217
02/12/2001,24.22,25.01,23.69,24.94,2110242
02/13/2001,24.82,25.27,24.22,24.34,2220336
02/14/2001,24.69,24.84,24.31,24.46,1415580
02/15/2001,24.16,24.35,23.56,23.71,4338247
02/16/2001,23.91,24.65,23.91,24.14,3091988
02/20/2001,24.31,24.35,23.52,23.59,1712109
02/21/2001,23.55,24.16,23.25,23.29,2398148
02/22/2001,22.72,23.08,22.23,22.71,3335677
02/23/2001,22.75,23.13,22.3,22.8,1728801
02/26/2001,23.41,23.63,22.96,23.34,2826366
02/27/2001,23.53,23.81,22.88,23.28,2174060
02/28/2001,23.56,23.61,23.01,23.13,1195801
03/01/2001,23.19,23.4,22.96,23.32,1313769
03/02/2001,23.31,24.18,23,23.95,1546899
03/05/2001,23.99,24.27,23.52,24.01,1397113
03/06/2001,24.08,24.15,23.59,23.76,1590534
03/07/2001,23.93,24.11,23.7,23.99,1173328
03/08/2001,24.07,24.37,23.96,24.19,779452
03/09/2001,24.25,24.46,23.82,24.37,1796380
03/12/2001,24.76,24.76,23.1,23.22,2866476
03/13/2001,23.33,23.85,23.03,23.85,1712805
03/14/2001,21.26,22.2,21.18,21.64,7619658
03/15/2001,21.98,22.01,21.65,21.79,3284390
03/16/2001,21.71,21.83,21.37,21.37,3450824
03/19/2001,21.34,21.34,20.77,20.91,2080976
03/20/2001,21.09,21.16,20.35,20.46,3038489
03/21/2001,20.43,21.04,20.37,20.83,2101295
03/22/2001,20.7,20.7,19.192,19.606,4502605
03/23/2001,19.869,20.7,19.794,20.7,3020864
03/26/2001,20.89,21.08,20.32,20.84,3018600
03/27/2001,20.66,21.11,20.51,20.97,1384876
03/28/2001,21.07,21.45,20.88,21.12,1891834
03/29/2001,21.06,22.18,20.94,21.41,1936690
03/30/2001,21.74,22.63,21.59,22.62,2396810
04/02/2001,22.54,23.01,22.27,22.76,2993189
04/03/2001,22.89,22.89,21.69,22.05,2374218
04/04/2001,21.92,22.27,21.72,21.94,1733459
04/05/2001,22.1,22.51,21.98,22.5,2589607
04/06/2001,22.46,22.59,21.82,22.26,2753601
04/09/2001,22.33,22.56,22.02,22.54,911189
04/10/2001,22.59,22.6,22.21,22.53,3078580
04/11/2001,22.47,22.47,21.58,21.9,2579343
04/12/2001,22.13,22.54,21.9,22.42,4258961
04/16/2001,22.48,22.78,22.38,22.75,1485542
04/17/2001,22.65,23.24,22.48,22.68,1156468
04/18/2001,23.11,23.3,22.47,22.58,1514176
04/19/2001,22.41,22.71,22.3,22.33,1817840
04/20/2001,22.33,22.6,21.66,21.84,2511855
04/23/2001,22.05,22.2,21.4,21.76,1553882
04/24/2001,21.76,21.94,21.23,21.45,1328173
04/25/2001,21.42,21.61,21.24,21.55,2181545
04/26/2001,21.78,22.2,21.61,21.75,2566908
04/27/2001,21.76,22.01,21.65,21.88,847791
04/30/2001,21.95,22.32,21.46,21.78,1214433
05/01/2001,21.81,22.22,21.54,22.15,1056509
05/02/2001,22.21,22.36,21.36,21.85,1745975
05/03/2001,21.67,21.86,21.4,21.75,1216154
05/04/2001,21.49,22.31,21.49,22.27,1626834
05/07/2001,22.24,22.33,21.81,22,1683010
05/08/2001,22,22.42,21.45,21.53,3158267
05/09/2001,21.54,21.8,21.43,21.74,2505202
05/10/2001,21.86,21.9,21.45,21.71,2277076
05/11/2001,21.83,21.98,21.59,21.8,1384343
05/14/2001,21.91,22.13,21.6,22.12,1242367
05/15/2001,22.33,22.75,22.15,22.6,1832715
05/16/2001,23.15,23.43,23.1,23.25,2947719
05/17/2001,23.32,23.8,22.97,23.51,4739611
05/18/2001,23.56,23.56,23.22,23.52,1494918
05/21/2001,23.48,23.53,23.03,23.33,2365838
05/22/2001,23.25,23.25,22.76,22.89,3221495
05/23/2001,23.17,23.24,22.79,23.2,1535638
05/24/2001,23.26,23.66,23.07,23.48,1647163
05/25/2001,23.48,24.01,23.41,23.63,1717041
05/29/2001,23.71,24.01,23.21,23.69,4827721
05/30/2001,23.78,24.01,23.53,23.66,1093451
05/31/2001,23.75,24.23,23.75,23.93,2577805
06/01/2001,23.75,24.06,23.62,23.87,953606
06/04/2001,23.95,24.15,23.87,24.11,1280309
06/05/2001,24.23,24.47,24.01,24.37,1824958
06/06/2001,24.37,24.38,23.93,24.06,1429787
06/07/2001,24.07,24.25,23.75,23.76,4369335
06/08/2001,23.71,23.74,23.52,23.69,611730
06/11/2001,23.71,23.81,23.44,23.45,1063877
06/12/2001,23.67,23.67,22.96,23.16,2995003
06/13/2001,23.14,23.27,22.89,23.14,1537397
06/14/2001,23.1,23.13,22.5,22.55,1447371
06/15/2001,22.35,22.62,22.29,22.51,3669297
06/18/2001,22.58,22.91,22.37,22.66,1506574
06/19/2001,22.8,23.1,22.71,22.81,1063393
06/20/2001,22.82,23.41,22.79,23.31,1512544
06/21/2001,23.34,23.54,23.13,23.46,1195179
06/22/2001,23.41,23.44,22.88,22.99,1217067
06/25/2001,23.21,23.42,22.7,22.95,923851
06/26/2001,22.87,23.36,22.5,23.09,2306106
06/27/2001,22.97,23.19,22.81,23.12,2440221
06/28/2001,23.25,23.29,22.8,22.92,1751224
06/29/2001,22.89,23.31,22.51,23.31,2416728
07/02/2001,23.16,23.95,23.01,23.73,1365940
07/03/2001,23.68,23.81,23.51,23.78,499813
07/05/2001,23.55,24.08,23.55,24,1917086
07/06/2001,23.99,23.99,23.32,23.33,1174612
07/09/2001,23.57,23.76,23.37,23.45,906142
07/10/2001,23.49,23.55,23.25,23.35,3964607
07/11/2001,23.22,23.32,22.84,22.88,1415161
07/12/2001,22.94,23.49,22.72,23.46,956325
07/13/2001,23.33,23.78,23.33,23.52,559645
07/16/2001,23.56,23.75,23.41,23.7,7906401
07/17/2001,23.54,23.73,23.38,23.65,1386316
07/18/2001,23.53,23.64,23.19,23.28,1393370
07/19/2001,23.56,23.71,22.96,23.14,1477341
07/20/2001,23.05,23.23,22.58,22.6,2230310
07/23/2001,22.61,22.66,22.33,22.36,1552959
07/24/2001,22.18,22.48,21.31,21.81,3824085
07/25/2001,21.94,22.13,21.72,22.02,1884272
07/26/2001,21.69,21.95,21.43,21.7,1549091
07/27/2001,21.67,21.9,21.6,21.78,1437085
07/30/2001,21.73,21.82,21.49,21.69,1320533
07/31/2001,21.8,22.52,21.78,22.3,1633445
08/01/2001,22.49,22.62,22.17,22.23,997312
08/02/2001,22.28,22.39,22.13,22.17,1079418
08/03/2001,22.13,22.32,21.77,22,1478144
08/06/2001,22.2,22.47,21.86,22.06,1539674
08/07/2001,22.29,22.43,21.69,21.85,2123107
08/08/2001,21.51,21.79,21.38,21.45,4653519
08/09/2001,21.63,21.63,21.32,21.52,1943510
08/10/2001,21.64,21.68,21.37,21.53,1254929
08/13/2001,21.56,22.08,21.54,21.87,1954204
08/14/2001,21.83,22.28,21.83,22.16,2117017
08/15/2001,22.2,22.38,21.96,22.01,2479974
08/16/2001,22.22,22.31,22.07,22.17,1783996
08/17/2001,22.13,22.35,21.56,21.91,2776126
08/20/2001,21.92,22.24,21.92,22.09,1001156
08/21/2001,22.26,22.64,21.92,22.08,2559858
08/22/2001,22.32,22.43,21.98,22.13,1992604
08/23/2001,22.21,22.81,22.12,22.65,2157838
08/24/2001,22.63,23.06,22.51,22.87,1631724
08/27/2001,22.8,22.87,22.39,22.62,1052172
08/28/2001,22.63,22.96,22.55,22.72,1471405
08/29/2001,22.73,22.96,22.7,22.79,1981391
08/30/2001,22.73,23.16,22.73,23.09,3421568
08/31/2001,23.11,23.26,22.88,22.99,3180844
09/04/2001,22.66,23.04,22.59,22.61,1524805
09/05/2001,22.75,22.75,22.23,22.33,1495377
09/06/2001,22.35,22.42,21.92,21.93,2987193
09/07/2001,21.75,21.75,21.19,21.3,2081233
09/10/2001,21.3,21.82,21.3,21.68,1605035
09/17/2001,19.892,20.61,19.027,20.27,5652433
09/18/2001,20.26,20.57,19.889,20.19,3703293
09/19/2001,20.17,20.36,19.98,20.09,4410254
09/20/2001,19.956,20.11,19.843,19.881,5058978
09/21/2001,18.929,19.192,18.665,18.966,5227401
09/24/2001,19.583,19.93,19.395,19.877,2137668
09/25/2001,19.948,20.78,19.572,20.32,4948371
09/26/2001,20.32,20.51,20.17,20.32,3113341
09/27/2001,20.36,21.12,20.33,21.12,4416635
09/28/2001,21.15,22.49,21.15,22.35,3530538
10/01/2001,22.28,22.28,21.33,21.75,2142574
10/02/2001,21.76,21.83,21.27,21.82,1661593
10/03/2001,21.26,21.83,21.26,21.68,2356921
10/04/2001,21.6,21.75,21.4,21.59,2609109
10/05/2001,21.57,21.68,21.01,21.65,2752707
10/08/2001,21.34,21.34,20.27,20.39,1764699
10/09/2001,20.43,20.55,20.19,20.31,2539623
10/10/2001,20.24,20.49,20.09,20.31,2193520
10/11/2001,20.32,20.7,20.21,20.55,2241057
10/12/2001,20.51,20.55,20.06,20.21,1976267
10/15/2001,20.21,20.4,20.13,20.18,1560121
10/16/2001,20.25,20.48,19.689,19.847,2759535
10/17/2001,20.02,20.02,19.794,19.869,4441611
10/18/2001,19.937,20.05,19.26,19.426,1644079
10/19/2001,19.38,19.41,18.59,19.305,2766032
10/22/2001,19.38,19.779,19.252,19.568,2460562
10/23/2001,20.1,20.44,19.911,20.36,8476199
10/24/2001,20.44,20.55,20.02,20.48,3901860
10/25/2001,20.32,20.54,19.798,20.5,1786333
10/26/2001,20.52,20.82,20.44,20.65,1629401
10/29/2001,20.47,20.62,20.26,20.49,1986626
10/30/2001,20.36,20.7,20.21,20.43,1444000
10/31/2001,20.33,20.55,20.09,20.24,1666077
11/01/2001,20.1,20.6,20,20.55,1552556
11/02/2001,20.49,20.87,20.3,20.54,2273993
11/05/2001,20.76,21.32,20.71,21.14,4841563
11/06/2001,21.54,21.62,21.01,21.22,3072034
11/07/2001,21.25,21.55,20.76,20.9,2824052
11/08/2001,20.94,21.4,20.91,21.1,2474407
11/09/2001,20.89,21.1,20.72,20.88,1282799
11/12/2001,20.85,21.04,20.58,20.78,1626927
11/13/2001,20.85,21.08,20.77,21,1610557
11/14/2001,21,21.09,20.84,20.96,1969184
11/15/2001,20.96,21.19,20.92,21,2492079
11/16/2001,21.05,21.08,20.77,20.91,1542191
11/19/2001,21,21,20.7,20.85,1909291
11/20/2001,20.84,21.03,20.73,20.85,2582883
11/21/2001,20.89,20.89,20.39,20.4,2410885
11/23/2001,20.32,20.46,20.21,20.43,936840
11/26/2001,20.48,20.96,20.23,20.92,2319159
11/27/2001,20.62,20.85,20.5,20.65,2391506
11/28/2001,20.64,20.73,20.52,20.65,1859138
11/29/2001,20.66,20.85,20.64,20.71,8148404
11/30/2001,20.82,20.89,20.73,20.76,1905999
12/03/2001,20.72,20.76,20.36,20.43,2327697
12/04/2001,20.49,21.04,20.47,21.02,4363942
12/05/2001,21.03,21.22,20.9,21.21,5327168
12/06/2001,21.29,21.54,21.19,21.36,2933724
12/07/2001,21.36,21.72,21.26,21.56,3100292
12/10/2001,21.72,22.5,21.72,21.74,4626916
12/11/2001,22.04,22.22,22,22.07,4722257
12/12/2001,22.17,22.22,21.76,21.85,3813822
12/13/2001,21.67,21.97,21.65,21.89,3637968
12/14/2001,21.86,22.97,21.86,22.58,4563734
12/17/2001,22.6,23.26,22.51,23.09,5080333
12/18/2001,23.12,23.5,22.97,23.31,4401567
12/19/2001,23.46,23.68,23.19,23.57,4393480
12/20/2001,23.68,24.25,23.51,23.89,4146881
12/21/2001,23.86,23.91,23.29,23.3,5978686
12/24/2001,23.5,23.61,23.24,23.28,665936
12/26/2001,23.41,23.67,23.32,23.33,2026058
12/27/2001,23.5,23.66,23.31,23.39,3606767
12/28/2001,23.43,24.04,23.42,23.81,1546988
12/31/2001,24.03,24.24,23.88,24.02,1582978
01/02/2002,23.84,23.97,23.35,23.53,1991917
01/03/2002,23.43,23.73,23.15,23.63,2201567
01/04/2002,23.47,23.57,23.28,23.46,2118477
01/07/2002,23.5,23.52,22.8,23,1793227
01/08/2002,22.97,23.16,22.82,22.95,1509107
01/09/2002,22.93,23.48,22.93,23.03,1233942
01/10/2002,23.01,23.29,22.83,23.2,1486459
01/11/2002,22.98,23.1,22.8,23,3843196
01/14/2002,22.97,23.12,22.9,23.06,1996752
01/15/2002,23.05,23.3,23.05,23.27,2149645
01/16/2002,23.24,23.24,22.86,22.89,1131464
01/17/2002,22.89,23.04,22.81,22.89,1354855
01/18/2002,22.75,23,22.75,22.79,1479470
01/22/2002,22.95,22.99,22.61,22.81,1429039
01/23/2002,22.79,22.9,22.58,22.73,1851748
01/24/2002,22.71,22.97,22.63,22.75,2127275
01/25/2002,22.72,23.03,22.64,22.97,1246332
01/28/2002,22.97,23,22.4,22.75,1324252
01/29/2002,22.77,22.96,21.78,21.86,2850367
01/30/2002,22.02,22.5,21.83,22.3,2882737
01/31/2002,22.42,23.12,22.21,23.02,1916312
02/01/2002,23.02,23.13,22.64,22.83,2047387
02/04/2002,22.83,22.88,21.99,22.17,2387659
02/05/2002,22.19,22.36,21.6,21.74,2546768
02/06/2002,21.9,22.26,21.7,21.92,2448006
02/07/2002,21.99,22.26,21.61,21.98,2363392
02/08/2002,22.03,22.56,21.95,22.4,1856084
02/11/2002,22.45,22.78,22.36,22.42,2349042
02/12/2002,22.59,23.24,22.56,23.03,2629185
02/13/2002,23.13,23.7,22.94,23.27,1520088
02/14/2002,23.42,24.11,23.3,23.84,2205476
02/15/2002,23.83,23.91,23.37,23.41,1972433
02/19/2002,23.47,23.47,22.97,22.98,1392282
02/20/2002,23.2,23.62,23.06,23.54,2177822
02/21/2002,23.56,24.02,23.37,23.48,1915714
02/22/2002,23.4,23.7,23.17,23.4,1667266
02/25/2002,23.24,23.75,23.18,23.71,2328300
02/26/2002,23.88,24.21,23.58,24.08,1639440
02/27/2002,24.08,24.79,24.07,24.41,2375406
02/28/2002,24.41,24.5,24.07,24.17,2202633
03/01/2002,24.17,24.29,23.84,24.19,2090248
03/04/2002,24.45,25.47,24.37,25.25,2621397
03/05/2002,25,25.01,24.78,24.9,2572322
03/06/2002,24.3,25.17,24.1,24.87,4303699
03/07/2002,24.85,24.85,24.36,24.7,1968339
03/08/2002,24.82,25,24.2,24.43,3182694
03/11/2002,24.46,24.57,24.12,24.18,1619420
03/12/2002,24,24.48,23.85,24.43,2957460
03/13/2002,24.44,24.44,23.81,24.02,1575494
03/14/2002,23.89,24.64,23.8,23.81,2176818
03/15/2002,23.81,23.81,23.63,23.71,3216758
03/18/2002,23.8,23.8,23.27,23.33,3857331
03/19/2002,23.39,23.48,22.94,22.96,2207247
03/20/2002,23.03,23.14,22.74,22.8,4128408
03/21/2002,22.86,23.31,22.79,23.2,2122701
03/22/2002,23.35,23.39,22.78,23.01,2451254
03/25/2002,23.16,23.31,22.87,23.01,5178019
03/26/2002,23.36,23.47,22.85,23.01,3738540
03/27/2002,23.41,23.81,23.28,23.66,8833320
03/28/2002,23.69,24.11,23.46,23.93,2708447
04/01/2002,23.88,23.88,23.26,23.49,1815905
04/02/2002,23.45,23.88,23.44,23.7,1905623
04/03/2002,23.81,23.96,23.43,23.66,1444773
04/04/2002,23.92,24.3,23.75,23.9,1284963
04/05/2002,23.92,24.65,23.92,24.49,2528383
04/08/2002,24.55,25.04,24.33,24.8,1869348
04/09/2002,24.74,25.27,24.59,25,1497541
04/10/2002,24.85,25.34,24.77,25.24,2198069
04/11/2002,25.19,25.25,24.79,24.9,2094633
04/12/2002,25.04,25.76,25.04,25.49,2662265
04/15/2002,25.88,25.88,25,25.24,2596696
04/16/2002,25.57,26.02,25.49,25.84,2916310
04/17/2002,25.73,26.15,25.69,26.07,1691770
04/18/2002,25.97,26.09,25.25,25.74,2956484
04/19/2002,25.83,26.24,25.68,26.15,1624890
04/22/2002,26.15,26.3,25.93,26.22,2099665
04/23/2002,25.98,26.04,25.38,25.49,2717671
04/24/2002,25.39,25.85,25.39,25.57,1914495
04/25/2002,25.33,25.66,25.21,25.51,1611585
04/26/2002,25.48,25.68,25.18,25.33,1596253
04/29/2002,25.4,25.6,25.02,25.6,1747867
04/30/2002,25.48,26.06,25.48,25.89,3363263
05/01/2002,25.91,25.96,25.45,25.89,2256826
05/02/2002,25.74,25.86,25.51,25.85,2104113
05/03/2002,25.92,26.22,25.69,25.9,2618461
05/06/2002,26.2,26.43,25.79,25.89,1641548
05/07/2002,25.84,25.85,24.01,24.17,5569249
05/08/2002,24.38,24.53,23.84,24.17,6344815
05/09/2002,24.19,24.49,24.03,24.06,2800499
05/10/2002,24.21,24.34,23.98,24.07,2710658
05/13/2002,24.21,24.69,23.57,24.42,2363035
05/14/2002,24.83,24.83,24.07,24.41,2190465
05/15/2002,24.45,24.56,23.72,24.07,2755563
05/16/2002,24.24,24.45,24.08,24.43,2129074
05/17/2002,24.51,24.85,24.5,24.63,1425188
05/20/2002,24.75,24.82,23.73,23.99,2050477
05/21/2002,24.23,24.3,23.52,23.67,2269508
05/22/2002,23.79,23.89,23.19,23.53,2776708
05/23/2002,23.83,23.89,23.34,23.86,3258220
05/24/2002,24.02,24.08,23.76,23.98,2290691
05/28/2002,23.98,23.99,23.12,23.54,4258070
05/29/2002,23.53,23.95,23.53,23.79,1598684
05/30/2002,23.67,24.27,23.55,24.14,2943123
05/31/2002,24.53,25.2,24.31,25.19,10884585
06/03/2002,25.11,25.29,24.27,24.33,2647709
06/04/2002,24.38,24.38,23.75,24.09,2008615
06/05/2002,24.23,24.26,24.06,24.22,1632584
06/06/2002,24.23,24.23,23.62,23.7,1584717
06/07/2002,23.74,23.85,23.36,23.54,2645865
06/10/2002,23.4,24.07,23.3,23.96,1371470
06/11/2002,24.13,24.14,23.37,23.41,1234347
06/12/2002,23.31,23.6,23.11,23.22,2651497
06/13/2002,23.16,23.28,22.48,22.59,2057015
06/14/2002,22.57,22.72,21.59,22.53,2542165
06/17/2002,22.76,23.37,22.57,23.31,2103232
06/18/2002,23.46,23.46,22.83,23.06,2654121
06/19/2002,23.06,23.06,22.38,22.5,3760321
06/20/2002,22.35,22.35,21.46,21.68,4606099
06/21/2002,22.23,22.79,22.23,22.54,6074998
06/24/2002,22.57,22.73,21.67,21.86,2964944
06/25/2002,22.2,22.57,21.79,21.79,2325737
06/26/2002,21.66,21.66,20.97,21.24,3693679
06/27/2002,21.51,21.89,21.28,21.87,7170990
06/28/2002,21.83,22.46,21.75,21.89,3084136
07/01/2002,22.16,22.35,21.96,22.27,2925270
07/02/2002,22.51,22.51,21.74,21.74,2964221
07/03/2002,22.28,22.28,21.72,21.88,4057555
07/05/2002,22.19,22.41,22.08,22.28,1783173
07/08/2002,22.38,22.55,22.08,22.41,1465412
07/09/2002,22.57,22.64,21.77,21.84,1782156
07/10/2002,22.01,22.12,21.23,21.23,2626963
07/11/2002,21.21,21.7,20.91,21.21,2230169
07/12/2002,21.47,21.47,20.64,21,1470489
07/15/2002,20.98,20.98,20.06,20.91,2102988
07/16/2002,20.58,21.15,19.66,19.849,3231927
07/17/2002,20.24,20.46,18.803,19.212,4476867
07/18/2002,19.493,19.637,18.355,18.378,4142569
07/19/2002,17.852,19.042,17.852,18.769,5462854
07/22/2002,19.068,19.334,17.81,18.159,3444009
07/23/2002,18.368,18.443,17.267,17.487,3356719
07/24/2002,17.408,18.174,16.839,18.022,6500780
07/25/2002,18.113,18.63,17.824,18.257,2852673
07/26/2002,18.488,19.224,18.389,19.209,3275977
07/29/2002,19.939,21.04,19.863,20.96,3674589
07/30/2002,21.06,21.75,20.53,21.24,3953028
07/31/2002,21.61,21.61,20.85,21.3,2786631
08/01/2002,21.32,21.58,20.98,21.29,2293974
08/02/2002,21.26,21.26,20.06,20.22,2811402
08/05/2002,20.01,20.16,19.421,19.436,2569265
08/06/2002,19.47,19.788,18.781,19.251,4096187
08/07/2002,19.671,19.671,18.929,19.542,1925733
08/08/2002,20.07,20.48,19.648,20.33,3792969
08/09/2002,20.33,20.74,20.05,20.56,1937678
08/12/2002,20.13,20.63,19.92,20.27,2153649
08/13/2002,20.28,20.71,19.796,19.819,1883009
08/14/2002,19.959,20.37,19.519,20.31,3037556
08/15/2002,20.32,20.64,20.24,20.3,2238672
08/16/2002,20.32,20.51,20.02,20.19,1271375
08/19/2002,20.47,20.91,20.1,20.78,1556724
08/20/2002,20.79,20.99,20.25,20.44,1456366
08/21/2002,20.79,20.96,20.18,20.62,1384502
08/22/2002,20.8,21.29,20.67,21.18,1074331
08/23/2002,21.23,21.26,20.77,20.95,1276165
08/26/2002,21.18,21.24,20.41,20.97,1217836
08/27/2002,21.23,21.46,20.39,20.51,2169134
08/28/2002,20.52,20.6,19.857,20.19,1255631
08/29/2002,20.02,20.84,19.682,20.59,1863367
08/30/2002,20.93,20.93,20.35,20.44,1652390
09/03/2002,20.26,20.28,19.602,19.602,2159200
09/04/2002,19.557,19.671,19.065,19.368,2177989
09/05/2002,18.996,19.49,18.92,19.33,2730301
09/06/2002,19.474,19.663,19.058,19.194,2192635
09/09/2002,19.156,19.345,18.928,19.315,2651472
09/10/2002,19.379,19.379,18.917,19.296,2896048
09/11/2002,19.622,19.622,19.091,19.167,2487501
09/12/2002,19.152,19.159,18.583,18.651,4955119
09/13/2002,18.602,19.057,18.602,18.89,3381846
09/16/2002,19.027,19.027,18.246,18.473,2403272
09/17/2002,18.736,18.759,17.657,17.657,3652209
09/18/2002,17.59,17.954,17.431,17.529,4133958
09/19/2002,17.522,18.257,17.522,17.84,8972991
09/20/2002,18.011,18.124,17.639,17.859,4216803
09/23/2002,17.764,18.015,17.559,17.848,2527281
09/24/2002,17.688,17.969,17.438,17.438,3288111
09/25/2002,17.893,17.893,17.309,17.514,3708987
09/26/2002,17.81,18.007,17.545,17.999,6578485
09/27/2002,17.802,18,17.347,17.385,3229848
09/30/2002,17.256,17.576,16.717,17.218,3000163
10/01/2002,17.427,18.026,17.132,18.018,2596689
10/02/2002,18.022,18.273,17.567,17.65,2954287
10/03/2002,17.784,17.928,17.032,17.055,2414237
10/04/2002,17.317,17.43,15.612,15.846,8650238
10/07/2002,15.99,16.393,15.649,15.702,4324542
10/08/2002,15.763,16.559,15.725,16.498,5755909
10/09/2002,16.297,16.381,15.858,15.956,11751588
10/10/2002,16.036,16.801,15.9,16.649,2775330
10/11/2002,16.93,17.545,16.862,17.143,2887769
10/14/2002,17.165,17.325,16.832,16.87,2826352
10/15/2002,17.817,18.947,17.795,18.727,4487032
10/16/2002,18.742,18.818,18.302,18.515,2819576
10/17/2002,19.982,19.982,18.958,19.148,5564829
10/18/2002,19.065,19.232,18.67,18.845,2467306
10/21/2002,18.165,18.963,17.937,18.773,4545444
10/22/2002,18.765,18.879,18.538,18.765,2133889
10/23/2002,18.727,18.742,18.113,18.568,4193314
10/24/2002,18.613,19.175,18.446,18.591,2088353
10/25/2002,18.822,19.39,18.413,19.277,2964070
10/28/2002,19.527,19.981,18.883,19.027,3508506
10/29/2002,18.826,18.856,18.037,18.477,3012856
10/30/2002,18.367,19.012,18.215,18.557,3287237
10/31/2002,18.484,18.712,18.053,18.121,2982699
11/01/2002,17.985,18.742,17.795,18.545,2424585
11/04/2002,19.083,19.417,18.887,18.917,3337737
11/05/2002,19.072,19.505,18.86,18.898,2423513
11/06/2002,19.983,20.4,19.677,20.34,5974359
11/07/2002,20.67,20.97,20.29,20.36,4477601
11/08/2002,20.55,21.14,20.51,20.72,3678551
11/11/2002,20.72,20.72,19.99,20.09,12111335
11/12/2002,20.09,20.29,19.804,20.1,3243947
11/13/2002,20.17,20.66,19.91,20.32,3644458
11/14/2002,20.63,20.8,20.19,20.58,3134753
11/15/2002,20.56,20.76,20.11,20.63,2651557
11/18/2002,20.03,20.178,19.498,19.842,4578075
11/19/2002,19.846,20.05,19.678,19.953,2702242
11/20/2002,19.964,20.54,19.88,20.43,4170549
11/21/2002,20.75,20.84,20.21,20.34,4547263
11/22/2002,20.38,20.71,20.2,20.55,2597121
11/25/2002,20.41,20.56,19.96,20.27,2579017
11/26/2002,20.09,20.32,19.367,19.589,4463722
11/27/2002,19.781,20.41,19.704,20.19,3091713
11/29/2002,20.47,20.68,20.34,20.5,1186055
12/02/2002,20.88,20.99,20.21,20.49,3375699
12/03/2002,20.43,20.51,19.88,20.11,5526269
12/04/2002,20.29,20.52,20.15,20.35,3453313
12/05/2002,20.63,20.86,20.04,20.04,2388811
12/06/2002,20.03,20.66,19.88,20.37,1952473
12/09/2002,20.37,20.71,20.04,20.11,2465993
12/10/2002,20.15,20.43,19.957,20.42,3865766
12/11/2002,21.12,21.7,21.12,21.54,5518503
12/12/2002,21.58,22.18,21.08,21.74,5693458
12/13/2002,21.66,21.67,21.33,21.55,3528173
12/16/2002,21.43,21.7,21.11,21.65,2948517
12/17/2002,21.52,21.7,20.98,21.26,3314328
12/18/2002,20.89,21.13,20.82,21.08,2358004
12/19/2002,21.04,21.36,20.65,20.8,2293059
12/20/2002,20.96,21.08,20.8,21.02,2068780
12/23/2002,20.86,21.25,20.81,21.01,2385932
12/24/2002,21.18,21.27,20.91,21.02,927891
12/26/2002,21.11,21.63,21.07,21.15,1240025
12/27/2002,21.21,21.29,20.75,20.77,1352670
12/30/2002,20.86,21.1,20.68,20.94,1386230
12/31/2002,20.84,20.94,20.38,20.68,1633354
01/02/2003,20.96,21.37,20.8,21.29,2068874
01/03/2003,21.31,21.61,21.13,21.33,1387788
01/06/2003,21.27,21.79,21.19,21.69,2260051
01/07/2003,21.7,21.87,21.26,21.39,2170110
01/08/2003,21.4,21.51,21.09,21.18,2587557
01/09/2003,21.37,22.27,21.33,22.27,3644995
01/10/2003,22.21,22.43,21.95,22.16,4353820
01/13/2003,22.28,22.47,22.13,22.28,1697515
01/14/2003,22.17,22.63,21.91,22.43,1870206
01/15/2003,22.47,22.47,21.89,21.96,2081807
01/16/2003,22.08,22.29,21.9,21.98,5473722
01/17/2003,21.89,21.99,21.6,21.79,1716529
01/21/2003,21.88,21.88,21.55,21.66,2116337
01/22/2003,21.61,21.67,21.24,21.3,4023176
01/23/2003,21.37,21.58,21.25,21.39,2162229
01/24/2003,21.36,21.4,20.67,20.83,2580025
01/27/2003,20.86,20.95,20.33,20.52,3223948
01/28/2003,20.47,20.52,19.96,20.3,3950188
01/29/2003,20.02,20.35,19.558,20.3,3423678
01/30/2003,20.39,20.58,20.01,20.13,3152393
01/31/2003,19.945,20.58,19.93,20.45,3556951
02/03/2003,20.35,20.77,20.3,20.71,8432257
02/04/2003,20.71,20.71,19.873,19.903,5667505
02/05/2003,20.24,20.39,19.911,19.934,3359101
02/06/2003,19.892,20.03,19.425,19.548,2212769
02/07/2003,19.704,19.934,19.551,19.605,5180567
02/10/2003,19.857,20.19,19.589,19.857,2876656
02/11/2003,19.502,19.509,18.745,18.821,5606887
02/12/2003,18.921,19.188,18.821,18.959,3705971
02/13/2003,18.955,19.207,18.595,19.016,3017228
02/14/2003,19.154,19.697,18.97,19.682,4689596
02/18/2003,19.873,19.972,19.743,19.88,2111904
02/19/2003,19.762,19.853,19.571,19.785,1896216
02/20/2003,19.869,19.96,19.563,19.708,2096067
02/21/2003,19.85,20.13,19.636,19.98,1564462
02/24/2003,19.991,20.068,19.723,19.754,2002221
02/25/2003,19.525,19.769,19.41,19.746,1589949
02/26/2003,19.743,19.842,19.536,19.574,1883932
02/27/2003,19.41,19.968,19.41,19.907,1608128
02/28/2003,20.06,20.23,19.85,20.01,2144068
03/03/2003,20.25,20.43,19.861,19.922,2419841
03/04/2003,19.918,19.933,19.46,19.529,1756272
03/05/2003,19.498,20.08,19.46,20.08,2122846
03/06/2003,20.09,20.09,19.62,19.75,1851435
03/07/2003,19.594,20.021,19.494,19.922,1773143
03/10/2003,19.876,19.884,19.18,19.188,1255284
03/11/2003,19.288,19.464,18.592,18.638,2597374
03/12/2003,18.546,18.768,17.98,18.355,3440602
03/13/2003,18.833,19.215,18.504,19.215,3738706
03/14/2003,19.456,19.838,19.287,19.525,2370877
03/17/2003,19.307,20.025,19.116,19.957,3059689
03/18/2003,19.949,20.22,19.826,19.98,1818749
03/19/2003,20.08,20.86,20.03,20.84,2892006
03/20/2003,20.64,20.91,19.99,20.76,2649554
03/21/2003,21.16,21.22,20.62,21.2,2503477
03/24/2003,20.74,20.81,20.25,20.44,1878279
03/25/2003,20.32,20.68,20.21,20.51,1827142
03/26/2003,20.55,20.61,20.08,20.47,2085097
03/27/2003,20.34,20.54,20.01,20.41,1258972
03/28/2003,20.3,20.65,20.16,20.59,1744194
03/31/2003,20.34,20.4,20.09,20.19,2206172
04/01/2003,20.14,20.63,20.06,20.56,1958935
04/02/2003,20.96,21.27,20.93,21.14,1619382
04/03/2003,21.2,21.36,20.89,21.15,1568549
04/04/2003,21.22,21.47,21.1,21.38,1708167
04/07/2003,21.84,22.07,21.24,21.24,1839813
04/08/2003,21.41,21.44,21.09,21.28,2031868
04/09/2003,21.29,21.63,20.77,20.77,2166180
04/10/2003,20.92,21.1,20.76,21.08,1870262
04/11/2003,21.15,21.38,20.85,21.1,1559512
04/14/2003,21.27,21.33,21.07,21.29,2556559
04/15/2003,21.41,21.68,21.36,21.6,2134521
04/16/2003,21.67,21.67,21.21,21.26,2365522
04/17/2003,21.16,21.72,21.16,21.65,1659385
04/21/2003,21.75,21.78,21.36,21.52,1112052
04/22/2003,21.49,22.24,21.34,22.13,3044152
04/23/2003,22.19,22.32,21.96,22.27,1514986
04/24/2003,22.11,22.17,21.39,21.69,2451719
04/25/2003,21.7,21.91,21.37,21.37,1500093
04/28/2003,21.46,21.96,21.42,21.91,5456064
04/29/2003,21.93,22.08,21.58,21.79,1617673
04/30/2003,21.83,22.21,21.58,21.94,2400380
05/01/2003,22.11,22.11,21.46,21.91,1561372
05/02/2003,21.64,22.15,21.41,22.02,2500364
05/05/2003,21.97,22.19,21.49,21.58,3143575
05/06/2003,21.03,21.6,21.02,21.48,4192751
05/07/2003,20.99,21.35,20.76,21.08,2983620
05/08/2003,20.9,21.05,20.46,20.56,2774050
05/09/2003,20.63,20.63,20.34,20.47,3471503
05/12/2003,20.48,21.34,20.31,21.07,2432073
05/13/2003,20.84,20.95,20.55,20.64,2686825
05/14/2003,20.8,20.84,20.45,20.56,1602625
05/15/2003,20.71,20.74,20.41,20.65,2539174
05/16/2003,20.65,20.96,20.5,20.82,2088629
05/19/2003,20.65,20.85,20.3,20.64,7224883
05/20/2003,20.8,20.8,20.07,20.35,4932111
05/21/2003,20.38,20.44,20.14,20.34,3160929
05/22/2003,20.48,20.81,20.35,20.53,3237480
05/23/2003,20.59,20.66,20.4,20.46,1529935
05/27/2003,20.27,20.82,20.27,20.63,2822580
05/28/2003,20.79,21.05,20.76,20.87,3140852
05/29/2003,20.95,20.95,20.53,20.55,3154949
05/30/2003,20.65,21.4,20.65,21.38,3514184
06/02/2003,21.6,22.06,21.5,21.52,2239546
06/03/2003,21.64,21.66,21.03,21.38,2368632
06/04/2003,21.36,21.89,21.32,21.78,2009615
06/05/2003,21.77,22.08,21.76,22,2236538
06/06/2003,22.15,22.55,22.05,22.15,3314180
06/09/2003,22.08,22.15,21.43,21.63,1958061
06/10/2003,21.8,21.89,21.22,21.63,3287448
06/11/2003,21.63,21.91,21.52,21.91,2977688
06/12/2003,22.14,22.21,21.72,22.05,2695429
06/13/2003,22.23,22.23,21.74,21.91,2033571
06/16/2003,22.07,22.37,21.92,22.35,1712546
06/17/2003,22.37,22.41,21.91,22.24,2536292
06/18/2003,22.19,22.4,22.01,22.1,2352618
06/19/2003,22.14,22.21,21.53,21.61,2172957
06/20/2003,21.83,21.96,21.55,21.67,2436748
06/23/2003,21.59,21.71,21.37,21.57,1742483
06/24/2003,21.86,22.15,21.71,21.9,2996783
06/25/2003,21.89,22.16,21.71,21.76,3455102
06/26/2003,21.81,21.91,21.62,21.77,2536954
06/27/2003,21.83,21.83,21.57,21.72,2768001
06/30/2003,21.8,21.96,21.4,21.65,2789923
07/01/2003,21.57,21.72,21.24,21.66,2975316
07/02/2003,21.79,22.02,21.6,21.95,2059426
07/03/2003,22.15,22.42,21.92,22.17,1501936
07/07/2003,22.28,22.71,22.28,22.6,1772867
07/08/2003,22.53,22.66,22.34,22.59,1613277
07/09/2003,22.53,22.72,22.42,22.6,2259153
07/10/2003,22.55,22.55,21.83,22.08,2196599
07/11/2003,22.54,22.54,22.13,22.23,1817461
07/14/2003,22.43,22.64,22.22,22.31,1906510
07/15/2003,22.46,22.5,21.97,22.13,1915178
07/16/2003,22.15,22.17,21.66,21.69,2085676
07/17/2003,21.72,21.81,21.31,21.36,2042963
07/18/2003,21.52,21.54,21.12,21.31,2923921
07/21/2003,21.41,21.53,20.99,21.25,1768269
07/22/2003,21.32,21.55,21.02,21.32,2380489
07/23/2003,21.33,21.7,21.24,21.61,2079379
07/24/2003,21.89,22.16,21.57,21.6,2123389
07/25/2003,21.76,22.3,21.73,22.29,1836540
07/28/2003,22.19,22.3,21.96,22.13,2154443
07/29/2003,22.02,22.03,21.38,21.63,2550728
07/30/2003,21.25,21.5,20.83,21.18,6090385
07/31/2003,21.54,21.56,21.05,21.19,2361667
08/01/2003,21.32,21.41,20.6,20.91,2202143
08/04/2003,20.74,21.03,20.07,20.92,2959502
08/05/2003,22.02,22.39,21.37,21.4,6137285
08/06/2003,21.4,22.13,21.21,21.85,3516142
08/07/2003,21.73,22.23,21.62,22.17,2785697
08/08/2003,22.33,22.5,22.08,22.39,2321283
08/11/2003,21.26,22.12,21.26,21.72,7301533
08/12/2003,21.91,22.21,21.75,22.14,3201327
08/13/2003,22.05,22.33,21.8,21.98,5461268
08/14/2003,21.99,22.38,21.84,22.28,2147919
08/15/2003,22.22,22.25,21.99,22.25,1086249
08/18/2003,22.25,22.41,22.16,22.34,2464458
08/19/2003,22.37,22.37,22.04,22.21,1913360
08/20/2003,22.06,22.27,22.06,22.17,2493129
08/21/2003,22.33,22.46,22.12,22.16,1961585
08/22/2003,22.34,22.35,21.74,21.77,1626875
08/25/2003,21.82,21.99,21.68,21.9,2299168
08/26/2003,21.85,21.92,21.51,21.83,2625030
08/27/2003,21.73,21.76,21.43,21.49,1842664
08/28/2003,21.48,21.63,21.27,21.56,1743436
08/29/2003,21.49,21.77,21.37,21.77,1743375
09/02/2003,21.87,22.34,21.73,22.34,1949785
09/03/2003,22.35,22.54,22.16,22.31,2705684
09/04/2003,22.16,22.35,21.95,22.2,1477948
09/05/2003,22.12,22.25,22,22.12,1353977
09/08/2003,22.29,22.47,22.14,22.28,1188049
09/09/2003,22.28,22.3,22.11,22.23,1438728
09/10/2003,22.2,22.37,22.07,22.11,1520884
09/11/2003,22.26,22.33,21.81,21.92,2043702
09/12/2003,21.81,21.96,21.61,21.73,2196536
09/15/2003,21.7,21.7,21.46,21.59,1385259
09/16/2003,21.59,21.76,21.45,21.73,2040785
09/17/2003,21.71,21.75,21.52,21.67,978855
09/18/2003,21.75,22.27,21.68,22.17,1945276
09/19/2003,22.1,22.13,21.63,21.91,2375592
09/22/2003,21.93,21.93,21.42,21.68,1559550
09/23/2003,21.57,21.86,21.52,21.8,1782971
09/24/2003,21.75,22.04,21.47,21.57,2129749
09/25/2003,21.72,21.82,21.41,21.45,1427911
09/26/2003,21.34,21.66,21.21,21.48,2379051
09/29/2003,21.66,21.8,21.41,21.77,2317908
09/30/2003,21.78,21.78,21.29,21.46,2858495
10/01/2003,21.71,22.17,21.62,22.16,2297346
10/02/2003,22.2,22.36,21.97,22.12,1439058
10/03/2003,22.48,22.75,22.35,22.47,1988862
10/06/2003,22.31,22.73,22.25,22.63,1059147
10/07/2003,22.64,22.79,22.17,22.76,1826779
10/08/2003,22.79,22.79,22.37,22.5,1350779
10/09/2003,22.72,22.9,22.59,22.69,1796705
10/10/2003,22.77,22.83,22.64,22.71,1455815
10/13/2003,22.89,23.24,22.89,23.11,1555797
10/14/2003,23.02,23.13,22.83,23.03,1921155
10/15/2003,23.19,23.29,22.97,23.26,2800908
10/16/2003,23.26,23.54,23.15,23.43,2127885
10/17/2003,23.9,23.92,23.5,23.68,3364369
10/20/2003,23.65,23.67,23.16,23.38,2488144
10/21/2003,23.31,23.78,23.13,23.71,3398909
10/22/2003,23.7,23.7,23.04,23.1,3086325
10/23/2003,23.08,23.45,22.89,23.3,2101943
10/24/2003,23.22,23.26,23.04,23.24,1572943
10/27/2003,23.2,23.27,23.08,23.26,1826906
10/28/2003,23.29,23.65,23.1,23.63,2573943
10/29/2003,23.44,23.55,23.24,23.54,1470494
10/30/2003,23.54,23.68,23.34,23.53,1748179
10/31/2003,23.71,24.08,23.16,24.01,1850689
11/03/2003,24.28,24.33,23.86,24.09,2245009
11/04/2003,23.15,23.92,23.15,23.7,4104034
11/05/2003,23.9,23.94,23.52,23.93,2532161
11/06/2003,23.94,24.06,23.77,24.04,1541694
11/07/2003,24.29,24.29,23.78,23.81,1804264
11/10/2003,23.9,23.9,23.36,23.69,2101674
11/11/2003,23.71,23.71,23.48,23.58,2199548
11/12/2003,23.7,23.73,23.51,23.56,1844143
11/13/2003,23.39,23.55,23.28,23.42,1846555
11/14/2003,23.39,23.57,23.12,23.27,1763593
11/17/2003,23.38,23.44,23.18,23.34,1386455
11/18/2003,23.6,23.8,23.56,23.59,2524601
11/19/2003,23.61,23.95,23.51,23.93,1627596
11/20/2003,23.83,24.21,23.79,23.93,2636001
11/21/2003,24.11,24.16,23.97,24.08,1524180
11/24/2003,24.15,24.57,24.12,24.57,1911390
11/25/2003,24.54,24.96,24.54,24.92,1969994
11/26/2003,24.9,25.42,24.9,25.33,2052384
11/28/2003,25.33,25.33,25.11,25.19,986886
12/01/2003,25.58,25.79,25.5,25.7,3091838
12/02/2003,25.69,25.76,25.51,25.64,2765735
12/03/2003,25.59,25.61,25.3,25.32,2401378
12/04/2003,25.38,25.44,25.11,25.17,2656549
12/05/2003,25.08,25.3,24.96,25.09,1256397
12/08/2003,25.16,25.66,25.12,25.58,1484544
12/09/2003,25.6,25.75,25.3,25.4,1343857
12/10/2003,26.01,26.13,25.57,25.68,2526753
12/11/2003,25.84,26.28,25.84,26.14,2219957
12/12/2003,26.2,26.25,25.79,25.9,1768473
12/15/2003,26.3,26.3,25.44,25.58,2210993
12/16/2003,25.58,25.58,25.02,25.48,3470164
12/17/2003,25.49,25.54,25.12,25.5,2138421
12/18/2003,25.49,25.58,25.19,25.51,2337425
12/19/2003,25.6,25.72,25.4,25.56,2204702
12/22/2003,25.54,25.68,25.37,25.53,2271826
12/23/2003,25.52,25.77,25.43,25.66,1411479
12/24/2003,25.66,25.77,25.42,25.63,495771
12/26/2003,25.63,25.63,25.35,25.51,679757
12/29/2003,25.62,25.96,25.44,25.96,1097890
12/30/2003,25.98,26.06,25.93,25.98,1006554
12/31/2003,25.99,26.07,25.77,25.93,1531974
01/02/2004,25.96,26.36,25.77,25.85,1606346
01/05/2004,25.88,26.58,25.87,26.11,1889538
01/06/2004,26,26.07,25.77,25.89,1944207
01/07/2004,25.05,25.75,24.9,25.64,3162411
01/08/2004,25.67,25.67,25.28,25.47,2418538
01/09/2004,25.48,25.75,25.25,25.36,2087418
01/12/2004,25.32,25.36,25.05,25.14,2550207
01/13/2004,25.24,25.51,25.14,25.33,1900080
01/14/2004,25.45,25.84,25.42,25.64,2674689
01/15/2004,25.63,25.72,25.3,25.47,1780639
01/16/2004,25.61,25.86,25.42,25.6,1920191
01/20/2004,25.58,25.73,25.42,25.65,2703367
01/21/2004,25.8,26.2,25.7,26.13,2130448
01/22/2004,26.06,26.32,25.92,26.25,2075177
01/23/2004,26.45,26.48,25.83,26.09,1616979
01/26/2004,26.04,26.34,25.71,26.08,1416788
01/27/2004,25.98,26.25,25.85,25.89,1571320
01/28/2004,25.88,26.31,25.71,25.81,2153870
01/29/2004,25.84,25.88,25.44,25.79,2484797
01/30/2004,25.8,26.02,25.6,25.85,2229331
02/02/2004,25.96,26.43,25.86,26.31,2173549
02/03/2004,26.16,26.8,26,26.75,2514061
02/04/2004,26.39,26.63,26.31,26.45,2161035
02/05/2004,26.45,26.67,26.23,26.56,1809717
02/06/2004,26.45,26.96,26.41,26.94,1610210
02/09/2004,26.88,26.98,26.71,26.83,1481267
02/10/2004,26.96,27.47,26.88,27.35,3349322
02/11/2004,27.21,27.42,26.22,27.24,4785958
02/12/2004,27.24,27.24,26.37,26.53,2927532
02/13/2004,26.59,26.98,26.41,26.68,1994861
02/17/2004,27,27.35,26.88,27.16,1770531
02/18/2004,27.45,27.52,27.02,27.24,2341715
02/19/2004,27.34,27.38,27.1,27.17,1758686
02/20/2004,27.16,27.27,26.63,26.89,2165688
02/23/2004,26.83,27.05,26.77,26.85,1418213
02/24/2004,26.65,27.1,26.58,26.8,1798971
02/25/2004,26.95,27.12,26.72,26.78,1484115
02/26/2004,26.65,26.93,26.52,26.82,2483284
02/27/2004,26.86,27.72,26.86,27.08,4917097
03/01/2004,27.32,27.52,27.05,27.15,2044575
03/02/2004,27.17,27.21,26.84,26.97,1972411
03/03/2004,26.92,27.3,26.92,27.26,1781851
03/04/2004,27.15,27.54,27.12,27.48,1416282
03/05/2004,27.27,27.47,27.05,27.28,1433211
03/08/2004,26.88,27.23,26.88,27.07,1654928
03/09/2004,27.03,27.14,26.81,27,1047724
03/10/2004,26.99,26.99,26.35,26.4,2477896
03/11/2004,25.84,26.35,25.61,25.78,3121496
03/12/2004,26.03,26.48,25.6,26.43,3323136
03/15/2004,26.35,26.35,26.11,26.2,3133587
03/16/2004,26.3,26.39,26.14,26.33,1908864
03/17/2004,26.48,26.99,26.4,26.9,2543808
03/18/2004,26.74,27.56,26.66,27.45,3300880
03/19/2004,27.45,27.45,26.99,27.01,4357195
03/22/2004,26.92,26.99,26.36,26.8,3090462
03/23/2004,26.69,27.04,26.68,26.8,2456332
03/24/2004,26.61,26.8,26.53,26.6,1982651
03/25/2004,26.67,27.12,26.56,27.02,2276733
03/26/2004,26.9,27.34,26.8,27.18,2802290
03/29/2004,27.27,27.69,27.23,27.58,2880069
03/30/2004,27.5,27.68,27.48,27.63,2252010
03/31/2004,27.56,27.56,27.34,27.48,2521323
04/01/2004,27.52,27.75,27.52,27.64,2520938
04/02/2004,27.81,27.96,27.59,27.94,1837656
04/05/2004,27.97,28.29,27.92,28.22,1984265
04/06/2004,28.13,28.24,27.98,28.18,1231506
04/07/2004,28.01,28.11,27.61,27.69,2379440
04/08/2004,27.89,28.02,27.63,27.69,1643961
04/12/2004,27.81,28.05,27.61,27.95,1654311
04/13/2004,27.94,28.23,27.24,27.35,1503565
04/14/2004,27.07,27.78,27.04,27.25,2125331
04/15/2004,27.36,27.44,26.83,27.02,1331332
04/16/2004,26.96,27.29,26.96,27.12,1712760
04/19/2004,27.01,27.08,26.81,26.92,1580040
04/20/2004,27.03,27.07,26.33,26.4,1460722
04/21/2004,26.35,26.53,26.18,26.34,1625862
04/22/2004,26.16,26.9,26.04,26.82,1927629
04/23/2004,26.34,26.78,26.18,26.62,1670028
04/26/2004,26.54,26.73,26.36,26.46,1528696
04/27/2004,27.03,27.69,26.68,26.87,2956649
04/28/2004,26.85,26.85,26.24,26.34,2081412
04/29/2004,26.28,26.66,26.22,26.41,2125342
04/30/2004,26.45,26.93,26.31,26.62,2586896
05/03/2004,26.59,26.97,26.4,26.86,2735046
05/04/2004,27.18,27.18,26.5,26.66,3822457
05/05/2004,26.14,26.7,26.14,26.26,2676375
05/06/2004,26.16,26.5,25.95,26.39,2519189
05/07/2004,26.05,26.25,25.74,25.75,2619515
05/10/2004,25.42,25.64,25.11,25.58,2410266
05/11/2004,25.62,25.85,25.54,25.83,1907764
05/12/2004,25.76,26.23,25.69,26.22,2350980
05/13/2004,26.17,26.63,26.02,26.31,2124960
05/14/2004,26.36,26.53,26.03,26.31,2106892
05/17/2004,26.04,26.15,25.65,25.88,1918520
05/18/2004,25.87,26.17,25.85,26.06,2551828
05/19/2004,26.15,26.37,25.92,25.99,3254249
05/20/2004,25.94,26.03,25.8,25.94,2275925
05/21/2004,26.08,26.28,25.93,26.18,1821029
05/24/2004,26.38,26.57,26.23,26.46,1809225
05/25/2004,26.43,26.9,26.16,26.82,2031004
05/26/2004,26.73,27.39,26.63,27.35,3164213
05/27/2004,27.3,27.52,27.2,27.3,2238170
05/28/2004,27.21,27.4,27.11,27.37,1397904
06/01/2004,27.18,27.53,27.18,27.53,1728798
06/02/2004,27.52,27.72,27.24,27.61,1708143
06/03/2004,27.58,27.58,27.3,27.4,2065903
06/04/2004,27.42,27.72,27.42,27.52,1480505
06/07/2004,27.61,28.12,27.6,28.03,1990795
06/08/2004,27.85,28.08,27.78,27.84,2987119
06/09/2004,27.85,28,27.54,27.54,1907867
06/10/2004,27.61,27.83,27.57,27.77,1188076
06/14/2004,27.77,27.87,27.54,27.67,1610120
06/15/2004,27.73,27.96,27.51,27.62,2204505
06/16/2004,27.73,27.73,27.33,27.34,1935387
06/17/2004,27.38,27.57,27.03,27.53,2077967
06/18/2004,27.44,27.66,27.03,27.15,2910258
06/21/2004,27.15,27.23,26.92,26.96,2518129
06/22/2004,26.96,27.37,26.84,27.34,1792045
06/23/2004,27.33,27.34,27.03,27.3,1780755
06/24/2004,27.21,27.5,27.18,27.35,1510509
06/25/2004,27.35,27.46,27.08,27.36,3292597
06/28/2004,27.52,27.69,27.33,27.35,1213025
06/29/2004,27.34,27.5,27.27,27.44,1181026
06/30/2004,27.49,27.69,27.28,27.63,1643463
07/01/2004,27.62,27.92,27.19,27.48,1738075
07/02/2004,27.5,27.68,27.31,27.37,880517
07/06/2004,27.22,27.41,27.15,27.29,1427971
07/07/2004,27.21,27.48,27.04,27.1,1947219
07/08/2004,27.03,27.14,26.9,26.94,1383443
07/09/2004,27.04,27.11,26.68,26.7,1429252
07/12/2004,26.75,27.15,26.72,27.04,1446392
07/13/2004,26.99,27.13,26.74,26.97,1457994
07/14/2004,26.83,26.97,26.61,26.72,1445446
07/15/2004,26.77,26.77,26.42,26.49,1313113
07/16/2004,26.62,26.78,26.35,26.38,1969612
07/19/2004,26.5,26.68,26.4,26.5,1707459
07/20/2004,26.56,26.56,25.98,26.42,1928767
07/21/2004,26.52,26.8,26.48,26.67,2678453
07/22/2004,26.5,26.63,25.93,26.35,2309963
07/23/2004,26.23,26.25,25.94,26.17,1759491
07/26/2004,26.23,26.35,25.92,26.2,1593210
07/27/2004,26.35,26.55,26.16,26.39,1909592
07/28/2004,26.18,26.56,25.93,26.44,1840277
07/29/2004,27.14,27.41,26.64,27.39,4348594
07/30/2004,27.51,27.6,27.25,27.5,3725156
08/02/2004,27.49,27.94,27.2,27.87,2937373
08/03/2004,27.58,27.78,27.39,27.61,3363340
08/04/2004,27.53,28.07,27.42,27.83,3924610
08/05/2004,27.84,27.97,27.4,27.52,2632609
08/06/2004,27.27,27.77,27.19,27.47,3541217
08/09/2004,27.55,27.63,27.29,27.58,2616267
08/10/2004,27.46,27.89,27.35,27.84,2473483
08/11/2004,27.64,27.9,27.38,27.84,2235577
08/12/2004,27.73,27.9,27.59,27.65,3515497
08/13/2004,27.57,27.73,27.34,27.46,2641420
08/16/2004,27.71,27.83,27.59,27.78,1750158
08/17/2004,27.8,28.05,27.67,27.76,1841561
08/18/2004,27.74,28.49,27.57,28.34,2282434
08/19/2004,28.26,28.4,28,28.22,1620474
08/20/2004,28.15,28.36,28,28.28,1784371
08/23/2004,28.29,28.36,27.84,27.91,1641891
08/24/2004,28.12,28.23,27.89,27.92,1281917
08/25/2004,27.89,28.14,27.64,28.09,1781778
08/26/2004,28.12,28.21,27.95,28.17,1017239
08/27/2004,28.22,28.31,28.18,28.26,1972415
08/30/2004,28.2,28.36,28.11,28.12,1007076
08/31/2004,28.14,28.71,28.1,28.68,2376188
09/01/2004,28.71,28.74,28.41,28.49,2036056
09/02/2004,28.56,28.63,28.26,28.56,1837992
09/03/2004,28.55,28.99,28.55,28.85,1547569
09/07/2004,29.23,29.42,29.11,29.38,2363298
09/08/2004,29.37,29.45,29.15,29.2,1855239
09/09/2004,29.28,29.52,29.08,29.16,2220103
09/10/2004,29.17,29.4,29.12,29.4,2102992
09/13/2004,29.48,29.84,29.32,29.83,2553770
09/14/2004,29.87,29.97,29.31,29.44,2711679
09/15/2004,29.46,29.56,29.14,29.26,1939292
09/16/2004,29.28,29.39,28.93,29.16,2227936
09/17/2004,28.9,29.08,28.71,28.95,3887023
09/20/2004,28.88,28.93,28.53,28.71,1977326
09/21/2004,28.68,29.08,28.53,29,1839024
09/22/2004,28.66,28.83,28.4,28.55,1971116
09/23/2004,28.62,28.71,28.35,28.59,2430255
09/24/2004,28.64,29.1,28.55,29.03,2240409
09/27/2004,29.03,29.04,28.74,28.79,2283686
09/28/2004,28.92,29.31,28.61,29.16,3028572
09/29/2004,29.16,29.53,29.06,29.39,4475181
09/30/2004,29.45,29.81,29.36,29.77,4598920
10/01/2004,29.94,30.51,29.77,30.32,3045279
10/04/2004,30.35,30.82,30.35,30.56,3212232
10/05/2004,30.79,30.86,30.43,30.79,3062404
10/06/2004,31.06,31.11,30.61,30.83,2546553
10/07/2004,31.14,31.15,30.53,30.54,2501746
10/08/2004,30.19,30.23,29.62,29.68,3060638
10/11/2004,29.74,30.01,29.7,29.86,1718941
10/12/2004,29.81,29.87,29.57,29.75,1635172
10/13/2004,29.79,29.84,29.33,29.39,2010034
10/14/2004,29.47,29.48,28.61,28.68,3138373
10/15/2004,29.29,29.29,25.41,26.96,16642213
10/18/2004,26.35,27.14,26.08,26.58,6967704
10/19/2004,26.5,27.11,25.48,26.18,8866402
10/20/2004,26.89,27.09,26.35,26.56,8024190
10/21/2004,26.61,26.72,25.97,26.6,4844955
10/22/2004,26.65,27.34,26.39,26.53,4284853
10/25/2004,26.52,27.15,26.27,27.01,3475764
10/26/2004,28.51,28.51,27.51,28.3,5225221
10/27/2004,28.3,28.9,27.86,28.86,3753946
10/28/2004,29.43,29.43,28.34,29.2,4211298
10/29/2004,29.39,29.57,29.14,29.52,2718247
11/01/2004,29.83,29.95,29.29,29.47,2818389
11/02/2004,29.58,29.86,29.43,29.64,3825593
11/03/2004,30.16,30.37,29.66,29.84,2662241
11/04/2004,29.85,30.75,29.82,30.67,2438162
11/05/2004,30.75,30.82,30.48,30.67,1966555
11/08/2004,30.88,31.06,30.52,31.04,3101607
11/09/2004,30.98,31.21,30.47,30.48,3019021
11/10/2004,30.68,30.85,30.46,30.64,2723868
11/11/2004,30.82,31.16,30.77,31.05,2182316
11/12/2004,31.11,31.11,29.67,29.94,6441301
11/15/2004,29.92,31.12,29.81,30.97,4695380
11/16/2004,30.48,30.98,30.46,30.67,2791173
11/17/2004,30.72,31.31,30.71,31.1,2122060
11/18/2004,30.63,31.02,30.63,30.81,2123645
11/19/2004,30.71,30.96,30.21,30.29,2723643
11/22/2004,30.35,30.98,30.13,30.91,2297940
11/23/2004,31.03,31.07,30.53,30.79,1889850
11/24/2004,30.63,31.06,30.46,30.71,1630573
11/26/2004,30.83,30.85,30.63,30.71,518757
11/29/2004,30.52,30.56,29.82,30.25,3538039
11/30/2004,30.23,30.56,30.11,30.39,3009521
12/01/2004,30.41,31.14,30.41,31.05,2947845
12/02/2004,30.9,31.53,30.9,31.17,2041801
12/03/2004,31.06,31.73,30.99,31.56,1828249
12/06/2004,31.2,31.38,30.89,31.27,3832898
12/07/2004,31.11,31.12,30.9,31,5237431
12/08/2004,31.16,31.31,31.08,31.23,2393589
12/09/2004,30.81,31.39,30.68,31.28,2177694
12/10/2004,31.88,31.88,30.89,31.42,2304591
12/13/2004,31.56,31.67,31.32,31.63,1852032
12/14/2004,31.49,31.61,31.28,31.49,1820002
12/15/2004,31.5,32.19,31.37,32.09,2381972
12/16/2004,32.15,32.15,31.32,31.77,2961789
12/17/2004,31.15,31.4,30.78,30.91,5210725
12/20/2004,31.23,31.39,31.12,31.26,2294409
12/21/2004,31.45,31.72,31.1,31.64,2463760
12/22/2004,31.48,31.95,31.39,31.7,2446684
12/23/2004,31.79,31.79,31.62,31.66,950501
12/27/2004,31.87,31.87,31.34,31.52,1371412
12/28/2004,31.62,32.1,31.62,31.97,1577487
12/29/2004,31.78,32.06,31.74,31.84,2161743
12/30/2004,31.84,31.85,31.59,31.7,1433522
12/31/2004,31.77,31.92,31.6,31.61,1252865
01/03/2005,31.65,31.85,31.23,31.29,2128409
01/04/2005,31.3,31.44,30.9,31.12,3057883
01/05/2005,31.2,31.35,30.89,30.94,1715956
01/06/2005,30.84,31.43,30.84,31.26,1955248
01/07/2005,31.43,31.44,30.94,30.95,1641331
01/10/2005,31,31.56,30.85,31.49,2072698
01/11/2005,31.47,31.47,30.88,30.91,2032175
01/12/2005,31.03,31.33,30.84,31.25,1707419
01/13/2005,31.3,31.38,30.85,31.13,1607248
01/14/2005,31.03,31.35,30.8,31.24,2197991
01/18/2005,31.3,32,31.14,31.98,1898080
01/19/2005,32.59,32.6,31.89,32.14,2637832
01/20/2005,32.14,32.14,31.34,31.46,3029402
01/21/2005,31.43,31.56,31.14,31.43,2624964
01/24/2005,31.56,31.77,31.39,31.42,1563842
01/25/2005,31.6,31.74,31.52,31.6,2031143
01/26/2005,31.68,31.86,31.47,31.82,1570375
01/27/2005,31.77,32.02,31.63,31.7,1850786
01/28/2005,31.7,31.82,30.96,31.14,2017030
01/31/2005,31.18,31.92,30.35,30.95,8101618
02/01/2005,31.28,31.63,30.7,31.52,4632619
02/02/2005,31.52,31.6,31.25,31.42,2043580
02/03/2005,31.46,31.57,30.74,30.95,4492232
02/04/2005,31.03,31.72,30.99,31.59,3825808
02/07/2005,31.66,31.9,31.4,31.58,2326043
02/08/2005,31.46,31.7,31.41,31.51,2056666
02/09/2005,31.62,31.78,31.24,31.37,2123993
02/10/2005,31.48,31.48,30.63,30.72,4165501
02/11/2005,30.75,31.24,30.42,31.13,3433678
02/14/2005,31.21,31.42,31.02,31.3,1828827
02/15/2005,31.26,31.93,31.21,31.77,2973453
02/16/2005,32.11,32.53,32.08,32.26,4498975
02/17/2005,32.25,32.27,31.5,31.52,2857975
02/18/2005,31.63,32.04,31.46,32.01,3337882
02/22/2005,31.85,31.97,31.26,31.3,3300298
02/23/2005,31.53,31.67,31.21,31.57,1806588
02/24/2005,31.76,32.07,31.63,31.96,2678393
02/25/2005,31.84,32.25,31.77,32.2,1699393
02/28/2005,32.06,32.33,31.89,31.99,3585274
03/01/2005,31.99,32.37,31.99,32.04,2266928
03/02/2005,31.96,32.06,31.58,31.63,1721689
03/03/2005,31.71,32.06,31.61,32.03,1843125
03/04/2005,32.16,32.37,31.8,31.93,2781611
03/07/2005,32.55,32.55,31.65,31.7,2950863
03/08/2005,31.81,32.07,31.65,31.88,1829498
03/09/2005,31.67,31.89,31.56,31.77,2929128
03/10/2005,31.81,32.15,31.75,31.96,1736795
03/11/2005,32,32.03,31.4,31.51,1422902
03/14/2005,31.71,32.12,31.67,31.9,1684522
03/15/2005,31.85,31.95,31.28,31.34,2290618
03/16/2005,31.21,31.33,30.77,30.88,2059873
03/17/2005,30.99,31.05,30.65,30.92,2666893
03/18/2005,30.79,31.08,30.66,30.77,3463683
03/21/2005,30.91,30.99,30.55,30.68,1345642
03/22/2005,30.6,30.87,29.93,30.03,2233858
03/23/2005,29.98,30.3,29.9,29.96,2788171
03/24/2005,30.01,30.15,29.84,29.88,2033861
03/28/2005,29.93,30.25,29.91,30.07,1435542
03/29/2005,29.98,30.33,29.9,29.93,1540334
03/30/2005,30.07,30.5,29.9,30.43,1858703
03/31/2005,30.43,30.56,30.22,30.47,2237546
04/01/2005,30.7,30.93,30.14,30.29,2096935
04/04/2005,30.45,31.15,30.26,30.9,2101025
04/05/2005,31.03,31.15,30.75,31,1902162
04/06/2005,31.11,31.31,31.05,31.1,1221515
04/07/2005,31.05,31.23,30.96,31.03,1204199
04/08/2005,31.05,31.19,30.66,30.78,1309208
04/11/2005,30.79,31.02,30.66,30.99,1192579
04/12/2005,30.87,31.51,30.7,31.44,2318336
04/13/2005,30.83,31.05,30.62,30.66,2707954
04/14/2005,30.58,30.79,30.42,30.53,2621062
04/15/2005,30.37,30.64,29.95,29.99,2237009
04/18/2005,30.02,30.29,29.86,30.03,1730534
04/19/2005,30.05,30.36,29.89,30.26,1800774
04/20/2005,30.27,30.34,29.9,29.97,2179259
04/21/2005,30.29,30.66,29.92,30.63,2464675
04/22/2005,30.5,30.53,29.84,30.11,2760594
04/25/2005,30.37,30.62,30.23,30.42,1850014
04/26/2005,30.29,30.38,29.62,29.63,4120916
04/27/2005,29.62,29.73,29.06,29.52,4002561
04/28/2005,29.43,30.03,29.33,29.55,2118907
04/29/2005,29.8,30.35,29.43,30.32,2631585
05/02/2005,30.53,30.69,29.99,30.29,1840732
05/03/2005,30.17,30.37,29.88,30.27,2602249
05/04/2005,32.36,34.23,32.16,33.95,9922199
05/05/2005,33.82,34.07,33.27,33.51,5244562
05/06/2005,34.01,34.11,33.61,33.93,3252519
05/09/2005,33.99,34.05,33.67,34.03,2624611
05/10/2005,33.95,33.95,33.08,33.34,2348993
05/11/2005,33.43,33.97,33.22,33.85,2261874
05/12/2005,33.95,33.99,33.04,33.07,2997863
05/13/2005,33.21,33.26,32.62,32.85,2609544
05/16/2005,32.97,33.74,32.96,33.7,2887550
05/17/2005,33.55,34.37,33.46,34.33,3020093
05/18/2005,34.22,34.8,33.16,33.29,5868864
05/19/2005,33.61,34.08,33.21,33.61,2873859
05/20/2005,33.75,34.06,33.52,33.92,2168633
05/23/2005,34.07,34.41,33.95,34.16,2001900
05/24/2005,34.28,34.62,34.16,34.48,2440738
05/25/2005,34.44,34.52,34.13,34.18,1527938
05/26/2005,34.41,34.97,34.31,34.87,1941800
05/27/2005,34.9,35.04,34.78,34.87,1228153
05/31/2005,34.48,35.05,34.36,34.79,3104051
06/01/2005,34.86,35.45,34.42,34.53,3395202
06/02/2005,34.53,34.54,33.69,34.48,3093938
06/03/2005,34.37,34.38,33.55,33.84,3086422
06/06/2005,33.84,34.42,33.67,34.36,1856923
06/07/2005,34.32,34.44,33.99,33.99,2100893
06/08/2005,34.02,34.18,33.94,34.03,1779382
06/09/2005,34.19,34.68,34.03,34.43,2695093
06/10/2005,34.41,34.41,33.96,34.18,2657386
06/13/2005,34.2,34.2,33.57,33.73,2798673
06/14/2005,33.74,33.91,33.19,33.81,7134545
06/15/2005,33.95,34.19,33.72,33.8,9753910
06/16/2005,33.97,34.32,33.93,34.2,10919687
06/17/2005,34.56,34.94,34.27,34.86,7128199
06/20/2005,34.85,35.19,34.57,35.1,3471160
06/21/2005,35.17,35.27,34.91,35.12,2831303
06/22/2005,35.18,35.37,34.95,35.07,1731026
06/23/2005,35.06,35.1,34.52,34.55,2616385
06/24/2005,34.64,35.03,34.55,34.75,3156759
06/27/2005,34.75,35.03,34.46,35.01,2306530
06/28/2005,34.97,35.39,34.89,35.37,3009023
06/29/2005,35.52,35.6,35.25,35.44,2962714
06/30/2005,35.69,35.76,34.98,35.02,2966665
07/01/2005,35.14,35.5,35.08,35.46,2039295
07/05/2005,35.51,36.4,35.5,36.36,3753052
07/06/2005,36.36,36.62,36.17,36.41,3318014
07/07/2005,35.95,36.26,35.09,35.93,3465888
07/08/2005,35.93,36.06,35.71,35.96,2365526
07/11/2005,36.06,36.1,35.48,35.67,3729854
07/12/2005,35.67,35.78,35.06,35.65,3117272
07/13/2005,35.7,35.96,35.51,35.52,2575779
07/14/2005,35.62,36,35.26,35.9,3544386
07/15/2005,35.91,36.34,35.77,36.17,2016026
07/18/2005,36.25,36.44,36.16,36.17,1961469
07/19/2005,36.33,36.46,36.11,36.14,1524773
07/20/2005,36,36.48,35.72,36.23,4133752
07/21/2005,36.37,36.37,35.81,35.83,1936879
07/22/2005,35.82,36.18,35.33,36.14,2423712
07/25/2005,36.31,36.45,36.12,36.29,2140176
07/26/2005,36.38,36.94,36.2,36.74,2836938
07/27/2005,36.73,37.42,36.69,37.31,4230406
07/28/2005,37.21,37.79,37.05,37.49,2921268
07/29/2005,38.8,39.19,37.82,38.34,5712639
08/01/2005,38.33,38.33,37.55,37.72,3236797
08/02/2005,37.85,38.2,37.79,37.9,1842459
08/03/2005,37.79,38.37,37.65,38.33,2259660
08/04/2005,38.33,38.47,38.06,38.13,2327939
08/05/2005,38.05,38.17,37.29,37.4,2144153
08/08/2005,37.73,37.74,37.1,37.15,1909616
08/09/2005,37.39,37.44,37.28,37.41,2580588
08/10/2005,37.61,38.19,37.58,37.72,2040931
08/11/2005,37.75,38.17,37.7,38.09,1884486
08/12/2005,37.96,38.26,37.81,38.02,1540985
08/15/2005,38.04,38.38,37.95,38.24,1202844
08/16/2005,38.23,38.38,37.62,37.63,1485698
08/17/2005,37.67,37.83,37.31,37.64,1425738
08/18/2005,37.62,37.63,37.29,37.56,1943872
08/19/2005,37.78,37.81,37.44,37.59,2045526
08/22/2005,37.97,38.47,37.92,38.31,2230557
08/23/2005,38.53,38.63,38.43,38.58,2741643
08/24/2005,38.6,38.72,38.27,38.28,2336264
08/25/2005,38.16,38.66,37.98,38.56,2048787
08/26/2005,38.57,38.57,37.74,38.12,2124304
08/29/2005,38.11,38.43,37.67,38.3,1554069
08/30/2005,38.36,38.36,37.61,37.96,1925232
08/31/2005,38.02,38.2,37.28,38.18,2213843
09/01/2005,38.24,38.36,37.67,38.25,2022563
09/02/2005,38.25,38.35,37.56,38.18,2381947
09/06/2005,38.41,38.78,38.1,38.3,2051028
09/07/2005,38.3,38.62,38.14,38.37,2191153
09/08/2005,37.79,38.3,37.75,38.2,2319391
09/09/2005,38.32,39.04,38.28,38.9,1990489
09/12/2005,38.97,39.01,38.52,38.91,1808117
09/13/2005,38.87,38.88,38.28,38.34,2567423
09/14/2005,37.74,38.26,37.58,38.12,2832277
09/15/2005,38.29,38.54,38.13,38.39,2508006
09/16/2005,38.59,39.14,38.49,39.14,6054717
09/19/2005,39.14,39.14,38.55,38.76,2162366
09/20/2005,38.71,39.1,38.11,38.23,2942788
09/21/2005,38.04,38.36,37.84,38.2,3472947
09/22/2005,38.03,38.08,37.56,37.75,5396519
09/23/2005,37.78,38.27,37.57,37.88,2544210
09/26/2005,38.24,38.48,37.73,37.85,2152478
09/27/2005,37.86,37.93,37.39,37.67,2182342
09/28/2005,37.8,38.04,37.32,37.75,2245927
09/29/2005,37.71,38.47,37.36,38.42,2551237
09/30/2005,38.44,38.9,38.33,38.84,2246683
10/03/2005,38.9,38.95,38.36,38.47,2149234
10/04/2005,38.78,39.18,38.39,38.43,2029289
10/05/2005,38.43,38.53,37.79,37.84,1938100
10/06/2005,38.06,38.22,37.43,37.61,2781673
10/07/2005,37.89,37.9,37.5,37.69,2568578
10/10/2005,37.81,38,37.15,37.24,2371819
10/11/2005,37.42,37.46,36.78,36.83,2689773
10/12/2005,36.82,37.23,36.42,36.49,2614100
10/13/2005,36.28,36.86,36.18,36.72,2844755
10/14/2005,36.75,36.8,36.32,36.6,3870496
10/17/2005,36.56,37.01,36.3,36.94,1993915
10/18/2005,36.94,37.1,36.64,36.77,1225806
10/19/2005,36.77,37.74,36.66,37.58,3392274
10/20/2005,37.62,37.74,37.07,37.14,3251941
10/21/2005,37.14,37.69,36.89,37.35,3179607
10/24/2005,37.6,38.5,37.55,38.5,2378294
10/25/2005,38.34,38.46,37.67,37.99,2353774
10/26/2005,37.7,38.94,37.7,38.52,3385149
10/27/2005,38.49,39.9,38.46,39.45,5834622
10/28/2005,39.33,39.34,38.09,38.2,5516286
10/31/2005,38.37,38.71,38.13,38.52,6486188
11/01/2005,38.52,39.39,38.52,39.23,4491853
11/02/2005,39.37,39.78,39.31,39.53,2718960
11/03/2005,40.17,40.41,39.25,39.3,3531125
11/04/2005,39.67,39.69,39.2,39.41,2187914
11/07/2005,39.58,39.79,39.18,39.59,1977326
11/08/2005,39.6,39.69,39.29,39.43,1359233
11/09/2005,39.36,39.62,39.21,39.31,1593050
11/10/2005,39.32,39.82,39.09,39.73,2421265
11/11/2005,39.73,39.77,39.25,39.68,1824506
11/14/2005,39.52,40.06,39.4,39.94,1892159
11/15/2005,39.83,40.08,39.15,39.28,2279237
11/16/2005,39.31,39.69,39.22,39.62,1964594
11/17/2005,39.91,40.13,39.82,39.92,2047538
11/18/2005,40.18,40.31,39.94,40.23,2385867
11/21/2005,40.25,40.39,39.83,40.19,3246158
11/22/2005,40.1,40.41,39.77,40.25,2715510
11/23/2005,40.29,40.49,40.13,40.26,2161782
11/25/2005,40.36,40.36,39.91,40.13,660523
11/28/2005,40.12,40.23,40.01,40.21,2266419
11/29/2005,40.37,41.19,40.37,40.94,3728940
11/30/2005,41.06,41.4,40.47,40.54,4068890
12/01/2005,40.65,40.78,40.54,40.66,3629976
12/02/2005,40.67,41.09,40.62,41.08,2720742
12/05/2005,40.2,40.32,39.58,40.02,5435958
12/06/2005,40.03,40.53,39.95,40.02,3530403
12/07/2005,40.1,40.24,39.64,39.87,3017526
12/08/2005,40.03,40.21,39.76,39.97,2292295
12/09/2005,39.97,40.19,39.8,39.95,2021959
12/12/2005,40.15,40.15,39.45,39.66,2364392
12/13/2005,39.58,39.79,39.16,39.56,3209226
12/14/2005,39.64,39.83,39.42,39.44,4715859
12/15/2005,39.59,39.76,39.28,39.65,2483724
12/16/2005,39.82,39.89,39.17,39.3,3915019
12/19/2005,39.34,39.46,38.79,38.97,2259104
12/20/2005,38.84,39.4,38.76,39,1913346
12/21/2005,39.29,39.41,38.65,38.87,2510909
12/22/2005,38.93,39.09,38.73,38.99,1771497
12/23/2005,39.28,39.28,38.87,39.08,1245493
12/27/2005,39.13,39.24,38.59,38.7,1759174
12/28/2005,38.69,38.8,38.5,38.5,2130944
12/29/2005,38.5,38.97,38.5,38.65,1952824
12/30/2005,38.65,38.72,38.47,38.61,2042880
01/03/2006,38.77,39.81,38.68,39.78,4320730
01/04/2006,39.99,40.51,39.97,40.03,4464414
01/05/2006,39.91,40.15,39.74,39.93,2897662
01/06/2006,40.3,40.34,39.94,40.14,3050135
01/09/2006,40.3,40.73,40.14,40.57,2477139
01/10/2006,40.51,40.51,40.04,40.19,1931961
01/11/2006,40.33,40.45,40.25,40.34,1805251
01/12/2006,40.18,40.22,39.8,39.85,2311143
01/13/2006,39.94,40.1,39.8,39.91,1919203
01/17/2006,39.81,39.82,39.27,39.45,1587861
01/18/2006,39.43,39.44,38.97,39.11,2415150
01/19/2006,39.08,39.1,38.68,38.74,2199452
01/20/2006,38.76,38.79,37.92,37.93,3796233
01/23/2006,38.15,38.45,38.02,38.25,2562168
01/24/2006,38.32,38.71,38.27,38.65,2951564
01/25/2006,38.82,39,38.51,38.75,2733786
01/26/2006,39.13,40.07,39.13,39.95,4726639
01/27/2006,39.77,40.06,39.49,39.76,3130774
01/30/2006,39.76,39.99,39.45,39.98,3176599
01/31/2006,40.04,40.04,39.45,39.53,2836904
02/01/2006,39.53,39.67,39.06,39.54,2886452
02/02/2006,39.42,39.56,39.07,39.2,2205404
02/03/2006,38.87,38.99,38.46,38.54,3682858
02/06/2006,38.46,38.92,38.26,38.68,2111418
02/07/2006,38.61,38.98,38.51,38.66,2633128
02/08/2006,38.67,39.11,38.34,38.96,2686944
02/09/2006,38.98,39.13,38.54,38.76,3176223
02/10/2006,38.73,40.04,38.6,39.63,4057155
02/13/2006,39.43,39.52,38.89,39.17,2808385
02/14/2006,39.46,40.25,39.45,40.13,4009160
02/15/2006,40.06,40.25,39.36,40.07,3157300
02/16/2006,40.25,40.25,39.68,40.04,2905764
02/17/2006,40.1,40.11,39.39,39.52,2150188
02/21/2006,39.54,39.64,39.16,39.31,3047928
02/22/2006,39.52,41.03,39.45,40.93,4642461
02/23/2006,40.69,40.86,40.25,40.34,3066239
02/24/2006,40.44,40.52,40.16,40.22,1979323
02/27/2006,40.29,40.56,39.96,40.05,2318133
02/28/2006,39.99,40.13,39.44,39.44,3429245
03/01/2006,38.86,39.62,38.86,39.15,3543668
03/02/2006,39.04,39.45,38.72,39.43,3114206
03/03/2006,39.47,39.5,38.91,38.95,2472429
03/06/2006,38.97,39.05,38.42,38.57,2386605
03/07/2006,38.58,39.12,38.44,38.96,2820468
03/08/2006,38.9,39.18,38.7,39.14,3100769
03/09/2006,39.15,39.24,38.69,38.72,1547740
03/10/2006,38.61,39.21,38.61,39.1,1900024
03/13/2006,39.09,39.28,38.91,39.16,2069536
03/14/2006,39.27,40.21,39.17,39.9,3141434
03/15/2006,40.06,40.1,39.48,39.74,2384192
03/16/2006,40,40.02,39.78,39.81,1858509
03/17/2006,39.85,40.06,39.67,39.93,3680650
03/20/2006,40.17,40.36,40.08,40.12,2190793
03/21/2006,40.07,40.09,39.4,39.43,2221458
03/22/2006,39.36,39.41,38.87,38.98,3861593
03/23/2006,39.08,39.08,38.59,38.61,4726689
03/24/2006,38.59,38.84,38.4,38.76,3414590
03/27/2006,38.8,38.87,38.64,38.72,2394349
03/28/2006,38.6,38.77,38.38,38.43,3428266
03/29/2006,38.54,38.72,38.39,38.58,2421249
03/30/2006,38.43,38.92,38.35,38.41,3364100
03/31/2006,38.41,38.44,37.92,38.11,13733059
04/03/2006,38.09,38.54,37.81,38.16,3442657
04/04/2006,38.17,38.69,38.13,38.54,2952197
04/05/2006,38.6,39.09,38.49,38.96,2834819
04/06/2006,38.99,39.3,38.64,39.22,3725503
04/07/2006,39.22,39.37,38.78,38.85,2277571
04/10/2006,39,39,38.52,38.63,3528771
04/11/2006,38.87,38.93,37.99,38.82,4316874
04/12/2006,39,39.4,38.63,39.37,3736176
04/13/2006,38.75,39.25,38.69,38.8,1927083
04/17/2006,38.8,38.92,38.5,38.66,1618332
04/18/2006,38.87,39.54,38.86,39.5,3015621
04/19/2006,39.45,39.81,39.35,39.75,2155347
04/20/2006,39.46,39.72,39.22,39.3,2467083
04/21/2006,39.57,39.61,39.18,39.34,2031776
04/24/2006,39.29,39.6,38.91,39.54,2127628
04/25/2006,39.4,39.6,39.19,39.49,2753629
04/26/2006,39.5,40.46,39.5,40.17,3474704
04/27/2006,39.82,41.2,39.66,40.76,4657681
04/28/2006,41.75,41.82,40.99,41.04,6521124
05/01/2006,41.02,41.05,40.25,40.63,4902395
05/02/2006,40.45,40.57,39.94,40.49,4000224
05/03/2006,40.54,41.12,40.49,40.84,3426086
05/04/2006,41.1,41.28,40.77,40.78,1928650
05/05/2006,41.15,41.62,41.03,41.46,2284573
05/08/2006,41.25,41.52,41.24,41.33,1798278
05/09/2006,41.18,41.38,40.93,41.04,1879142
05/10/2006,41.78,42.12,41.3,41.91,4961108
05/11/2006,41.75,42,41.44,41.6,2292637
05/12/2006,41.54,41.62,41.11,41.17,2212318
05/15/2006,41.23,41.32,40.81,41.01,3556928
05/16/2006,41.2,41.4,41.08,41.21,2122303
05/17/2006,41.95,41.95,40.38,40.39,2977758
05/18/2006,40.39,40.44,39.93,39.98,2575252
05/19/2006,40.13,40.73,39.96,40.57,3322580
05/22/2006,40.57,40.86,40.13,40.49,3043429
05/23/2006,40.6,40.91,40.41,40.41,2127800
05/24/2006,40.34,40.86,40.13,40.61,3669976
05/25/2006,40.71,40.83,40.48,40.67,1512433
05/26/2006,40.96,41.12,40.61,41.09,2311132
05/30/2006,40.78,40.93,39.61,39.67,2565041
05/31/2006,39.91,40.53,39.81,40.53,3289441
06/01/2006,40.56,41.21,40.35,41.08,2868267
06/02/2006,41.02,41.53,40.77,41.43,2709259
06/05/2006,41.18,41.62,40.93,40.95,3882427
06/06/2006,41.4,41.43,40.45,40.83,2605250
06/07/2006,40.78,40.78,40.1,40.11,3476813
06/08/2006,40.15,40.82,39.97,40.63,4036949
06/09/2006,40.56,40.75,40.26,40.35,2791333
06/12/2006,40.41,40.45,39.98,40.11,2732669
06/13/2006,40.17,40.37,39.63,39.79,4036207
06/14/2006,39.69,39.82,38.82,39.19,3582971
06/15/2006,39.28,40.34,39.15,40.18,3412246
06/16/2006,39.86,39.96,39.27,39.46,3824793
06/19/2006,39.55,39.79,38.89,39.04,2428110
06/20/2006,39.25,39.73,39.05,39.33,2229766
06/21/2006,39.21,39.47,39.06,39.23,2790169
06/22/2006,39.22,39.31,38.56,38.69,2438397
06/23/2006,38.52,38.82,38.33,38.67,2071106
06/26/2006,38.71,39.38,38.71,39.26,1831918
06/27/2006,39.27,39.32,38.51,38.54,2664999
06/28/2006,38.6,39.06,38.52,39.03,1768308
06/29/2006,39.41,40.13,39.24,39.98,2769603
06/30/2006,39.98,40.47,39.9,40.33,4306584
07/03/2006,40.52,40.75,40.26,40.71,1019535
07/05/2006,40.32,40.56,39.99,40.21,1806183
07/06/2006,40.19,40.41,40.01,40.34,1808965
07/07/2006,40.28,40.42,40.04,40.11,1219718
07/10/2006,40.49,41.1,40.38,41.04,2900966
07/11/2006,40.91,41.22,40.64,41.18,2506297
07/12/2006,41.19,41.23,40.31,40.49,1830888
07/13/2006,40.12,40.26,39.53,39.62,2313040
07/14/2006,39.56,39.59,39.06,39.4,1738617
07/17/2006,39.42,39.67,39.22,39.45,1775819
07/18/2006,39.37,39.5,38.84,39.13,2981316
07/19/2006,39.63,41.6,39.61,41.28,4313830
07/20/2006,41.28,41.94,41.03,41.4,2939505
07/21/2006,41.52,41.72,41.02,41.32,2792801
07/24/2006,41.3,41.45,41.23,41.38,2840545
07/25/2006,41.51,41.58,41.14,41.48,2396334
07/26/2006,41.32,41.42,41.13,41.21,2912400
07/27/2006,41.29,41.5,40.87,40.92,3087013
07/28/2006,41.29,41.66,41.1,41.46,2589619
07/31/2006,41.04,41.13,40.58,40.97,4126044
08/01/2006,39.93,41.73,39.93,41.49,4868465
08/02/2006,41.47,41.51,41.05,41.15,3962018
08/03/2006,40.73,41.16,40.71,40.96,3330130
08/04/2006,41.45,41.84,41.19,41.38,2963292
08/07/2006,41.36,41.44,41.14,41.32,2047927
08/08/2006,41.62,41.67,41.2,41.32,2385161
08/09/2006,41.59,41.62,40.73,40.84,2109485
08/10/2006,40.97,42.17,40.75,41.87,4632792
08/11/2006,41.85,41.86,41.27,41.47,2004240
08/14/2006,41.87,42.81,41.85,42.42,3204782
08/15/2006,42.49,42.53,42.09,42.34,4432198
08/16/2006,42.7,42.74,42.15,42.17,2194204
08/17/2006,42.1,42.73,42.07,42.66,2732909
08/18/2006,42.71,42.93,42.55,42.6,2095768
08/21/2006,42.59,42.75,42.39,42.68,1990379
08/22/2006,42.69,42.69,42.22,42.48,2088390
08/23/2006,42.67,42.83,42.42,42.79,2164616
08/24/2006,42.94,43.19,42.82,42.99,2834095
08/25/2006,42.73,43.1,42.65,42.73,1967282
08/28/2006,42.65,43.25,42.65,43.22,2087773
08/29/2006,43.03,43.16,42.68,42.89,3219758
08/30/2006,43.51,43.51,43.07,43.18,2189602
08/31/2006,43.21,43.5,43.05,43.34,2093675
09/01/2006,43.36,43.49,43.2,43.39,1856223
09/05/2006,43.28,43.42,43.02,43.21,1268458
09/06/2006,42.25,43.31,41.97,42.78,1672692
09/07/2006,42.88,43.17,42.68,43.05,1794324
09/08/2006,42.99,43.42,42.83,43.36,2483531
09/11/2006,43.36,44.11,43.36,44.1,2879648
09/12/2006,44.24,44.4,43.92,44.4,3120339
09/13/2006,44.3,44.31,43.73,44.22,2556920
09/14/2006,44.01,44.18,43.66,43.95,1968952
09/15/2006,44.15,44.36,43.97,44.09,2190952
09/18/2006,44.01,44.08,43.57,43.77,2762011
09/19/2006,43.79,43.79,43.3,43.62,1863030
09/20/2006,44.01,44.32,43.64,44.24,3829506
09/21/2006,44.23,44.51,44.18,44.31,3298473
09/22/2006,44.35,44.76,44.35,44.55,2630027
09/25/2006,44.83,45.39,44.61,45.09,2681094
09/26/2006,45.25,45.55,44.67,44.94,3561976
09/27/2006,44.7,44.95,44.6,44.71,2121668
09/28/2006,44.87,44.9,44.5,44.67,2508953
09/29/2006,44.82,44.82,44.55,44.65,2913058
10/02/2006,44.66,44.66,44.18,44.32,2260789
10/03/2006,44.22,44.53,44.2,44.3,2855923
10/04/2006,44.58,45.22,44.47,45.15,3973627
10/05/2006,44.97,45.12,44.79,45.09,1865194
10/06/2006,45.09,45.27,44.9,45.19,1944239
10/09/2006,45.24,45.39,45.1,45.37,1320718
10/10/2006,45.34,45.4,44.77,44.88,1854109
10/11/2006,44.92,45.02,44.58,44.65,2989051
10/12/2006,44.67,44.73,44.31,44.46,3968911
10/13/2006,44.37,44.83,44.31,44.61,3424950
10/16/2006,44.76,45.12,44.58,44.99,2484625
10/17/2006,44.8,45.7,44.76,45.22,4946006
10/18/2006,46,46.4,45.52,46.28,5003919
10/19/2006,46.16,46.3,45.72,45.79,1906491
10/20/2006,45.94,46.26,45.74,46.04,2501021
10/23/2006,45.87,46.29,45.7,46.26,1705098
10/24/2006,46.12,46.28,45.99,46.28,1902608
10/25/2006,46.4,46.53,45.96,46.44,2369025
10/26/2006,46.74,47.17,46.61,47.11,2206805
10/27/2006,47.14,47.14,46.17,46.2,2766839
10/30/2006,46.25,46.82,46.25,46.42,2819411
10/31/2006,45.35,45.98,44.56,44.98,7410458
11/01/2006,45.63,45.79,45.18,45.34,3450646
11/02/2006,45.39,45.47,45.14,45.43,2965737
11/03/2006,45.81,45.81,45.13,45.35,2298775
11/06/2006,45.37,45.75,45.25,45.63,3106484
11/07/2006,45.7,46.16,45.6,45.95,2371876
11/08/2006,45.73,46.08,45.52,45.68,2360339
11/09/2006,45.83,45.99,45.72,45.78,2240776
11/10/2006,46.19,46.43,46.02,46.11,2398717
11/13/2006,46.11,46.44,45.91,46.26,1977944
11/14/2006,46.3,46.62,45.96,46.6,2650397
11/15/2006,46.53,46.87,46.33,46.62,1907041
11/16/2006,46.88,47.26,46.78,46.99,1617814
11/17/2006,46.83,46.99,46.69,46.94,2484337
11/20/2006,46.94,47.24,46.85,47.2,1715711
11/21/2006,47.2,47.2,46.61,46.69,2165393
11/22/2006,46.68,46.89,46.2,46.45,1943794
11/24/2006,46.26,46.51,46.2,46.25,649194
11/27/2006,46.38,46.42,45.98,46.21,2061032
11/28/2006,46.24,46.76,46.03,46.58,2771686
11/29/2006,46.69,46.87,46.18,46.51,2437679
11/30/2006,46.65,46.9,46.29,46.75,2360623
12/01/2006,46.94,46.94,45.67,46.21,2988249
12/04/2006,46.21,46.5,45.9,46.5,3673094
12/05/2006,46.49,46.85,46.23,46.62,2391437
12/06/2006,46.46,46.52,45.82,46.42,3584212
12/07/2006,46.29,46.46,45.6,45.79,3772114
12/08/2006,45.79,46.35,45.53,46.06,2897281
12/11/2006,46.07,46.3,45.98,46.25,2370342
12/12/2006,46.38,46.38,46.02,46.15,3518978
12/13/2006,46.36,46.49,46.13,46.44,2108225
12/14/2006,46.71,46.98,46.61,46.75,2330722
12/15/2006,46.71,46.85,46.63,46.74,3140783
12/18/2006,46.89,46.99,46.48,46.64,2198122
12/19/2006,46.65,47.15,46.46,47.08,2914378
12/20/2006,47.01,47.21,46.81,47.04,2471091
12/21/2006,47.3,47.54,46.94,47.1,2520408
12/22/2006,47.32,47.32,46.82,47.04,1611296
12/26/2006,46.89,47.32,46.7,47.25,1573398
12/27/2006,47.49,47.51,47.04,47.38,1233341
12/28/2006,47.37,47.5,47.04,47.35,1449088
12/29/2006,47.33,47.36,46.87,46.95,1614641
01/03/2007,47.45,48.17,47.44,47.88,3637779
01/04/2007,47.78,48.29,47.66,48.16,3233531
01/05/2007,48.17,48.18,47.37,47.58,2288964
01/08/2007,47.53,47.59,47.07,47.58,2411601
01/09/2007,47.64,47.7,46.7,47,3046993
01/10/2007,46.96,47.94,46.84,47.84,3894668
01/11/2007,49.09,49.16,48.62,49.02,4443791
01/12/2007,49.06,49.29,48.98,49.13,2395652
01/16/2007,49.3,49.63,49.07,49.51,3278374
01/17/2007,49.52,49.53,48.82,48.97,3819605
01/18/2007,48.95,49.11,48.42,48.74,3861621
01/19/2007,48.74,49.01,48.54,48.95,2513079
01/22/2007,49.06,49.25,48.82,49.01,2547419
01/23/2007,49.2,49.31,48.95,49.15,2170578
01/24/2007,49.18,50,49.18,49.91,2867023
01/25/2007,49.97,50.03,48.94,49.02,2361976
01/26/2007,49.29,49.38,48.58,48.95,1816638
01/29/2007,49.09,49.21,48.8,48.94,1935137
01/30/2007,49.19,49.31,48.99,49.24,1764318
01/31/2007,49.19,49.54,48.91,49.44,2193042
02/01/2007,50.05,50.35,49.74,50.27,2257243
02/02/2007,50.46,50.57,50.28,50.42,2279790
02/05/2007,50.34,50.47,50.2,50.35,1852530
02/06/2007,50.5,50.62,50.38,50.53,2239845
02/07/2007,50.67,51.2,50.55,51.09,2286354
02/08/2007,51.21,51.23,50.64,50.77,3158121
02/09/2007,51.02,51.29,50.06,50.39,2473039
02/12/2007,50.9,50.94,50.34,50.49,2977834
02/13/2007,50.78,51.71,50.54,51.61,4480286
02/14/2007,51.2,52.39,51.16,51.98,4681335
02/15/2007,51.91,51.91,51.14,51.62,2506992
02/16/2007,51.45,51.83,51.41,51.61,3160021
02/20/2007,51.7,52.29,51.35,52.21,2403678
02/21/2007,52.22,52.22,51.94,52.13,2052904
02/22/2007,52.13,52.73,52.13,52.46,2583605
02/23/2007,52.52,52.52,51.79,51.94,3005229
02/26/2007,51.93,52.17,51.79,52,1754836
02/27/2007,51.71,51.71,49.42,50.01,3433402
02/28/2007,50.04,50.58,49.93,50.3,3008981
03/01/2007,50.06,50.45,49.58,50.3,2097614
03/02/2007,50.14,50.26,49.52,49.69,2239996
03/05/2007,49.25,49.86,49.07,49.1,3023645
03/06/2007,49.27,49.65,48.88,49.5,2623627
03/07/2007,49.36,49.58,49.12,49.19,2767479
03/08/2007,49.51,49.86,49.35,49.47,1889823
03/09/2007,49.76,50.09,49.69,49.85,2705693
03/12/2007,50.08,50.2,49.8,50.16,1721680
03/13/2007,49.79,49.85,48.42,48.47,3608863
03/14/2007,48.51,49.18,48.05,49.03,5226975
03/15/2007,48.97,49.58,48.93,49.36,3500357
03/16/2007,49.6,49.67,49.01,49.16,4004535
03/19/2007,49.37,49.92,49.37,49.78,2247448
03/20/2007,49.8,50.17,49.73,50.12,2523554
03/21/2007,49.94,51.12,49.89,50.78,2735645
03/22/2007,50.79,50.94,50.34,50.49,2674296
03/23/2007,50.52,51.91,50.42,50.64,2511400
03/26/2007,50.73,51.14,50.28,51.12,4038423
03/27/2007,51.71,51.71,50.62,50.73,3319289
03/28/2007,50.48,50.76,50.12,50.4,2491077
03/29/2007,50.58,50.73,50.01,50.4,2370263
03/30/2007,50.49,50.73,49.79,50.26,2757801
04/02/2007,50.42,50.44,49.79,50.4,2682257
04/03/2007,50.62,50.84,50.49,50.73,2937427
04/04/2007,50.66,50.74,50.26,50.49,2312834
04/05/2007,50.5,50.9,50.34,50.79,1655518
04/09/2007,50.8,50.92,50.7,50.84,1481751
04/10/2007,50.78,50.92,50.56,50.58,1966878
04/11/2007,50.38,50.64,50.17,50.48,2770649
04/12/2007,50.35,50.64,49.99,50.58,2384407
04/13/2007,50.46,50.58,50.16,50.37,1884928
04/16/2007,50.63,51.06,50.53,50.83,2100906
04/17/2007,50.85,51.25,50.73,51.03,2091279
04/18/2007,50.82,51.17,50.8,51.02,2556487
04/19/2007,51.59,51.59,50.68,51.13,3223331
04/20/2007,51.7,51.9,51.45,51.82,3396773
04/23/2007,51.81,52.09,51.35,51.49,2336968
04/24/2007,52.48,52.48,51.06,51.37,2088425
04/25/2007,51.63,52.3,51.59,52.18,2646040
04/26/2007,51.54,52.57,51.13,52.39,2197938
04/27/2007,51.7,52.56,51.7,52.18,2918179
04/30/2007,52.28,52.75,52.09,52.3,2481332
05/01/2007,52.63,52.81,51.76,52.39,3290948
05/02/2007,53.15,53.42,52.4,53.12,4447532
05/03/2007,53.18,54.32,53.08,54.22,4346721
05/04/2007,54.63,54.86,54.29,54.55,5005033
05/07/2007,54.88,55.16,54.67,54.75,3162689
05/08/2007,54.9,55.01,54.55,54.96,3713029
05/09/2007,54.98,55.13,54.63,54.85,3668049
05/10/2007,54.78,54.82,53.96,54.15,3598544
05/11/2007,54.22,54.71,54.16,54.71,2327426
05/14/2007,54.62,54.92,54.19,54.31,2448607
05/15/2007,54.5,55.13,54.5,54.89,3232175
05/16/2007,55.02,55.22,54.44,54.8,2677746
05/17/2007,54.49,54.71,54.26,54.53,2325759
05/18/2007,54.61,54.64,54.28,54.46,2808232
05/21/2007,54.47,54.63,54.32,54.51,2079112
05/22/2007,54.39,54.94,54.24,54.8,2362083
05/23/2007,54.65,54.65,53.9,53.93,3598260
05/24/2007,54.02,54.28,52.91,53.64,4075346
05/25/2007,53.68,53.99,53.44,53.89,2334305
05/29/2007,54.37,54.52,53.79,53.98,1895270
05/30/2007,53.99,54.53,53.58,54.48,2871483
05/31/2007,54.49,54.68,54.12,54.12,2319891
06/01/2007,54.19,55.16,54.11,54.44,2407968
06/04/2007,54.2,54.43,53.98,54.2,2192611
06/05/2007,54,54.32,53.52,53.79,3748193
06/06/2007,53.8,54.04,53.26,53.31,2798897
06/07/2007,53.29,53.37,52.14,52.32,4270208
06/08/2007,52.25,52.6,51.97,52.53,3958844
06/11/2007,52.58,52.97,52.48,52.72,2606160
06/12/2007,52.35,52.75,51.97,52.13,3578082
06/13/2007,52.31,52.47,51.96,52.44,4134462
06/14/2007,52.66,53.05,52.48,52.77,3296712
06/15/2007,53.12,53.37,53.01,53.13,4601474
06/18/2007,53.09,53.3,52.89,53,2035235
06/19/2007,52.84,53.13,52.69,52.89,2395079
06/20/2007,52.83,52.83,51.66,51.72,6416091
06/21/2007,51.43,51.94,51.12,51.59,5238602
06/22/2007,51.21,51.44,50.67,50.73,5577084
06/25/2007,50.81,51.81,50.49,50.96,7932764
06/26/2007,51.07,51.86,51.07,51.48,4466093
06/27/2007,51.01,51.79,50.83,51.75,3763021
06/28/2007,51.75,52.01,51.29,51.53,2882378
06/29/2007,51.56,51.85,50.94,51.31,3679932
