11/14/1997,14.06,15.25,14.06,14.88,2233500
11/17/1997,15.75,15.75,15,15.25,515000
11/18/1997,15.44,15.5,15,15,257300
11/19/1997,15,15.62,14.75,15.62,270100
11/20/1997,15.5,16.38,15.5,16.38,185500
11/21/1997,16.62,17.5,16.25,17.12,133100
11/24/1997,16.62,17.12,16.38,17,160200
11/25/1997,17.25,18.06,17.19,17.75,384800
11/26/1997,17.5,17.94,17.5,17.94,72500
11/28/1997,17.81,18,17.81,17.88,24800
12/01/1997,17.75,18,17.75,17.81,90200
12/02/1997,18,18,17.75,17.81,194200
12/03/1997,17.69,17.88,17.69,17.88,77600
12/04/1997,17.75,17.94,17.69,17.69,79500
12/05/1997,17.94,18.12,17.69,18.12,120300
12/08/1997,18.38,18.38,17.88,18.12,56700
12/09/1997,18.06,18.75,17.88,18.5,170000
12/10/1997,18.5,18.5,17.81,18.06,28000
12/11/1997,18.12,18.25,17.75,18.06,19500
12/12/1997,17.75,18,17.62,17.75,89600
12/15/1997,17.94,18.62,17.75,18.12,186100
12/16/1997,18.12,18.12,17.31,18.06,89700
12/17/1997,18.06,18.38,18,18.25,84900
12/18/1997,18,18.44,17.88,18.44,20000
12/19/1997,18.31,18.44,17.88,18.25,49600
12/22/1997,18.5,18.5,18.12,18.12,7400
12/23/1997,18.38,18.38,17.62,17.62,169900
12/24/1997,17.5,17.62,17.5,17.56,32600
12/26/1997,17.56,17.69,17.56,17.56,600
12/29/1997,17.62,17.62,17.38,17.5,49200
12/30/1997,17.5,17.5,17.25,17.25,46700
12/31/1997,17.38,17.38,17,17.25,87500
01/02/1998,17.38,17.38,16.88,17,131190
01/05/1998,17.186,17.186,16.684,16.684,67590
01/06/1998,16.62,16.69,16.5,16.69,24100
01/07/1998,16.62,16.69,16.38,16.56,90190
01/08/1998,16.56,17.62,16.5597,17.25,65110
01/09/1998,17.12,17.5,16.75,16.88,132010
01/12/1998,16.62,17,16.38,17,37000
01/13/1998,17.25,18.75,17,18.75,148700
01/14/1998,18.75,18.75,18.25,18.25,97500
01/15/1998,18,18.25,18,18,32100
01/16/1998,18,18.19,17.75,17.75,13000
01/20/1998,17.25,18,17,18,105400
01/21/1998,18.06,18.31,18.06,18.06,109130
01/22/1998,18,18,17.62,17.75,47400
01/23/1998,17.75,18.12,17.75,18.12,53300
01/26/1998,18.25,18.25,17.88,17.88,5000
01/27/1998,17.94,18,17.62,17.62,12200
01/28/1998,17.654,17.7163,17.5,17.7163,39640
01/29/1998,17.75,17.75,17.5,17.62,130110
01/30/1998,17.75,18,17.75,17.88,19700
02/02/1998,18,19.19,18,19,45000
02/03/1998,19.25,19.25,18.75,18.81,46500
02/04/1998,18.81,19.25,18.75,19,47700
02/05/1998,19.12,19.1906,18.88,19,14100
02/06/1998,19.25,19.5,19.06,19.38,27300
02/09/1998,19.5,19.5,18.88,19.25,14700
02/10/1998,19.38,20.69,19.38,20.12,83500
02/11/1998,20.25,20.38,19.5,20,90400
02/12/1998,20,20.25,19.94,19.94,22800
02/13/1998,19.9064,20.094,19.9064,20.094,34940
02/17/1998,20.25,20.56,20.25,20.56,23100
02/18/1998,20.31,20.5,20.12,20.19,31700
02/19/1998,20.44,20.44,20.12,20.12,24400
02/20/1998,20,20.25,19.5,19.88,59400
02/23/1998,20,20.5,20,20,132500
02/24/1998,20,20,19.5,19.5,14700
02/25/1998,19.62,19.75,19.377,19.5,19700
02/26/1998,19.5,19.75,19.38,19.38,3200
02/27/1998,19.25,19.5,19,19.5,132270
03/02/1998,19.75,20.5,19.75,20.12,46110
03/03/1998,20.12,20.25,20.06,20.12,31400
03/04/1998,20.12,20.5,20.12,20.25,15700
03/05/1998,20.25,20.75,20.25,20.44,27600
03/06/1998,20.69,20.75,20.38,20.38,5500
03/09/1998,20.5,21.38,20.5,21.38,15800
03/10/1998,21.38,21.88,21.38,21.75,18400
03/11/1998,21.94,22.88,21.75,22.38,54800
03/12/1998,22.38,22.38,22,22.25,23500
03/13/1998,22.5,22.62,22,22.12,39100
03/16/1998,22.31,22.31,21.687,21.687,33510
03/17/1998,21.75,21.75,21.12,21.5,16600
03/18/1998,21.5,21.88,21.38,21.88,27560
03/19/1998,21.94,22,21.6892,21.88,73700
03/20/1998,21.75,21.88,21.38,21.5,3700
03/23/1998,21.38,21.38,21.25,21.38,1400
03/24/1998,21.25,21.621,20.88,21,45800
03/25/1998,21,21.12,20.75,20.81,5400
03/26/1998,20.69,20.88,20.62,20.88,3600
03/27/1998,21,21.25,20.877,21.12,46100
03/30/1998,21.12,21.88,21.12,21.69,99040
03/31/1998,21.56,22.25,21.56,22.19,54100
04/01/1998,22.12,22.25,21.75,22.12,133910
04/02/1998,21.88,22.121,21.877,22,175210
04/03/1998,21.25,21.88,21.25,21.5,29300
04/06/1998,21.346,21.596,21.22,21.5336,88400
04/07/1998,21.75,21.88,21.5,21.75,17400
04/08/1998,21.75,21.75,21.38,21.5,2800
04/09/1998,21.5,21.5,21.12,21.38,22500
04/13/1998,21.38,21.5,21.1887,21.5,49100
04/14/1998,21.38,21.62,21.375,21.62,15900
04/15/1998,21.44,21.88,21.44,21.62,20300
04/16/1998,21.38,21.5,21.377,21.44,3800
04/17/1998,21.69,21.88,21.56,21.88,8500
04/20/1998,21.69,21.88,21.62,21.62,15300
04/21/1998,21.88,21.94,21.62,21.94,27200
04/22/1998,21.75,21.75,21.56,21.56,11200
04/23/1998,21.44,21.75,21.4396,21.5,10500
04/24/1998,21.5,21.94,21.12,21.12,58210
04/27/1998,20.88,20.88,20.5,20.56,34000
04/28/1998,20.655,20.655,20.155,20.155,251730
04/29/1998,20.25,20.25,19.5,20.25,112000
04/30/1998,20.38,20.5,19.88,20.12,30400
05/01/1998,19.806,19.806,19.434,19.62,29860
05/04/1998,19.75,19.94,19.62,19.75,61000
05/05/1998,20,20.1901,19.88,20,30600
05/06/1998,20,20.125,19.62,19.75,32800
05/07/1998,19.88,19.88,19.5,19.5,13100
05/08/1998,19.75,19.88,19.5,19.5,53300
05/11/1998,19.38,19.88,19.38,19.5,43400
05/12/1998,19.75,19.9413,19.5,19.88,10300
05/13/1998,19.62,19.94,19.62,19.62,25800
05/14/1998,19.38,19.624,19.25,19.5,15900
05/15/1998,19.75,19.75,19.5,19.5,5400
05/18/1998,19.75,19.88,19.12,19.12,16300
05/19/1998,19.06,19.62,19.06,19.12,39410
05/20/1998,19.25,19.31,19.12,19.19,31800
05/21/1998,19.31,20.25,19.31,20.25,40300
05/22/1998,20.19,20.19,20,20,4400
05/26/1998,20,20,19.62,19.62,4100
05/27/1998,19.38,19.38,18,18.5,116300
05/28/1998,18.62,18.75,18.5,18.62,40800
05/29/1998,18.75,19,18.75,19,49000
06/01/1998,19,19.25,19,19,5200
06/02/1998,19.12,19.6909,19.12,19.38,183840
06/03/1998,19.5,19.75,19.31,19.75,5500
06/04/1998,20,20.38,20,20,9900
06/05/1998,20.12,20.12,19.44,19.44,92420
06/08/1998,19.31,19.38,19.31,19.38,2100
06/09/1998,19.62,19.62,19.378,19.5,11200
06/10/1998,19.5,19.88,19.31,19.5,37900
06/11/1998,19.62,19.62,19.31,19.31,12400
06/12/1998,19.38,19.44,18.56,18.88,20900
06/15/1998,18.88,19.25,18.75,19.25,54100
06/16/1998,19.25,19.25,19.12,19.19,5300
06/17/1998,19.06,19.25,19.06,19.25,28900
06/18/1998,19.25,20.25,19.25,20,33800
06/19/1998,19.88,22,19.879,21.06,74060
06/22/1998,21.31,21.44,20.879,21.44,37900
06/23/1998,21.25,21.38,20.997,21.12,56700
06/24/1998,21.25,22,21.19,21.81,55200
06/25/1998,21.81,21.81,20.62,21.12,55870
06/26/1998,20.94,21.3731,20.69,21.3731,59240
06/29/1998,21.06,21.25,20.25,20.38,61200
06/30/1998,20.153,20.3403,19.78,20.0274,3532090
07/01/1998,20.19,20.19,20,20,201700
07/02/1998,20,20.88,20,20.5,577510
07/06/1998,20.5,22.0043,20.31,21.88,249000
07/07/1998,22,22.5,22,22,232800
07/08/1998,22,22.62,22,22.12,291220
07/09/1998,22.1526,22.4022,22.09,22.2774,89900
07/10/1998,22.31,22.44,22,22.25,345690
07/13/1998,22,22.25,21.25,21.62,257600
07/14/1998,21.38,21.75,21,21.75,291600
07/15/1998,21.25,22.5,21,21.6,203140
07/16/1998,21.31,21.6247,21.1855,21.38,180300
07/17/1998,21.38,21.88,21.38,21.75,300660
07/20/1998,21.62,22.62,21.5,22.31,92700
07/21/1998,22.3437,22.7192,22.28,22.406,273890
07/22/1998,22.56,22.56,21.5,22.25,200300
07/23/1998,22.25,22.5,21.5,21.5,219700
07/24/1998,21.69,22.19,20.942,21.94,240600
07/27/1998,22.25,22.5,20.62,20.62,216220
07/28/1998,21,21.38,20.56,20.75,278350
07/29/1998,21,21.62,20.75,21.5,254630
07/30/1998,21.56,21.75,21.44,21.5,174390
07/31/1998,21.75,21.88,21.12,21.12,339840
08/03/1998,21.22,21.22,20.969,21.0314,121640
08/04/1998,21.25,21.6901,20.879,21.06,128300
08/05/1998,21.06,21.62,20.88,21.12,156290
08/06/1998,20.88,20.94,20,20.94,160590
08/07/1998,20.81,21,20.5,20.5,74100
08/10/1998,20.44,20.44,19.69,20,59800
08/11/1998,19.81,19.8101,17.5,18.75,98500
08/12/1998,19,19,18.75,19,83800
08/13/1998,19.6,20.25,19.1395,20.25,48710
08/14/1998,20,20.75,19.6887,19.75,120000
08/17/1998,19.62,20.25,19.378,19.81,95790
08/18/1998,19.6588,19.72,19.097,19.72,90800
08/19/1998,19.94,19.94,19.1898,19.5,94100
08/20/1998,19.62,19.88,19.38,19.38,21900
08/21/1998,19.6287,19.6287,18.8713,19.25,28260
08/24/1998,19.12,19.8112,19.12,19.69,53600
08/25/1998,19.69,19.81,19.2876,19.5,88450
08/26/1998,19.38,19.56,19.1886,19.25,123100
08/27/1998,19,19.121,18,18.19,125600
08/28/1998,17.9728,18.0354,16.407,16.407,102130
08/31/1998,16.7536,17.32,16.31,16.816,133220
09/01/1998,17.028,17.6543,16.5,17.5917,119660
09/02/1998,17.62,18.124,17.62,18,23700
09/03/1998,18.12,19.12,17.75,18.31,116370
09/04/1998,18.31,18.5612,18.25,18.44,72200
09/08/1998,18.8502,20.56,18.8502,20.31,53510
09/09/1998,20.9685,20.9685,20.1847,20.25,81520
09/10/1998,19.965,19.965,18.5301,18.6549,36840
09/11/1998,18.93,19.309,18.93,19.12,128730
09/14/1998,19.25,19.5,18.879,19,29500
09/15/1998,18.88,20,18.81,20,28600
09/16/1998,20.22,20.97,20.095,20.22,90180
09/17/1998,20.0012,20.0012,19.565,19.9388,87830
09/18/1998,20.411,20.4739,20.29,20.3487,46660
09/21/1998,20.188,20.188,19.81,19.81,44390
09/22/1998,19.94,19.94,19.44,19.69,74690
09/23/1998,19.75,19.88,19.69,19.81,16800
09/24/1998,19.6237,19.81,19.0594,19.686,47870
09/25/1998,19.5,20.88,19.5,20.69,92590
09/28/1998,20.62,20.626,20.19,20.56,66900
09/29/1998,20.5,21.38,20.38,21.12,50200
09/30/1998,21.19,21.5,21,21.5,161100
10/01/1998,21.5,21.5,20.12,20.38,66300
10/02/1998,20.25,20.38,19.62,19.69,36400
10/05/1998,19.56,19.56,18.5,18.62,146310
10/06/1998,18.815,19.064,18.3785,18.565,34440
10/07/1998,18.949,18.949,17.932,18.25,39420
10/08/1998,17.75,17.75,16.75,17.5,76000
10/09/1998,17.38,17.75,17.12,17.75,69200
10/12/1998,17.75,19,17.75,18.19,30900
10/13/1998,18.44,18.75,18.44,18.44,22900
10/14/1998,18.19,18.5,18,18,60600
10/15/1998,18.25,18.56,18.12,18.56,49400
10/16/1998,18.5,19.56,18.5,19,39500
10/19/1998,18.88,20.0013,18.88,19.69,35500
10/20/1998,19.75,20,19.62,19.62,418030
10/21/1998,19.75,20.5,19.625,20.5,110700
10/22/1998,20.62,22.38,20.5,21.88,76500
10/23/1998,21.72,22.591,21.593,21.842,161010
10/26/1998,22,22,21.62,21.75,76800
10/27/1998,21.5,21.62,21.12,21.5,62700
10/28/1998,21.62,22.12,21.5,21.62,78810
10/29/1998,21.75,22.1236,21.75,21.94,16700
10/30/1998,21.943,22.0681,21.692,21.82,54080
11/02/1998,21.38,22.62,21.38,22.56,94900
11/03/1998,22.5,22.5,21.879,21.94,41100
11/04/1998,21.81,22.188,21.81,21.938,89870
11/05/1998,22,22.19,21.6888,21.81,29500
11/06/1998,22.19,23.621,22.19,22.88,382600
11/09/1998,23.2,23.2,22.817,22.88,206300
11/10/1998,22.56,22.56,21.566,21.69,126430
11/11/1998,21.94,21.94,21.25,21.69,42800
11/12/1998,21.81,21.88,21.1898,21.56,55800
11/13/1998,21.6574,21.9071,21.5,21.5326,28110
11/16/1998,21.5,21.78,21.28,21.5,112460
11/17/1998,21.56,21.56,21.31,21.5,113200
11/18/1998,21.38,21.62,21,21.44,182410
11/19/1998,21.69,22.62,21.44,22,368610
11/20/1998,21.8756,23.309,21.813,23.18,364060
11/23/1998,23.44,26.44,23.38,26,284200
11/24/1998,26,27.01,25.69,26.31,208660
11/25/1998,25.88,26.38,25.88,26.19,61700
11/27/1998,26.19,27.5,26.1899,27.06,34600
11/30/1998,26.81,26.8101,25.75,26.25,145480
12/01/1998,25.88,27.622,25.38,27.44,67300
12/02/1998,27.5332,27.5332,26.84,27.1568,58150
12/03/1998,27,28.19,27,27.81,94000
12/04/1998,27.56,27.75,27.12,27.5,53800
12/07/1998,27.06,27.189,26.81,26.876,104710
12/08/1998,26.94,27.12,26.31,26.62,107200
12/09/1998,26.68,26.9967,26.4,26.68,110650
12/10/1998,26.5,26.624,26.005,26.5,35200
12/11/1998,26.25,26.62,25.25,25.5,36500
12/14/1998,25.5,25.5,25,25.06,21100
12/15/1998,24.5656,24.5656,23.885,24.38,60920
12/16/1998,24.38,24.81,23.9999,24.81,37400
12/17/1998,24.75,28.94,24.75,26.94,167600
12/18/1998,28,28,25.75,26.69,100580
12/21/1998,26.75,27.62,26.75,27.62,142310
12/22/1998,27.5,27.88,27.38,27.69,51000
12/23/1998,27.4422,27.69,27.1944,27.69,42860
12/24/1998,27.75,27.88,27.62,27.88,2100
12/28/1998,27.82,28.32,27.564,27.82,35250
12/29/1998,27.75,27.81,27.31,27.38,19300
12/30/1998,27.31,28.0022,26.937,27.8769,45820
12/31/1998,28.03,28.155,27.28,28.03,101200
01/04/1999,27.9069,27.9069,26.72,26.7831,108490
01/05/1999,26.5,27.25,26.25,27.25,102500
01/06/1999,27.06,27.31,26.9997,27.188,16590
01/07/1999,27.25,27.3104,26.19,26.38,20000
01/08/1999,26.38,26.5,25.5,25.81,20100
01/11/1999,25.88,26.12,25.44,25.75,40500
01/12/1999,25.65,25.65,24.66,24.91,94430
01/13/1999,24.56,25.94,24.56,25.94,31100
01/14/1999,25.5504,25.5504,24.6269,24.75,44140
01/15/1999,24.4442,25.62,24.3,25.62,47370
01/19/1999,25,26.81,24.745,26.81,50340
01/20/1999,26.56,26.75,25.81,26.25,57100
01/21/1999,25.74,25.74,24.6881,24.75,26370
01/22/1999,24.69,25.75,24.56,25.38,38600
01/25/1999,25.62,25.62,24.12,24.56,91290
01/26/1999,24.38,25.75,24.31,25.75,42800
01/27/1999,25.56,26.0426,25.56,25.81,127840
01/28/1999,25.88,26.38,25.38,26.38,117690
01/29/1999,26.9438,27.5144,25.9,26.5,5490210
02/01/1999,26.62,27.44,25.62,26.75,893650
02/02/1999,26.62,27.19,25.5,26,418500
02/03/1999,26.03,26.909,25.4694,25.9074,267520
02/04/1999,25.6232,25.6232,24.813,25.19,324980
02/05/1999,25.093,25.842,24.7805,25.22,301530
02/08/1999,25.06,25.81,25.06,25.31,156100
02/09/1999,25.56,25.5625,25,25,163500
02/10/1999,25.12,25.311,25.06,25.19,239120
02/11/1999,25.4062,25.5,25.094,25.344,96070
02/12/1999,25.2798,25.5,24.9677,25.0302,75670
02/16/1999,25.25,25.25,24.9989,25.06,273900
02/17/1999,25.06,25.5,24.9986,25.06,124300
02/18/1999,25.31,25.5609,25.06,25.5,294100
02/19/1999,25.5,26,25.5,25.81,137900
02/22/1999,25.81,26.5012,25.81,26.188,111190
02/23/1999,26.25,26.5,25.75,26,93400
02/24/1999,26.25,26.25,25.06,25.06,32200
02/25/1999,25,25.12,24.5,24.88,85900
02/26/1999,25.1795,25.56,25.12,25.56,45430
03/01/1999,25.4068,25.4068,24.905,25.0932,56930
03/02/1999,25,26.38,25,25.81,264680
03/03/1999,25.69,26,25.44,25.69,25900
03/04/1999,25.88,26,25.25,25.56,15900
03/05/1999,25.9032,25.966,25.276,25.5268,47280
03/08/1999,25.75,26.19,25.62,26.06,97300
03/09/1999,25.88,25.88,25.38,25.38,114380
03/10/1999,25.44,25.81,24.38,25,88200
03/11/1999,24.942,24.942,23.688,23.688,91510
03/12/1999,23.75,23.75,22,22,307710
03/15/1999,22.28,23.28,22.28,23.2194,187800
03/16/1999,23.128,23.564,23.0033,23.502,70150
03/17/1999,23.44,23.56,23.12,23.12,87300
03/18/1999,23.09,23.4644,22.9028,23.09,28230
03/19/1999,23.06,23.31,22.75,22.75,119300
03/22/1999,23,23,22.19,22.38,157690
03/23/1999,22.411,22.411,20.909,20.909,122140
03/24/1999,20.81,21.62,19.598,20.4,185120
03/25/1999,22.06,23.07,21.437,22.82,179090
03/26/1999,24.62,24.62,23.38,23.5,137310
03/29/1999,24.19,24.313,23.315,23.5021,69230
03/30/1999,23.002,23.56,22.816,23.56,103110
03/31/1999,23.925,25.131,23.925,24.75,145740
04/01/1999,24.81,24.94,24.12,24.5,27110
04/05/1999,24.62,24.81,24.19,24.38,11300
04/06/1999,24.38,24.38,23.5,23.62,53090
04/07/1999,23.62,23.81,22.879,23,176010
04/08/1999,22.75,23.38,22.62,22.88,87290
04/09/1999,22.62,24.38,22.62,24.38,161900
04/12/1999,24.38,24.38,23.69,23.94,95300
04/13/1999,23.94,25.19,23.94,24.62,259580
04/14/1999,24.7821,26.35,24.6566,26.2879,201110
04/15/1999,26.12,26.25,25.31,25.81,63800
04/16/1999,25.88,26.19,25.5,25.75,37800
04/19/1999,25.94,26.44,25.81,26.06,54200
04/20/1999,26,27,25.56,27,121400
04/21/1999,27,27,25.75,26.06,80600
04/22/1999,26.31,26.5,25.75,26.5,166100
04/23/1999,26.5,26.75,26,26.38,28000
04/26/1999,26.62,27.44,26.5,27.12,160500
04/27/1999,27.349,27.4112,26.72,27.4112,103940
04/28/1999,26.07,27.32,25.6,25.81,188480
04/29/1999,25.81,26.38,25.62,26.25,140510
04/30/1999,25.94,26.808,25.811,26.18,159860
05/03/1999,25.75,26.88,25.38,26.62,131810
05/04/1999,26.78,26.908,25.657,25.657,74040
05/05/1999,25.62,25.62,24.62,25.38,95990
05/06/1999,25.471,25.85,25.2827,25.6591,153850
05/07/1999,25.653,25.653,25.5,25.5,16890
05/10/1999,25.75,26.38,25.56,25.94,43100
05/11/1999,25.94,25.94,25.44,25.69,16000
05/12/1999,25.69,26,25.62,26,66900
05/13/1999,26,26.12,25.38,25.38,66000
05/14/1999,25.378,25.378,24.62,24.62,15860
05/17/1999,24.5,25.19,24.379,25.19,21600
05/18/1999,25.31,25.69,25.12,25.62,63700
05/19/1999,25.38,25.88,25.38,25.62,13900
05/20/1999,25.75,25.94,25.5,25.75,55500
05/21/1999,25.94,25.94,25.12,25.44,66100
05/24/1999,25.5,25.5,24.75,24.75,32200
05/25/1999,24.62,24.75,23.88,23.88,50160
05/26/1999,23.94,24.94,23.94,24.19,26000
05/27/1999,24.19,24.62,24,24.62,71100
05/28/1999,24.4992,25.06,24.4,24.811,27260
06/01/1999,24.5,25.621,24.5,25.56,80200
06/02/1999,25.25,29,25.12,27.5,235340
06/03/1999,27.1,27.1,25.88,26.25,275240
06/04/1999,26.5,27.511,26.5,26.88,67200
06/07/1999,26.8726,27.0606,26.6,26.7474,95610
06/08/1999,26.56,26.8139,26.5,26.69,35600
06/09/1999,26.69,26.75,26.19,26.5,74500
06/10/1999,26.62,26.75,26,26.38,117100
06/11/1999,26.25,26.69,26.25,26.62,123000
06/14/1999,26.62,26.88,26.25,26.88,81800
06/15/1999,26.632,27.4374,26.632,26.88,195990
06/16/1999,27,27.4203,27,27.25,47580
06/17/1999,27.22,27.50159,27.157,27.22,72530
06/18/1999,27.75,27.75,27,27,128700
06/21/1999,26.62,26.62,25.367,25.94,83110
06/22/1999,26.25,26.5621,26.25,26.5,34900
06/23/1999,26.25,26.38,25.75,26.25,55900
06/24/1999,26.25,26.25,25.19,26.25,67300
06/25/1999,26.31,26.44,26.25,26.44,117990
06/28/1999,26.25,26.44,26,26.19,65800
06/29/1999,26.155,26.2798,25.968,26.155,48340
06/30/1999,26.7112,26.7112,25.372,25.5,79070
07/01/1999,24.047,25.5,24.047,25.12,169030
07/02/1999,25.38,26.06,25.377,26.06,77200
07/06/1999,26.06,26.25,25.8099,26.12,72000
07/07/1999,25.94,26.62,25.94,26.6,105360
07/08/1999,26.44,26.5619,26,26,83400
07/09/1999,26.2224,26.41,26.0347,26.3476,22400
07/12/1999,26.56,27.122,26.5599,27.06,245320
07/13/1999,26.88,27.5,26.88,27.38,60600
07/14/1999,27.12,28.621,27,28.38,177300
07/15/1999,28.38,30.5,28.38,29.69,286230
07/16/1999,29.12,30.4424,29,30.38,177200
07/19/1999,30.12,30.38,29.75,30.38,56000
07/20/1999,30.12,30.25,29.75,29.94,77550
07/21/1999,29.81,29.9408,29.375,29.62,50300
07/22/1999,29.88,29.88,29.12,29.5,24600
07/23/1999,29.5,29.5,29.06,29.25,96600
07/26/1999,29.06,29.75,29.06,29.5,160000
07/27/1999,29.531,29.78,29.16,29.4688,153950
07/28/1999,29.5,29.5604,29,29.25,48400
07/29/1999,28.94,29.12,27.75,28.88,94510
07/30/1999,29.1922,29.2553,28.8769,28.94,25800
08/02/1999,28.75,29.81,28.62,29.56,82400
08/03/1999,29.504,29.504,28.815,29.32,55820
08/04/1999,29.25,29.25,27.94,28.5,117690
08/05/1999,28.44,29.06,28.19,29.06,62860
08/06/1999,29,29,28.1898,28.5,34600
08/09/1999,28.69,29,28.377,28.62,86000
08/10/1999,28.12,28.12,27.117,27.62,195850
08/11/1999,27.38,28,27.371,27.62,124990
08/12/1999,27.88,28.5606,27.75,28.38,83000
08/13/1999,28.56,29.407,28.56,28.81,64100
08/16/1999,28.626,29.0645,28.5634,28.81,54200
08/17/1999,28.81,28.936,28.2466,28.6,48610
08/18/1999,28.526,28.526,27.2176,27.4,81600
08/19/1999,27.872,27.872,27.0525,27.62,42840
08/20/1999,27.38,28,27.378,27.75,47200
08/23/1999,27.5,28.38,27.5,28.38,18700
08/24/1999,28.38,29.38,28.12,29.25,47400
08/25/1999,29.0536,29.0536,28.3103,28.62,38200
08/26/1999,28.38,28.75,27.94,28.06,21700
08/27/1999,28.25,28.3102,26.9396,27.25,42600
08/30/1999,27.25,27.25,26.12,26.5,107770
08/31/1999,26.4,26.8402,26.4,26.7157,36620
09/01/1999,25.9666,26.4,25.9666,26.15,69420
09/02/1999,26.06,26.06,24.5,24.62,126700
09/03/1999,25,26.121,25,25.5,162300
09/07/1999,25.69,25.69,24.75,25.06,53900
09/08/1999,25.19,25.19,24.62,25,37380
09/09/1999,25.12,25.44,24.75,25.25,33400
09/10/1999,25.285,26.0948,25.285,26.0948,105130
09/13/1999,25.9965,26.68,25.9965,26.18,75260
09/14/1999,26.12,26.5,25.88,25.88,77600
09/15/1999,26,26.5,25.88,26.19,63980
09/16/1999,26,26,25.5,25.56,64200
09/17/1999,25.56,26.5604,25.56,26.38,74300
09/20/1999,26.9,28.007,26.9,27.9,86050
09/21/1999,27.62,27.62,26.12,26.75,31200
09/22/1999,26.5,26.621,26,26,100400
09/23/1999,26.19,26.19,25.75,26.19,78100
09/24/1999,26.38,27.5,26.38,27.38,74500
09/27/1999,27.62,28.5,27.62,28.38,70800
09/28/1999,28.12,28.75,27.88,28.75,58400
09/29/1999,28.5,29.25,28.44,28.5,72800
09/30/1999,28.31,29.75,28.25,29.62,50680
10/01/1999,29.346,29.346,27.847,28.0344,84450
10/04/1999,28.25,28.88,28.12,28.75,35500
10/05/1999,28.716,29.2802,28.716,28.904,38620
10/06/1999,29,29.94,29,29.4,69490
10/07/1999,29.8121,30.0642,29.245,29.56,28190
10/08/1999,29.31,29.81,28.9995,29.69,24800
10/11/1999,29.44,30.31,29.4398,30.25,45500
10/12/1999,30.25,30.38,29.25,29.31,119800
10/13/1999,29.25,29.62,28.9358,29.19,61300
10/14/1999,29.19,29.25,28.94,29.19,49900
10/15/1999,29.31,29.31,28,28.38,41680
10/18/1999,28.25,28.25,27.75,27.75,191000
10/19/1999,27.75,28.12,27.5,28.12,144900
10/20/1999,28.06,28.25,27.873,28.12,66200
10/21/1999,28.03,28.906,27.78,28.78,47660
10/22/1999,28.81,30.38,28.81,29.56,61600
10/25/1999,29.12,29.19,28.3092,28.62,100810
10/26/1999,28.5,30,28.38,29.75,202000
10/27/1999,29.5,30.25,29.3789,30.19,75800
10/28/1999,30.44,30.44,29.44,29.69,22400
10/29/1999,29.5,30,29.38,29.81,61220
11/01/1999,29.88,29.88,29.12,29.25,34900
11/02/1999,29.25,29.25,28.5,28.69,117100
11/03/1999,28.69,29,28.5,28.56,105900
11/04/1999,28.5,28.69,28.12,28.19,122410
11/05/1999,30.06,32.6,29.935,32.44,210800
11/08/1999,31.94,32.314,31.316,31.94,204250
11/09/1999,31.62,32.122,31.5,32,159900
11/10/1999,31.813,31.938,31.314,31.3767,44260
11/11/1999,31.06,31.5,29.88,30.5,169790
11/12/1999,30.69,31.25,30.25,30.94,252600
11/15/1999,30.94,33.44,30.88,33.44,232270
11/16/1999,33.44,33.44,32.878,33.19,154900
11/17/1999,33,35.25,33,35.25,228900
11/18/1999,35.12,36.06,34.56,35.75,209400
11/19/1999,35.75,35.94,35.12,35.19,94300
11/22/1999,35.2218,35.2218,34.158,34.158,84660
11/23/1999,34.06,34.06,32.25,33.25,131230
11/24/1999,33.12,34.25,32.88,34.12,214690
11/26/1999,34.38,34.75,34.25,34.56,19800
11/29/1999,34.81,34.8104,34.25,34.5,71200
11/30/1999,34.31,36.25,34.31,35.56,155800
12/01/1999,35.4373,36.6917,35.1237,35.5627,114070
12/02/1999,35.62,35.75,35,35.25,71300
12/03/1999,35.12,35.621,34.38,34.62,140000
12/06/1999,34.5,34.621,33.9961,34.31,32600
12/07/1999,34.685,35.5,34.1205,35.37,49090
12/08/1999,35.9,37.0689,35.9,36.69,79710
12/09/1999,36.69,37.25,36.12,36.62,82640
12/10/1999,37,38.88,36.62,38.62,195400
12/13/1999,38.5,39.5,38.31,38.56,127500
12/14/1999,38.4344,38.6,37.87,37.996,74490
12/15/1999,37.944,38.0061,36.691,36.82,76020
12/16/1999,36.84,36.969,35.84,36.9063,35250
12/17/1999,36.66,36.91,36.16,36.4715,105020
12/20/1999,36.6,36.6278,35.689,36.31,35880
12/21/1999,36.12,36.31,36,36.31,45800
12/22/1999,36.31,36.38,35.5,35.56,35200
12/23/1999,35.78,36.0927,35.655,36.03,57070
12/27/1999,36.06,36.0605,35,35.25,41600
12/28/1999,35.38,35.38,34.56,35.12,55090
12/29/1999,35.12,36.75,34.81,36.75,66940
12/30/1999,37,38,37,37.5,72500
12/31/1999,37.686,38.187,37.686,38.1241,17400
01/03/2000,38,38.06,35.38,35.38,51400
01/04/2000,35.38,35.38,34.1844,34.62,105910
01/05/2000,34.88,34.88,33.81,33.88,162100
01/06/2000,33.94,34.888,33.5,34.62,241290
01/07/2000,34.56,35.75,34.56,35.62,215200
01/10/2000,36.1767,37.3763,36.1767,37.25,78120
01/11/2000,37.12,37.122,35.88,36.06,90490
01/12/2000,36.0951,36.0951,35.78,35.8449,29990
01/13/2000,35.94,36.003,35.62,35.88,80400
01/14/2000,35.94,36.0003,35.1898,35.5,47100
01/18/2000,35.38,35.38,34.88,35.12,87300
01/19/2000,35,35.44,35,35.31,117400
01/20/2000,35.44,35.88,34.62,34.88,84370
01/21/2000,34.62,35.0005,34.62,34.88,55000
01/24/2000,35,35.44,34.62,34.62,74080
01/25/2000,34.56,34.69,33.75,34.19,70780
01/26/2000,34.19,34.38,33.94,33.94,29900
01/27/2000,33.94,34.06,33,33.19,49710
01/28/2000,33,33,31.81,32.31,76800
01/31/2000,32.3784,32.566,31.7545,31.942,101720
02/01/2000,32.154,32.9671,31.9036,31.9662,170780
02/02/2000,32.12,32.6943,32.12,32.38,80990
02/03/2000,32.38,35.38,32.255,35,255640
02/04/2000,36,38.0704,36,37.88,446050
02/07/2000,39.5,39.69,37.69,38,370500
02/08/2000,38,38,36.88,37.38,217490
02/09/2000,37.25,38,36.9975,37.06,236700
02/10/2000,37.28,37.784,36.9709,37.3463,62180
02/11/2000,37.59,37.965,37.215,37.34,68140
02/14/2000,37.38,37.9401,37.25,37.88,54400
02/15/2000,37.94,38.44,37.94,38.19,87400
02/16/2000,38.32,38.7532,38.0646,38.315,44650
02/17/2000,38.5,38.62,37.06,37.94,83050
02/18/2000,37.657,37.657,36.5,36.533,54810
02/22/2000,36.56,36.5604,35.75,36.25,74900
02/23/2000,36.38,37.0013,36.12,36.94,107900
02/24/2000,36.94,36.94,36.5,36.81,67600
02/25/2000,36.8424,37.155,36.7799,36.9676,137940
02/28/2000,37,39.384,36.88,38.69,134690
02/29/2000,38.62,39,38.44,38.62,85700
03/01/2000,38,38.622,38,38.44,91600
03/02/2000,38.44,38.44,37.06,37.31,46590
03/03/2000,37.22,37.5,36.843,37.342,75200
03/06/2000,37.25,37.25,36.74,36.88,69400
03/07/2000,37,39.25,37,38.5,182740
03/08/2000,38.75,38.75,37.31,37.5,205800
03/09/2000,37.5,37.5,36.9387,37,156100
03/10/2000,37,38,36.88,37.5,178610
03/13/2000,37.441,38.2546,36.8772,38.1294,50170
03/14/2000,38,40.1234,38,38.44,176340
03/15/2000,38.44,39.94,36.62,39.25,139300
03/16/2000,39.31,43.3119,38.9999,42.6,373500
03/17/2000,42.19,42.88,41.69,42.44,121460
03/20/2000,42.629,43.6276,42.567,42.941,138230
03/21/2000,42.25,42.94,41.5,42.94,73300
03/22/2000,43.2155,44.658,43.2155,44.3445,229130
03/23/2000,44.5,44.5,43.2998,44.06,71130
03/24/2000,43.88,44,41.5,41.69,127980
03/27/2000,41.81,41.8101,40.25,40.56,71790
03/28/2000,40.38,40.4531,39.058,39.5,215280
03/29/2000,39.12,42.19,39.12,40.5,358670
03/30/2000,40.25,41.0596,39.81,40.5,63370
03/31/2000,40.62,41.75,40.62,40.94,128510
04/03/2000,40.75,40.75,39.75,40.19,50380
04/04/2000,40.38,41,39.5,40,122700
04/05/2000,40.09,40.5298,39.9034,40.0287,195210
04/06/2000,40.09,40.9018,40.0276,40.09,143480
04/07/2000,40.25,40.8157,40.1889,40.6,60900
04/10/2000,40.56,40.69,40.19,40.19,105800
04/11/2000,40.34,40.4693,40.093,40.156,45450
04/12/2000,40.028,40.7761,39.404,40.402,159540
04/13/2000,39.81,41.633,39.75,40.94,55100
04/14/2000,41,41.12,37.75,38.75,132400
04/17/2000,39,40.38,38.56,40.38,80400
04/18/2000,40.62,43.62,40.62,42.69,146130
04/19/2000,42.44,45.75,42,44.4,176710
04/20/2000,44.38,44.411,43.75,44,127180
04/24/2000,42.01,42.1884,38.071,38.25,207840
04/25/2000,40.12,44.1303,40.12,43.6915,143500
04/26/2000,43.94,43.94,41.5,41.75,71500
04/27/2000,41.5,41.5625,40,41,46790
04/28/2000,39.75,39.75,33.9933,34.5,946260
05/01/2000,35.06,35.062,30.0527,34.7485,795270
05/02/2000,34.69,34.69,33.75,34,222200
05/03/2000,35.25,36.75,35,35.56,237940
05/04/2000,36.25,36.38,35.12,35.31,93000
05/05/2000,36,36.3101,35,35.94,162400
05/08/2000,36.03,36.03,34.157,34.157,119040
05/09/2000,34.44,34.56,33,33.38,89500
05/10/2000,33.62,35.94,33.62,35.31,67500
05/11/2000,35.7059,40.572,35.39,39.9,191020
05/12/2000,39.8183,40.8843,37.6,37.8117,248440
05/15/2000,38.19,38.19,36.23,36.94,141860
05/16/2000,37,38.75,36.75,38.62,84000
05/17/2000,38.4,38.4,36.6561,36.7184,54160
05/18/2000,36.88,37.38,36.19,36.44,92680
05/19/2000,35.75,35.75,34.5,34.94,98050
05/22/2000,35.44,35.44,33.06,34.44,217000
05/23/2000,34.25,36.12,34.25,35.5,152870
05/24/2000,35.4,37.3721,35.4,37.3721,110480
05/25/2000,37.31,40,37.31,38.56,421000
05/26/2000,38.62,38.62,37,37,70700
05/30/2000,37.19,38.44,37.19,38.44,81920
05/31/2000,38.31,39.64,38.31,39.19,68500
06/01/2000,39.06,40.44,39.06,39.94,57170
06/02/2000,40.411,41.0368,40.2236,40.3487,48900
06/05/2000,40.19,40.19,39.25,39.75,42830
06/06/2000,39.5,41,39.5,40.31,50700
06/07/2000,40.44,41,40.44,41,57300
06/08/2000,40.75,42.81,40.62,42.06,86000
06/09/2000,41.9974,41.9974,41.4,41.8726,31400
06/12/2000,41.69,43,41.1894,42.31,53400
06/13/2000,42.31,43.94,42.06,43.94,75060
06/14/2000,43.69,43.81,39.31,39.31,420710
06/15/2000,39.5,39.5,38.468,38.593,116450
06/16/2000,38.56,38.75,36.69,37.25,156000
06/19/2000,37.44,37.44,36.25,36.44,80900
06/20/2000,36.56,37.8649,35.88,37.5,502300
06/21/2000,37.81,38.7528,37.438,37.8763,121460
06/22/2000,38.4,39.3426,38.033,38.283,149650
06/23/2000,38.31,38.56,37.5,37.69,55400
06/26/2000,37.56,39.62,37.5598,39.56,88300
06/27/2000,39.38,40.381,39.38,39.5,186470
06/28/2000,39.44,40,39.4379,40,126400
06/29/2000,39.94,39.94,39.312,39.624,71570
06/30/2000,39.915,40.103,39.727,39.915,196680
07/03/2000,39.97,39.97,38.7805,38.843,12000
07/05/2000,38.81,39.44,37.75,37.75,148400
07/06/2000,38,39.06,37.88,39.06,63000
07/07/2000,38.88,39.88,38.88,39.88,34100
07/10/2000,39.88,42.0003,39.56,40.94,101100
07/11/2000,40.94,42.25,40.81,42.06,102900
07/12/2000,42.31,44.44,42.31,43.31,320000
07/13/2000,43.12,43.12,41.75,42.56,67100
07/14/2000,42.75,42.75,41.94,42.25,299800
07/17/2000,42.16,42.16,41.4,41.5944,67910
07/18/2000,41.88,41.88,40.75,40.75,53600
07/19/2000,40.81,40.81,38.876,39.25,51000
07/20/2000,39.44,41.75,39.4398,41,197840
07/21/2000,41.19,41.9391,40.941,41.4,94480
07/24/2000,41.44,42.12048,40.875,41.5,64000
07/25/2000,41.75,41.75,40.56,40.94,86700
07/26/2000,40.88,41.19,40.38,41.19,70850
07/27/2000,41.19,41.19,39.5,39.5,65100
07/28/2000,39.75,40,37.94,39.12,456300
07/31/2000,39.19,40.94,39.19,40.5,175600
08/01/2000,40.562,41.7481,40.3752,40.4,118030
08/02/2000,40,41,39.88,41,320120
08/03/2000,40.78,41.154,40.5,41.0914,79000
08/04/2000,41.31,43.75,40.75,43.75,181300
08/07/2000,43.69,44,41.62,42.75,211410
08/08/2000,42.62,43,42.25,42.31,84100
08/09/2000,42.5,43.157,42.5,42.9689,192810
08/10/2000,42.94,43.69,42.88,43.25,137800
08/11/2000,43.31,45.62,43.31,45.62,80680
08/14/2000,45,45.62,44.75,45.56,77300
08/15/2000,45.44,46,45.12,45.81,105500
08/16/2000,45.88,46.25,45.19,45.44,182270
08/17/2000,45.6,45.937,45.2482,45.7489,71350
08/18/2000,45.69,45.94,44.12,44.81,125290
08/21/2000,45,46.25,44.62,44.88,59900
08/22/2000,45.06,46.94,44.94,46.56,48500
08/23/2000,46.38,46.38,45.12,45.12,29100
08/24/2000,45.12,46.75,45.12,46.31,46410
08/25/2000,46.31,46.38,45.88,46,124180
08/28/2000,45.9987,46.186,45.6,46.061,78040
08/29/2000,46.31,47.5,46.31,46.94,38200
08/30/2000,45.99,45.99,44.75,45.62,92300
08/31/2000,45.62,48.81,45.62,47.31,192890
09/01/2000,47.5,48.75,47.5,48.38,66800
09/05/2000,48.38,48.38,46.75,46.81,113700
09/06/2000,46.81,46.88,45.62,45.88,119500
09/07/2000,45.75,46.75,45.75,46.56,58700
09/08/2000,46.94,46.94,45.81,45.81,63600
09/11/2000,45.69,47.25,45.5,46.81,336210
09/12/2000,46.9044,47.0297,46.216,46.216,24800
09/13/2000,46.31,46.75,45.75,46.31,80100
09/14/2000,46.38,46.38,45.56,45.88,110300
09/15/2000,45.813,45.9383,45.19,45.3765,120510
09/18/2000,45.4701,45.4701,45.2199,45.2199,94560
09/19/2000,45.221,45.9716,45.033,45.909,70170
09/20/2000,45.94,46.75,45.62,46.31,105900
09/21/2000,46.38,46.69,46.12,46.12,17400
09/22/2000,45.94,46.38,45.88,46.12,97200
09/25/2000,46.12,46.62,44.569,45.56,67660
09/26/2000,45.31,45.31,43.62,44.62,110300
09/27/2000,44.62,45,43.31,43.69,349410
09/28/2000,43,44.69,41,44.69,106000
09/29/2000,44.5,45.2805,43.9689,44.0314,349620
10/02/2000,44.25,44.31,43.12,43.38,93880
10/03/2000,43.56,44,42.62,42.75,81800
10/04/2000,42.94,44.25,42.38,43.12,141380
10/05/2000,43,44.25,42.44,42.44,57900
10/06/2000,42.1,43.81,41.5818,43.5,198510
10/09/2000,43.75,45.12,43.38,44.31,51610
10/10/2000,45.25,48.25,45.25,45.62,338470
10/11/2000,45.62,49.88,45.62,47.56,287670
10/12/2000,47.5301,47.593,44.095,44.22,123140
10/13/2000,44.12,44.12,39.5,41.31,400870
10/16/2000,42.31,43.62,41.75,43,324930
10/17/2000,43,43.81,42.75,43.56,119300
10/18/2000,43.406,46.4712,43.28,46.2835,129370
10/19/2000,46.25,47.94,46.25,46.88,200730
10/20/2000,46.935,46.935,44.62,44.62,63180
10/23/2000,44.941,45.5043,43.6265,45.3791,122120
10/24/2000,45.31,45.44,44.5,44.75,62100
10/25/2000,44.56,44.56,43,43.75,50390
10/26/2000,43.75,45.5,43.75,45.25,56300
10/27/2000,45.31,45.31,44.0592,44.0592,91630
10/30/2000,44,47.44,43.06,47.06,113900
10/31/2000,47,47.88,46.12,46.69,236400
11/01/2000,46.911,47.5995,46.286,46.3485,36690
11/02/2000,46.62,47.62,46.5598,47.4,118110
11/03/2000,48,50.56,47.12,50.06,251100
11/06/2000,51.5,51.5,49.44,49.88,523500
11/07/2000,49.88,50.19,49.12,49.6,170790
11/08/2000,49.5,49.6201,48.06,48.88,108100
11/09/2000,48.88,48.94,47.31,48.94,118700
11/10/2000,48.31,48.38,47.38,47.38,43200
11/13/2000,47.12,47.25,46.06,47.25,58600
11/14/2000,47.0907,48.8418,46.8406,48.7793,79080
11/15/2000,48.69,50.5,48.69,50.31,143000
11/16/2000,50.4689,50.78,50.0311,50.0311,99380
11/17/2000,50.31,50.88,49.06,50.88,214050
11/20/2000,50.75,50.75,47.877,47.877,152200
11/21/2000,47.94,48.31,47.56,48.06,69800
11/22/2000,47.88,47.94,46.75,47.62,24400
11/24/2000,47.62,50,47.4399,50,51900
11/27/2000,49.75,50.888,49.75,50.06,122200
11/28/2000,49.124,49.187,48.1853,48.686,207720
11/29/2000,48.684,48.809,48.1207,48.4961,90660
11/30/2000,48.4396,48.4396,46.8104,46.8104,130340
12/01/2000,46.56,47,45.5598,46.12,173600
12/04/2000,46.38,47.94,46.38,47.31,80600
12/05/2000,47.4,50.4343,47.4,50.3718,101650
12/06/2000,50.09,50.0949,48.9051,48.9051,131930
12/07/2000,48.75,48.81,48.19,48.19,69400
12/08/2000,48.19,49.69,48.19,49.12,108700
12/11/2000,49.12,49.25,46.75,47.31,196970
12/12/2000,47.38,47.38,46.5575,46.62,52200
12/13/2000,46.62,47,45.75,46.25,47500
12/14/2000,46.12,46.31,44.81,45.69,74900
12/15/2000,45.94,47.56,45.62,47.31,135600
12/18/2000,46.751,48.3114,46.6261,48.249,121610
12/19/2000,48.31,48.81,47.31,48.19,146810
12/20/2000,48.38,48.62,47.9387,48.25,373800
12/21/2000,48.31,48.8103,47.9991,48.5,108200
12/22/2000,48.62,49.88,48.62,49.38,130200
12/26/2000,49.62,51.06,49.62,51,135000
12/27/2000,51,54.38,51,54,215200
12/28/2000,53.88,56,53.5,55.62,183310
12/29/2000,56.2,56.4034,54.3168,54.38,233290
01/02/2001,53.62,53.69,51.25,52,134050
01/03/2001,52.3144,53.129,51.5,52.8156,114360
01/04/2001,52.94,53.8101,52,52,140400
01/05/2001,52.1563,53.1557,51.9689,52.3437,136430
01/08/2001,52.06,52.06,50.62,50.75,164100
01/09/2001,50.94,51.25,50,50.62,119700
01/10/2001,50.69,51.25,50.25,50.5,149820
01/11/2001,50.69,53.25,50.565,53.06,92700
01/12/2001,53.06,53.19,51.06,51.6,294010
01/16/2001,51.31,51.31,49.38,49.75,296100
01/17/2001,49.75,50,46.6792,47,195100
01/18/2001,47.2444,49.2495,47.244,48.6856,193690
01/19/2001,48.5,49.121,48.25,48.69,121500
01/22/2001,48.5,49.5,48.12,49,152720
01/23/2001,49,50.25,49,50.25,129510
01/24/2001,50.25,52.94,49.878,51.69,182200
01/25/2001,51.5,52.62,51.06,51.31,92500
01/26/2001,51.56,51.69,49.25,51.31,99210
01/29/2001,50.93,51.87,50.72,51.73,76220
01/30/2001,51.7,53.7,51.6,52.74,153600
01/31/2001,52.71,53.8,51.61,51.94,123530
02/01/2001,52,53.29,51.5,53.05,92000
02/02/2001,53,53.15,52.15,52.15,133510
02/05/2001,52.4,52.4,51.35,51.42,33500
02/06/2001,51.5,51.6,50.66,50.66,90300
02/07/2001,50.66,50.66,49.25,50.14,129790
02/08/2001,50.12,51.7,50.12,50.7,76500
02/09/2001,50.9,52.28,49.36,49.36,250610
02/12/2001,49.5,49.6,47.95,48.2,330980
02/13/2001,48.45,49.98,48.45,49.5,102200
02/14/2001,49.5,50.2,49.5,50,89660
02/15/2001,50.15,50.2,49.75,49.97,225800
02/16/2001,49.77,50.65,49.47,49.95,222100
02/20/2001,50.05,50.3,49.83,49.9,140500
02/21/2001,49.75,49.75,48.24,49,259900
02/22/2001,49,49.05,46.85,47.16,168800
02/23/2001,47.35,47.85,46.11,47.72,97500
02/26/2001,47.8,47.85,45.32,45.32,196400
02/27/2001,45.35,45.5,43.4,44.5,214500
02/28/2001,44.36,45.43,42.5,45.37,226880
03/01/2001,45.2,45.72,44.53,45.4,139610
03/02/2001,45.35,46.8,45.18,46.2,109400
03/05/2001,46.21,47.7,46.2,47.69,164500
03/06/2001,48.35,49.33,47.75,47.75,169450
03/07/2001,47.8,47.89,47.15,47.5,183500
03/08/2001,47.5,47.87,46.93,47.23,44640
03/09/2001,47.5,47.5,45.6,45.91,125000
03/12/2001,45.87,45.91,43.6,43.72,153210
03/13/2001,43.68,43.75,41.35,42.6,221470
03/14/2001,42.2,43.5,42.2,43.4,208800
03/15/2001,43.5,44.64,43.45,44.64,161400
03/16/2001,44.55,44.55,42.55,42.79,237800
03/19/2001,42.9,42.9,41.3,42.32,114100
03/20/2001,42.32,43.7,41.6,41.6,224920
03/21/2001,41.75,42.3,41.42,42.27,115100
03/22/2001,42,42,36.5,38,691980
03/23/2001,38.8,41.05,38.75,40.1,455700
03/26/2001,40.1,40.45,39.77,40.32,281100
03/27/2001,40.1,40.83,39.5,40.7,103090
03/28/2001,40.6,41.9,39.97,41.3,122520
03/29/2001,41.1,43.07,41.1,41.69,269280
03/30/2001,41.79,41.79,39.98,41.16,185070
04/02/2001,41.1,41.6,39.9,40,90320
04/03/2001,39.85,41.94,39.4,40.4,174740
04/04/2001,40.2,41.92,40.2,41.09,80200
04/05/2001,41.9,43.79,41.75,43.3,144890
04/06/2001,42.55,42.55,41.11,42.01,110200
04/09/2001,42.31,43.9,41.9,43.4,100620
04/10/2001,42.29,42.6,40.75,41,252050
04/11/2001,41.1,41.14,38.9,38.92,258350
04/12/2001,38.94,39.29,38.3,38.44,340800
04/16/2001,38.44,39.44,37.95,39.44,226900
04/17/2001,39.4,40.94,39.3,40.93,174600
04/18/2001,40.8,43.55,40.8,43.2,446700
04/19/2001,43.1,43.4,42.2,43.4,136300
04/20/2001,43.35,43.35,41.26,42.56,68200
04/23/2001,42.35,42.35,41.01,41.25,98000
04/24/2001,41.21,41.6,40.98,41.28,159030
04/25/2001,41.35,43.5,41.25,43.3,118720
04/26/2001,43.28,44.48,43.07,43.24,111280
04/27/2001,43.8,44.1,42.15,43.29,147200
04/30/2001,43.29,45.2,43.29,44.25,223640
05/01/2001,44.25,44.25,43.6,43.9,124160
05/02/2001,44.1,45.35,43.98,45.2,91200
05/03/2001,45.1,45.9,44.5,45.2,117800
05/04/2001,45.2,45.71,44.35,45.71,185600
05/07/2001,45.55,48.25,45.45,47,140990
05/08/2001,46.9,46.9,46,46.32,228390
05/09/2001,46.6,47.15,46.3,46.57,126200
05/10/2001,46.4,46.75,46.07,46.45,143960
05/11/2001,46.2,46.5,45.41,45.56,67800
05/14/2001,45.81,46,45.51,45.7,49400
05/15/2001,45.52,45.94,45.09,45.68,115830
05/16/2001,45.8,46.9,45.2,46.39,198930
05/17/2001,46.4,47.5,46.01,47.4,161400
05/18/2001,47.25,50,47.05,50,242420
05/21/2001,49.77,50.9,47.91,50.88,259230
05/22/2001,51,52.2,50.5,51.3,313380
05/23/2001,51.2,51.2,48.08,48.5,227430
05/24/2001,48.5,49.06,47.85,48.22,149350
05/25/2001,48.25,48.9,48.25,48.5,126400
05/29/2001,48.5,48.5,46.98,47.07,104580
05/30/2001,46.5,46.5,44.31,44.34,152920
05/31/2001,44.2,45.6,44,44.9,403490
06/01/2001,45,46.17,44.67,46.14,89070
06/04/2001,46.05,48.91,45.85,47.81,125000
06/05/2001,47.56,47.96,46.5,47.21,108800
06/06/2001,47.35,47.95,45.84,45.97,100700
06/07/2001,46.05,46.5,45.75,46.12,104890
06/08/2001,46.3,46.3,44.61,45,87910
06/11/2001,45.15,45.23,44.8,45.03,122190
06/12/2001,44.8,44.8,42.5,42.57,326600
06/13/2001,42.52,43.55,42,43.12,231900
06/14/2001,43,43,41.85,42.2,124000
06/15/2001,42.1,42.65,41.9,42.41,87600
06/18/2001,42.3,43,40.35,40.98,164500
06/19/2001,41.2,41.28,39,39.6,352230
06/20/2001,39.61,41.35,39.15,41.1,538200
06/21/2001,40.75,42.2,40.67,42.04,257200
06/22/2001,42.5,43.3,41.85,42.8,180100
06/25/2001,42.8,43.34,42.6,42.8,223800
06/26/2001,42.8,42.8,41.59,41.77,133900
06/27/2001,42.04,43.07,42.04,42.88,103800
06/28/2001,42.8,44.8,42.71,43.25,340980
06/29/2001,43.81,44.58,42.7,43.2,628440
07/02/2001,43.25,43.26,42.64,42.84,85900
07/03/2001,42.78,44.2,42.78,43.61,102100
07/05/2001,43.36,43.95,43,43.6,190600
07/06/2001,43.6,43.6,42.97,43.37,119910
07/09/2001,43.27,43.96,42.9,43.35,157620
07/10/2001,43.4,44.3,43.4,43.96,370600
07/11/2001,43.96,43.96,43.05,43.18,158870
07/12/2001,43.43,44.55,43.43,44.09,466400
07/13/2001,44.2,44.25,43.25,43.31,117900
07/16/2001,44.21,44.21,43.5,43.64,154800
07/17/2001,43.7,44.9,43.6,44.45,148200
07/18/2001,44.45,45.25,41.44,42.18,715800
07/19/2001,43,43.93,42.65,43.1,349940
07/20/2001,42.89,43.5,42.68,43,77300
07/23/2001,43.1,43.45,42.99,43,93800
07/24/2001,43.2,43.2,41.7,41.74,278100
07/25/2001,41.8,42,40.9,41.03,181000
07/26/2001,41.05,42,41,41.8,102070
07/27/2001,42.5,44.35,41.95,43.6,338600
07/30/2001,43,43.45,42.01,42.7,139500
07/31/2001,42.45,43.1,42.38,42.6,77400
08/01/2001,42.7,43,42.3,42.4,54600
08/02/2001,42.35,42.99,41.35,41.51,198820
08/03/2001,41.65,43.55,41.62,43.2,171770
08/06/2001,43.15,44.23,43.05,43.05,99700
08/07/2001,42.95,43.85,42.9,43.21,62800
08/08/2001,43.21,43.73,42.87,43.31,66500
08/09/2001,43.42,43.42,42.86,43.39,62710
08/10/2001,43.3,43.58,42.8,43.5,38400
08/13/2001,44.5,44.6,43.85,44.4,118700
08/14/2001,44.8,44.8,44.43,44.51,73700
08/15/2001,44.5,44.7,44.5,44.51,113200
08/16/2001,44.48,44.9,44.19,44.6,103700
08/17/2001,44.43,44.57,44.27,44.43,55500
08/20/2001,44.5,44.5,43.4,44.32,187390
08/21/2001,44.4,45.35,44.4,44.52,118500
08/22/2001,44.52,45.8,44.52,45.39,152300
08/23/2001,45.4,45.91,45.3,45.54,84700
08/24/2001,45.6,47.15,45.45,46.64,300900
08/27/2001,47.25,49.2,46.71,46.8,298000
08/28/2001,46.7,46.91,46,46.01,140700
08/29/2001,46.04,46.44,45.58,45.86,55960
08/30/2001,45.7,45.78,45.1,45.77,102880
08/31/2001,45.1,45.87,45.1,45.8,75640
09/04/2001,45.78,46.26,45.73,45.73,67700
09/05/2001,45.64,45.64,45.01,45.41,61500
09/06/2001,45.42,46.9,45.25,46,183970
09/07/2001,46,46,44.17,44.26,156200
09/10/2001,44.37,44.45,43.1,43.2,144010
09/17/2001,42.3,42.98,41.2,41.23,68800
09/18/2001,41.75,43.15,41.65,42.25,130300
09/19/2001,42.4,42.4,38.98,39,167800
09/20/2001,38.95,38.95,37,37.9,259970
09/21/2001,37.9,39.4,37.85,38.4,150480
09/24/2001,38.4,40.15,38.4,40.15,98880
09/25/2001,40.15,40.59,39.8,40.43,104100
09/26/2001,40.29,40.81,39.96,40.56,73070
09/27/2001,40.3,41.8,39.86,41.8,94920
09/28/2001,41.76,42.7,41.1,42.14,196200
10/01/2001,42.34,42.34,41.3,41.98,122000
10/02/2001,41.7,42.01,41.01,41.73,73600
10/03/2001,41.4,41.4,39.98,40.5,198490
10/04/2001,40.7,41.42,40.61,41.27,75300
10/05/2001,41.15,41.15,40.15,40.96,59200
10/08/2001,40.8,40.8,40.1,40.29,37100
10/09/2001,40.25,40.5,40,40.32,101500
10/10/2001,40.32,43,40.15,42.9,118300
10/11/2001,43.07,44.86,43.07,44.43,161220
10/12/2001,44.5,45.07,44.07,44.91,129700
10/15/2001,44.75,45,43.5,44.89,105100
10/16/2001,44.79,47.7,44.79,47.1,190300
10/17/2001,47.11,49,46.92,47.22,495990
10/18/2001,46.95,47.45,45.96,46.06,137670
10/19/2001,45.96,46.68,45.72,45.9,133940
10/22/2001,46,46.75,45.75,45.95,193600
10/23/2001,46.03,46.99,45.73,46.62,130370
10/24/2001,46.65,48,46.4,47.4,161270
10/25/2001,47.2,47.56,47.11,47.33,131470
10/26/2001,47.9,48,47.3,47.5,73200
10/29/2001,47.65,47.75,46.5,46.61,129200
10/30/2001,46.61,46.61,45.55,45.55,71400
10/31/2001,45.75,46.3,45.75,45.91,170400
11/01/2001,46.18,46.47,45.8,46.18,93980
11/02/2001,46.1,48.95,45.7,48.86,486530
11/05/2001,48.7,49.75,48.15,48.25,411430
11/06/2001,48.25,48.46,46.95,47.28,241200
11/07/2001,47.4,47.49,45.6,47,279500
11/08/2001,46.9,47.63,46.77,46.88,123980
11/09/2001,46.81,46.91,45.55,46,198200
11/12/2001,45.17,45.89,44.49,45.8,133510
11/13/2001,46.8,47.24,46.5,46.71,290780
11/14/2001,47,47.9,46.6,47.2,198950
11/15/2001,46.73,48,46.71,47.5,153280
11/16/2001,47.4,48.85,47.1,48.44,167000
11/19/2001,47.75,48.7,47.7,48.63,122600
11/20/2001,48.6,49.55,48.5,48.57,220300
11/21/2001,48.62,48.8,46.32,48.36,155900
11/23/2001,48.61,48.75,48.5,48.75,22400
11/26/2001,48.75,48.98,48.6,48.82,150100
11/27/2001,48.65,49.4,48.56,49.3,143250
11/28/2001,49.01,49.1,48.75,48.75,111700
11/29/2001,48.69,49.4,47.5,49.32,112160
11/30/2001,49.15,49.75,48.9,49.27,243800
12/03/2001,49.18,49.43,49.03,49.22,68900
12/04/2001,49.3,49.8,49.27,49.6,156410
12/05/2001,49.04,51.84,48.8,51.71,341800
12/06/2001,50.5,50.78,50.09,50.5,374600
12/07/2001,50.3,50.3,49.2,49.73,161800
12/10/2001,49.73,50.15,48.67,49.16,191200
12/11/2001,48.95,49.6,48.95,49.26,150500
12/12/2001,49.16,49.43,47.71,48.06,160300
12/13/2001,48.1,48.59,47.2,48.16,139880
12/14/2001,48.02,48.06,47.63,48.02,53300
12/17/2001,47.85,48,47.26,47.99,102700
12/18/2001,48,50,48,50,118400
12/19/2001,49.85,49.85,49,49.3,110200
12/20/2001,49.25,50.17,49.01,49.95,257580
12/21/2001,49.95,51.02,49.95,50,278200
12/24/2001,50.25,50.55,50.25,50.27,17400
12/26/2001,50.3,51.75,50.3,51.5,123200
12/27/2001,51.5,51.73,50.15,50.8,111290
12/28/2001,51.3,51.55,51.06,51.08,112530
12/31/2001,51.4,51.98,50.65,51.85,117800
01/02/2002,51.85,51.85,50.44,51,130490
01/03/2002,51,51,49.99,50,208200
01/04/2002,50.25,50.25,49,49.6,213550
01/07/2002,49.85,49.87,48.25,48.31,257300
01/08/2002,48.35,49.45,48.34,49.18,97400
01/09/2002,49.43,49.85,48.25,48.25,109800
01/10/2002,48.29,49.05,48.22,48.92,90300
01/11/2002,48.96,49.4,47.97,47.97,142800
01/14/2002,47.75,48.09,47.1,47.45,153410
01/15/2002,47.2,47.2,45,45.39,252780
01/16/2002,45.39,45.39,43.62,44.71,200230
01/17/2002,44.96,48,44.96,47.6,292100
01/18/2002,47.1,47.1,46.01,46.05,135900
01/22/2002,46.1,46.61,45.59,45.59,72400
01/23/2002,45.75,47.13,45.75,46.37,334000
01/24/2002,46.51,46.65,46.2,46.2,191900
01/25/2002,46.2,46.25,45.4,46,368100
01/28/2002,46.18,47.32,46.15,47.18,120200
01/29/2002,47.75,47.75,46.94,47,123100
01/30/2002,47.03,47.64,46.45,47.17,115780
01/31/2002,47.4,48.05,46.8,47.1,50790
02/01/2002,47.12,48.83,47.12,48.43,115820
02/04/2002,48.25,48.46,46.8,47,135200
02/05/2002,47.25,47.25,45.73,45.77,137300
02/06/2002,45.98,46.06,45.58,45.63,202350
02/07/2002,45.8,45.83,45.6,45.7,75000
02/08/2002,45.95,46.2,45.7,45.86,177800
02/11/2002,46.25,47.92,46.25,47.6,113600
02/12/2002,47.6,48.1,47.32,48.05,100920
02/13/2002,48.04,48.6,48,48.3,144600
02/14/2002,48.29,48.64,47.65,47.85,189800
02/15/2002,47.75,47.89,47.1,47.88,106400
02/19/2002,46.75,47.6,46.05,47.15,165400
02/20/2002,47.15,47.52,46.77,47.1,166100
02/21/2002,47.1,48.1,46.5,46.77,103800
02/22/2002,46.56,46.9,46.11,46.56,69100
02/25/2002,45.75,46.97,45.75,46.75,86400
02/26/2002,46.65,48,46.33,47.79,58200
02/27/2002,47.8,48.6,47.51,47.81,111940
02/28/2002,48.02,48.86,48,48.45,191700
03/01/2002,48.25,48.25,44.75,45.5,484100
03/04/2002,45.4,45.77,45.09,45.13,337680
03/05/2002,45.1,45.53,44.77,45.4,243360
03/06/2002,45.44,45.85,44.87,45.24,181460
03/07/2002,45.33,45.55,44.65,45.27,231510
03/08/2002,45.5,46.25,45.2,45.41,95100
03/11/2002,45.41,45.41,43.9,44.05,228000
03/12/2002,45.2,45.29,43.1,43.44,367700
03/13/2002,43.44,44.49,42.8,44.22,237000
03/14/2002,44.25,44.84,43.61,43.88,320200
03/15/2002,43.91,44.2,43.48,43.6,223100
03/18/2002,43.75,44.04,43.65,43.89,243700
03/19/2002,44.28,44.72,44.2,44.27,167890
03/20/2002,44,44,43.27,43.38,118610
03/21/2002,43.2,45.19,43.19,44.96,315810
03/22/2002,44.75,45.5,44.1,45.24,193090
03/25/2002,45.1,45.1,44.6,44.81,122340
03/26/2002,45.05,45.5,44.9,45.35,190670
03/27/2002,45.65,45.65,44.64,44.89,143120
03/28/2002,45,45.6,44.7,45.26,142700
04/01/2002,45.49,45.74,45.1,45.56,120200
04/02/2002,45.43,45.67,45.08,45.27,145790
04/03/2002,43.75,44.48,43.14,44.4,306800
04/04/2002,44,44.8,43.6,44.8,198410
04/05/2002,44.7,44.74,43.85,43.87,187710
04/08/2002,43.7,43.74,42.2,42.5,301140
04/09/2002,41.75,42.2,41.63,41.66,451600
04/10/2002,41.8,42.15,41.05,41.2,511350
04/11/2002,41.14,41.17,39.71,40.1,279600
04/12/2002,40.25,41.24,39.55,40.64,326700
04/15/2002,40.64,40.99,40.27,40.53,153100
04/16/2002,40.77,42.21,40.77,42.18,279830
04/17/2002,42.29,42.34,41.35,41.46,144600
04/18/2002,41.4,41.81,41.05,41.06,232740
04/19/2002,40.76,40.78,39.87,40.05,147300
04/22/2002,39.6,40.05,38.61,39.82,435830
04/23/2002,39.79,40.02,39.42,39.55,216620
04/24/2002,39.38,40.61,38.52,40.5,343700
04/25/2002,35.63,38.8,35.29,38.68,1597500
04/26/2002,38.43,38.99,37,38.62,371570
04/29/2002,38.4,39,38.1,38.81,284910
04/30/2002,38.35,39,38.28,38.45,320600
05/01/2002,38.35,39,37.6,38.22,262110
05/02/2002,38.1,38.91,38,38.31,105200
05/03/2002,38.28,39.46,37.8,38.62,212400
05/06/2002,38.5,40,38.43,39.78,403690
05/07/2002,41,41.04,39.84,40,407800
05/08/2002,40.25,40.8,39.9,40.4,301110
05/09/2002,40.8,40.96,39.75,39.79,179700
05/10/2002,39.89,39.98,39.35,39.55,162100
05/13/2002,39.65,40.05,39.5,40.04,161400
05/14/2002,40.25,40.47,39.98,40.11,308530
05/15/2002,39.88,41.83,39.84,41.5,357100
05/16/2002,41.35,41.46,40.7,40.95,382800
05/17/2002,40.95,41.55,40.86,41.06,153800
05/20/2002,40.96,41.7,40.9,41.53,154400
05/21/2002,41.5,43.05,41.5,42.3,417860
05/22/2002,42.19,42.4,41.35,41.73,197810
05/23/2002,41.63,41.85,41.1,41.47,115100
05/24/2002,41.43,41.5,40.6,40.63,69500
05/28/2002,40.62,41.15,40,40.8,175750
05/29/2002,40.98,41.09,40.74,40.78,163300
05/30/2002,41,41,40.38,40.41,162000
05/31/2002,40.7,41.22,40.36,40.58,124620
06/03/2002,40.52,40.53,40.1,40.11,94000
06/04/2002,39.95,40.12,39.5,39.95,305700
06/05/2002,39.75,39.78,39.05,39.49,141350
06/06/2002,39.45,39.45,38.93,38.95,145700
06/07/2002,38,38.01,37.69,37.9,231000
06/10/2002,37.92,39.05,37.92,39.05,192800
06/11/2002,38.85,38.95,37.75,37.8,273000
06/12/2002,37.6,38.3,37.31,37.95,229800
06/13/2002,37.95,38.32,37.95,38.01,112600
06/14/2002,38.01,38.01,37.3,37.84,251110
06/17/2002,37.92,39.69,37.92,39.69,196800
06/18/2002,39.69,40.5,39.1,39.54,207900
06/19/2002,39.2,40.41,39.15,40.1,132840
06/20/2002,39.7,39.82,38.92,39.22,204620
06/21/2002,39.05,39.29,38.75,38.99,141000
06/24/2002,38.9,38.9,37.3,38.11,157300
06/25/2002,38.11,38.24,37.79,38,87390
06/26/2002,36.91,37.29,36.29,37.04,181280
06/27/2002,37,37.66,36.85,37.4,211100
06/28/2002,36.59,37.05,36.59,36.83,367820
07/01/2002,36.87,36.87,35.35,35.36,273100
07/02/2002,36,36,33.92,34,486200
07/03/2002,33.85,34.75,33.8,34.5,735700
07/05/2002,34.75,35.45,34.7,34.91,139300
07/08/2002,34.66,34.9,33.6,34,218300
07/09/2002,34,34.16,33.63,33.72,324200
07/10/2002,33.74,33.95,32.8,33.12,237200
07/11/2002,32.5,33.56,32.5,33.29,365690
07/12/2002,33.35,33.5,33.15,33.3,131500
07/15/2002,33.4,33.8,31.56,32.4,256500
07/16/2002,32.2,32.48,31.35,32.14,228000
07/17/2002,31.25,31.26,25.2,27,3777100
07/18/2002,27.25,28.09,27.1,28.01,1218800
07/19/2002,27.84,27.99,26.79,26.83,440430
07/22/2002,26.9,27.3,25.7,25.98,553300
07/23/2002,26.04,26.41,26.01,26.11,445400
07/24/2002,25.8,27,24.85,26.71,409000
07/25/2002,26.46,27.1,25.5,25.77,414560
07/26/2002,25.77,27.25,25.77,26.95,335000
07/29/2002,27.47,28.9,27.18,28.75,274150
07/30/2002,28.76,29.48,28.1,28.75,510400
07/31/2002,28.72,28.72,28,28.45,279360
08/01/2002,28.44,28.62,27.87,28.25,195900
08/02/2002,28.3,28.32,27.25,27.7,137450
08/05/2002,27.3,27.48,25.76,25.9,192770
08/06/2002,25.96,27.48,25.96,27.35,197160
08/07/2002,27.6,28.14,27.5,27.8,421200
08/08/2002,28.47,29.62,28.32,29.47,305040
08/09/2002,29.2,29.65,28.55,29.4,207290
08/12/2002,29.32,29.95,28.91,29.88,164700
08/13/2002,29.8,29.9,29.1,29.31,162990
08/14/2002,29.08,29.68,28.75,29.58,205620
08/15/2002,29.6,29.9,29.6,29.9,257500
08/16/2002,29.7,29.95,29.6,29.92,199630
08/19/2002,29.86,30.01,29.76,29.99,328550
08/20/2002,29.99,30.11,29.64,29.8,203000
08/21/2002,29.83,30.75,29.83,30.45,162600
08/22/2002,30.5,31.07,30.14,30.59,127340
08/23/2002,30.65,30.65,29.4,29.78,215400
08/26/2002,30.13,30.63,30.06,30.45,122820
08/27/2002,31,31.42,30.65,30.74,143520
08/28/2002,30.3,30.6,29.41,29.76,153600
08/29/2002,29.58,30.04,29.5,30.02,86990
08/30/2002,29.9,29.94,29.5,29.56,109600
09/03/2002,28.09,28.65,27.44,28.14,474200
09/04/2002,28.08,28.65,27.58,28.51,240500
09/05/2002,28.51,28.51,27.7,28.3,193400
09/06/2002,28.55,30.09,28.55,30.01,206300
09/09/2002,29.8,29.81,29.16,29.74,189900
09/10/2002,29.8,30.51,29.75,30.4,104000
09/11/2002,30.25,30.75,30.25,30.42,66200
09/12/2002,30.43,30.43,29.75,29.76,99700
09/13/2002,30.06,30.4,29.8,29.9,127260
09/16/2002,30,30.19,29.85,30.02,158000
09/17/2002,30.03,30.03,29.5,29.6,143200
09/18/2002,28.9,29.25,28.01,28.84,347400
09/19/2002,28.6,28.77,28.27,28.74,104200
09/20/2002,28.82,29,28.36,28.5,150700
09/23/2002,28.5,28.5,27.9,28.15,123120
09/24/2002,28.12,28.48,27.35,27.71,158200
09/25/2002,27.7,27.75,26.9,27.62,168990
09/26/2002,27.82,28.2,27.55,27.85,144500
09/27/2002,27.41,27.6,26.61,26.7,193600
09/30/2002,26.5,26.5,25.15,26,300500
10/01/2002,26.14,26.83,25.44,26.77,308300
10/02/2002,26.75,28.11,26.75,27.05,244320
10/03/2002,26.9,27.32,26.33,27.25,182500
10/04/2002,27.6,27.7,26.7,26.89,259000
10/07/2002,26.75,26.75,26,26.2,148400
10/08/2002,25.9,27.2,25.6,27,415090
10/09/2002,27,27.2,26.7,26.86,389120
10/10/2002,26.55,27.35,26.3,27.1,237510
10/11/2002,27.11,28.12,27,27.91,286600
10/14/2002,27.91,28.95,27.91,28.85,90800
10/15/2002,29.5,29.85,28.62,29.16,263800
10/16/2002,29.16,29.16,28,28.5,128570
10/17/2002,28.5,29.1,28.24,28.93,166190
10/18/2002,28.85,29.4,28.84,29.17,116100
10/21/2002,29.08,29.12,28.4,28.8,224500
10/22/2002,28.69,29.06,28.25,28.42,169100
10/23/2002,28.35,29.19,28.25,29.17,138860
10/24/2002,29.4,30.14,28.76,28.9,137460
10/25/2002,28.75,29.56,28.75,29.53,59100
10/28/2002,29.7,30.75,29.7,30.01,121200
10/29/2002,30,30,29.25,29.94,132100
10/30/2002,29.4,30.1,29.4,30.07,138900
10/31/2002,30,30.73,29.8,29.95,192100
11/01/2002,29.93,32.5,29.93,32.14,428770
11/04/2002,32.34,33.78,32.2,33.52,273600
11/05/2002,33.1,33.6,32.5,33.44,207200
11/06/2002,33.5,34,33.18,33.8,134160
11/07/2002,33.19,33.48,32.69,33.29,145110
11/08/2002,32.7,35.05,32.5,34.18,333800
11/11/2002,34.11,34.4,32.68,32.75,317890
11/12/2002,32.42,33.9,32.42,33.59,92500
11/13/2002,33.34,34.3,33.15,33.99,72200
11/14/2002,34.1,34.15,33.6,34.04,272200
11/15/2002,33.99,34.38,32.99,34.01,296950
11/18/2002,34.2,34.4,34.04,34.12,110600
11/19/2002,34.1,34.45,34.06,34.14,54200
11/20/2002,34.19,35.06,34.18,34.82,97550
11/21/2002,34.67,36.1,34.55,35.48,205290
11/22/2002,35.46,36.35,35.44,36.08,238580
11/25/2002,36.7,37.04,36.35,36.9,389920
11/26/2002,36.85,36.9,35.8,35.99,135600
11/27/2002,36.04,36.55,35.8,36.17,126360
11/29/2002,36.17,36.95,36.17,36.6,60700
12/02/2002,36.8,37,35.87,36.05,110200
12/03/2002,36.06,36.06,34.65,34.65,106710
12/04/2002,34.4,34.41,33.29,33.76,344730
12/05/2002,33.68,33.83,33.33,33.7,323070
12/06/2002,33.5,33.95,33.3,33.69,202890
12/09/2002,33.69,33.69,32.37,32.45,87510
12/10/2002,32.7,32.9,32.31,32.59,211780
12/11/2002,32.65,33.62,32.55,33.4,537000
12/12/2002,33.5,33.56,32.59,32.79,65990
12/13/2002,32.6,32.6,31.45,32.02,173900
12/16/2002,30.75,33.05,30.75,32.92,215280
12/17/2002,32.7,33,32.38,32.55,54100
12/18/2002,32,32.27,32,32.22,109700
12/19/2002,32.22,32.9,32.02,32.6,160800
12/20/2002,32.7,33.38,32.7,33.28,108000
12/23/2002,33.3,33.9,32.8,33.03,79100
12/24/2002,33,33.38,32.9,33,36000
12/26/2002,33.02,33.85,33.02,33.5,76560
12/27/2002,32.75,33.3,32.2,32.53,64800
12/30/2002,32.47,32.54,31.13,32.13,122010
12/31/2002,31.75,32.4,31.75,32.06,120100
01/02/2003,32.25,33.28,32.15,32.65,191590
01/03/2003,32.65,33.65,32.55,33.3,119220
01/06/2003,33.45,33.57,32.5,33.22,189300
01/07/2003,33.2,33.55,33.05,33.32,86600
01/08/2003,33.3,33.3,32.37,32.37,42800
01/09/2003,32.53,33.3,32.53,33.02,176980
01/10/2003,33.09,33.9,33.09,33.75,93490
01/13/2003,33.75,34.25,33.4,34.12,166400
01/14/2003,34.1,34.1,33.44,33.55,102400
01/15/2003,33.5,33.52,32.4,32.6,267040
01/16/2003,32.6,32.73,32.2,32.35,157500
01/17/2003,32.25,32.25,31.8,31.9,87400
01/21/2003,31.9,32.24,31.71,31.88,161390
01/22/2003,31.79,31.79,31.08,31.08,89390
01/23/2003,31.25,31.51,31.03,31.47,73680
01/24/2003,31.42,31.42,30.99,31.02,48820
01/27/2003,30.95,31.11,30.78,31.02,77500
01/28/2003,31.1,31.45,30.9,31.31,112980
01/29/2003,31.35,31.35,30.65,31.09,51400
01/30/2003,31,31,30.4,30.53,46010
01/31/2003,30.55,30.75,30.15,30.48,81100
02/03/2003,30.62,30.85,30.33,30.66,126850
02/04/2003,30.55,30.75,30.2,30.42,105900
02/05/2003,30.2,30.84,30.2,30.63,67190
02/06/2003,30.4,30.41,29.75,29.97,76800
02/07/2003,30.5,30.5,29.5,29.91,130600
02/10/2003,29.81,29.81,29.21,29.69,75460
02/11/2003,29.75,30,29.2,29.45,190300
02/12/2003,29.5,29.51,28.76,29.05,178640
02/13/2003,29,29.47,28.9,29.31,170100
02/14/2003,29.15,29.55,28.95,29.3,120900
02/18/2003,29.36,29.64,29.05,29.51,176300
02/19/2003,29.62,29.63,29.16,29.16,35590
02/20/2003,29.25,29.35,29,29,40000
02/21/2003,29.07,29.56,28.67,29.51,124830
02/24/2003,29.53,29.53,28.9,29,64400
02/25/2003,28.8,28.94,28.45,28.88,78570
02/26/2003,28.85,29.25,28.85,29.15,44000
02/27/2003,29.08,29.44,28.93,29.42,46100
02/28/2003,29.8,30,29.42,29.8,55280
03/03/2003,29.86,30.03,29.42,29.48,81300
03/04/2003,29.48,29.75,29.1,29.2,56530
03/05/2003,29.1,29.49,29.05,29.26,57600
03/06/2003,29.49,29.67,29.13,29.6,72710
03/07/2003,29.6,29.71,29.34,29.65,72100
03/10/2003,29.6,29.73,29.35,29.67,146600
03/11/2003,29.63,29.8,29.24,29.26,110700
03/12/2003,29.15,29.3,29.07,29.24,78640
03/13/2003,29.5,30,29.3,29.9,93940
03/14/2003,30.06,30.15,29.57,29.73,66080
03/17/2003,29.8,30.98,29.5,30.75,116700
03/18/2003,30.93,31.28,30.75,30.8,115500
03/19/2003,30.57,30.86,30.3,30.79,71300
03/20/2003,30.59,30.75,30.29,30.7,69700
03/21/2003,30.8,31.54,30.58,31.5,73600
03/24/2003,31.43,31.49,30.66,31.04,89140
03/25/2003,30.8,30.8,30.2,30.53,108890
03/26/2003,30.56,30.68,30.28,30.4,133160
03/27/2003,30.33,30.33,29.92,29.97,112230
03/28/2003,29.95,30.12,29.65,30.02,71500
03/31/2003,30.02,30.02,29.5,29.79,152700
04/01/2003,29.9,29.9,29.54,29.77,119610
04/02/2003,30.18,30.71,30.16,30.5,252900
04/03/2003,30.7,31.14,30.51,30.9,131610
04/04/2003,30.9,31.13,29.9,30.2,150660
04/07/2003,30.5,31.3,30.5,31.03,217100
04/08/2003,31.05,31.17,30.9,30.9,103020
04/09/2003,31.15,32.31,31.15,32.09,214000
04/10/2003,32,33,31.45,32.7,241600
04/11/2003,32.71,33.2,32.71,32.95,137350
04/14/2003,32.95,33.06,32.5,32.86,84300
04/15/2003,32.9,33.72,32.9,33.49,95000
04/16/2003,34.75,34.8,33.58,33.8,528900
04/17/2003,33.7,34.55,33.7,34.19,315200
04/21/2003,34,34.49,33.99,34.33,97900
04/22/2003,34.33,34.5,34.05,34.44,102200
04/23/2003,34.44,34.44,34.12,34.29,126290
04/24/2003,33.92,34.3,33.8,33.95,76700
04/25/2003,33.96,33.96,32.7,33.15,175300
04/28/2003,33.2,34.12,33.2,34.1,248470
04/29/2003,34.3,35.59,34.28,35.2,227910
04/30/2003,34.8,35.65,34.74,35.5,199300
05/01/2003,35.5,36,35.34,35.54,263610
05/02/2003,35.59,36.3,35.47,35.81,193500
05/05/2003,35.81,36.04,35.71,35.77,153100
05/06/2003,35.9,35.99,35.75,35.84,166400
05/07/2003,35.5,35.92,35.3,35.44,93700
05/08/2003,35.3,35.72,35.13,35.2,181500
05/09/2003,35.1,35.71,35.1,35.12,226670
05/12/2003,35.13,35.4,35.12,35.3,211800
05/13/2003,35.29,35.73,35.29,35.6,132700
05/14/2003,35.75,36.16,35.35,35.45,58400
05/15/2003,35.65,36.05,35.6,35.87,59390
05/16/2003,35.99,36.13,35.4,35.46,95440
05/19/2003,35.5,35.58,35.1,35.1,68490
05/20/2003,35.2,35.45,35.15,35.37,190700
05/21/2003,35.37,35.55,35.23,35.5,142000
05/22/2003,35.5,36.23,35.5,36.06,129400
05/23/2003,36.07,36.14,35.8,35.94,82500
05/27/2003,35.94,36.21,35.86,36.05,128490
05/28/2003,36.12,36.27,35.8,35.92,99500
05/29/2003,36,36.08,35.72,35.79,120300
05/30/2003,35.87,36.06,35.75,35.81,200830
06/02/2003,36.04,36.48,36,36.34,183490
06/03/2003,36.39,36.82,36.27,36.76,118700
06/04/2003,36.9,37.33,36.9,37.15,145900
06/05/2003,37.15,37.72,36.98,37.55,142500
06/06/2003,37.66,37.96,37.38,37.39,115300
06/09/2003,37.37,37.37,36.2,36.44,124100
06/10/2003,36.38,36.45,36.07,36.2,63100
06/11/2003,36.44,36.7,36.15,36.57,65500
06/12/2003,36.7,37.26,36.54,36.7,126800
06/13/2003,36.8,36.97,36.6,36.6,52200
06/16/2003,36.62,37,36.6,36.87,113600
06/17/2003,37,37.59,36.9,37.58,144600
06/18/2003,37.59,38.35,37.45,38,137800
06/19/2003,38.1,38.21,37.65,37.65,146700
06/20/2003,37.65,37.92,37.61,37.89,82600
06/23/2003,37.99,37.99,36.85,36.99,86300
06/24/2003,36.95,37.15,36.45,36.6,55600
06/25/2003,36.62,37.19,36.62,36.8,68500
06/26/2003,37.03,37.58,37.01,37.52,122350
06/27/2003,37.5,37.73,36.9,36.96,130400
06/30/2003,36.9,37.21,36.62,36.7,179390
07/01/2003,36.52,36.7,36.38,36.65,104800
07/02/2003,36.76,37.08,36.67,36.98,145090
07/03/2003,36.88,37.2,36.86,36.96,21000
07/07/2003,37.1,37.98,37.1,37.55,78800
07/08/2003,37.55,38.3,37.55,37.95,108800
07/09/2003,38,38.55,38,38.45,96300
07/10/2003,38.38,38.72,38.09,38.09,121700
07/11/2003,38.06,38.22,37.45,37.67,135400
07/14/2003,37.87,38.03,37.15,37.21,123950
07/15/2003,37.5,37.7,37.2,37.4,136220
07/16/2003,37.55,37.55,36.92,37.27,144600
07/17/2003,37.22,37.58,37.11,37.12,102600
07/18/2003,37.12,37.45,37.12,37.32,61000
07/21/2003,37.31,37.31,36.84,36.95,54500
07/22/2003,37,37.6,37,37.17,187500
07/23/2003,37.1,37.25,36.95,37.2,131100
07/24/2003,37.15,38.99,37.15,38.35,244310
07/25/2003,38.36,38.36,32.75,35.2,1486610
07/28/2003,36.05,36.18,35.47,35.6,407990
07/29/2003,35.8,35.8,35.02,35.15,145800
07/30/2003,35.56,35.66,35.03,35.03,268200
07/31/2003,34.95,35.31,34.86,34.95,194140
08/01/2003,34.9,35.12,34.38,34.92,195670
08/04/2003,34.8,35.13,34.71,34.98,99200
08/05/2003,35,35.5,34.64,34.7,100100
08/06/2003,34.6,34.68,34.38,34.6,100700
08/07/2003,34.59,34.79,34.5,34.71,132050
08/08/2003,34.7,34.89,34.47,34.69,59900
08/11/2003,34.9,35.42,34.78,35.35,62930
08/12/2003,35.69,35.85,35.36,35.85,67500
08/13/2003,35.95,36.28,35.88,36.21,54900
08/14/2003,36.3,36.58,36.15,36.46,78800
08/15/2003,36.45,36.81,36.45,36.46,19200
08/18/2003,36.57,37.01,36.36,36.58,86300
08/19/2003,36.59,37.28,36.51,36.98,68980
08/20/2003,36.88,37.7,36.72,37.6,78500
08/21/2003,37.6,38.2,37.6,37.95,87600
08/22/2003,37.96,39.25,37.96,38.7,363800
08/25/2003,38.7,38.75,38.2,38.25,324530
08/26/2003,38.2,38.2,37.53,37.94,148010
08/27/2003,37.99,38.04,37.55,37.57,65100
08/28/2003,37.66,37.99,37.41,37.98,93600
08/29/2003,38.13,39.15,38.1,38.51,74200
09/02/2003,37.9,38.9,37.82,38.7,140300
09/03/2003,38.52,39.23,38.45,38.83,121200
09/04/2003,38.8,39.11,38.77,38.94,122000
09/05/2003,39,39.75,38.9,39.6,150800
09/08/2003,39.65,39.85,39.6,39.7,93620
09/09/2003,39.75,39.85,39.68,39.75,103600
09/10/2003,39.5,39.57,38.84,39.2,156300
09/11/2003,39.1,39.55,39.06,39.25,63100
09/12/2003,39.1,39.12,38.9,38.95,95700
09/15/2003,38.8,38.98,37.91,38.5,161100
09/16/2003,38.45,38.6,38.33,38.47,144400
09/17/2003,38.67,38.87,38,38.24,172100
09/18/2003,37.9,38.06,37.45,38.01,145200
09/19/2003,38.02,38.05,37.85,37.93,89900
09/22/2003,37.85,38,37.3,37.5,103800
09/23/2003,37.5,37.7,36.69,36.8,252500
09/24/2003,36.72,37.27,36.54,37.19,232100
09/25/2003,37.25,37.25,36.66,36.72,178900
09/26/2003,36.72,36.9,35.76,36.33,285260
09/29/2003,36.33,36.61,36.15,36.5,130970
09/30/2003,36.45,36.92,35.85,35.95,309710
10/01/2003,35.9,36.58,35.85,36.35,121500
10/02/2003,36.45,36.47,36,36.1,120700
10/03/2003,36.3,36.8,36.25,36.52,144200
10/06/2003,36.62,36.7,36.11,36.6,178500
10/07/2003,36.7,37.52,36.66,37.39,126500
10/08/2003,37.35,37.57,37.35,37.45,115900
10/09/2003,37.6,37.7,36.8,36.93,99400
10/10/2003,36.93,37.96,36.92,37.66,163600
10/13/2003,37.77,37.9,37.6,37.6,218100
10/14/2003,37.55,38.33,37.55,38.21,91800
10/15/2003,38.45,38.68,38.4,38.55,92000
10/16/2003,38.3,38.8,38.1,38.56,108900
10/17/2003,38.5,38.5,37.35,37.52,73000
10/20/2003,37.42,38.43,37.4,38.15,121000
10/21/2003,38,38.05,36.75,37.15,129900
10/22/2003,37.15,37.16,36.56,36.88,72100
10/23/2003,36.75,36.75,35.65,36.06,110300
10/24/2003,36,36.5,35.92,36.38,75500
10/27/2003,36.48,37,36.48,36.75,43300
10/28/2003,37.05,38.54,37,38,176900
10/29/2003,38.05,38.55,38.04,38.11,82800
10/30/2003,38.13,38.2,37.65,37.67,59400
10/31/2003,38,38.9,37.9,38.34,323250
11/03/2003,38.36,39.29,38.36,38.58,96500
11/04/2003,38.9,39.41,38.6,39.14,76100
11/05/2003,39.05,39.25,38.78,38.85,73400
11/06/2003,38.86,39.68,38.84,39.5,86700
11/07/2003,39.45,40.67,39.45,40.5,123200
11/10/2003,40.26,40.28,39.9,40.2,190600
11/11/2003,40,40.2,39.86,40.15,230440
11/12/2003,40.11,40.45,40.02,40.35,102900
11/13/2003,40.35,41.06,40.3,40.97,167700
11/14/2003,40.8,41.14,39.95,39.96,76000
11/17/2003,39.88,39.92,39.3,39.69,64600
11/18/2003,39.76,39.99,39.45,39.56,46900
11/19/2003,39.63,39.86,39.36,39.51,88800
11/20/2003,39.54,39.87,39.36,39.46,55500
11/21/2003,39.3,39.51,39.01,39.24,99320
11/24/2003,39.35,39.95,39.03,39.95,156800
11/25/2003,39.8,40.6,39.5,39.82,106000
11/26/2003,39.8,40.07,39.09,39.84,153100
11/28/2003,39.86,39.86,39.18,39.2,64400
12/01/2003,39.27,39.77,39.27,39.6,138540
12/02/2003,39.5,39.72,39.48,39.49,67900
12/03/2003,39.4,39.91,39.33,39.52,96700
12/04/2003,39.4,39.9,39.19,39.45,138700
12/05/2003,39.3,39.61,39.2,39.4,50600
12/08/2003,39.35,39.8,39.18,39.56,69000
12/09/2003,39.46,40,39.3,39.31,144400
12/10/2003,39.3,40.03,39.01,39.03,162110
12/11/2003,38.95,40.36,38.95,39.78,123300
12/12/2003,39.76,39.9,39.4,39.49,164430
12/15/2003,39.7,40.73,39.69,40.57,250110
12/16/2003,40.5,40.55,39.9,40,121300
12/17/2003,40,40.07,39.65,40,130600
12/18/2003,39.9,40.89,39.9,40.53,192560
12/19/2003,40.65,42.45,40.59,42.45,239520
12/22/2003,42.48,42.85,42.01,42.73,192600
12/23/2003,42.6,42.6,41.95,42.38,146600
12/24/2003,42.15,42.3,42.05,42.15,24400
12/26/2003,42.25,42.4,41.97,42.11,42600
12/29/2003,42.18,42.66,42.18,42.34,99400
12/30/2003,42.4,42.81,42.3,42.3,112000
12/31/2003,42.45,42.55,42.05,42.21,62600
01/02/2004,42.08,42.38,41.97,42.05,151510
01/05/2004,42.03,43.19,42.03,42.65,149700
01/06/2004,42.66,43.37,42.5,43.15,193000
01/07/2004,43,43.27,42.85,43.27,130500
01/08/2004,43.27,44.86,43.27,44.83,328300
01/09/2004,44.63,45.69,44,45.06,203000
01/12/2004,45.16,45.16,43.4,44.35,244100
01/13/2004,44.2,44.3,43.5,43.85,148400
01/14/2004,44.5,44.89,43.82,44.1,301400
01/15/2004,44.1,44.5,43.57,44.3,206000
01/16/2004,44.5,45.47,44.45,45.27,208690
01/20/2004,44.7,45.22,44.7,44.99,185800
01/21/2004,45.1,45.22,44.5,45.03,163100
01/22/2004,45,45,44.67,45,175100
01/23/2004,44.85,45.25,44.75,45.08,215200
01/26/2004,45.04,45.32,44.83,45.29,193550
01/27/2004,45.1,45.97,45.08,45.55,211890
01/28/2004,45.4,45.95,45.4,45.71,355700
01/29/2004,45.6,45.65,45.36,45.52,220200
01/30/2004,45.65,45.97,45.49,45.8,198270
02/02/2004,45.95,46.1,45.75,45.86,215000
02/03/2004,45.74,46.63,45.65,46.46,252960
02/04/2004,46.35,46.35,45.38,45.5,124400
02/05/2004,45.65,45.8,45.35,45.48,136900
02/06/2004,45.25,45.25,43.71,43.8,1217950
02/09/2004,44.01,44.06,42.98,43.04,744120
02/10/2004,42.9,43.35,42.54,43.35,586900
02/11/2004,43.34,44,43.1,43.75,350140
02/12/2004,43.9,44.32,43.7,43.87,288080
02/13/2004,43.9,44.02,43.74,43.82,200130
02/17/2004,43.95,44.1,43.7,43.8,116400
02/18/2004,43.65,43.65,43.03,43.45,418700
02/19/2004,43.66,44,43.19,43.19,141300
02/20/2004,43.05,43.14,42.45,42.56,218900
02/23/2004,42.45,42.56,42.12,42.23,201500
02/24/2004,42.1,43.2,41.9,42.93,306800
02/25/2004,42.85,42.89,42.27,42.4,560010
02/26/2004,42.41,42.74,42.25,42.6,368300
02/27/2004,42.7,44.02,42.7,43.99,471900
03/01/2004,44.1,44.1,43.93,44.02,162870
03/02/2004,44,44.29,43.9,44.05,116000
03/03/2004,43.86,43.87,43.57,43.59,109600
03/04/2004,43.5,43.68,42.86,43.32,198800
03/05/2004,43.2,43.5,43.12,43.41,162620
03/08/2004,43.52,43.52,42.77,42.78,201560
03/09/2004,42.55,42.59,39.81,40.67,609550
03/10/2004,40.9,41.8,40.9,41.39,488900
03/11/2004,41.27,42.16,41.09,41.33,264910
03/12/2004,41.8,42.37,41.73,42.02,251100
03/15/2004,42.01,42.01,41.55,41.56,274400
03/16/2004,41.5,42.15,41.34,41.6,224600
03/17/2004,41.63,42.64,41.63,42.3,409230
03/18/2004,42.26,42.6,42.24,42.5,178430
03/19/2004,42.51,42.86,42.29,42.79,137400
03/22/2004,42.6,42.6,41.75,41.8,291600
03/23/2004,42.08,42.16,41.79,42,315900
03/24/2004,41.97,42.33,41.97,42.01,212600
03/25/2004,42.01,42.9,41.95,42.76,153100
03/26/2004,43.05,43.26,42.8,43,66100
03/29/2004,43.45,43.9,43.43,43.68,179500
03/30/2004,43.88,44.12,43.72,44,176000
03/31/2004,44.1,44.63,43.9,44.4,149100
04/01/2004,44.3,45.29,44.3,44.43,221300
04/02/2004,44.67,45.34,44.63,44.8,134200
04/05/2004,44.8,45.11,44.49,44.8,257300
04/06/2004,44.9,45.22,44.8,44.98,76600
04/07/2004,44.88,45.23,44.6,44.9,85900
04/08/2004,45.1,45.56,44.86,44.98,149400
04/12/2004,44.83,45.02,44.83,44.99,95300
04/13/2004,44.89,44.96,44.33,44.34,104300
04/14/2004,44.37,44.54,44.15,44.26,175100
04/15/2004,44.02,44.3,43.38,43.7,121690
04/16/2004,43.94,44.57,43.91,44.19,136100
04/19/2004,44,44.51,43.96,44.43,87800
04/20/2004,44.7,44.8,43.89,43.9,118860
04/21/2004,43.77,45.14,43.77,44.84,169820
04/22/2004,44.35,46.18,44.25,45.72,172610
04/23/2004,45.6,46.03,45.58,45.88,126400
04/26/2004,45.7,45.91,45.35,45.45,112600
04/27/2004,45.55,45.67,44.92,45.01,82900
04/28/2004,44.9,44.9,44.34,44.36,112500
04/29/2004,44.2,45.1,43.81,44.5,128180
04/30/2004,45.1,45.7,44.7,44.82,308700
05/03/2004,44.83,45.44,44.41,44.96,314670
05/04/2004,44.5,45.25,44.4,44.95,265600
05/05/2004,45.05,45.69,44.83,44.93,145000
05/06/2004,44.7,44.78,44.44,44.57,153200
05/07/2004,44.52,45,44.5,44.51,113800
05/10/2004,44.55,44.65,43.65,44.18,122100
05/11/2004,43.92,45.05,43.92,44.83,91300
05/12/2004,44.9,45.02,44.2,45.01,304560
05/13/2004,44.9,45.45,44.87,45.25,154100
05/14/2004,45.22,45.37,44.8,45,175010
05/17/2004,45.01,45.01,44.6,44.65,307900
05/18/2004,44.5,44.88,44.46,44.6,96120
05/19/2004,44.6,45.5,44.6,44.8,121700
05/20/2004,44.9,44.96,44.6,44.73,60300
05/21/2004,44.76,44.97,44.71,44.89,123490
05/24/2004,44.92,45.63,44.85,45.38,198800
05/25/2004,45.3,45.61,45.21,45.45,282000
05/26/2004,45.3,45.5,45.28,45.38,267800
05/27/2004,45.78,45.88,45.58,45.8,236400
05/28/2004,45.66,46.5,45.66,46.32,173710
06/01/2004,46.08,46.9,46.08,46.46,168400
06/02/2004,46.36,46.76,46.25,46.52,71600
06/03/2004,45.9,46.31,45.9,46.02,190900
06/04/2004,46.2,48,46.2,47.3,360300
06/07/2004,47.3,48.6,47.3,48.22,295500
06/08/2004,48,48.23,48,48.1,276190
06/09/2004,48.03,48.28,47.98,48.09,196800
06/10/2004,47.99,48.32,47.99,48.11,109300
06/14/2004,47.65,48.49,47.65,48.17,230200
06/15/2004,48.17,48.95,48.16,48.64,185330
06/16/2004,48.74,49.16,48.69,49.1,138000
06/17/2004,48.95,49.31,48.7,48.95,208900
06/18/2004,48.95,49.63,48.95,49.3,191610
06/21/2004,49.15,49.5,49.04,49.1,175800
06/22/2004,49,49.26,49,49.15,160310
06/23/2004,49.15,49.59,49.15,49.58,119000
06/24/2004,49.33,50.32,49.33,49.58,169010
06/25/2004,49.5,50.17,49.18,49.22,557040
06/28/2004,49.3,50,48.73,48.83,245900
06/29/2004,48.91,49.48,48.91,49.32,173000
06/30/2004,49.39,49.49,48.86,49.2,266040
07/01/2004,49.2,49.42,48.8,49.11,179100
07/02/2004,49,49.01,48.33,48.37,92700
07/06/2004,47.38,47.54,46.52,46.83,335600
07/07/2004,46.8,47.6,46.8,47,186500
07/08/2004,47.04,47.39,46.95,47.02,127200
07/09/2004,47.04,47.31,46.99,47.08,65400
07/12/2004,47,47.1,46.2,46.68,66200
07/13/2004,46.71,47,46.66,46.67,68800
07/14/2004,46.55,47.16,46.28,46.3,87400
07/15/2004,46.21,46.36,46.01,46.1,74400
07/16/2004,46.2,46.25,45.58,45.62,99330
07/19/2004,45.65,45.72,45.3,45.47,97200
07/20/2004,45.55,45.65,45.43,45.6,79200
07/21/2004,45.7,46.09,44.81,44.9,116800
07/22/2004,44.65,45.61,44.65,45.3,169200
07/23/2004,42.04,43.1,38,41,2053390
07/26/2004,40.9,41.31,40.6,40.71,687220
07/27/2004,40.65,40.66,39.76,40.5,467300
07/28/2004,40.4,41.36,40.18,41.28,290700
07/29/2004,41.35,41.99,40.94,41.87,141100
07/30/2004,41.81,41.9,41.52,41.64,299600
08/02/2004,41.69,42.41,41.54,42.27,301500
08/03/2004,42.46,42.48,42,42.44,268000
08/04/2004,42.4,42.41,41.9,42.18,254300
08/05/2004,42.44,42.7,42.29,42.29,422730
08/06/2004,42.35,42.35,41.25,41.26,587600
08/09/2004,41.26,41.29,40.86,41.25,273200
08/10/2004,42.25,44.6,42.25,43.7,670000
08/11/2004,43.78,44.09,42.5,43.15,368360
08/12/2004,43.21,43.39,41.9,41.92,383900
08/13/2004,41.85,43.31,41.8,43.1,378060
08/16/2004,43.1,43.99,43.1,43.77,221900
08/17/2004,43.87,44.71,43.86,44.41,221640
08/18/2004,44.46,45.29,44.4,45.16,100690
08/19/2004,45.2,45.48,44.82,45.02,278500
08/20/2004,45.14,46.01,44.91,45.76,238850
08/23/2004,45.8,46.11,45.45,45.59,198200
08/24/2004,45.7,45.99,45.2,45.62,245700
08/25/2004,45.7,45.73,45.48,45.68,144100
08/26/2004,46.06,46.06,45.22,45.6,167600
08/27/2004,45.94,46.24,45.67,46.05,149500
08/30/2004,45.85,46.2,45.08,45.53,129800
08/31/2004,45.41,46.04,44.96,46.03,194900
09/01/2004,46.04,46.99,46.04,46.72,211680
09/02/2004,46.5,47.12,46.42,47,128600
09/03/2004,47.1,47.21,46.26,46.38,199700
09/07/2004,46.5,47,46.5,46.87,175800
09/08/2004,46.95,47.4,46.22,46.24,198100
09/09/2004,46.3,46.91,46.12,46.88,196000
09/10/2004,46.83,46.99,46.63,46.77,181100
09/13/2004,46.82,47.75,46.82,47.68,144500
09/14/2004,47.6,47.77,47.34,47.61,109300
09/15/2004,47.67,47.81,47.3,47.7,92700
09/16/2004,47.8,48.24,47.72,47.87,108600
09/17/2004,47.99,48.14,47.88,47.89,136900
09/20/2004,47.89,48,47.64,47.64,169400
09/21/2004,47.6,47.87,47.45,47.65,181800
09/22/2004,47.66,47.7,47.01,47.07,186200
09/23/2004,47.01,47.27,46.92,46.97,130000
09/24/2004,46.96,47.22,46.57,46.57,56700
09/27/2004,46.55,46.64,46.12,46.35,88400
09/28/2004,46.3,46.32,45.86,46.16,165800
09/29/2004,46.02,47.44,45.98,47.02,124500
09/30/2004,46.95,47.8,46.95,47.22,119010
10/01/2004,47.29,48.32,47.29,48.08,144300
10/04/2004,48.22,48.72,47.68,47.73,164310
10/05/2004,47.6,47.95,47.42,47.52,124800
10/06/2004,47.35,48.2,47.06,48.01,93300
10/07/2004,48.1,48.2,47.5,47.54,84500
10/08/2004,47.47,47.48,47.13,47.16,63600
10/11/2004,47.25,47.3,46.82,47.07,152900
10/12/2004,47.06,47.39,46.67,46.93,112900
10/13/2004,46.93,47.6,46.9,47.08,96300
10/14/2004,47.1,47.1,46.65,46.75,98600
10/15/2004,46.75,47.06,46.66,46.8,216000
10/18/2004,46.79,47.35,46.65,47,73500
10/19/2004,47.1,47.85,46.75,46.75,57100
10/20/2004,46.8,47.36,46.44,47.19,73700
10/21/2004,47.15,47.15,46.83,46.93,90700
10/22/2004,46.98,47,46.46,46.51,73600
10/25/2004,46.56,47.17,46.55,46.63,113400
10/26/2004,46.68,46.92,46.39,46.92,115100
10/27/2004,46.82,47.69,46.82,47.65,202750
10/28/2004,47.6,48.01,47.41,47.92,137290
10/29/2004,47.6,48.02,47.6,47.83,121230
11/01/2004,47.8,48.36,47.6,47.85,164970
11/02/2004,47.82,49.15,47.8,48.01,220000
11/03/2004,48.2,48.8,47.91,48.1,162500
11/04/2004,48,48.65,47.65,48.37,190200
11/05/2004,48.9,50.69,48.72,49,817430
11/08/2004,48.95,49.49,48.9,49.2,361800
11/09/2004,48.75,49.06,48.73,48.96,313400
11/10/2004,49,49.85,49,49.34,203500
11/11/2004,49.19,50.17,49.19,49.9,123500
11/12/2004,49.8,50.31,49.78,49.95,149500
11/15/2004,49.75,50.26,49.6,50,148100
11/16/2004,49.61,50.08,49.61,49.96,105800
11/17/2004,49.65,50.72,49.65,50.17,151900
11/18/2004,50.16,50.61,50.01,50.59,151200
11/19/2004,50.45,50.54,49.94,49.98,114800
11/22/2004,49.78,50.65,49.74,50.6,128100
11/23/2004,50.61,51.09,50.5,51,264100
11/24/2004,50.9,51.28,50.79,50.94,88800
11/26/2004,50.95,51.3,50.95,50.95,56200
11/29/2004,50.98,51.71,50.88,51.46,193780
11/30/2004,51.6,51.79,51.3,51.57,326130
12/01/2004,51.5,52.25,51.5,51.74,232980
12/02/2004,51.71,51.81,51.4,51.5,171000
12/03/2004,51.31,51.8,51.3,51.5,200300
12/06/2004,51.15,51.9,50.75,51.67,221460
12/07/2004,51.77,52.1,50.77,50.78,187900
12/08/2004,50.7,51.14,50.31,50.5,184400
12/09/2004,50.1,50.27,49.44,49.81,213000
12/10/2004,49.71,50.17,49.6,49.95,100600
12/13/2004,49.9,50.92,49.9,50.72,144380
12/14/2004,50.7,51.5,50.64,51.47,117600
12/15/2004,51.5,52.01,51.42,51.87,245270
12/16/2004,51.85,52.01,51.59,51.97,190500
12/17/2004,51.6,52.01,51.6,51.76,137480
12/20/2004,51.8,51.85,51.28,51.53,174880
12/21/2004,51.5,51.69,51.28,51.45,156400
12/22/2004,51.57,51.95,51.36,51.63,200730
12/23/2004,51.7,52.14,51.5,51.78,158700
12/27/2004,51.78,51.78,51.15,51.29,65800
12/28/2004,51.29,51.6,51.29,51.48,141100
12/29/2004,51.48,51.5,51.15,51.4,154300
12/30/2004,51.4,51.7,51.4,51.52,83300
12/31/2004,51.45,51.66,51.31,51.31,45500
01/03/2005,51.3,51.67,50.97,51.07,147700
01/04/2005,51.09,51.29,50.23,50.27,135440
01/05/2005,50.4,50.91,50.2,50.36,120900
01/06/2005,50.42,50.61,50.15,50.2,119700
01/07/2005,50.19,50.55,50.09,50.15,99600
01/10/2005,50.05,50.17,49.73,49.85,114400
01/11/2005,49.9,49.95,49.63,49.7,187100
01/12/2005,49.7,49.86,49.38,49.815,161570
01/13/2005,49.79,49.9,49.31,49.5,131700
01/14/2005,49.52,50.12,49.52,49.8,218800
01/18/2005,49.8,50,49.72,49.97,140300
01/19/2005,49.95,49.95,49.55,49.58,83100
01/20/2005,49.58,49.82,49.47,49.7,112900
01/21/2005,49.66,49.9,49.35,49.48,199000
01/24/2005,49.6,49.77,49.46,49.48,119600
01/25/2005,49.48,49.69,49.34,49.53,102300
01/26/2005,49.55,49.85,49.55,49.67,151000
01/27/2005,49.63,50,49.55,49.94,187330
01/28/2005,50,50.05,49.7,49.9,94800
01/31/2005,49.91,50.16,49.71,50.16,127500
02/01/2005,50.07,50.52,49.92,50.51,128400
02/02/2005,50.42,51,50.21,50.75,71300
02/03/2005,50.75,50.79,50.07,50.18,170600
02/04/2005,50.1,50.72,50.1,50.63,124400
02/07/2005,50.87,51.21,50.8,50.95,110200
02/08/2005,50.85,51.16,50.85,50.94,138000
02/09/2005,50.79,51,50.2,50.25,121100
02/10/2005,50.79,51.59,50.6,50.95,436300
02/11/2005,50.8,51.99,50.76,51.83,209900
02/14/2005,51.75,51.86,51.65,51.72,104900
02/15/2005,51.7,51.9,51.55,51.6,121300
02/16/2005,51.6,51.65,51.12,51.2,112100
02/17/2005,51.2,51.5,50.87,51.34,114200
02/18/2005,51.34,51.54,50.8,51.02,122100
02/22/2005,50.82,50.99,50.71,50.93,155200
02/23/2005,50.85,51.17,50.68,50.8,231700
02/24/2005,50.81,51.93,50.75,51.76,205200
02/25/2005,51.56,52.36,51.51,52.2,191900
02/28/2005,52.1,52.62,52.06,52.5,315400
03/01/2005,52.4,52.6,52,52.2,170000
03/02/2005,52.32,52.65,52.22,52.35,168700
03/03/2005,52.5,52.5,51.8,52.25,128700
03/04/2005,52.3,52.79,52.2,52.3,130900
03/07/2005,52.61,53.25,52.61,53,195300
03/08/2005,53,53.22,52.5,52.54,103100
03/09/2005,52.46,52.67,52.35,52.42,69800
03/10/2005,52.3,52.32,51.56,51.57,180600
03/11/2005,51.68,52.09,51.46,51.66,172200
03/14/2005,51.66,53.06,51.66,52.93,225700
03/15/2005,53.01,53.1,52.31,52.37,146100
03/16/2005,52.31,52.63,51.81,51.84,123580
03/17/2005,52,52.1,51.36,51.6,123500
03/18/2005,51.6,51.61,51.23,51.36,83900
03/21/2005,51.27,51.53,51.21,51.38,203100
03/22/2005,51.25,51.69,51.12,51.43,243900
03/23/2005,51.2,51.6,51.2,51.4,194210
03/24/2005,51.4,51.81,51.3,51.45,136690
03/28/2005,51.49,51.6,51.35,51.49,151700
03/29/2005,51.45,51.45,50.85,50.93,150800
03/30/2005,50.13,50.13,47.14,47.37,917130
03/31/2005,47.9,47.9,47.45,47.5,389700
04/01/2005,47.65,47.92,47.57,47.65,276900
04/04/2005,47.84,47.92,47.11,47.55,233800
04/05/2005,47.6,47.8,47.52,47.7,655700
04/06/2005,47.7,47.88,47.59,47.67,305500
04/07/2005,47.7,48.17,47.68,47.84,243000
04/08/2005,47.84,47.85,47.49,47.7,152100
04/11/2005,47.88,47.91,47.39,47.47,165500
04/12/2005,47.62,48.35,47.55,48.26,300500
04/13/2005,48.12,48.58,47.51,47.7,211390
04/14/2005,47.6,47.71,46.84,46.87,178800
04/15/2005,46.8,46.94,45.96,46.08,197000
04/18/2005,46.12,46.28,45.6,45.8,311160
04/19/2005,45.93,46.59,45.93,46.55,159500
04/20/2005,46.8,47.32,46.7,46.7,198390
04/21/2005,46.9,47.77,46.9,47.76,172200
04/22/2005,47.61,47.62,46,46.2,436500
04/25/2005,46.1,46.77,46.1,46.75,237200
04/26/2005,46.6,46.92,46.52,46.6,202410
04/27/2005,46.4,46.44,45.75,45.85,425570
04/28/2005,45.65,45.95,45.41,45.6,202300
04/29/2005,45.6,45.97,45.6,45.85,345400
05/02/2005,45.9,46.47,45.63,46.05,255410
05/03/2005,46.15,46.83,46.1,46.5,224500
05/04/2005,47,47.15,46.7,46.93,385200
05/05/2005,47.03,47.42,46.84,46.94,247700
05/06/2005,47,47.35,47,47.29,110000
05/09/2005,47.05,47.55,46.83,47.21,202710
05/10/2005,46.94,47.4,46.88,47.18,108400
05/11/2005,46.93,47.79,46.67,47.65,207400
05/12/2005,47.65,48.45,47.65,47.84,149200
05/13/2005,47.83,47.89,47,47.3,121700
05/16/2005,47.3,47.3,46.77,47.06,193100
05/17/2005,47.2,48.57,47.02,48.28,219780
05/18/2005,48.3,48.99,48.3,48.95,186600
05/19/2005,48.75,49.09,48.62,48.9,122300
05/20/2005,48.5,49.02,48.45,48.97,173100
05/23/2005,48.95,49.3,48.83,49.02,96800
05/24/2005,48.9,48.96,48.7,48.79,93900
05/25/2005,49.1,49.1,48.44,48.52,143110
05/26/2005,48.85,48.89,48.59,48.8,123200
05/27/2005,48.85,48.91,48.5,48.78,72700
05/31/2005,48.78,49,48.6,48.95,97170
06/01/2005,48.95,49.53,48.83,49.26,166400
06/02/2005,49.36,49.57,49,49.57,113300
06/03/2005,49.47,49.59,48.85,48.9,176400
06/06/2005,48.86,49.3,48.76,49.24,145600
06/07/2005,49.34,49.44,48.88,48.95,173800
06/08/2005,48.98,49.3,48.42,48.47,213900
06/09/2005,48.4,48.64,48.2,48.58,75500
06/10/2005,48.61,48.83,48.24,48.57,124990
06/13/2005,48.52,48.84,48.35,48.49,86800
06/14/2005,48.38,48.61,48.2,48.43,65400
06/15/2005,48.43,48.49,47.67,47.8,142200
06/16/2005,47.8,47.8,46.9,47.15,232790
06/17/2005,47.25,47.25,46.91,47.1,116000
06/20/2005,47.1,47.15,46.89,47,254100
06/21/2005,46.9,47.08,46.85,46.9,109300
06/22/2005,46.95,46.95,46.5,46.59,517220
06/23/2005,46.59,46.6,45.54,45.67,355700
06/24/2005,45.55,45.7,45.25,45.53,299540
06/27/2005,45.3,45.52,45.24,45.25,161600
06/28/2005,45.2,45.8,45.2,45.71,222870
06/29/2005,45.75,45.98,45.69,45.95,93100
06/30/2005,46.54,47.09,46.45,46.49,182630
07/01/2005,46.62,46.75,46.04,46.57,150600
07/05/2005,46.61,47.15,46.5,46.88,138300
07/06/2005,46.74,47.07,46.67,46.68,95600
07/07/2005,46.55,47.23,46.2,47.03,191300
07/08/2005,47.13,47.84,47,47.66,83600
07/11/2005,47.7,47.97,47.6,47.92,76000
07/12/2005,47.88,48.02,47.77,47.82,94900
07/13/2005,47.8,47.8,47.22,47.5,246500
07/14/2005,47.5,47.78,47.42,47.6,102400
07/15/2005,47.6,47.75,47.27,47.58,139000
07/18/2005,47.58,47.73,47.39,47.59,222500
07/19/2005,47.44,48,47.3,47.8,132800
07/20/2005,47.8,49.35,47.8,49.05,208900
07/21/2005,49.12,49.8,48.84,48.84,192850
07/22/2005,48.7,49.02,48.43,48.5,335600
07/25/2005,48.42,48.5,48.2,48.33,115000
07/26/2005,48.45,49.3,48.45,48.74,358670
07/27/2005,48.65,49.6,48.6,49.33,120700
07/28/2005,49.03,49.7,49,49.58,142700
07/29/2005,51.53,52.87,51.24,52.5,467430
08/01/2005,52.5,52.55,51.92,52,271310
08/02/2005,52.01,52.65,52.01,52.16,209080
08/03/2005,52,52.16,51.45,51.6,242100
08/04/2005,51.58,51.59,50.91,51,149400
08/05/2005,51,51.14,50.73,50.75,124800
08/08/2005,50.5,50.59,50.3,50.42,132000
08/09/2005,50.35,50.36,49.78,49.96,124300
08/10/2005,49.99,50.58,49.77,49.78,169990
08/11/2005,49.69,50.73,49.69,50.61,122300
08/12/2005,50.55,50.94,50.49,50.55,212190
08/15/2005,50.6,51.37,50.41,50.9,159600
08/16/2005,50.75,50.9,50.16,50.16,155700
08/17/2005,50.3,50.73,50.06,50.42,220600
08/18/2005,50.42,50.57,50.1,50.35,101300
08/19/2005,50.36,50.73,50,50.09,205400
08/22/2005,50.2,50.9,50.14,50.64,115200
08/23/2005,50.56,50.74,50.07,50.2,83700
08/24/2005,50.3,51,50.25,50.4,96600
08/25/2005,50.36,50.79,50.35,50.75,102900
08/26/2005,50.62,50.73,49.72,49.83,161720
08/29/2005,49.69,50.55,49.69,50.2,225000
08/30/2005,50.1,50.18,49.74,49.94,79000
08/31/2005,49.7,50.49,49.3,50.4,205700
09/01/2005,50.2,50.82,50.05,50.5,188960
09/02/2005,50.5,50.65,49.5,49.57,114500
09/06/2005,49.62,49.92,49.57,49.77,383720
09/07/2005,49.81,50.7,49.66,50.62,156870
09/08/2005,50.68,50.82,50.42,50.73,106390
09/09/2005,50.75,51.48,50.75,51.39,162400
09/12/2005,51.45,51.59,51.2,51.42,148500
09/13/2005,51.4,51.5,50.9,50.95,84700
09/14/2005,50.91,50.91,50.4,50.45,63400
09/15/2005,50.4,50.4,49.48,49.63,170400
09/16/2005,49.8,50.15,49.69,49.94,137000
09/19/2005,49.8,50.31,49.46,49.85,108400
09/20/2005,49.85,49.95,49.27,49.37,149100
09/21/2005,49.37,49.58,49.08,49.46,119190
09/22/2005,49.38,49.55,49.24,49.46,88300
09/23/2005,49.4,49.95,49.4,49.74,181900
09/26/2005,49.99,50.22,49.5,49.68,71700
09/27/2005,49.82,50.45,49.82,50.31,171190
09/28/2005,50.35,50.6,49.82,50.35,140300
09/29/2005,50.28,50.89,50.1,50.7,98810
09/30/2005,50.65,51.1,50.61,50.98,92000
10/03/2005,50.98,51.99,50.98,51.6,180200
10/04/2005,51.5,52.13,51.36,52.01,171300
10/05/2005,51.95,51.95,51.31,51.58,224400
10/06/2005,51.53,51.87,51.21,51.48,255890
10/07/2005,51.5,51.85,51.3,51.61,160380
10/10/2005,51.5,51.5,50.82,51.2,141310
10/11/2005,51.2,51.29,50.76,50.92,218300
10/12/2005,50.94,51.22,50.57,51.17,179650
10/13/2005,51.2,51.34,50.88,51,202900
10/14/2005,50.97,51.44,50.33,51.43,457680
10/17/2005,51.44,51.93,51.29,51.82,158400
10/18/2005,51.75,52.5,51.62,51.98,104800
10/19/2005,52.05,52.6,51.69,52.55,187830
10/20/2005,52.55,52.85,52.19,52.24,123500
10/21/2005,52.49,52.65,51.38,51.5,168100
10/24/2005,51.51,51.81,51.5,51.62,157100
10/25/2005,51.66,51.77,51.33,51.54,285520
10/26/2005,51.41,51.44,50.94,51.01,165820
10/27/2005,50.9,51.04,50.59,50.85,220750
10/28/2005,50.95,51.21,50.62,51,196850
10/31/2005,51.07,51.76,51.07,51.56,188480
11/01/2005,51.45,51.64,51.22,51.23,252600
11/02/2005,51.15,52.47,51.15,52.32,155300
11/03/2005,52.34,52.85,51.91,52.37,153500
11/04/2005,53.88,56.86,53.4,56.2,1078840
11/07/2005,55.2,57.03,54.9,56.2,650970
11/08/2005,56.05,56.14,55.71,56.03,224500
11/09/2005,55.99,56.09,55.58,55.86,218590
11/10/2005,55.75,56,55.43,56,190500
11/11/2005,55.63,55.98,55.55,55.87,127190
11/14/2005,55.85,56.77,55.67,56.4,253760
11/15/2005,56.26,56.5,56.1,56.21,281100
11/16/2005,56.2,56.38,56,56.1,146100
11/17/2005,56.21,56.33,55.99,56.2,175400
11/18/2005,56.25,56.64,56.25,56.4,181900
11/21/2005,56.9,58.45,56.52,58.2,706300
11/22/2005,58.14,58.65,58.01,58.18,519510
11/23/2005,58.13,58.49,57.7,57.87,201500
11/25/2005,57.6,57.83,57.3,57.47,134500
11/28/2005,57.3,57.41,56.72,56.76,170720
11/29/2005,56.92,57.35,56.75,56.89,246400
11/30/2005,56.91,57.6,56.85,57.02,255250
12/01/2005,57.18,57.67,57.15,57.54,230900
12/02/2005,57.36,57.68,57,57.2,107300
12/05/2005,56.8,57.9,56.79,57.82,266800
12/06/2005,57.93,58.04,57.08,57.09,129200
12/07/2005,57.07,57.33,56.7099,57.01,115100
12/08/2005,57.1,57.92,56.94,57.55,176380
12/09/2005,57.45,57.99,57.45,57.87,119700
12/12/2005,57.98,58.17,57.88,58.07,135210
12/13/2005,58.15,58.47,57.68,57.91,137700
12/14/2005,57.93,58.04,57.25,57.33,145190
12/15/2005,57.3,57.48,56.87,57.02,169300
12/16/2005,56.94,57.24,56.89,56.96,166800
12/19/2005,56.8,56.8,55.22,55.4,247520
12/20/2005,55.33,56.33,55.33,55.9,224730
12/21/2005,56.12,56.45,55.69,56,115100
12/22/2005,55.99,56.2,55.69,56.13,99300
12/23/2005,56.11,56.23,55.87,55.94,92500
12/27/2005,55.56,56.23,54.48,55.3,148300
12/28/2005,55.2,55.46,54.87,55.25,82200
12/29/2005,55.26,55.8,55.26,55.6,65300
12/30/2005,55.55,55.65,54.62,55.2,134680
01/03/2006,55.44,55.78,54.87,55.53,141150
01/04/2006,55.77,56.05,55.63,56.02,118490
01/05/2006,55.96,56.23,55.86,55.98,128500
01/06/2006,56,56.1,55.84,55.95,148600
01/09/2006,56.05,56.56,55.9,56.4,139400
01/10/2006,56.4,56.7,56.17,56.26,144470
01/11/2006,56.33,56.67,56.21,56.53,117300
01/12/2006,56.5,56.61,56,56.19,227000
01/13/2006,56.16,56.45,56.06,56.39,241510
01/17/2006,56.29,56.63,55.85,56.23,257090
01/18/2006,56.25,58.11,56.25,57.87,298100
01/19/2006,57.62,58.05,57.33,57.58,181110
01/20/2006,57.65,57.71,57.03,57.25,144400
01/23/2006,57.31,57.41,56.68,56.74,129680
01/24/2006,56.87,57.89,56.87,57.89,126000
01/25/2006,57.9,57.94,57.5,57.82,171200
01/26/2006,57.8,58.29,57.77,58.26,170330
01/27/2006,58.18,58.92,58.12,58.66,196400
01/30/2006,58.7,58.95,58.61,58.83,178980
01/31/2006,58.68,58.73,57.8,57.96,198670
02/01/2006,57.79,59.42,57.79,59.31,220500
02/02/2006,59.22,59.22,57.89,58.08,205400
02/03/2006,58.08,58.79,57.95,58.74,187600
02/06/2006,58.7,59.21,58.34,59.03,270000
02/07/2006,60.99,62.31,60.32,60.45,609390
02/08/2006,60.29,60.29,58.87,59.63,381480
02/09/2006,59.73,60.15,59.67,60.15,197600
02/10/2006,63.4,64.45,61.45,61.9,899320
02/13/2006,61.9,61.9,61.02,61.37,220300
02/14/2006,61.17,61.79,60.76,61.59,275300
02/15/2006,61.5,62.15,61.5,61.6,251790
02/16/2006,61.6,61.82,61.08,61.48,647460
02/17/2006,61.24,61.91,61.1,61.7,554000
02/21/2006,61.45,61.74,60.63,60.67,181600
02/22/2006,60.69,61.25,60.69,60.85,464670
02/23/2006,60.78,61,60.41,60.65,378190
02/24/2006,60.6,60.96,60.55,60.71,305310
02/27/2006,60.75,61.3,60.75,60.98,299300
02/28/2006,60.83,61.13,60.27,60.56,219110
03/01/2006,60.66,60.91,60.42,60.7,266600
03/02/2006,60.67,60.81,60.36,60.52,190500
03/03/2006,60.53,61.48,60.53,61,397300
03/06/2006,60.95,60.96,59.05,59.86,280000
03/07/2006,59.87,60.4,59.55,60.2,420740
03/08/2006,60.1,60.45,59.81,60.17,358400
03/09/2006,60.15,60.79,59.65,59.67,276500
03/10/2006,59.66,60.12,59.55,59.9,188400
03/13/2006,59.88,60.5,59.86,60.25,278500
03/14/2006,60.28,61.1,60.28,60.78,176600
03/15/2006,60.64,61.05,60.36,60.41,260710
03/16/2006,60.45,60.94,60.45,60.53,205600
03/17/2006,60.5,60.51,59.83,60.08,272700
03/20/2006,60.18,60.56,59.9,60.08,469250
03/21/2006,60.14,60.51,59.5,59.56,307670
03/22/2006,59.52,60.48,59.4,59.98,375900
03/23/2006,60,60.49,59.94,60.2,243500
03/24/2006,60.2,60.57,60.12,60.3,271610
03/27/2006,60.32,60.99,60.23,60.28,177100
03/28/2006,60.15,60.31,59.89,60.02,132700
03/29/2006,60.03,60.81,59.98,60.64,307600
03/30/2006,60.65,61.05,60.2,60.5,150100
03/31/2006,60.4,60.66,59.93,60.37,386010
04/03/2006,60.48,61.19,60.48,60.58,179200
04/04/2006,60.6,61.22,60.6,60.9,196310
04/05/2006,60.95,61.47,60.95,61.37,237910
04/06/2006,61.38,61.84,61.23,61.47,234400
04/07/2006,61.5,61.88,61.5,61.85,369800
04/10/2006,61.83,61.85,61.5,61.56,384710
04/11/2006,61.6,61.8,61.3,61.37,263350
04/12/2006,61.45,61.94,61.37,61.55,190630
04/13/2006,61.6,62.05,61.56,61.86,157480
04/17/2006,61.9,62.31,61.72,62.17,128600
04/18/2006,62.2,63.3,61.95,63.2,155100
04/19/2006,63.18,63.37,62.69,63.36,127600
04/20/2006,63.26,63.63,62.98,63.26,237200
04/21/2006,63.32,63.38,62.21,62.51,422500
04/24/2006,63.1,64.76,62.65,64.49,405700
04/25/2006,64.51,65.17,63.91,64.46,383700
04/26/2006,64.64,65.78,64.64,65.04,392420
04/27/2006,65.07,65.66,64.53,64.55,150600
04/28/2006,64.57,65.31,64.43,64.8,161000
05/01/2006,64.75,65.42,63.65,64.99,391860
05/02/2006,64.99,65.22,64.53,64.8,244580
05/03/2006,64.8,65.71,64.65,65.66,177900
05/04/2006,67.5,68.33,65.62,65.95,616900
05/05/2006,65.94,66.04,64.83,65.76,438580
05/08/2006,65.74,66.56,65.74,66.4,191100
05/09/2006,66.33,67,65.91,66.84,215300
05/10/2006,66.87,69,66.87,68.34,569700
05/11/2006,68.2,68.46,67.87,68.14,348590
05/12/2006,68,68.26,67.64,67.77,248300
05/15/2006,67.77,68.3,67.36,68.09,324500
05/16/2006,68.08,68.66,66.66,66.8,250900
05/17/2006,66.7,66.71,65.47,65.72,219200
05/18/2006,65.7,66.73,65.02,65.06,188000
05/19/2006,65.1,65.51,64.3,64.71,200700
05/22/2006,64.35,64.73,63.56,63.92,324300
05/23/2006,64.05,64.95,63.84,63.88,297300
05/24/2006,63.87,64.54,63.52,63.94,276110
05/25/2006,64.05,64.48,63.76,64,185500
05/26/2006,64.01,64.33,63.3,63.99,174900
05/30/2006,63.92,63.96,62.64,62.72,291110
05/31/2006,61.94,64.8,61.94,64.76,327180
06/01/2006,65.09,66.3,65.04,65.48,464200
06/02/2006,65.49,65.55,63.7,63.95,271300
06/05/2006,63.5,63.93,62.58,62.65,201590
06/06/2006,62.4,62.93,61.78,62.05,245800
06/07/2006,61.99,62.31,60.8,60.9,282100
06/08/2006,60.91,61.58,59.5,60.34,393800
06/09/2006,59.9,61.13,59.8,60.81,236200
06/12/2006,60.73,61.16,59.1,59.23,194600
06/13/2006,59.03,59.82,58.3,58.71,211700
06/14/2006,58.66,59.58,58.23,58.77,192500
06/15/2006,58.77,60.38,58.77,59.86,204340
06/16/2006,60.1,60.46,59.43,59.75,207100
06/19/2006,59.73,60.11,58.99,59.11,210200
06/20/2006,59.04,59.3,58.37,58.5,217400
06/21/2006,58.44,59.9,58.44,59.55,179800
06/22/2006,59.6,59.7,59.25,59.6,157200
06/23/2006,59.59,60.24,59.47,59.73,133600
06/26/2006,59.83,60.67,59.83,60.24,181200
06/27/2006,60.19,60.46,58.39,58.6,218100
06/28/2006,58.7,58.93,57.71,58.64,186700
06/29/2006,58.77,60.75,58.77,60.43,172890
06/30/2006,60.19,60.91,60.19,60.72,375180
07/03/2006,60.5,61.64,60.36,61.6,83700
07/05/2006,61.6,61.99,60.94,61.83,246400
07/06/2006,61.97,62.62,61.8,61.87,137100
07/07/2006,61.64,61.87,60.98,61,111500
07/10/2006,60.99,61.28,60.16,60.16,122600
07/11/2006,59.92,60.36,59.76,59.89,231600
07/12/2006,59.67,60.02,59.05,59.17,182500
07/13/2006,58.99,59.29,57.74,57.81,311800
07/14/2006,57.66,57.93,56.59,56.7,293400
07/17/2006,56.8,57.84,56.79,57.4,228830
07/18/2006,57.3,57.82,56.94,57.45,115400
07/19/2006,57.5,59.62,57.5,59.49,236560
07/20/2006,59.67,60.22,58.55,58.58,160600
07/21/2006,58.68,58.75,57.75,58.09,112300
07/24/2006,58.28,59.53,58.28,59.05,143700
07/25/2006,59.05,60.56,59.05,60.39,150000
07/26/2006,60.14,61.1,59.8,60.62,179500
07/27/2006,60.72,61.55,59.97,59.97,193710
07/28/2006,60.2,61.34,58.23,60.91,468200
07/31/2006,60.92,61.85,60.67,61.53,143180
08/01/2006,61.58,61.58,60.79,61,142300
08/02/2006,60.8,61.22,59.87,61.04,215680
08/03/2006,60.25,61.45,59.65,61.2,130400
08/04/2006,61.39,62.21,60.27,60.71,102400
08/07/2006,60.65,60.65,59.9,60.2,94700
08/08/2006,59.86,60,58.97,59.37,126400
08/09/2006,59.62,60.11,59.11,59.2,116700
08/10/2006,59.27,59.88,58.94,59.79,71700
08/11/2006,59.86,59.86,59.2,59.49,54800
08/14/2006,59.69,59.91,59.18,59.32,90300
08/15/2006,59.57,60.35,59.57,60.19,136200
08/16/2006,60.23,61.79,60.14,61.49,127400
08/17/2006,61.34,62.19,61.34,61.77,101900
08/18/2006,61.64,62.05,61.45,62.01,100100
08/21/2006,61.81,61.94,61.45,61.52,83500
08/22/2006,61.5,61.88,61.4,61.77,102500
08/23/2006,61.5,61.74,61.3,61.62,118200
08/24/2006,61.7,62.07,61.05,61.26,173730
08/25/2006,61.1,61.36,60.51,60.96,96100
08/28/2006,60.92,61.14,60.77,61,109200
08/29/2006,61,61.19,60.8,61.18,157800
08/30/2006,61.08,61.33,60.86,60.9,129900
08/31/2006,60.97,61.2,60.6,60.97,211010
09/01/2006,60.97,61.59,60.7,61.52,108600
09/05/2006,61.42,61.55,61.08,61.16,88000
09/06/2006,61,61.16,60.65,60.7,82200
09/07/2006,60.54,61.37,60.25,60.85,202500
09/08/2006,60.59,61.99,60.48,61.52,188600
09/11/2006,61.3,62.48,61.3,62.36,183600
09/12/2006,62.3,62.55,61.66,62.28,219830
09/13/2006,62.1,63.79,62.1,63.66,184700
09/14/2006,63.26,64.71,63.22,64.68,234300
09/15/2006,64.53,65.43,64.41,65.38,378630
09/18/2006,65.23,65.35,64.6,65.14,162200
09/19/2006,65.31,65.35,64.15,65.07,148000
09/20/2006,65.16,65.6,64.44,64.5,188500
09/21/2006,64.7,64.75,63.78,64.2,158680
09/22/2006,64.19,64.24,63.56,64.11,92700
09/25/2006,64.24,65.07,64.14,65.07,118990
09/26/2006,65.06,65.06,63.93,64.94,157400
09/27/2006,64.97,65.66,64.93,65.56,323310
09/28/2006,65.53,66.34,65.44,66.03,128100
09/29/2006,66.2,66.32,65.68,66.08,180890
10/02/2006,66.07,66.13,65.68,65.94,124900
10/03/2006,65.9,66.16,65.44,66,170000
10/04/2006,65.81,66.62,65.37,66.3,130200
10/05/2006,66.45,67.22,66.23,66.55,170100
10/06/2006,66.38,66.38,65.78,66.19,80900
10/09/2006,66.1,66.77,65.95,66.37,139300
10/10/2006,66.18,66.46,66.04,66.42,175290
10/11/2006,66.4,66.42,66.09,66.4,139990
10/12/2006,66.5,67.17,66.17,67.13,117570
10/13/2006,67.07,67.25,66.44,67,399300
10/16/2006,67.19,68.44,67.08,68.31,135080
10/17/2006,68.41,68.49,67.71,68.15,141800
10/18/2006,68.06,68.4,67.44,67.78,145000
10/19/2006,67.75,67.96,67.44,67.72,93600
10/20/2006,67.6,67.67,67.05,67.23,73200
10/23/2006,67.18,68.05,67.07,67.79,76600
10/24/2006,67.89,68.065,67.32,67.52,117000
10/25/2006,67.34,68.6,67.34,68.56,146100
10/26/2006,68.72,68.82,67.98,68.81,119500
10/27/2006,68.48,69.31,67.57,67.68,167110
10/30/2006,67.55,68.67,67.55,68.6,88300
10/31/2006,68.6,68.809,68.18,68.57,115380
11/01/2006,68.61,68.61,67.26,67.37,117500
11/02/2006,67.5,68.38,67.07,68.06,196100
11/03/2006,74.66,75.9,73.7,75.191,876360
11/06/2006,73.6,75.5,73.5899,74.25,350400
11/07/2006,74.27,76.77,74.27,76.65,435100
11/08/2006,76.46,76.47,75.27,75.38,240500
11/09/2006,76.04,76.55,75.9,76.46,423960
11/10/2006,76.25,77.96,76.25,77.26,219900
11/13/2006,76.8,77.81,76.8,77.6,295980
11/14/2006,78.05,78.11,77.27,77.5,278100
11/15/2006,77.3,78.99,77.3,78.3,244480
11/16/2006,78.57,78.95,78.03,78.62,270300
11/17/2006,78.5,78.66,77.71,78.24,295330
11/20/2006,77.8,78.69,77.8,78.16,171310
11/21/2006,77.96,79.25,77.95,78.45,180500
11/22/2006,78.6,78.87,78.08,78.49,197600
11/24/2006,78.48,78.88,78.15,78.86,148800
11/27/2006,78.41,78.47,76.81,77.23,239400
11/28/2006,76.88,77.6,76.66,77.47,202770
11/29/2006,77.68,78.78,77.68,78.71,167900
11/30/2006,78.57,78.79,77.42,77.42,278400
12/01/2006,77.63,78.13,77.07,77.7,177700
12/04/2006,78.05,79.6,78.05,79.48,153300
12/05/2006,79.4,80.32,78.87,80.24,157100
12/06/2006,79.95,81.05,79.7,80.8,195400
12/07/2006,80.86,81.06,79.55,80.42,194990
12/08/2006,80.1,80.31,79.4,80.04,116700
12/11/2006,80.12,80.76,79.8,80.01,177410
12/12/2006,80.02,80.66,79.95,80.28,160600
12/13/2006,80,80.85,80,80.37,105690
12/14/2006,80.26,80.91,80.17,80.57,55400
12/15/2006,80.57,81.3,80.24,80.45,93500
12/18/2006,80.65,81.98,80.61,80.77,213900
12/19/2006,80.54,80.7,79.12,79.6,245770
12/20/2006,79.47,80.17,79.47,79.5,177710
12/21/2006,78.85,80,78.85,79.13,195510
12/22/2006,79.35,79.43,78.36,78.54,214300
12/26/2006,78.4,78.84,78.22,78.51,157500
12/27/2006,78.79,80.17,78.79,79.99,158900
12/28/2006,79.9,80.11,79.4,79.42,88300
12/29/2006,79.44,80.15,78.85,78.85,99400
01/03/2007,78.6,79.19,77.45,77.78,372000
01/04/2007,77.8,78.62,77.65,78.49,144700
01/05/2007,78.42,78.76,77.91,78.45,117900
01/08/2007,78.65,79,78.09,78.9,63900
01/09/2007,79.35,79.99,78.73,79.82,124300
01/10/2007,79.7,79.98,78.91,79.59,100800
01/11/2007,79.8,81,79.8,81,112500
01/12/2007,80.56,80.76,79.35,79.91,164500
01/16/2007,79.87,80.58,79.84,80.52,183820
01/17/2007,80.05,80.67,80.05,80.22,91500
01/18/2007,80.29,80.66,79.78,80.11,152180
01/19/2007,80.05,80.15,79.18,79.28,143600
01/22/2007,79.13,79.23,78.18,78.29,164700
01/23/2007,78.72,79.55,78.07,79.48,158400
01/24/2007,79.96,80.35,79.41,80.04,174290
01/25/2007,80.4,80.4,79.4,79.98,493050
01/26/2007,79.92,81.42,79.64,80.94,261110
01/29/2007,81.15,82.6,80.24,81.57,284410
01/30/2007,81.67,82.58,80.74,82.11,136400
01/31/2007,82.26,82.9,81.96,82.78,106900
02/01/2007,83.23,85.58,83.16,85.44,398850
02/02/2007,85.22,85.4,83.97,84.13,222000
02/05/2007,84.2,84.72,83.44,83.64,172000
02/06/2007,83.92,84.6,83.91,84.32,158800
02/07/2007,84.29,84.92,84.29,84.66,192410
02/08/2007,84.64,85,84.07,84.6,205410
02/09/2007,89,93.79,88.66,89.2,946590
02/12/2007,88.7,89.75,87.46,87.7,341050
02/13/2007,87.65,89.58,87.56,88.02,219600
02/14/2007,88.26,89.59,87.96,89.48,353260
02/15/2007,89.74,90.94,89.29,90.66,533480
02/16/2007,90.2,90.45,89.21,89.61,166700
02/20/2007,89.61,90.05,89.13,89.81,270350
02/21/2007,89.99,91.13,89.75,90.6,366920
02/22/2007,90.23,90.79,89.83,90.14,225590
02/23/2007,90.5,90.7,89.55,89.91,327000
02/26/2007,90.4,90.4,89.26,89.3,156370
02/27/2007,88.91,88.91,85.44,86.26,131610
02/28/2007,86.6,87.09,86.25,86.25,155360
03/01/2007,85,86.3,84.02,85.89,149900
03/02/2007,85.65,86.44,84.22,84.96,150100
03/05/2007,83.75,86.29,83.59,84.99,353500
03/06/2007,86.45,87.49,86.2,87.18,267180
03/07/2007,87.18,87.5,86.35,87.1,200000
03/08/2007,87.8,87.9,86,86.45,183110
03/09/2007,86.7,87.56,86.38,86.85,134800
03/12/2007,86.5,88.61,86.5,88.26,138200
03/13/2007,87.58,88.63,87.02,87.3,214400
03/14/2007,87.55,88.05,86.62,87.02,178620
03/15/2007,87.2,88.31,86.98,88.26,134000
03/16/2007,88.3,88.51,87.72,88.19,121200
03/19/2007,88.4,89.55,88.23,89.55,218000
03/20/2007,89.01,89.88,88.96,89.45,166320
03/21/2007,89.72,91.14,89.17,91.06,196490
03/22/2007,89.2,91.05,89.2,91.04,134110
03/23/2007,90.81,91.81,90.7,91.47,104600
03/26/2007,91.64,91.91,90.53,91.57,119800
03/27/2007,90.75,91.18,90.07,90.84,187200
03/28/2007,90,91,89.25,89.96,132800
03/29/2007,90.16,90.35,88.86,89,332900
03/30/2007,88.8,89.75,88.8,89.57,275400
04/02/2007,89.6,90.48,89.6,89.94,188010
04/03/2007,90,90.58,89.89,90.09,329500
04/04/2007,90.06,91.24,89.99,91.15,333540
04/05/2007,91.36,92.8,91.36,92.68,179300
04/09/2007,92.5,93.12,91.7,92.31,171500
04/10/2007,92.4,93.23,92.12,93.19,140510
04/11/2007,93.05,93.4,92.59,93.02,170000
04/12/2007,93.33,93.44,92.67,93.08,120200
04/13/2007,93.29,93.77,92.95,93.61,132990
04/16/2007,94.57,94.96,93.95,93.99,209210
04/17/2007,94,94.49,93.58,94.24,163400
04/18/2007,94.16,94.37,94.01,94.21,62900
04/19/2007,94.21,94.21,93.44,93.77,112000
04/20/2007,94.02,94.85,94.02,94.85,110900
04/23/2007,94.5,95.7,94.12,95.46,169700
04/24/2007,95.29,95.31,94.49,94.93,171860
04/25/2007,95.09,95.76,94.79,95.34,238100
04/26/2007,95.64,96.13,95.4,95.44,168190
04/27/2007,98.1,101.88,97.71,100.73,873000
04/30/2007,99.7,99.9,97.17,97.62,409460
05/01/2007,97.63,97.71,96.88,97.59,251600
05/02/2007,97.55,99.83,97.55,99.21,255300
05/03/2007,98.98,100.28,98.17,99.8,404790
05/04/2007,99.55,100.93,99.55,100.36,93700
05/07/2007,100.19,100.63,99.87,100.23,94100
05/08/2007,100.14,100.49,99.09,100.31,84700
05/09/2007,100.1,100.99,99.61,100.48,140700
05/10/2007,100.53,100.53,98.8,98.81,82800
05/11/2007,98.3,99.2,98,99,120500
05/14/2007,98.8,99.86,98.53,98.6,115880
05/15/2007,98.47,99.33,97.86,97.87,78800
05/16/2007,97.91,98.56,97.57,98,102100
05/17/2007,97.75,98,97.55,97.58,82300
05/18/2007,97.62,98.58,96.82,97.97,376100
05/21/2007,97.3,99.29,97,98.74,105600
05/22/2007,98.9,99.79,98.33,99.6,141600
05/23/2007,99.85,100.55,99.07,99.12,374600
05/24/2007,98.6,99.36,97.63,97.64,135400
05/25/2007,97.98,98.81,97.59,98.59,122700
05/29/2007,98.34,99.44,97.95,98.57,125800
05/30/2007,97.9,99.09,97.39,98.72,118100
05/31/2007,98.87,99.04,98.15,98.15,180640
06/01/2007,98.55,99.19,98.25,98.89,170610
06/04/2007,98.9,100.03,98.9,100,213200
06/05/2007,100.07,101.89,99.68,101.69,216300
06/06/2007,100.76,100.85,99.71,99.79,142400
06/07/2007,99.79,99.92,98.31,98.79,182100
06/08/2007,98.27,98.96,97.2,98.92,183800
06/11/2007,98.72,98.91,98.3,98.52,166500
06/12/2007,98.4,98.49,97.49,98.13,247160
06/13/2007,97.93,98.52,97.51,98.06,338900
06/14/2007,97.9,99.07,97.9,98.52,166600
06/15/2007,98.6,98.6,98.17,98.39,248000
06/18/2007,98.44,98.75,97.2,97.57,194290
06/19/2007,97,97.24,95.62,96.84,154700
06/20/2007,96.85,96.95,94.84,95.05,213400
06/21/2007,93.64,94.92,93.21,94.87,325310
06/22/2007,93.84,95.15,93.77,94.49,182720
06/25/2007,94,96.13,93.82,94.41,149300
06/26/2007,94.64,96.39,94.24,95.02,208900
06/27/2007,95.03,95.84,94.66,95.55,150500
06/28/2007,95.7,96.17,95.32,95.53,132000
06/29/2007,95.24,96.45,95.03,95.51,149600
