07/01/2002,13.965,13.965,13.965,13.965,1300
07/02/2002,14.431,15.362,13.965,14.086,7000
07/03/2002,13.034,14.896,13.034,13.965,10200
07/05/2002,13.965,13.965,13.965,13.965,500
07/08/2002,13.034,13.034,13.034,13.034,300
07/09/2002,13.034,14.431,13.034,14.431,2300
07/10/2002,12.802,14.431,12.802,14.431,500
07/12/2002,13.965,13.965,13.965,13.965,100
07/15/2002,13.733,13.733,11.638,11.871,42700
07/16/2002,11.871,11.871,11.638,11.638,5900
07/17/2002,11.638,11.638,11.405,11.638,2400
07/18/2002,11.452,11.452,10.94,10.94,1400
07/19/2002,10.8,10.8,9.357,9.776,10700
07/22/2002,9.776,9.776,9.31,9.497,4600
07/23/2002,9.497,9.497,9.497,9.497,100
07/24/2002,9.497,9.776,9.497,9.776,2200
07/25/2002,9.776,9.776,9.45,9.45,1300
07/29/2002,9.776,10.334,9.729,10.334,4100
07/30/2002,10.474,11.033,10.474,10.707,8900
07/31/2002,11.079,11.172,10.94,11.172,5000
08/01/2002,10.986,11.079,10.986,10.986,4300
08/05/2002,11.079,11.172,11.033,11.033,28600
08/06/2002,11.172,11.172,11.172,11.172,10000
08/07/2002,11.154,11.219,11.126,11.219,4400
08/08/2002,11.265,11.265,11.219,11.265,12300
08/09/2002,11.312,11.312,11.312,11.312,3400
08/12/2002,11.312,11.312,11.265,11.312,24400
08/13/2002,11.359,11.359,11.265,11.359,3900
08/14/2002,11.312,11.359,11.312,11.359,3700
08/15/2002,11.312,11.312,11.265,11.265,700
08/16/2002,11.172,11.312,11.172,11.312,8600
08/19/2002,11.312,11.312,10.846,10.846,8700
08/20/2002,10.8,10.8,10.8,10.8,100
08/21/2002,11.079,11.172,10.94,10.94,16400
08/22/2002,10.94,10.94,10.241,10.241,35500
08/23/2002,10.241,10.334,10.241,10.334,3700
08/26/2002,10.241,10.241,10.102,10.12,11900
08/27/2002,10.102,10.241,9.785,9.785,23900
08/28/2002,9.776,9.776,9.31,9.403,24700
08/29/2002,9.497,9.497,9.403,9.497,8500
08/30/2002,9.59,9.59,9.31,9.31,4200
09/03/2002,9.264,9.31,8.659,9.217,8000
09/04/2002,8.705,8.845,8.286,8.659,89100
09/05/2002,8.659,8.659,8.659,8.659,3100
09/06/2002,8.659,9.031,8.659,9.031,30400
09/09/2002,9.078,9.217,9.031,9.124,26000
09/10/2002,9.217,9.264,9.143,9.217,36200
09/11/2002,9.31,9.357,9.217,9.357,2400
09/12/2002,9.403,9.403,9.217,9.217,4000
09/13/2002,9.217,9.254,9.217,9.254,2800
09/16/2002,9.254,9.31,9.171,9.31,10300
09/17/2002,9.078,9.217,9.078,9.217,4800
09/18/2002,9.189,9.189,9.189,9.189,1500
09/19/2002,9.124,9.124,9.124,9.124,6200
09/20/2002,8.984,8.984,8.752,8.752,2700
09/23/2002,9.078,9.078,9.031,9.031,1200
09/24/2002,8.752,8.752,8.752,8.752,2000
09/25/2002,8.938,9.031,8.845,8.938,7000
09/26/2002,9.031,9.031,9.031,9.031,1000
09/27/2002,8.938,8.938,8.659,8.835,6200
09/30/2002,8.659,8.705,8.659,8.705,3100
10/01/2002,8.845,8.845,8.845,8.845,2000
10/02/2002,8.845,8.845,8.659,8.817,8700
10/03/2002,8.891,8.891,8.891,8.891,100
10/04/2002,8.891,8.891,8.891,8.891,500
10/07/2002,8.752,8.845,8.752,8.845,1000
10/08/2002,8.659,8.659,8.612,8.612,3200
10/09/2002,8.612,8.659,8.379,8.379,19100
10/10/2002,8.379,8.379,8.379,8.379,3000
10/11/2002,8.472,8.472,8.333,8.379,19900
10/14/2002,8.333,8.379,8.286,8.37,13500
10/15/2002,8.193,8.193,7.867,8.053,23600
10/16/2002,7.867,7.914,7.681,7.774,14700
10/17/2002,7.728,7.728,7.448,7.681,9900
10/18/2002,7.681,7.681,7.681,7.681,12400
10/21/2002,7.681,7.681,7.355,7.495,4200
10/22/2002,7.448,7.541,7.448,7.448,10900
10/23/2002,7.262,7.262,7.169,7.262,2100
10/24/2002,7.169,7.169,6.703,6.75,7500
10/25/2002,6.5172,6.7034,5.912,6.7034,43700
10/28/2002,6.9827,6.9827,6.5172,6.5172,3200
10/29/2002,6.9827,7.2155,6.7965,7.2155,7700
10/30/2002,6.7965,7.1224,6.75,7.0293,11400
10/31/2002,7.029,7.029,6.936,6.983,9000
11/01/2002,6.8431,6.9827,6.8431,6.9827,9200
11/04/2002,7.169,7.169,6.983,6.983,4400
11/05/2002,6.9827,6.9827,6.9827,6.9827,500
11/06/2002,7.076,7.076,7.076,7.076,300
11/07/2002,7.169,7.169,6.983,6.983,2700
11/11/2002,7.169,7.355,7.141,7.355,11200
11/12/2002,7.355,7.355,7.355,7.355,5300
11/13/2002,7.355,7.802,7.355,7.802,38300
11/14/2002,7.802,7.867,7.802,7.867,5400
11/15/2002,7.914,7.914,7.821,7.821,3400
11/18/2002,7.867,7.914,7.839,7.914,12400
11/19/2002,7.821,7.821,7.681,7.7,4200
11/20/2002,7.821,7.821,7.821,7.821,500
11/21/2002,7.821,7.821,7.644,7.821,16600
11/22/2002,7.672,7.821,7.672,7.821,1200
11/25/2002,7.821,7.821,7.821,7.821,12800
11/26/2002,7.821,8.705,7.821,8.659,274000
11/27/2002,8.659,9.31,8.659,9.31,124800
11/29/2002,9.31,10.241,9.31,9.31,11700
12/02/2002,9.31,9.497,9.31,9.45,16700
12/04/2002,9.357,9.543,9.357,9.357,2400
12/05/2002,9.357,9.776,9.357,9.776,3500
12/06/2002,9.683,10.009,9.683,9.962,126900
12/09/2002,9.776,10.009,9.729,9.729,25500
12/10/2002,9.915,10.009,9.785,9.869,2000
12/11/2002,9.785,9.915,9.785,9.869,4100
12/12/2002,9.915,10.428,9.915,10.334,7800
12/13/2002,10.195,10.288,10.055,10.241,5200
12/16/2002,10.428,10.428,10.288,10.288,8300
12/17/2002,10.288,10.428,10.251,10.251,4500
12/18/2002,10.251,10.428,10.241,10.288,6200
12/19/2002,10.288,10.288,9.776,10.288,28700
12/20/2002,9.776,9.776,9.776,9.776,1500
12/23/2002,9.915,10.334,9.915,10.055,4500
12/26/2002,9.822,9.822,9.776,9.776,21000
12/30/2002,10.055,10.055,9.794,9.794,4800
12/31/2002,10.055,10.055,9.31,9.31,32600
01/02/2003,9.32,9.729,9.32,9.543,3200
01/03/2003,9.552,9.552,9.543,9.543,600
01/06/2003,9.729,9.729,9.683,9.683,2700
01/07/2003,9.59,9.618,9.59,9.59,2000
01/08/2003,9.59,9.59,9.366,9.497,8400
01/09/2003,9.45,9.59,8.565,8.845,133100
01/10/2003,8.612,9.078,8.472,8.612,5100
01/13/2003,8.612,9.32,8.519,9.32,4300
01/14/2003,8.612,8.612,8.472,8.565,8900
01/15/2003,9.078,9.124,8.752,9.124,24100
01/16/2003,9.171,9.171,8.845,9.078,5500
01/17/2003,8.845,8.845,8.845,8.845,1400
01/21/2003,8.845,9.078,8.752,8.845,20400
01/22/2003,8.705,8.714,8.705,8.705,17000
01/23/2003,8.705,8.705,8.612,8.612,8700
01/24/2003,8.612,8.649,8.565,8.565,14500
01/27/2003,8.565,8.649,8.565,8.649,4900
01/28/2003,8.575,8.575,8.565,8.565,6300
01/29/2003,8.565,8.565,8.472,8.482,37100
01/30/2003,8.482,8.482,8.472,8.472,21500
01/31/2003,8.472,8.612,8.472,8.472,25000
02/03/2003,8.472,8.612,8.472,8.472,5800
02/04/2003,8.472,8.565,8.472,8.565,3200
02/05/2003,8.472,8.472,8.472,8.472,4400
02/06/2003,8.472,8.472,8.454,8.454,20100
02/07/2003,8.472,8.556,8.472,8.556,1800
02/10/2003,8.565,8.565,8.379,8.379,15300
02/11/2003,8.379,8.379,7.541,7.541,22600
02/12/2003,7.588,7.765,7.355,7.355,7300
02/13/2003,7.169,7.448,7.169,7.448,3800
02/14/2003,7.448,7.448,7.448,7.448,2200
02/18/2003,7.448,7.448,7.448,7.448,2400
02/19/2003,7.448,7.541,7.402,7.541,5100
02/20/2003,7.681,7.681,7.355,7.402,2500
02/21/2003,7.355,7.402,7.355,7.402,900
02/24/2003,7.448,7.448,7.355,7.448,1300
02/25/2003,7.215,7.215,7.215,7.215,200
02/26/2003,7.234,7.234,7.234,7.234,600
02/27/2003,7.234,7.402,7.234,7.355,7000
02/28/2003,7.234,7.337,7.215,7.215,2300
03/03/2003,7.215,7.262,7.215,7.215,6500
03/04/2003,7.355,7.355,7.262,7.262,5800
03/06/2003,7.225,7.355,7.215,7.355,2100
03/07/2003,7.132,7.188,7.132,7.188,400
03/10/2003,7.132,7.188,7.132,7.188,1300
03/11/2003,6.2845,6.5265,6.2845,6.4241,21400
03/12/2003,6.5172,6.5172,6.3776,6.4241,15500
03/13/2003,6.5172,6.5172,6.5172,6.5172,4000
03/14/2003,6.5172,6.5172,6.5172,6.5172,300
03/17/2003,6.5172,6.5172,6.5172,6.5172,6000
03/18/2003,6.5172,6.7034,6.4707,6.7034,8100
03/19/2003,6.7034,6.7034,6.5172,6.6941,6400
03/20/2003,6.5172,6.6569,6.5172,6.6569,2200
03/21/2003,6.4241,6.5638,6.4241,6.5172,9900
03/24/2003,6.4707,6.4707,6.4707,6.4707,300
03/25/2003,6.6103,6.6569,6.5172,6.5172,1700
03/26/2003,6.5172,6.5172,6.4707,6.5172,3000
03/27/2003,6.5172,6.5172,6.5172,6.5172,1500
03/28/2003,6.4707,6.4707,6.4707,6.4707,100
03/31/2003,6.4707,6.5172,6.4707,6.4707,8200
04/01/2003,6.5172,6.5172,6.4707,6.5172,900
04/03/2003,6.4707,6.4707,6.0517,6.0517,1700
04/04/2003,6.061,6.061,5.5862,5.5862,68700
04/07/2003,5.6141,5.8189,5.6141,5.7258,9800
04/08/2003,5.7258,5.7724,5.7258,5.7724,4700
04/09/2003,5.7445,5.7445,4.9531,4.9996,105300
04/10/2003,5.1207,5.2138,5.0834,5.1207,20600
04/11/2003,5.0276,5.0276,4.9531,4.9531,12000
04/14/2003,5.0276,5.0276,4.8879,4.9531,41800
04/15/2003,4.9345,4.9345,4.7948,4.9158,68600
04/16/2003,4.8879,4.8879,4.8227,4.8879,20800
04/17/2003,4.8879,4.8879,4.8507,4.8879,16500
04/21/2003,4.8879,4.8879,4.8414,4.8879,276900
04/22/2003,4.8879,4.9345,4.8414,4.9345,91000
04/23/2003,4.8879,4.8879,4.86,4.8879,28200
04/24/2003,4.8879,4.8879,4.86,4.8879,41100
04/25/2003,4.8879,5.4931,4.8879,5.4931,44400
04/28/2003,5.3069,5.4745,5.3069,5.3255,33300
04/29/2003,5.2603,5.7724,5.1672,5.6234,73900
04/30/2003,5.5862,5.8655,5.5862,5.8655,86200
05/01/2003,6.0051,6.0051,5.7724,5.7724,26900
05/02/2003,5.8189,6.0424,5.8189,6.0051,40000
05/05/2003,6.0424,6.0424,5.912,5.912,3000
05/06/2003,5.9586,5.9586,5.9586,5.9586,10200
05/07/2003,5.9586,5.9586,5.9586,5.9586,900
05/08/2003,5.8655,5.9586,5.8655,5.9493,15900
05/09/2003,5.8282,5.8655,5.8189,5.8189,5900
05/12/2003,5.9493,5.9493,5.8655,5.8934,36300
05/13/2003,5.9307,5.9307,5.8655,5.8655,10200
05/14/2003,5.8655,5.9307,5.8655,5.912,50600
05/15/2003,5.8655,5.9679,5.8655,5.912,15700
05/16/2003,5.8655,5.9586,5.8655,5.8655,10500
05/19/2003,5.912,5.912,5.912,5.912,100
05/20/2003,5.8841,5.8934,5.7724,5.7724,55000
05/21/2003,5.7445,5.7538,5.6793,5.7258,53800
05/22/2003,5.6886,5.6979,5.6514,5.6514,14100
05/23/2003,5.6327,5.6514,5.4558,5.4558,35000
05/27/2003,5.5396,5.5396,5.4931,5.4931,5700
05/28/2003,5.5396,5.5862,5.5396,5.5862,2300
05/29/2003,5.5396,5.6327,5.4931,5.6327,21900
05/30/2003,5.5955,5.7724,5.5955,5.7724,45200
06/02/2003,5.7724,5.8841,5.7724,5.8841,5800
06/03/2003,5.8655,5.8655,5.7724,5.7724,10800
06/04/2003,5.8189,5.8189,5.7724,5.7724,26400
06/05/2003,5.8189,5.8655,5.7258,5.8655,7700
06/06/2003,5.7724,6.0051,5.7724,5.9493,17200
06/09/2003,5.8841,5.9493,5.8562,5.8655,9400
06/10/2003,5.8655,5.9586,5.8655,5.8655,17600
06/11/2003,5.8655,5.912,5.791,5.791,9100
06/12/2003,5.8655,5.8655,5.8096,5.8096,32600
06/13/2003,5.8655,5.9586,5.8096,5.9586,24700
06/16/2003,5.9586,6.8431,5.9586,6.7965,82500
06/17/2003,6.8896,7.1689,6.5172,6.5172,24500
06/18/2003,6.5638,6.8896,6.5638,6.6103,38500
06/19/2003,6.6289,6.722,6.4241,6.4241,22200
06/20/2003,6.6569,6.6569,6.6103,6.6569,22000
06/23/2003,6.6103,6.6103,6.4241,6.5172,13100
06/24/2003,6.6103,6.6569,6.5638,6.6569,10800
06/25/2003,6.6569,6.6569,6.6103,6.6103,2900
06/26/2003,6.6569,7.262,6.6569,7.262,47500
06/27/2003,7.402,8.147,7.271,7.681,55800
06/30/2003,7.867,7.867,7.495,7.495,20300
07/01/2003,7.495,7.532,7.215,7.215,22500
07/02/2003,7.402,7.588,7.402,7.588,23800
07/03/2003,7.448,7.681,7.448,7.681,42900
07/07/2003,7.588,7.588,7.448,7.448,7100
07/08/2003,7.541,8.007,7.448,8.007,78800
07/09/2003,8.193,8.845,8.147,8.64,64700
07/10/2003,8.742,8.742,8.379,8.426,37400
07/11/2003,8.547,8.565,8.528,8.528,27500
07/14/2003,8.565,8.891,8.565,8.891,52700
07/15/2003,9.078,9.31,9.031,9.087,30600
07/16/2003,9.217,9.403,8.854,8.854,31600
07/17/2003,8.472,8.472,8.147,8.426,32500
07/18/2003,8.286,8.286,7.681,8.286,16600
07/21/2003,8.286,8.286,8.007,8.007,1400
07/22/2003,8.007,8.007,7.681,7.728,11300
07/23/2003,7.774,7.867,7.774,7.867,5300
07/24/2003,7.867,7.867,7.867,7.867,100
07/25/2003,7.867,7.867,7.867,7.867,900
07/28/2003,7.96,7.96,7.867,7.914,1100
07/29/2003,7.867,7.96,7.849,7.96,60200
07/30/2003,7.914,8.193,7.914,8.007,4400
07/31/2003,7.914,8.1,7.914,8.007,3900
08/01/2003,7.96,8.007,7.914,7.914,26100
08/04/2003,7.867,7.914,7.681,7.681,18500
08/05/2003,7.867,7.867,7.588,7.588,10800
08/06/2003,7.634,7.634,6.517,6.517,18900
08/07/2003,6.331,6.452,6.0517,6.1913,43500
08/08/2003,6.0982,6.5172,6.0517,6.5172,15500
08/11/2003,6.5172,6.6569,6.5079,6.6569,20500
08/12/2003,6.7034,6.75,6.6941,6.75,6300
08/13/2003,6.75,6.8896,6.7034,6.7034,4500
08/14/2003,6.6569,6.8896,6.6569,6.8896,900
08/15/2003,6.5731,6.9362,6.5731,6.9362,3200
08/18/2003,6.8431,6.9362,6.6569,6.6569,11400
08/19/2003,6.6103,6.7034,6.2379,6.5172,31800
08/20/2003,6.4241,6.5172,6.4241,6.5172,200
08/21/2003,6.6103,6.75,6.6103,6.7034,7300
08/22/2003,6.6569,6.7965,6.6103,6.7965,5800
08/25/2003,6.6569,6.6569,6.6196,6.6196,11500
08/26/2003,6.6196,6.7407,6.6196,6.7407,2600
08/27/2003,6.7407,6.7407,6.6196,6.7034,7000
08/28/2003,6.6196,6.6196,6.6196,6.6196,200
08/29/2003,6.7034,6.75,6.6569,6.75,6400
09/02/2003,6.6569,6.9827,6.6569,6.9827,2700
09/03/2003,6.9827,6.9827,6.9362,6.9827,2300
09/04/2003,7.076,7.262,7.029,7.029,10300
09/05/2003,7.029,7.122,7.029,7.122,7800
09/08/2003,7.132,7.169,7.122,7.122,10000
09/09/2003,7.122,7.122,7.076,7.094,13400
09/10/2003,7.122,7.122,7.076,7.122,1400
09/11/2003,7.122,7.122,7.076,7.076,400
09/12/2003,7.076,7.355,7.076,7.215,25400
09/15/2003,7.169,7.169,7.169,7.169,1900
09/16/2003,7.355,7.448,7.262,7.309,14000
09/17/2003,7.355,7.448,7.355,7.448,12100
09/18/2003,7.448,7.914,7.448,7.681,30300
09/19/2003,7.541,7.681,7.541,7.588,3500
09/22/2003,7.541,7.728,7.448,7.728,34400
09/23/2003,7.811,7.914,7.728,7.821,21300
09/24/2003,7.774,7.821,7.774,7.821,12800
09/25/2003,7.774,7.821,7.728,7.728,26000
09/26/2003,7.728,7.728,7.541,7.681,9400
09/29/2003,7.495,7.495,7.495,7.495,2600
09/30/2003,7.495,7.541,7.495,7.495,12900
10/01/2003,7.541,7.541,7.495,7.541,1700
10/03/2003,7.495,7.541,7.495,7.513,7700
10/06/2003,7.513,7.541,7.513,7.532,10000
10/07/2003,7.532,7.541,7.448,7.448,3200
10/08/2003,7.504,7.588,7.504,7.588,3300
10/09/2003,7.588,7.588,7.495,7.588,7900
10/10/2003,7.607,7.634,7.541,7.56,6300
10/13/2003,7.541,7.634,7.541,7.56,18200
10/14/2003,7.634,7.867,7.607,7.867,34200
10/15/2003,7.867,7.914,7.821,7.914,9000
10/16/2003,7.914,8.053,7.904,8.053,14800
10/17/2003,8.1,8.286,8.1,8.268,15000
10/20/2003,8.193,8.472,8.193,8.286,15900
10/21/2003,8.333,8.333,8.212,8.333,10400
10/22/2003,8.37,8.37,8.212,8.212,7000
10/23/2003,8.212,8.24,8.212,8.212,8700
10/24/2003,8.212,8.212,8.212,8.212,4600
10/27/2003,8.24,8.24,8.193,8.193,31900
10/28/2003,8.193,8.286,8.193,8.193,3700
10/29/2003,8.286,8.286,8.193,8.193,8200
10/30/2003,8.193,8.24,8.193,8.193,6600
10/31/2003,8.286,8.286,8.193,8.193,9200
11/03/2003,8.193,8.193,8.147,8.147,5000
11/04/2003,8.212,8.333,8.193,8.277,25200
11/05/2003,8.333,8.333,8.295,8.333,11000
11/06/2003,8.333,8.472,8.314,8.426,61800
11/07/2003,8.472,8.519,8.398,8.519,11500
11/10/2003,8.519,8.565,8.491,8.491,3400
11/11/2003,8.51,8.705,8.51,8.612,18500
11/12/2003,8.472,8.612,8.472,8.565,20900
11/13/2003,8.547,8.565,8.547,8.565,14000
11/14/2003,8.612,8.659,8.612,8.612,3100
11/17/2003,8.565,8.565,8.472,8.472,14700
11/18/2003,8.482,8.482,8.472,8.472,6000
11/19/2003,8.426,8.426,8.426,8.426,2000
11/20/2003,8.426,8.426,8.379,8.379,4900
11/21/2003,8.472,8.472,8.379,8.379,14900
11/24/2003,8.426,8.426,8.379,8.379,4500
11/25/2003,8.379,8.379,8.147,8.379,31600
11/26/2003,8.193,8.24,8.193,8.24,1300
11/28/2003,8.249,8.286,8.24,8.286,4000
12/01/2003,8.24,8.24,8.24,8.24,1400
12/02/2003,8.24,8.24,8.24,8.24,2300
12/03/2003,8.147,8.147,8.147,8.147,100
12/04/2003,8.147,8.147,8.147,8.147,1500
12/05/2003,8.147,8.426,8.147,8.379,11700
12/08/2003,8.24,8.24,8.24,8.24,200
12/09/2003,8.147,8.193,8.147,8.147,2200
12/10/2003,8.147,8.24,7.914,7.96,9000
12/11/2003,8.24,8.24,8.007,8.007,2200
12/15/2003,8.1,8.1,7.914,7.914,39400
12/16/2003,7.97,8.007,7.96,7.96,2800
12/17/2003,7.96,7.96,7.96,7.96,11400
12/18/2003,7.96,8.007,7.96,7.96,6500
12/19/2003,8.007,8.286,7.914,8.286,43500
12/22/2003,8.053,8.333,8.053,8.147,3200
12/23/2003,8.333,8.379,8.24,8.379,3500
12/24/2003,8.24,8.659,8.24,8.379,13800
12/26/2003,8.612,8.845,8.575,8.575,7800
12/29/2003,8.659,8.705,8.575,8.659,7900
12/30/2003,8.575,8.705,8.575,8.575,6600
12/31/2003,8.705,8.845,8.565,8.798,9300
01/02/2004,8.379,8.612,8.379,8.612,900
01/05/2004,8.379,8.565,8.007,8.147,12600
01/06/2004,8.147,8.193,8.147,8.193,3900
01/07/2004,8.147,8.147,8.147,8.147,21700
01/08/2004,8.147,8.612,8.147,8.565,12800
01/09/2004,8.612,9.776,8.565,9.618,59800
01/12/2004,9.962,11.731,9.962,10.567,139800
01/13/2004,10.66,10.66,10.148,10.148,3300
01/14/2004,10.521,10.521,9.822,9.869,22600
01/15/2004,10.148,10.213,10.102,10.195,12200
01/16/2004,10.195,10.195,10.009,10.055,21800
01/20/2004,10.055,10.269,10.055,10.241,34800
01/21/2004,10.241,10.241,10.167,10.195,29300
01/22/2004,10.213,10.288,10.195,10.195,51300
01/23/2004,10.288,10.288,9.683,9.683,25800
01/26/2004,9.869,10.009,9.729,9.776,7000
01/27/2004,9.683,9.683,9.543,9.552,15600
01/28/2004,9.552,9.552,8.798,8.845,22600
01/29/2004,8.705,8.845,8.147,8.147,37300
01/30/2004,8.193,8.24,8.147,8.24,19000
02/02/2004,8.24,8.379,8.24,8.342,21000
02/03/2004,8.333,8.426,8.333,8.426,6300
02/04/2004,8.379,8.389,8.379,8.379,2500
02/05/2004,8.379,8.472,8.379,8.472,42100
02/06/2004,8.398,8.472,8.398,8.472,7100
02/09/2004,8.426,8.519,8.426,8.472,19000
02/10/2004,8.426,8.491,8.426,8.426,5100
02/11/2004,8.426,8.482,8.426,8.472,18200
02/12/2004,8.519,8.565,8.444,8.472,21400
02/13/2004,8.472,8.519,8.472,8.519,2800
02/17/2004,8.519,8.556,8.519,8.519,4400
02/18/2004,8.519,8.565,8.519,8.519,17500
02/19/2004,8.519,8.519,8.472,8.472,6000
02/20/2004,8.426,8.472,8.426,8.426,37200
02/23/2004,8.472,8.472,8.472,8.472,500
02/24/2004,8.426,8.472,8.379,8.379,97000
02/25/2004,8.426,8.426,8.379,8.379,8600
02/26/2004,8.379,8.379,8.286,8.305,12500
02/27/2004,8.286,8.333,8.286,8.305,12500
03/01/2004,8.286,8.286,8.286,8.286,900
03/02/2004,8.323,8.333,8.286,8.333,13800
03/03/2004,8.417,8.417,8.333,8.379,4100
03/04/2004,8.417,8.5,8.379,8.398,20900
03/05/2004,8.398,8.659,8.398,8.519,6300
03/08/2004,8.659,8.659,8.426,8.426,27800
03/09/2004,8.426,8.426,8.426,8.426,2500
03/10/2004,8.426,8.435,8.426,8.426,2600
03/11/2004,8.426,8.426,8.379,8.407,29200
03/12/2004,8.379,8.426,8.379,8.379,8500
03/15/2004,8.379,8.379,8.379,8.379,6700
03/16/2004,8.333,8.426,8.333,8.333,1600
03/17/2004,8.333,8.426,8.286,8.286,12400
03/18/2004,8.147,8.193,8.147,8.147,12300
03/19/2004,8.147,8.193,7.96,7.96,9600
03/22/2004,7.97,7.97,7.97,7.97,1300
03/23/2004,8.23,8.24,8.184,8.24,3900
03/24/2004,8.277,8.277,8.277,8.277,300
03/25/2004,8.016,8.053,7.96,8.007,10900
03/26/2004,7.96,8.119,7.96,7.97,4700
03/29/2004,8.016,8.1,7.97,8.1,2300
03/30/2004,8.1,8.221,8.007,8.007,2300
03/31/2004,7.97,8.174,7.97,8.007,1200
04/01/2004,7.97,8.007,7.97,7.97,3200
04/05/2004,8.193,8.193,7.96,7.96,5500
04/06/2004,8.035,8.053,8.035,8.053,3600
04/07/2004,7.96,7.96,7.914,7.914,48600
04/08/2004,7.914,7.96,7.914,7.96,16800
04/12/2004,7.914,7.914,7.867,7.867,12900
04/13/2004,7.821,7.867,7.728,7.728,28300
04/14/2004,7.681,7.681,7.458,7.588,22400
04/15/2004,7.495,7.495,7.076,7.076,6700
04/16/2004,7.355,7.355,7.169,7.169,3500
04/19/2004,7.029,7.355,6.983,7.029,34200
04/21/2004,7.029,7.309,7.029,7.215,5800
04/22/2004,7.215,7.215,7.215,7.215,600
04/23/2004,7.309,7.681,7.309,7.346,17100
04/26/2004,7.402,7.402,7.309,7.402,9700
04/27/2004,7.448,7.448,7.402,7.402,11300
04/28/2004,7.215,7.448,6.983,6.983,5900
04/29/2004,6.9827,7.2155,6.9827,6.9827,10300
05/03/2004,7.309,7.448,6.936,7.215,20000
05/04/2004,7.234,7.402,7.215,7.215,17800
05/05/2004,7.169,7.215,6.983,7.169,11800
05/06/2004,7.169,7.355,7.169,7.169,6100
05/07/2004,7.122,7.169,7.122,7.141,6000
05/10/2004,7.122,7.122,6.89,7.076,24300
05/11/2004,6.7965,6.7965,6.7965,6.7965,200
05/12/2004,6.7965,7.0386,6.6103,7.0386,6500
05/14/2004,6.75,6.7686,6.75,6.75,2100
05/17/2004,6.6103,6.7686,6.6103,6.6103,1200
05/18/2004,6.7407,6.7407,6.6569,6.7034,7400
05/19/2004,6.75,6.8896,6.6569,6.7034,25600
05/20/2004,6.6569,6.6569,6.6569,6.6569,400
05/21/2004,6.6569,6.6569,6.6103,6.6103,2300
05/24/2004,6.6103,6.7034,6.6103,6.6289,3300
05/25/2004,6.6848,7.0758,6.6662,6.7965,77200
05/26/2004,6.8431,6.8431,6.722,6.75,4500
05/27/2004,6.8431,6.8431,6.8431,6.8431,1500
05/28/2004,6.722,6.75,6.722,6.75,1700
06/01/2004,6.75,6.75,6.722,6.722,1300
06/02/2004,6.722,6.722,6.722,6.722,500
06/03/2004,6.8151,6.8151,6.722,6.722,1400
06/04/2004,6.8151,6.9362,6.75,6.7965,27700
06/08/2004,6.9827,6.9827,6.7965,6.7965,26500
06/09/2004,6.75,6.8431,6.75,6.75,2800
06/10/2004,6.722,6.7313,6.7034,6.7313,8500
06/14/2004,6.6569,6.6569,6.6569,6.6569,200
06/15/2004,6.6569,6.6569,6.3869,6.4241,11600
06/17/2004,6.4055,6.4613,6.4055,6.4241,6200
06/18/2004,6.4241,6.4707,6.4241,6.4334,3800
06/21/2004,6.4334,6.4334,6.4055,6.4055,1400
06/22/2004,6.3869,6.4241,6.1448,6.1448,11000
06/23/2004,6.1448,6.2845,6.1448,6.2845,14600
06/24/2004,6.2379,6.2379,6.1448,6.1727,14200
06/25/2004,6.1727,6.1727,6.1448,6.1541,12500
06/28/2004,6.1541,6.1634,6.1448,6.1448,15300
06/29/2004,6.1448,6.1448,5.9679,6.0238,34800
06/30/2004,6.0051,6.0145,5.8655,5.8655,25600
07/01/2004,5.8189,5.8655,5.8189,5.8562,8000
07/02/2004,5.8562,5.912,5.8562,5.912,17000
07/06/2004,5.9027,5.9493,5.8748,5.9493,24400
07/07/2004,5.8841,5.9027,5.8003,5.8841,39700
07/08/2004,5.7724,5.8189,5.7724,5.8189,2400
07/09/2004,5.8655,5.9027,5.8282,5.8655,33500
07/12/2004,5.8376,5.9027,5.8189,5.8655,86300
07/13/2004,5.8655,5.8934,5.8655,5.8655,25400
07/14/2004,5.8655,5.8655,5.8189,5.8655,6200
07/15/2004,5.912,5.912,5.8655,5.912,56700
07/16/2004,5.9679,5.9679,5.9027,5.9679,89700
07/19/2004,5.9307,5.9679,5.9307,5.9586,45800
07/20/2004,5.9307,5.9679,5.9307,5.9679,1300
07/21/2004,5.9307,5.9958,5.7445,5.8655,513700
07/22/2004,5.912,5.9586,5.8655,5.9307,4300
07/23/2004,5.8655,5.8655,5.8655,5.8655,2700
07/26/2004,5.8655,5.8655,5.8189,5.8655,112000
07/27/2004,5.8655,5.9027,5.8189,5.8562,11100
07/28/2004,5.8189,5.8934,5.8003,5.8003,144000
07/29/2004,5.8189,5.8934,5.7724,5.8655,158200
07/30/2004,5.8003,5.8841,5.8003,5.8655,99600
08/02/2004,5.8376,5.8934,5.8189,5.8655,12400
08/03/2004,5.8189,5.8189,5.8189,5.8189,1100
08/04/2004,5.8189,5.8189,5.8189,5.8189,5400
08/05/2004,5.8841,5.8841,5.8655,5.8655,2900
08/06/2004,5.8655,5.8655,5.7258,5.8282,32300
08/09/2004,5.8282,5.8282,5.8282,5.8282,500
08/10/2004,5.7445,5.8189,5.7445,5.8189,11500
08/11/2004,5.6979,5.8189,5.6979,5.7724,5400
08/12/2004,5.7724,5.7724,5.642,5.642,12000
08/13/2004,5.6327,5.6327,5.4,5.4931,24800
08/16/2004,5.5862,5.5862,5.4465,5.4931,2900
08/17/2004,5.6141,5.6141,5.4931,5.4931,2700
08/18/2004,5.4465,5.5862,5.4465,5.5862,6300
08/19/2004,5.5862,5.6141,5.5862,5.5862,2400
08/20/2004,5.6327,5.7258,5.6327,5.7258,3900
08/23/2004,5.6327,5.7258,5.6327,5.6793,2100
08/24/2004,5.6327,5.6979,5.6327,5.6793,300
08/25/2004,5.6327,5.6793,5.6327,5.6793,1600
08/26/2004,5.6327,5.6979,5.6327,5.6327,2700
08/27/2004,5.6793,5.6793,5.6327,5.6607,9700
08/30/2004,5.7258,5.8189,5.6793,5.8189,6700
08/31/2004,5.8189,5.8189,5.7445,5.7445,1500
09/02/2004,5.6793,5.7724,5.6327,5.6327,3800
09/03/2004,5.6327,5.7258,5.6327,5.7258,1500
09/07/2004,5.6327,5.6793,5.6327,5.6793,5000
09/08/2004,5.6327,5.6327,5.6327,5.6327,9400
09/09/2004,5.6327,5.6793,5.6327,5.6793,1200
09/10/2004,5.6979,5.6979,5.642,5.6514,16800
09/13/2004,5.642,5.642,5.3534,5.3534,90200
09/14/2004,5.3534,5.3534,5.1951,5.2324,76900
09/15/2004,5.2603,5.2603,5.2138,5.2603,1500
09/16/2004,5.2138,5.2324,5.1486,5.2045,22200
09/17/2004,5.2138,5.2138,5.1486,5.1486,35600
09/20/2004,5.2138,5.2138,5.1672,5.2138,34300
09/21/2004,5.2138,5.2138,5.1486,5.2138,197500
09/22/2004,5.2138,5.2138,5.1858,5.1951,22600
09/23/2004,5.2603,5.3069,5.2603,5.2603,27500
09/24/2004,5.4,5.4931,5.4,5.4931,2700
09/27/2004,5.4931,5.7538,5.4931,5.6327,22800
09/28/2004,5.6327,5.6327,5.6327,5.6327,300
09/29/2004,5.6514,6.2845,5.6514,6.2845,21100
09/30/2004,6.2379,6.5172,6.2379,6.4241,9900
10/01/2004,6.5172,6.9827,6.5172,6.8896,8200
10/04/2004,6.7965,7.4017,6.7034,7.3086,32800
10/05/2004,7.402,7.402,7.029,7.076,39200
10/06/2004,7.169,7.337,7.122,7.337,12900
10/07/2004,7.337,7.588,7.337,7.355,19400
10/08/2004,7.355,7.355,7.122,7.122,4600
10/12/2004,7.122,7.169,6.955,7.057,4600
10/13/2004,7.057,7.122,6.936,6.983,10000
10/14/2004,7.122,7.122,6.75,7.029,4200
10/15/2004,7.076,7.076,6.75,6.983,6400
10/18/2004,6.75,6.7965,6.7034,6.7034,7000
10/19/2004,6.75,6.75,6.1448,6.1448,20000
10/20/2004,6.3776,6.4707,6.2379,6.2379,2900
10/21/2004,6.2379,6.2379,6.0051,6.0982,10100
10/22/2004,6.1448,6.1448,6.0982,6.0982,900
10/25/2004,6.1448,6.1448,5.9586,6.0051,8800
10/26/2004,6.0982,6.0982,6.0982,6.0982,1200
10/27/2004,5.9586,6.1448,5.9586,6.0982,9000
10/28/2004,6.1448,6.1448,6.1448,6.1448,2600
10/29/2004,6.1448,6.331,6.0703,6.331,8500
11/01/2004,6.1448,6.3589,6.1448,6.331,21900
11/02/2004,6.2845,6.3776,6.2845,6.2845,7800
11/03/2004,6.0982,6.5172,6.0982,6.3589,14800
11/04/2004,6.3589,6.3589,6.331,6.331,1200
11/05/2004,6.331,6.6289,6.331,6.4241,18200
11/08/2004,6.4707,6.5172,6.3776,6.4241,7200
11/09/2004,6.6569,6.7965,6.5172,6.6103,64800
11/10/2004,6.6289,6.6289,6.6103,6.6289,18300
11/11/2004,6.6103,6.7965,6.6103,6.7965,32200
11/12/2004,6.7965,6.8431,6.75,6.8431,7100
11/15/2004,6.8431,6.9827,6.75,6.9827,80600
11/16/2004,6.9827,7.0293,6.8896,7.0013,46300
11/17/2004,7.001,7.076,7.001,7.076,5100
11/18/2004,7.076,7.169,7.001,7.122,29500
11/19/2004,7.122,7.169,7.122,7.122,5600
11/22/2004,7.029,7.197,7.029,7.188,37300
11/23/2004,7.104,7.104,6.843,6.843,16000
11/24/2004,6.8431,6.8431,6.4707,6.4707,20600
11/26/2004,6.5172,6.5172,6.5172,6.5172,3500
11/29/2004,6.5638,6.5638,6.4707,6.5358,3600
11/30/2004,6.5358,6.5358,6.4707,6.5172,30500
12/01/2004,6.5172,6.5172,6.4707,6.5172,7000
12/02/2004,6.5172,6.5172,6.2379,6.3776,16600
12/03/2004,6.2472,6.4241,6.2472,6.4241,4400
12/06/2004,6.3776,6.5638,6.2845,6.4893,25600
12/07/2004,6.4707,6.4707,6.2379,6.2379,16200
12/08/2004,6.2379,6.2845,6.1076,6.2379,30400
12/09/2004,6.2658,6.2658,6.0517,6.0517,16100
12/10/2004,6.2379,6.3776,6.2007,6.3776,123200
12/13/2004,6.331,6.331,6.2845,6.331,14700
12/14/2004,6.4241,7.9138,6.4241,7.7648,145300
12/15/2004,7.867,9.124,7.867,8.519,309800
12/16/2004,8.612,9.124,8.547,8.761,142300
12/17/2004,8.472,8.659,8.426,8.472,32200
12/20/2004,8.519,9.357,8.519,8.984,169800
12/21/2004,8.984,9.31,8.984,9.087,165000
12/22/2004,9.217,9.217,8.519,8.528,100200
12/23/2004,8.565,8.845,8.528,8.752,117700
12/27/2004,8.845,8.845,8.565,8.565,26700
12/28/2004,8.659,8.705,8.575,8.659,37300
12/29/2004,8.752,9.171,8.668,8.752,189400
12/30/2004,8.845,9.543,8.798,9.394,168100
12/31/2004,9.543,9.776,9.45,9.497,105200
01/03/2005,9.776,9.869,9.357,9.45,62600
01/04/2005,9.497,9.543,9.078,9.171,48200
01/05/2005,9.133,9.31,8.984,9.078,69500
01/06/2005,9.105,9.31,9.031,9.124,35900
01/07/2005,9.078,9.078,8.472,8.491,67500
01/10/2005,8.491,8.752,8.426,8.752,32000
01/11/2005,8.752,9.031,8.659,8.798,47700
01/12/2005,8.705,8.705,8.519,8.612,15600
01/13/2005,8.519,8.519,7.588,8.1,147800
01/14/2005,8.1,8.147,7.728,7.746,52000
01/18/2005,7.821,8.472,7.541,8.193,80700
01/19/2005,8.007,8.016,7.774,7.821,25100
01/20/2005,7.728,8.193,7.588,8.081,40300
01/21/2005,7.97,8.1,7.821,7.867,20700
01/24/2005,7.821,8.007,7.634,7.728,54700
01/25/2005,7.96,7.96,7.076,7.541,239400
01/26/2005,7.607,7.821,7.448,7.709,94800
01/27/2005,7.709,7.923,7.681,7.867,48600
01/28/2005,7.886,8.053,7.849,8.053,41500
01/31/2005,8.025,8.053,7.97,7.97,47800
02/01/2005,8.053,8.053,7.728,7.728,27700
02/02/2005,7.728,7.914,7.588,7.821,63100
02/03/2005,7.728,8.137,7.728,8.1,46300
02/04/2005,8.1,9.217,8.1,8.947,489900
02/07/2005,9.031,9.59,8.938,9.338,465600
02/08/2005,9.338,9.357,9.171,9.217,462000
02/09/2005,9.217,9.31,8.938,9.04,300500
02/10/2005,8.929,10.01,8.788,9.888,9194873
02/11/2005,10.009,10.148,9.385,9.776,1599873
02/14/2005,9.836,9.939,9.622,9.715,1065937
02/15/2005,9.785,9.785,9.115,9.357,684037
02/16/2005,9.45,9.497,9.282,9.45,854210
02/17/2005,9.497,9.497,9.078,9.171,751245
02/18/2005,9.077,9.442,8.787,9.301,1158479
02/22/2005,9.217,9.217,8.891,9.059,413370
02/23/2005,9.031,9.124,8.845,9.012,591485
02/24/2005,8.845,9.078,8.845,8.984,162365
02/25/2005,8.979,9.894,8.867,9.753,704962
02/28/2005,9.776,9.971,9.618,9.813,428524
03/01/2005,9.971,10.12,9.506,9.888,268571
03/02/2005,9.767,10.409,9.618,10.111,507668
03/03/2005,10.153,10.516,9.873,10.023,462608
03/04/2005,10.018,10.139,9.831,9.962,244206
03/07/2005,10.526,10.526,10.134,10.152,1029955
03/08/2005,10.148,10.19,9.869,9.962,568060
03/09/2005,9.827,9.914,9.529,9.622,603622
03/10/2005,9.594,9.753,9.361,9.455,263473
03/11/2005,9.366,9.636,9.255,9.589,519445
03/14/2005,9.776,9.822,9.348,9.729,529920
03/15/2005,9.832,10.185,9.804,10.036,1121005
03/16/2005,10.018,10.251,9.878,10.204,243645
03/17/2005,10.232,10.372,9.999,10.306,275370
03/18/2005,10.316,10.642,10.26,10.567,456950
03/21/2005,10.488,11.057,10.301,10.674,787951
03/22/2005,10.698,10.698,10.204,10.288,477654
03/23/2005,10.334,10.334,9.971,10.064,233897
03/24/2005,10.232,10.474,10.055,10.334,345682
03/28/2005,10.223,10.511,10.055,10.381,291198
03/29/2005,10.339,10.339,10.144,10.181,364526
03/30/2005,10.269,10.306,9.888,9.999,274461
03/31/2005,9.962,10.147,9.787,9.962,441709
04/01/2005,10.232,10.232,9.589,9.729,601959
04/04/2005,9.664,10.102,9.645,10.009,317706
04/05/2005,9.799,10.069,9.798,10.013,217633
04/06/2005,10.158,10.26,9.943,10.037,180129
04/07/2005,10.102,10.232,9.98,10.102,88182
04/08/2005,10.013,10.246,10.013,10.153,179400
04/11/2005,10.241,10.269,9.636,9.804,140449
04/12/2005,9.646,10.12,9.646,9.999,217143
04/13/2005,10.051,10.079,9.79,9.873,112025
04/14/2005,9.883,10.05,9.771,9.827,210447
04/15/2005,9.529,10.041,9.12,9.752,1071872
04/18/2005,9.738,10.158,9.673,9.897,447049
04/19/2005,9.929,10.116,9.929,10.069,281558
04/20/2005,10.102,10.195,9.636,9.683,230176
04/21/2005,9.706,10.217,9.288,9.938,1477038
04/22/2005,10.325,13.174,10.316,12.504,8093091
04/25/2005,12.36,13.69,12.332,13.495,3219418
04/26/2005,13.328,13.56,12.918,13.123,2039517
04/27/2005,12.988,13.779,12.615,13.416,813123
04/28/2005,13.523,14.176,13.523,13.943,1337119
04/29/2005,13.705,14.431,13.705,13.956,779257
05/02/2005,13.961,14.147,13.775,13.961,652207
05/03/2005,13.989,14.436,13.802,13.905,992957
05/04/2005,14.012,14.114,13.826,14.105,308277
05/05/2005,14.152,14.356,13.91,14.273,327146
05/06/2005,14.262,14.933,13.983,14.786,551382
05/09/2005,14.901,14.948,14.482,14.678,375475
05/10/2005,14.701,14.766,13.695,13.956,1369122
05/11/2005,14.063,14.063,13.7,13.886,329389
05/12/2005,13.714,13.816,13.435,13.519,743466
05/13/2005,13.491,13.723,13.425,13.537,620717
05/16/2005,13.5,13.761,13.37,13.5,496906
05/17/2005,13.5,13.919,13.407,13.77,598357
05/18/2005,13.826,14.282,13.826,13.891,1011424
05/19/2005,13.891,14.384,13.891,14.245,720660
05/20/2005,14.198,15.652,14.198,15.009,1606324
05/23/2005,15.083,15.242,14.775,14.943,884705
05/24/2005,14.915,15.465,14.868,15.344,849259
05/25/2005,15.269,15.697,15.232,15.409,727012
05/26/2005,15.492,16.256,15.381,16.135,1192160
05/27/2005,16.06,16.2,15.958,15.995,510228
05/31/2005,16.046,16.121,15.758,15.981,499951
06/01/2005,15.967,16.042,15.865,15.939,588143
06/02/2005,16.074,16.205,15.981,16.139,552986
06/03/2005,16.768,16.963,16.517,16.749,1440528
06/06/2005,16.703,17.205,16.693,16.898,844207
06/07/2005,17.131,17.382,16.852,17.131,941180
06/08/2005,17.331,17.378,16.921,17.229,515693
06/09/2005,17.215,17.708,17.075,17.699,636549
06/10/2005,17.908,17.936,17.554,17.89,743665
06/13/2005,17.936,18.169,17.796,18.076,617113
06/14/2005,18.16,18.16,17.545,17.918,999135
06/15/2005,17.815,17.946,17.62,17.666,1109065
06/16/2005,17.596,17.783,17.14,17.587,617293
06/17/2005,17.69,17.699,16.898,17.177,704861
06/20/2005,17.191,17.713,17.191,17.518,729229
06/21/2005,17.48,17.517,17.117,17.322,772056
06/22/2005,17.541,17.596,17.047,17.215,617038
06/23/2005,17.406,17.406,16.53,16.623,1259665
06/24/2005,16.713,17.734,16.704,17.419,3892547
06/27/2005,17.382,18.454,17.373,18.165,1667905
06/28/2005,18.318,18.393,17.638,17.676,1000980
06/29/2005,17.992,18.664,17.721,18.141,1353883
06/30/2005,18.248,18.332,17.289,17.559,859316
07/01/2005,17.578,17.988,17.522,17.95,507123
07/05/2005,17.978,18.025,17.662,17.764,439677
07/06/2005,17.899,18.458,17.712,18.393,869965
07/07/2005,18.169,18.458,18.029,18.365,638719
07/08/2005,18.397,18.407,18.071,18.22,701219
07/11/2005,18.313,18.621,18.155,18.565,1421613
07/12/2005,18.416,19.235,18.406,18.947,954943
07/13/2005,18.947,19.374,18.724,19.17,689899
07/14/2005,19.421,19.691,19.123,19.421,714772
07/15/2005,19.123,19.691,19.086,19.673,1088830
07/18/2005,19.78,19.78,18.588,18.718,1456630
07/19/2005,18.844,19.077,18.63,18.63,686792
07/20/2005,18.588,18.718,18.355,18.541,615453
07/21/2005,18.528,18.574,17.773,18.136,991503
07/22/2005,18.197,18.262,17.648,17.731,678515
07/25/2005,17.732,18.802,17.732,18.495,741913
07/26/2005,18.504,18.896,18.364,18.83,647581
07/27/2005,18.863,18.881,18.621,18.881,314362
07/28/2005,19.016,19.51,18.941,19.464,408858
07/29/2005,20.59,21.57,20.46,21.1,2524019
08/01/2005,21.17,21.39,21.02,21.15,684489
08/02/2005,21.19,21.42,21.07,21.19,550615
08/03/2005,21.27,21.59,21.04,21.47,675250
08/04/2005,21.73,22.47,21.17,21.36,902492
08/05/2005,21.03,21.19,20.55,20.79,706188
08/08/2005,20.36,20.51,20.11,20.45,503114
08/09/2005,20.48,20.72,20.44,20.58,502898
08/10/2005,20.86,21.25,20.45,20.74,873543
08/11/2005,21.3,21.92,20.83,21.52,1042020
08/12/2005,21.44,21.93,21.37,21.71,709470
08/15/2005,21.8,21.8,21.27,21.41,620097
08/16/2005,21.34,21.41,20.69,20.72,1082895
08/17/2005,20.6,21.16,20.55,20.89,671763
08/18/2005,20.93,20.93,20.09,20.41,762340
08/19/2005,20.31,21.2,20.31,21.06,520511
08/22/2005,21.15,21.4,20.95,21.13,256925
08/23/2005,21.13,21.28,20.72,21.13,337282
08/24/2005,21.12,21.9,21.05,21.52,417571
08/25/2005,21.62,21.9,21.2,21.43,242058
08/26/2005,21.46,21.51,21.05,21.41,289132
08/29/2005,21.31,21.33,20.6,21.28,438676
08/30/2005,21.27,21.74,21.05,21.57,272112
08/31/2005,21.6,22.81,21.09,21.88,455578
09/01/2005,22.02,22.45,21.64,22.37,575441
09/02/2005,22.31,23.14,22.3,22.83,695872
09/06/2005,22.84,24.01,22.73,23.82,956045
09/07/2005,24,24,23.12,23.57,365832
09/08/2005,23.61,23.61,23.08,23.33,545865
09/09/2005,23.29,23.52,22.93,23.29,436320
09/12/2005,23.23,23.62,22.9,22.92,265136
09/13/2005,22.86,22.87,22.68,22.81,542113
09/14/2005,22.97,23.64,22.32,22.54,424855
09/15/2005,22.53,22.7,22.11,22.66,424420
09/16/2005,22.75,23.2,22.72,23.04,603938
09/19/2005,22.91,23.18,22.91,23.12,164759
09/20/2005,23.18,23.63,22.81,22.87,394748
09/21/2005,22.79,23.23,22.68,22.84,351093
09/22/2005,22.88,23.41,22.59,23,351467
09/23/2005,22.92,23.41,22.68,23.28,456874
09/26/2005,23.28,23.46,22.88,22.93,255774
09/27/2005,22.95,23.13,22.7,22.84,176527
09/28/2005,23.05,23.26,22.3,23.18,358337
09/29/2005,23.2,23.66,23.02,23.62,279262
09/30/2005,23.64,23.74,23.34,23.59,273295
10/03/2005,23.75,24.96,23.59,24.16,1190769
10/04/2005,24.4,24.84,24.14,24.26,481022
10/05/2005,24.7,25.38,24.43,25.06,1103209
10/06/2005,24.83,25.02,24.18,24.46,967106
10/07/2005,24.61,26.19,24.43,26.05,734578
10/10/2005,26.27,27.55,26.09,27.06,1838505
10/11/2005,28.38,28.79,27.6,28.36,1829063
10/12/2005,28.22,28.3,24.96,25.61,1979165
10/13/2005,25.65,26.02,23.95,25.27,1236956
10/14/2005,25.65,26.67,25.29,25.5,641408
10/17/2005,25.63,25.98,25.24,25.81,376281
10/18/2005,25.8,27.21,25.8,26.5,846148
10/19/2005,26.45,26.83,25.32,26.83,770349
10/20/2005,26.91,27.61,26.64,26.76,904884
10/21/2005,27.14,27.48,26.87,27.08,572604
10/24/2005,27.45,28.33,27.19,28.33,858411
10/25/2005,28.9,28.9,27.5,27.99,588847
10/26/2005,28.35,28.73,27.6,27.93,1425138
10/27/2005,28.43,29.01,27.95,28.49,1850928
10/28/2005,28.53,28.64,27.7,28.03,687754
10/31/2005,27.99,28.99,27.82,28.75,689186
11/01/2005,28.79,30.18,28.63,30.06,2187692
11/02/2005,30.15,32.11,29.79,31.44,2185950
11/03/2005,31.34,31.75,30.57,31.24,1014117
11/04/2005,31.42,31.74,30.95,31.41,593026
11/07/2005,31.83,32.92,31.59,32.59,1468206
11/08/2005,33.17,33.34,32.41,33.24,1122728
11/09/2005,33.7,34.9,33.32,33.75,1647716
11/10/2005,33.97,34.81,32.45,33.82,1323920
11/11/2005,33.89,34.17,33.07,33.57,439598
11/14/2005,33.75,34.77,32.73,34.77,1020552
11/15/2005,34.83,35.59,34.05,34.16,1173495
11/16/2005,33.66,33.7,31.22,33.2,1902728
11/17/2005,33.52,34.45,33.34,34.44,1220711
11/18/2005,34.93,36.69,34.58,36.3,2115140
11/21/2005,36.64,38.47,36.32,38.14,1848936
11/22/2005,38.56,40.45,37.72,40.31,2826862
11/23/2005,40.37,42.01,38.75,39.34,4391268
11/25/2005,39.47,41.75,39.42,41.74,1438548
11/28/2005,41.69,42.11,39.47,39.66,3187541
11/29/2005,39.79,40.23,36.67,37.37,4329125
11/30/2005,37.13,37.52,35.34,36.34,3188426
12/01/2005,37.3,37.88,36.87,37.32,1717516
12/02/2005,37.62,39.48,37.52,39.36,1822166
12/05/2005,40.09,40.84,38.51,39.08,1640287
12/06/2005,39.89,40.24,37.27,37.45,1889803
12/07/2005,37.24,37.24,35.1,36.08,2643121
12/08/2005,36.31,37.66,36.07,36.81,1903687
12/09/2005,37.43,37.94,36.05,36.22,1537423
12/12/2005,36.62,36.66,35.23,36.11,1143596
12/13/2005,35.45,36.17,34.26,34.52,2392607
12/14/2005,33.71,34.24,32.45,33.68,3405912
12/15/2005,33.67,34.31,32.85,33.75,1058766
12/16/2005,34.03,34.99,33.68,34.27,1537844
12/19/2005,34.69,34.76,33.82,34.5,1104597
12/20/2005,34.48,34.48,33.94,34.46,818379
12/21/2005,34.87,36.03,34.43,34.7,1526453
12/22/2005,35.19,35.31,34.31,34.53,600508
12/23/2005,34.47,35.22,34.47,35.14,831304
12/27/2005,35.15,35.92,34.49,34.68,807150
12/28/2005,34.83,34.83,32.73,33.2,1230423
12/29/2005,32.8,33.8,32.8,33.29,578245
12/30/2005,32.95,33.15,32.49,32.76,789234
01/03/2006,33.28,34.11,32.43,33.76,1100896
01/04/2006,33.88,35.07,33.76,34.39,1282382
01/05/2006,34.67,35.16,34.19,34.43,922835
01/06/2006,34.76,37.65,34.57,37.09,3256381
01/09/2006,36.1,37.83,35.7,36.76,1632461
01/10/2006,36.68,36.68,35.62,35.64,964151
01/11/2006,35.63,36.88,35.39,36.2,950405
01/12/2006,35.97,36.64,35.44,35.7,984254
01/13/2006,35.62,36.58,34.63,36.31,1534708
01/17/2006,36.41,37.32,35.48,35.61,896853
01/18/2006,33,35.13,32.75,34.37,1989816
01/19/2006,34.54,35.98,34.48,35.83,803813
01/20/2006,36,36.78,35.21,35.22,1090555
01/23/2006,35.22,35.53,33.98,34.87,798020
01/24/2006,34.78,35.2,34.08,35.2,839828
01/25/2006,35.39,36.32,34.92,36.09,906231
01/26/2006,36.52,40.46,36.47,40.24,3600399
01/27/2006,41.19,41.43,39.01,40.55,1322186
01/30/2006,42.82,43.48,41.9,43.47,3976747
01/31/2006,39.55,39.69,37.84,38.9,5160116
02/01/2006,37.66,38.13,36.56,37.12,3398296
02/02/2006,36.73,37.99,36.73,36.99,1448791
02/03/2006,37.01,37.8,36.55,37.26,1421124
02/06/2006,37.24,39.79,36.87,39.51,2086124
02/07/2006,40.02,40.27,37.88,38,1481014
02/08/2006,37.71,38.75,37.71,38.11,848216
02/09/2006,37.82,39.12,37.32,37.49,1419336
02/10/2006,37.45,37.65,36.82,37.44,6402947
02/13/2006,37.44,37.47,36.08,36.68,2673378
02/14/2006,36.74,36.99,36.64,36.7,2530976
02/15/2006,36.68,37.14,36.66,36.84,735864
02/16/2006,36.86,37.43,36.85,37.19,1298830
02/17/2006,37.15,37.25,36.7,37.06,1077049
02/21/2006,37.28,37.56,36.67,37.01,1046099
02/22/2006,36.89,37.67,36.71,37.04,1375423
02/23/2006,37.15,37.29,36.86,37.05,824466
02/24/2006,37.02,38.97,36.97,38.15,1748189
02/27/2006,38.48,39.04,37.77,38.83,1426441
02/28/2006,38.54,39.45,37.46,37.73,1805612
03/01/2006,37.82,38.3,37.36,37.67,1277322
03/02/2006,37.51,37.61,36.88,37.24,1193080
03/03/2006,36.94,38.61,36.89,37.89,1435441
03/06/2006,38.18,38.49,36.75,37.2,888332
03/07/2006,37.2,37.2,35.23,35.58,1328541
03/08/2006,35.45,36.05,34.58,35.9,1510312
03/09/2006,36.32,37.71,36.19,36.77,1935508
03/10/2006,36.82,41.59,36.38,40.63,8451558
03/13/2006,39.92,40.62,39.14,40.3,3008492
03/14/2006,40.37,41.04,39.58,40.28,1937290
03/15/2006,40.5,42.59,39.81,41.68,4685955
03/16/2006,42.15,42.84,41.03,41.18,1960983
03/17/2006,41.46,41.49,39.14,40.76,2537493
03/20/2006,41.14,41.61,39.62,41.05,1572792
03/21/2006,40.77,42.45,40.18,40.33,2617392
03/22/2006,40.48,40.48,38.84,39.02,1594291
03/23/2006,39.09,39.29,37.6,38.34,1557192
03/24/2006,38.35,38.9,37.47,37.76,1301838
03/27/2006,38.25,39.25,38.02,38.68,1824238
03/28/2006,38.7,39.56,38.47,38.62,1063612
03/29/2006,38.51,39.39,38.42,38.93,1578486
03/30/2006,38.74,38.98,37.19,37.36,2485085
03/31/2006,37.34,37.73,36.26,37.25,2125648
04/03/2006,37.61,37.7,36.69,36.79,1171945
04/04/2006,36.9,37.39,36.65,36.9,719177
04/05/2006,36.74,37.97,36.68,37.32,1186983
04/06/2006,37.33,38.6,37.05,38.25,1091891
04/07/2006,38.7,39.03,37.6,38.31,1242387
04/10/2006,38.09,38.84,37.81,38.6,1096250
04/11/2006,38.64,40.12,37.03,38.02,3220234
04/12/2006,38.32,39.72,37.33,39.31,2114880
04/13/2006,39.38,39.89,38.5,39.33,951568
04/17/2006,39.55,40.82,39.1,40.06,1429308
04/18/2006,40.07,41.57,39.54,40.74,1622484
04/19/2006,41.14,41.36,39.69,40.74,1367056
04/20/2006,40.97,41.43,39.21,39.33,1852984
04/21/2006,39.55,39.55,37.71,38.36,2825832
04/24/2006,37.81,37.81,36.51,36.95,2410254
04/25/2006,37.14,37.14,35.37,36.08,1900388
04/26/2006,35.94,36.71,35.91,36.17,1468824
04/27/2006,35.71,35.84,34.63,34.78,2119805
04/28/2006,34.78,35.28,34.58,34.83,10468901
05/01/2006,34.94,35.05,32.26,32.84,5187429
05/02/2006,33.06,33.66,32.69,33.37,3057238
05/03/2006,34.24,34.37,32.7,33.13,2506155
05/04/2006,33.21,33.61,32.71,33.07,1788031
05/05/2006,33.3,34.61,33.06,34.22,3564666
05/08/2006,34.81,36.32,34.61,35.99,5248780
05/09/2006,36.1,36.22,35.47,35.7,2204142
05/10/2006,36.12,36.44,35.3,35.57,2839644
05/11/2006,36.13,36.53,33.82,34.25,2219747
05/12/2006,33.97,34.32,33.39,33.59,2029341
05/15/2006,33.76,34.05,32.77,32.92,1997566
05/16/2006,33.06,34.59,33.06,34.42,2595570
05/17/2006,33.86,33.88,32.17,32.27,2760664
05/18/2006,32.57,32.84,29.68,29.78,4988153
05/19/2006,29.79,31.21,29.68,30.75,3128272
05/22/2006,30.45,30.45,28.02,29.23,3972715
05/23/2006,29.77,30.17,27.74,28.13,3625672
05/24/2006,28.29,28.44,25.4,26.81,4361663
05/25/2006,27.07,28.27,26.7,28.18,2874483
05/26/2006,28.19,30.02,28.1,29.7,3258457
05/30/2006,30.63,30.71,28.41,28.52,3567760
05/31/2006,28.5,28.93,27.78,28.39,2903445
06/01/2006,28.49,28.56,27.6,28.03,2315189
06/02/2006,28.58,29.78,27.7,27.96,2302998
06/05/2006,28.1,29.22,26.93,27.13,2784243
06/06/2006,27.12,27.56,25.85,26.17,2521545
06/07/2006,26.15,26.87,25.19,25.42,3007350
06/08/2006,24.92,25.6,24,24.85,2917465
06/09/2006,25.1,26.05,24.94,25.52,2839612
06/12/2006,25.52,26.01,23.55,23.55,2261556
06/13/2006,23.41,24.39,22.26,22.61,4023315
06/14/2006,22.88,24.12,22.88,23.37,3194820
06/15/2006,23.98,25.47,23.97,25.28,2737758
06/16/2006,25.31,25.71,24.28,24.97,2172831
06/19/2006,25.13,25.26,23.78,24.06,1770833
06/20/2006,24.17,25.1,23.76,24.65,1524123
06/21/2006,24.84,26.53,24.32,25.69,3358655
06/22/2006,26.06,26.07,25.34,25.68,1634568
06/23/2006,25.69,25.71,25.05,25.28,2141628
06/26/2006,25.39,26.29,25.17,26.26,1718371
06/27/2006,26.18,26.81,24.64,24.8,2806479
06/28/2006,24.95,25.33,23.68,24.37,2921235
06/29/2006,25.15,26.44,24.9,26.3,2891178
06/30/2006,27.89,27.95,26.51,27.84,5602057
07/03/2006,27.51,27.67,26.47,27.46,1511315
07/05/2006,27.07,27.93,26.5,27.7,2704929
07/06/2006,27.84,27.91,26.84,27.13,1785716
07/07/2006,26.95,26.98,26.08,26.19,1598936
07/10/2006,26.37,26.91,26.24,26.38,980714
07/11/2006,26.31,26.92,25.78,26.85,2338583
07/12/2006,26.94,27.45,26.2,26.29,2057966
07/13/2006,25.98,26.04,24.78,24.89,2270959
07/14/2006,24.82,25.12,24.02,24.41,2013746
07/17/2006,24.16,24.94,24.16,24.44,1087323
07/18/2006,24.35,24.84,23.59,24.36,1096759
07/19/2006,24.71,25.99,24.41,25.73,2113151
07/20/2006,26.99,27.46,25.59,25.72,3212486
07/21/2006,25.99,26.01,24.78,25.15,1485197
07/24/2006,25.18,26.48,25.18,25.98,1509523
07/25/2006,25.91,26.24,25.28,25.99,1493117
07/26/2006,25.93,26,25.31,25.78,1191635
07/27/2006,25.92,26.46,25.76,26.15,1586824
07/28/2006,26.21,27,25.99,26.91,1733649
07/31/2006,26.58,26.61,25.46,25.7,1909270
08/01/2006,25.56,25.56,24.22,24.4,3231805
08/02/2006,24.72,24.91,24.19,24.57,2625093
08/03/2006,24.07,24.76,24.02,24.62,1769743
08/04/2006,25.75,25.77,24.82,25.06,1674590
08/07/2006,24.9,25.27,24.62,25.14,987975
08/08/2006,25.27,25.36,24.6,24.64,1193399
08/09/2006,24.69,25.67,24.69,24.98,1599512
08/10/2006,25.06,25.47,24.45,25.14,1297577
08/11/2006,25.06,25.32,24.68,24.84,738706
08/14/2006,25.14,25.59,24.98,25.24,1338849
08/15/2006,25.65,26.9,25.45,26.67,2694150
08/16/2006,27,27.34,26.12,27.24,2559959
08/17/2006,27.2,28.39,27.01,27.81,3263220
08/18/2006,27.96,27.98,26.84,27.43,1476725
08/21/2006,27.23,27.23,26.31,26.32,1081410
08/22/2006,26.29,26.68,26.21,26.32,1083254
08/23/2006,27.06,27.06,25.93,25.99,1186165
08/24/2006,25.98,26.19,25.33,25.47,1325895
08/25/2006,25.42,25.51,24.82,25.11,2209756
08/28/2006,25,25.55,24.86,25,1598572
08/29/2006,24.94,25.3,24.7,25.1,1464218
08/30/2006,25.59,25.83,25.26,25.58,1621083
08/31/2006,25.6,26.87,25.48,26.54,2612442
09/01/2006,26.41,27.01,26.12,26.36,1177735
09/05/2006,26.1,26.26,25.64,26.03,1685371
09/06/2006,26.02,26.36,25.88,26.11,2190231
09/07/2006,25.86,27,25.58,26.81,3386811
09/08/2006,27.25,27.68,26.87,27.16,2574479
09/11/2006,27.08,27.15,26.2,26.29,1606129
09/12/2006,26.17,26.92,26.08,26.6,1847006
09/13/2006,26.54,27.49,26.35,27.4,2637323
09/14/2006,27.4,27.48,26.86,26.93,1430076
09/15/2006,27.07,27.73,26.99,27.3,2103686
09/18/2006,27.28,28.95,27.28,28.72,3696918
09/19/2006,29.01,29.71,28.29,29.31,4296204
09/20/2006,29.78,30.26,28.76,28.94,2691432
09/21/2006,29.23,29.7,28.47,28.66,1862967
09/22/2006,28.69,29.3,28.08,29.1,1499057
09/25/2006,29.4,29.55,28.34,28.54,1764431
09/26/2006,28.78,29.26,28.52,29.15,1662395
09/27/2006,29.06,29.14,28.47,28.59,1705822
09/28/2006,28.63,29.09,28.04,28.4,1439433
09/29/2006,28.47,28.89,28.06,28.13,1856898
10/02/2006,28.18,28.24,26.91,27.28,2023379
10/03/2006,27.51,28.05,27.17,27.46,1824654
10/04/2006,27.44,28.65,27.1,28.56,2516420
10/05/2006,28.68,29.77,28.41,29.53,3233316
10/06/2006,29.53,30,29.13,29.6,1958571
10/09/2006,29.31,30.41,29.31,30.27,1920744
10/10/2006,30.78,31.68,30.09,31.25,4530586
10/11/2006,31.09,31.64,30.66,30.92,2270505
10/12/2006,31.13,32.43,31.1,32.2,3767013
10/13/2006,32.16,33.31,31.86,32.56,3509706
10/16/2006,32.42,32.98,32.03,32.18,1594092
10/17/2006,32.88,33.28,32.01,32.59,2625442
10/18/2006,32.9,33.44,32.3,32.55,2060863
10/19/2006,33.62,34.06,32.93,33.7,3891408
10/20/2006,33.85,33.89,33.07,33.75,2374959
10/23/2006,34.15,34.6,33.91,34.37,2564112
10/24/2006,34.31,35,34.25,34.87,2309463
10/25/2006,34.81,34.98,34.18,34.43,1605902
10/26/2006,34.46,34.76,33.29,34.71,2181150
10/27/2006,34.3,34.91,33.98,34.19,1433509
10/30/2006,34.08,34.21,33.55,33.74,1884662
10/31/2006,33.77,33.96,32.87,33.28,1891668
11/01/2006,33.28,34.57,32.8,32.87,2051052
11/02/2006,32.73,33.23,31.89,33.09,2347002
11/03/2006,33.34,33.85,32.53,33.38,1885096
11/06/2006,32.76,34.64,32.74,34.35,2421741
11/07/2006,34.37,35.04,33.6,33.83,1461252
11/08/2006,33.49,34.1,32.97,33.8,948987
11/09/2006,33.84,34.22,33.48,33.55,1614306
11/10/2006,33.75,36.07,33.74,35.19,4150224
11/13/2006,35.45,35.57,34.63,35,1596401
11/14/2006,35.59,36.52,34.65,36.08,3613497
11/15/2006,34.77,35.44,34.56,34.91,4032498
11/16/2006,35.27,35.27,32.95,33.94,4574920
11/17/2006,33.59,34.42,33.52,34.05,4053544
11/20/2006,34.6,35.18,34,35.06,3032641
11/21/2006,35.29,35.81,34.63,35.68,5065999
11/22/2006,36.38,38.63,36.22,37.98,6534631
11/24/2006,38.17,38.4,36.29,37.83,1656673
11/27/2006,38.05,39.44,36.99,37.25,4925263
11/28/2006,36.88,37.33,35.67,37.14,3607305
11/29/2006,37.52,37.98,35.94,36.65,3848424
11/30/2006,36.69,37.53,36.5,37.37,2850226
12/01/2006,35.66,36.64,33.75,34.75,7856682
12/04/2006,34.89,35.57,34.83,35.38,2638321
12/05/2006,35.79,36.53,35.45,35.56,2532266
12/06/2006,35.46,35.58,34.68,35.29,2118850
12/07/2006,35.37,35.52,33.67,33.93,2771710
12/08/2006,33.68,34.86,33.52,34.17,2075477
12/11/2006,34.06,34.31,33.59,33.79,1727929
12/12/2006,33.89,34.44,32.87,33.28,2331624
12/13/2006,33.38,33.86,32.95,33.4,1523565
12/14/2006,33.41,34.29,32.54,32.86,2251926
12/15/2006,33.34,33.81,32.87,33.09,1781064
12/18/2006,33.17,34.12,33.05,33.51,2039211
12/19/2006,32.4,32.67,31.25,31.66,5797988
12/20/2006,31.89,32.31,31.38,31.79,2168755
12/21/2006,31.94,31.94,30.56,30.63,2644083
12/22/2006,30.74,30.74,29.29,29.6,4338628
12/26/2006,29.73,29.98,28.87,28.89,2904200
12/27/2006,28.94,29.54,28.65,28.95,2347445
12/28/2006,28.86,29.42,28.69,29.14,1950337
12/29/2006,29.33,29.39,28.44,28.67,1755998
01/03/2007,28.93,29.48,28.79,28.93,4943098
01/04/2007,28.92,29.79,28.42,29.7,2846688
01/05/2007,29.77,31.17,29.77,30.82,2989149
01/08/2007,30.89,31.75,30.39,31.73,2935491
01/09/2007,31.65,32.28,31.29,31.51,2883171
01/10/2007,31.5,33.16,30.98,32.85,3380005
01/11/2007,32.95,32.99,31.82,32.23,2322797
01/12/2007,32.42,32.51,31.75,31.9,2043756
01/16/2007,32.22,32.98,32.22,32.45,1950244
01/17/2007,32.12,33.2,32.11,33.01,1563391
01/18/2007,33.06,33.06,31.05,31.98,2233284
01/19/2007,31.96,32.74,31.48,32.2,1403810
01/22/2007,32.19,32.23,31.49,31.52,1349556
01/23/2007,30.28,31.45,30.28,31.2,2467925
01/24/2007,31.19,32.13,31.11,31.7,2127724
01/25/2007,31.93,32.24,31.62,31.72,1273736
01/26/2007,31.94,31.98,31.42,31.76,1563526
01/29/2007,31.66,31.66,31.17,31.37,1066165
01/30/2007,31.3,31.58,31.07,31.15,1335954
01/31/2007,31.13,31.72,30.86,31.68,838016
02/01/2007,31.62,32.13,31.14,31.49,1437359
02/02/2007,31.49,31.54,30.95,31.21,1849564
02/05/2007,31.04,31.52,30.82,31.33,1434757
02/06/2007,31.43,31.93,31.4,31.92,1969299
02/07/2007,31.69,33.29,31.56,32.57,2328115
02/08/2007,32.54,34.73,32.54,33.77,3295826
02/09/2007,33.79,34.82,33.57,34.68,4274212
02/12/2007,34.25,34.25,31.71,32.64,9022792
02/13/2007,33.19,33.53,28.46,28.95,24123008
02/14/2007,29.5,29.84,29.23,29.48,7546235
02/15/2007,29.44,29.52,29.09,29.5,3273123
02/16/2007,29.51,30.24,29.26,30.09,3117402
02/20/2007,29.94,30.67,29.7,30.49,2555493
02/21/2007,30.56,31,30.24,30.84,3142870
02/22/2007,31.02,31.12,30.12,30.33,3349891
02/23/2007,30.48,30.63,29.79,30.08,3150328
02/26/2007,30.17,30.33,29.52,29.54,1803910
02/27/2007,29.08,29.14,27.82,28.23,2237700
02/28/2007,28.21,28.25,27.16,27.87,2318463
03/01/2007,26.89,27.62,25.91,27.35,2438602
03/02/2007,26.55,27.14,26.08,26.2,2812518
03/05/2007,25.86,26.46,25.52,25.6,4005024
03/06/2007,26.33,26.99,25.92,26.68,4160871
03/07/2007,26.7,26.71,25.96,26.06,2660179
03/08/2007,26.49,27.2,26.19,26.58,3063369
03/09/2007,27.2,27.2,26.5,26.59,1653651
03/12/2007,26.53,26.86,26.27,26.57,1282066
03/13/2007,26.35,26.44,25.6,25.76,1793101
03/14/2007,25.67,25.91,24.74,25.6,3302280
03/15/2007,25.85,26.39,25.7,25.72,2900489
03/16/2007,25.74,26.05,25.52,25.89,2177040
03/19/2007,25.88,26.86,25.82,26.52,2851363
03/20/2007,26.66,26.72,26.17,26.39,2401726
03/21/2007,26.35,27.44,26.35,27.1,2504892
03/22/2007,27.44,28.3,27.16,27.58,4293584
03/23/2007,27.48,28.03,27.12,27.23,2571442
03/26/2007,27.36,27.88,27.2,27.47,2327896
03/27/2007,27.45,27.76,27.16,27.52,1361444
03/28/2007,27.14,27.43,26.87,27.21,2294877
03/29/2007,27.52,27.76,26.93,27.46,2144885
03/30/2007,27.58,27.83,26.98,27.4,1771953
04/02/2007,27.4,27.81,27.08,27.53,1810015
04/03/2007,27.61,27.9,27.51,27.63,2122039
04/04/2007,27.7,27.92,27.48,27.55,1508910
04/05/2007,27.29,27.85,27.29,27.62,1615051
04/09/2007,27.62,27.78,27.4,27.5,2248267
04/10/2007,27.52,27.76,27.47,27.59,1484734
04/11/2007,28.14,28.4,27.19,27.37,4338176
04/12/2007,27.42,27.89,27.22,27.53,1942886
04/13/2007,27.85,29.55,27.75,29.09,5315348
04/16/2007,28.67,29.49,28.52,29.3,3077356
04/17/2007,29.35,29.39,28.8,29.24,3293859
04/18/2007,29.06,29.65,29.02,29.09,2683451
04/19/2007,28.65,29.6,28.49,29.05,2478761
04/20/2007,29.5,30.31,29.11,29.92,4460895
04/23/2007,30.64,31.82,30.54,30.78,4510207
04/24/2007,31.31,31.4,30.75,30.88,2379202
04/25/2007,30.89,31.39,30.76,31.31,2464865
04/26/2007,31.37,31.42,30.89,31.03,1756233
04/27/2007,30.92,31.05,30.45,30.59,1703188
04/30/2007,30.89,31.55,30.26,30.3,2590144
05/01/2007,30.44,31.11,30.29,31.07,2612894
05/02/2007,31.05,31.55,30.94,31.03,2275145
05/03/2007,30.72,30.92,30.12,30.46,2814218
05/04/2007,30.62,30.63,29.94,30.53,1854069
05/07/2007,30.37,30.55,30.04,30.24,1123677
05/08/2007,30.05,30.17,29.43,29.8,2058646
05/09/2007,29.6,30.01,29.5,29.87,1632036
05/10/2007,29.87,30.03,29.13,29.34,1213353
05/11/2007,29.39,29.83,29.14,29.3,1465625
05/14/2007,29.14,29.73,29.11,29.59,1345570
05/15/2007,29.35,29.68,28.88,29.05,2150887
05/16/2007,29.33,29.61,29.06,29.29,1408146
05/17/2007,29.15,29.37,28.97,29.31,1446022
05/18/2007,29.52,29.57,28.97,29.2,1757482
05/21/2007,29.1,30.08,29.06,30,3535343
05/22/2007,30.1,31.52,30.04,30.93,4353282
05/23/2007,31.02,31.63,30.72,30.92,2500158
05/24/2007,30.84,32.55,30.84,31.64,6601429
05/25/2007,30.06,30.85,29.53,30.59,14274444
05/29/2007,30.68,30.81,29.74,29.97,4691806
05/30/2007,29.89,31.58,29.79,31.54,5171837
05/31/2007,31.49,31.79,30.98,30.98,3577690
06/01/2007,30.63,31.17,30.21,30.92,2533333
06/04/2007,30.91,31.67,30.72,31.64,3768694
06/05/2007,31.48,31.74,30.97,31.42,2175415
06/06/2007,31.28,31.42,30.58,30.72,1748598
06/07/2007,30.71,30.71,30.06,30.35,1925571
06/08/2007,30.28,31.38,30.01,30.45,1152317
06/11/2007,30.31,30.31,29.9,30.21,1988696
06/12/2007,29.97,30.71,29.75,30.05,3003121
06/13/2007,30.17,30.17,29.46,29.76,2710810
06/14/2007,29.55,29.87,29.2,29.7,2607243
06/15/2007,29.7,30.14,29.36,29.43,2139235
06/18/2007,29.6,29.78,28.77,28.86,3048712
06/19/2007,28.9,30.25,28.44,28.6,2250467
06/20/2007,28.61,28.95,28.28,28.46,3433161
06/21/2007,28.22,28.32,27.45,28.18,4748928
06/22/2007,28.19,28.6,27.74,27.81,3941335
06/25/2007,27.76,28.2,27.6,27.81,2226142
06/26/2007,27.77,27.85,27.34,27.56,2040742
06/27/2007,27.41,27.59,27.07,27.41,2080650
06/28/2007,27.55,28.36,27.5,27.62,2568007
06/29/2007,27.66,28.14,27.3,27.66,2373335
