12/13/2001,21.19,21.84,21.11,21.48,67718251
12/14/2001,21.85,22,21.58,21.67,12812060
12/17/2001,21.88,21.88,21.48,21.51,6959757
12/18/2001,21.57,21.86,21.49,21.86,7064961
12/19/2001,21.8,22.04,21.63,22.04,4729639
12/20/2001,22.1,22.63,22,22.04,5336147
12/21/2001,22.21,22.64,22.1,22.64,4691738
12/24/2001,22.46,23,22.46,22.98,1265664
12/26/2001,23.01,23.92,23.01,23.52,3369761
12/27/2001,23.51,24.07,23.01,24.01,6060169
12/28/2001,24.01,24.19,23.81,24.06,5687448
12/31/2001,24.22,24.69,23.94,24.21,7556521
01/02/2002,23.83,23.97,22.74,22.86,7072670
01/03/2002,22.88,23.34,22.53,22.81,3965193
01/04/2002,22.81,23.4,22.74,23.32,4221000
01/07/2002,23.42,23.64,23.14,23.34,3257624
01/08/2002,22.83,23.27,22.83,23.22,2410463
01/09/2002,23.34,23.34,22.86,22.87,2221365
01/10/2002,22.72,23.13,22.64,22.66,2306176
01/11/2002,22.67,22.77,22.48,22.56,2417385
01/14/2002,22.5,22.5,21.6,21.92,4304881
01/15/2002,22.24,22.76,21.89,22.46,2603609
01/16/2002,22.34,22.75,22.24,22.42,2516137
01/17/2002,22.51,22.6,22.09,22.34,2381669
01/18/2002,22.21,22.24,21.73,22.1,2094111
01/22/2002,22.34,22.78,22.27,22.76,3127594
01/23/2002,23.12,23.16,22.3,22.3,3317738
01/24/2002,22.35,22.4,21.91,22.1,4141938
01/25/2002,21.9,22.27,21.83,22.24,3237229
01/28/2002,22.4,22.69,22.33,22.58,3352237
01/29/2002,21.93,22.58,21.93,22.19,3321566
01/30/2002,22.32,22.37,21.81,21.99,4824154
01/31/2002,22.26,22.77,22.15,22.69,5346776
02/01/2002,22.61,22.61,22.2,22.36,4381228
02/04/2002,22.38,22.65,22.3,22.54,4360006
02/05/2002,22.53,23.08,22.46,22.69,3281021
02/06/2002,22.84,22.84,22.61,22.71,2880521
02/07/2002,22.63,22.71,22.32,22.35,2463505
02/08/2002,22.35,22.66,22.34,22.65,1912553
02/11/2002,22.42,23.29,22.4,23.21,2605530
02/12/2002,22.95,23.27,22.83,23.01,2789359
02/13/2002,22.82,23.56,22.57,23.42,5165041
02/14/2002,23.42,23.59,23.31,23.39,3014079
02/15/2002,23.5,23.57,22.91,23.01,2234288
02/19/2002,22.66,22.74,21.93,22.09,3751621
02/20/2002,22.3,22.47,22.01,22.37,3072116
02/21/2002,22.24,22.55,22.24,22.53,2634013
02/22/2002,22.33,22.41,21.93,22.08,2216538
02/25/2002,22.12,22.18,21.99,22.09,3212026
02/26/2002,22.15,22.38,22.11,22.32,3137449
02/27/2002,22.36,22.37,22.14,22.16,4009760
02/28/2002,22.18,22.47,22.18,22.32,2743975
03/01/2002,22.42,22.56,22.21,22.54,3039319
03/04/2002,22.49,22.92,22.4,22.5,3061676
03/05/2002,22.42,23,22.21,22.97,4500481
03/06/2002,22.66,22.96,22.66,22.92,2094343
03/07/2002,22.8,23.14,22.72,23.06,3281751
03/08/2002,23.25,23.41,22.96,23.21,3252451
03/11/2002,23.25,23.28,22.77,22.92,2644826
03/12/2002,22.68,22.94,22.46,22.54,2740707
03/13/2002,22.37,22.57,22.35,22.38,2773838
03/14/2002,22.45,22.67,22.45,22.6,3283744
03/15/2002,22.42,22.92,22.42,22.72,3692677
03/18/2002,23.06,23.1,22.62,22.92,3042033
03/19/2002,22.85,23.2,22.84,22.96,2976403
03/20/2002,22.83,23,22.81,22.9,3144733
03/21/2002,22.77,22.89,22.64,22.83,3695039
03/22/2002,22.54,22.87,22.53,22.83,2138659
03/25/2002,22.8,22.99,22.76,22.79,1230160
03/26/2002,22.68,22.99,22.68,22.96,2149357
03/27/2002,22.84,23.02,22.83,22.9,2329434
03/28/2002,22.94,22.95,22.63,22.66,3621884
04/01/2002,22.75,22.86,22.59,22.69,2115932
04/02/2002,22.68,22.97,22.67,22.87,2386022
04/03/2002,22.88,23.04,22.86,22.87,1993768
04/04/2002,22.91,23.28,22.85,23.25,2807492
04/05/2002,23.33,23.88,23.26,23.61,6358369
04/08/2002,23.6,24.07,23.52,23.9,3968368
04/09/2002,24.09,24.19,23.95,24.11,3130215
04/10/2002,24,24.25,23.8,23.95,2194100
04/11/2002,23.95,24.1,23.78,23.82,2184055
04/12/2002,23.71,24.09,23.71,23.78,1853823
04/15/2002,23.76,23.84,23.36,23.48,2296865
04/16/2002,23.67,23.85,23.52,23.78,3098727
04/17/2002,23.71,23.79,23.49,23.57,1213063
04/18/2002,23.6,23.65,23.13,23.27,1664429
04/19/2002,23.27,23.46,23.23,23.3,2356936
04/22/2002,23.45,23.89,23.38,23.85,2403580
04/23/2002,24.18,24.44,23.77,23.82,3122316
04/24/2002,23.76,24.19,23.75,24.02,3249410
04/25/2002,23.68,24.08,23.49,23.72,1799799
04/26/2002,23.75,23.75,23.18,23.19,2988664
04/29/2002,23.26,23.41,23.26,23.38,1988783
04/30/2002,23.4,23.54,23.21,23.43,2169212
05/01/2002,23.52,23.52,23.23,23.42,2452036
05/02/2002,23.41,23.56,23.19,23.46,3598512
05/03/2002,23.38,23.48,23.2,23.44,1830024
05/06/2002,23.4,23.46,23.02,23.12,1631607
05/07/2002,23.08,23.14,22.53,22.77,2641962
05/08/2002,23.74,24.4,23.52,24.31,5584772
05/09/2002,24.34,24.6,24.02,24.02,3843997
05/10/2002,24.01,24.19,23.57,24.09,2455185
05/13/2002,24.16,24.43,23.9,24.25,3254670
05/14/2002,24.48,24.8,24.29,24.8,3998313
05/15/2002,24.47,24.66,24.17,24.58,3465037
05/16/2002,24.72,24.75,24.37,24.5,2193778
05/17/2002,24.38,24.98,24.31,24.95,1931522
05/20/2002,24.56,24.89,24.56,24.78,2103379
05/21/2002,24.91,24.91,24.4,24.62,3128440
05/22/2002,24.59,24.59,24.15,24.32,2957554
05/23/2002,23.97,25.14,23.97,24.86,6001718
05/24/2002,24.89,24.96,24.48,24.68,1746320
05/28/2002,24.81,24.81,24.26,24.66,3543345
05/29/2002,24.48,24.63,24.26,24.35,1793441
05/30/2002,24.29,24.84,24.22,24.66,2691217
05/31/2002,24.84,25.42,24.76,25.2,9230031
06/03/2002,25.16,25.53,25.02,25.17,4048965
06/04/2002,25.15,25.22,24.75,25.04,3178345
06/05/2002,25.26,26.28,25,26.02,3969292
06/06/2002,26,26.22,25.97,26.08,3793129
06/07/2002,26.15,26.15,25.42,25.8,3049879
06/10/2002,25.98,26.11,25.62,25.92,1581197
06/11/2002,25.86,25.86,25.09,25.09,2580331
06/12/2002,25.13,25.65,24.91,25.65,3193336
06/13/2002,25.63,25.65,24.16,24.56,5459873
06/14/2002,24.41,24.94,23.83,24.79,3022562
06/17/2002,24.84,25.19,24.55,24.83,3355701
06/18/2002,25.04,25.15,24.67,24.75,2979627
06/19/2002,24.42,24.94,24.4,24.78,3018178
06/20/2002,24.71,24.97,24.6,24.73,1864952
06/21/2002,24.82,24.89,24.09,24.2,3334227
06/24/2002,24.22,24.22,23.05,23.7,4684225
06/25/2002,23.75,24.22,23.75,23.9,2979811
06/26/2002,22.7,23.9,22.7,23.51,3135847
06/27/2002,23.92,24.07,23.14,23.74,2373645
06/28/2002,24.84,24.84,24.13,24.37,35716591
07/01/2002,24.33,24.33,23.48,23.89,4706722
07/02/2002,23.72,23.88,22.88,23.25,4358358
07/03/2002,23.16,23.18,22.21,22.21,5199945
07/05/2002,22.66,23.25,22.52,22.88,3790108
07/08/2002,23.13,23.17,22.22,22.57,5257983
07/09/2002,22.52,22.72,21.97,22.13,3605313
07/10/2002,22.99,23.47,22.18,22.37,18262415
07/11/2002,22.39,22.8,22.1,22.61,7802433
07/12/2002,22.62,23.42,22.55,23.22,4584208
07/15/2002,23.4,23.44,22.29,23.23,4647180
07/16/2002,23.06,23.45,22.88,23.04,4765101
07/17/2002,23.34,23.56,22.57,22.95,6225354
07/18/2002,23.47,23.47,22.71,22.91,9932990
07/19/2002,23.26,23.89,22.63,23.71,67764596
07/22/2002,23.05,23.27,22.69,23.08,16108243
07/23/2002,23.57,23.57,21.25,21.62,10514241
07/24/2002,20.97,22.2,20.45,22.07,9948823
07/25/2002,21.74,22.46,20.81,21.18,6880334
07/26/2002,20.7,22.24,20.7,22.14,6981901
07/29/2002,22.39,23.71,22.28,23.52,4846777
07/30/2002,23.17,23.85,22.44,23.47,5838403
07/31/2002,23.54,24.16,23.43,24.05,4689372
08/01/2002,24.09,24.17,23.69,24.03,3762115
08/02/2002,23.67,23.68,22.43,22.86,4571081
08/05/2002,22.61,22.86,21.79,21.81,2820476
08/06/2002,22.35,22.8,21.97,22.2,4781834
08/07/2002,22.43,22.54,21.55,22.35,5718615
08/08/2002,22.37,24.05,22.34,23.47,5040948
08/09/2002,23.32,24.09,23.11,24.01,2784198
08/12/2002,23.74,23.89,23.27,23.56,2040700
08/13/2002,23.56,23.95,22.98,22.99,2463979
08/14/2002,23.02,23.97,22.85,23.95,3011185
08/15/2002,24.09,24.56,23.43,23.76,3678497
08/16/2002,23.8,24.02,23.37,23.38,1777900
08/19/2002,23.44,23.99,23.44,23.63,3313543
08/20/2002,23.67,24.07,23.22,23.31,2617318
08/21/2002,23.19,23.6,22.81,23.08,3662437
08/22/2002,23.21,23.77,23.21,23.59,3602185
08/23/2002,23.57,23.6,22.84,22.94,2664745
08/26/2002,23.12,23.33,22.84,23.03,3140698
08/27/2002,23.34,23.38,22.03,22.04,5234863
08/28/2002,22.07,22.53,21.67,21.95,3657207
08/29/2002,21.57,22.39,21.57,21.9,3255722
08/30/2002,21.94,22.51,21.87,22.04,2472169
09/03/2002,21.7,21.81,21.01,21.01,3823814
09/04/2002,20.9,21.28,20.86,21.03,6139465
09/05/2002,20.97,21.1,20.67,21,6264780
09/06/2002,21.27,22.14,21.23,21.71,5835843
09/09/2002,21.73,22.26,21.57,22.14,4824528
09/10/2002,22.15,22.19,21.82,22.04,3799103
09/11/2002,22.65,22.65,21.93,22.01,2002906
09/12/2002,21.7,21.92,21.56,21.62,2614290
09/13/2002,21.61,21.82,21.3,21.59,3121452
09/16/2002,21.62,21.81,21.29,21.37,2403887
09/17/2002,21.51,21.69,21.08,21.09,3218581
09/18/2002,20.93,21.32,20.9,21.16,4338656
09/19/2002,21.02,21.09,20.28,20.36,4416554
09/20/2002,20.36,20.54,19.87,20.1,4791881
09/23/2002,20.18,20.47,19.885,20.37,3725718
09/24/2002,20.2,20.6,19.841,19.98,4314003
09/25/2002,20.4,20.75,20.15,20.48,3208981
09/26/2002,20.78,21.33,20.67,21.1,3214948
09/27/2002,21.12,21.34,20.58,20.62,2538473
09/30/2002,20.63,21.16,19.91,20.86,4144475
10/01/2002,20.94,21.81,20.75,21.75,3062808
10/02/2002,21.8,21.96,21.43,21.68,3358873
10/03/2002,21.81,21.95,21.19,21.19,3680228
10/04/2002,21.51,21.61,20.24,20.66,3124042
10/07/2002,20.54,20.82,20.02,20.02,4335633
10/08/2002,20.16,20.53,20.16,20.31,3819425
10/09/2002,20.2,20.21,18.442,18.632,6465850
10/10/2002,18.793,19.582,18.778,19.231,5372730
10/11/2002,19.626,20.38,19.531,20.07,6006189
10/14/2002,20.1,20.29,19.764,19.874,2688998
10/15/2002,20.86,21.52,20.59,21.48,4845230
10/16/2002,21.48,21.68,20.27,20.89,3975482
10/17/2002,21.36,21.85,21.28,21.52,3821447
10/18/2002,21.34,22.12,21,22.1,3477860
10/21/2002,22.06,22.21,21.48,22.04,3875156
10/22/2002,21.84,21.86,20.97,21.37,2803322
10/23/2002,21.35,21.57,21.05,21.46,3588233
10/24/2002,21.44,21.77,21.44,21.72,3554502
10/25/2002,21.48,21.99,21.19,21.92,2052422
10/28/2002,21.91,22.24,21.44,21.56,3015790
10/29/2002,21.15,21.22,20.86,21,2966487
10/30/2002,20.82,21.19,20.35,21.18,3084094
10/31/2002,21.19,21.67,21.19,21.32,3346429
11/01/2002,21.27,21.57,20.72,21.57,2146112
11/04/2002,21.69,22.09,21.31,21.32,2495474
11/05/2002,21.34,21.54,21.05,21.1,3947978
11/06/2002,21.39,22.67,21.27,22.41,4884219
11/07/2002,22.44,22.44,21.54,21.86,3859864
11/08/2002,21.95,22.25,21.7,22.03,2664928
11/11/2002,22.05,22.11,21.4,21.47,1502310
11/12/2002,21.74,21.88,21.26,21.64,3673033
11/13/2002,21.73,22.07,21.47,21.8,3235768
11/14/2002,22.02,22.38,21.96,22.13,2043725
11/15/2002,21.85,22.24,21.84,21.92,2652474
11/18/2002,21.92,21.98,21.59,21.71,3056568
11/19/2002,21.8,21.9,21.36,21.44,2379512
11/20/2002,21.43,21.63,20.97,21.6,3824905
11/21/2002,21.91,22.42,21.62,22.1,3676247
11/22/2002,22.08,22.34,21.94,22.33,2405787
11/25/2002,22.2,22.36,21.94,22.22,2637083
11/26/2002,22.23,22.28,21.58,21.71,1796966
11/27/2002,21.66,22.07,21.66,22.05,2349724
11/29/2002,22.28,22.38,22.16,22.25,1180393
12/02/2002,22.4,22.47,21.88,22.36,2577944
12/03/2002,22.26,23,22.24,22.66,3475619
12/04/2002,22.59,23.11,22.48,22.59,3573968
12/05/2002,22.73,22.84,22.39,22.62,2472072
12/06/2002,22.58,23.23,22.41,23.15,2258241
12/09/2002,22.96,23.31,22.84,23.02,2479641
12/10/2002,23.01,23.58,22.64,23.46,3084991
12/11/2002,23.57,23.77,23.16,23.45,3199326
12/12/2002,23.34,23.41,23.06,23.27,2720572
12/13/2002,23.11,23.51,23.04,23.25,3312261
12/16/2002,23.28,23.72,23.16,23.72,3526108
12/17/2002,23.73,23.91,23.53,23.59,3262657
12/18/2002,23.77,23.99,23.44,23.7,4463591
12/19/2002,24.02,24.06,23.5,23.72,4310174
12/20/2002,23.59,23.68,22.63,23.63,7901824
12/23/2002,22.7,23.48,22.68,23.45,2299501
12/24/2002,23.32,23.43,23.03,23.36,998877
12/26/2002,23.45,23.71,23.34,23.44,1531677
12/27/2002,23.53,23.64,23.11,23.15,1495956
12/30/2002,23.11,23.59,23.11,23.45,2182290
12/31/2002,23.33,23.59,23.24,23.5,1337418
01/02/2003,23.33,24.01,23.31,23.85,2928628
01/03/2003,23.85,23.85,23.48,23.63,2675144
01/06/2003,23.66,24.09,23.52,23.92,2529874
01/07/2003,23.94,24.12,23.79,23.96,3102487
01/08/2003,23.89,24.16,23.68,23.83,2568282
01/09/2003,23.99,25.53,23.96,24.73,7010218
01/10/2003,24.4,24.99,24.33,24.91,4667345
01/13/2003,25.07,25.17,24.81,24.83,3904573
01/14/2003,24.88,24.93,24.53,24.85,2751913
01/15/2003,24.99,25.22,24.85,25.08,3314365
01/16/2003,25.11,25.12,24.63,25.03,3963224
01/17/2003,24.99,24.99,24.27,24.52,3724703
01/21/2003,24.53,24.57,24.25,24.33,2484995
01/22/2003,24.24,24.5,23.93,23.93,2141512
01/23/2003,24.06,24.65,23.89,24.54,1951598
01/24/2003,24.26,24.26,23.42,23.56,2871871
01/27/2003,23.33,23.78,22.96,23.74,3359802
01/28/2003,23.76,23.97,23.46,23.95,1762588
01/29/2003,23.67,23.93,23.54,23.87,2529568
01/30/2003,23.93,23.99,23.48,23.48,1688067
01/31/2003,23.18,23.9,23.18,23.54,2749576
02/03/2003,23.69,23.99,23.41,23.81,1985054
02/04/2003,23.82,23.82,22.68,23.19,3926035
02/05/2003,23.17,23.7,23.05,23.28,2893515
02/06/2003,23.3,23.32,22.56,22.71,3804354
02/07/2003,23,23.01,22.56,22.61,2494887
02/10/2003,22.8,22.95,22.19,22.52,2376430
02/11/2003,22.59,22.81,21.99,22.15,2769005
02/12/2003,21.48,21.85,21.26,21.48,4143936
02/13/2003,21.55,22.15,21.52,21.98,3313849
02/14/2003,22,22.75,22,22.72,2899367
02/18/2003,22.89,22.99,22.71,22.89,1453768
02/19/2003,22.78,22.78,22.3,22.44,2808380
02/20/2003,22.66,22.86,22.46,22.53,1801980
02/21/2003,22.55,22.58,22.4,22.55,2550287
02/24/2003,22.54,22.55,22.16,22.25,1369599
02/25/2003,22.06,22.48,21.9,22.44,1732492
02/26/2003,22.45,22.52,22.08,22.19,1385631
02/27/2003,22.32,22.55,22.12,22.46,1499728
02/28/2003,22.53,22.6,21.97,22.23,2983889
03/03/2003,22.38,22.58,22.19,22.22,1754191
03/04/2003,22.21,22.28,21.68,21.75,2171019
03/05/2003,21.61,22.19,21.56,21.99,2308283
03/06/2003,21.97,22.06,21.68,21.96,2083199
03/07/2003,21.8,22.11,21.59,22.11,2328258
03/10/2003,22.03,22.04,21.11,21.12,2286230
03/11/2003,21.22,21.41,20.71,20.72,2674946
03/12/2003,20.59,20.78,20.02,20.41,2481604
03/13/2003,20.64,21.8,20.64,21.57,4607427
03/14/2003,21.83,22.23,21.64,21.82,2381185
03/17/2003,21.7,22.51,21.52,22.5,2444949
03/18/2003,22.6,22.64,22.03,22.24,2500848
03/19/2003,22.39,22.76,22.31,22.53,2919839
03/20/2003,22.51,22.75,21.93,22.43,2527167
03/21/2003,22.89,23.31,22.58,23.12,3571031
03/24/2003,22.73,22.76,21.96,22.24,1757054
03/25/2003,22.22,22.76,22.06,22.66,2027057
03/26/2003,22.5,22.81,22.38,22.51,1850143
03/27/2003,22.36,22.41,21.91,22.34,1559738
03/28/2003,22.29,22.49,22.06,22.14,1275016
03/31/2003,22.16,22.16,21.56,21.66,2632382
04/01/2003,21.69,22.4,21.68,22.1,1931606
04/02/2003,22.55,23.14,22.49,22.8,2258739
04/03/2003,22.88,22.88,22.34,22.35,1733835
04/04/2003,22.55,22.81,22.52,22.75,1594206
04/07/2003,23.29,23.63,23.08,23.08,2355271
04/08/2003,23.08,23.29,22.85,23.06,1207540
04/09/2003,22.63,23.32,22.36,22.36,2431662
04/10/2003,22.39,22.42,21.99,22.28,2284327
04/11/2003,22.32,22.59,22.09,22.19,1652455
04/14/2003,22.25,22.76,22.25,22.76,1628363
04/15/2003,22.77,22.96,22.62,22.92,2130325
04/16/2003,23.09,23.21,22.54,22.61,1414993
04/17/2003,22.68,23,22.63,22.95,1206979
04/21/2003,23.03,23.18,22.79,22.86,965034
04/22/2003,22.83,23.74,22.75,23.69,2308177
04/23/2003,23.88,23.92,23.61,23.73,2558374
04/24/2003,23.72,23.76,23.11,23.43,1786684
04/25/2003,23.52,23.68,23.23,23.32,1671310
04/28/2003,23.37,23.8,23.36,23.66,1779630
04/29/2003,23.62,23.72,23.46,23.65,2267844
04/30/2003,23.72,23.85,23.45,23.64,2141207
05/01/2003,23.69,23.69,23.18,23.43,2052427
05/02/2003,23.41,24.07,23.3,23.96,1770692
05/05/2003,23.93,24.05,23.81,23.96,1599755
05/06/2003,23.92,24.17,23.84,23.89,2331604
05/07/2003,23.63,24.02,23.5,23.71,2983636
05/08/2003,23.59,24,23.52,23.73,2064217
05/09/2003,23.99,24.06,23.89,24.04,2302571
05/12/2003,24.12,24.39,23.34,24.35,2916345
05/13/2003,24.23,24.39,24.14,24.25,2464223
05/14/2003,24.33,24.42,24.08,24.17,2097290
05/15/2003,24.26,24.37,24.07,24.3,1908670
05/16/2003,24.3,24.62,24.26,24.37,2163376
05/19/2003,23.98,24.15,23.67,23.68,1690996
05/20/2003,23.86,23.92,23.36,23.46,2545052
05/21/2003,23.94,23.99,23.47,23.9,1664264
05/22/2003,23.82,24.32,23.18,24.24,2006524
05/23/2003,24.25,24.52,24.25,24.35,2256690
05/27/2003,24.36,24.7,24.07,24.53,2558627
05/28/2003,24.44,24.69,24.4,24.6,3148413
05/29/2003,24.66,24.75,24.09,24.15,2483676
05/30/2003,24.15,24.85,24.12,24.82,2971917
06/02/2003,24.96,25.06,24.61,24.7,2247049
06/03/2003,24.81,25.02,24.59,24.89,1841578
06/04/2003,24.86,24.93,24.59,24.81,1974688
06/05/2003,24.79,24.87,24.49,24.72,2532950
06/06/2003,24.81,25.18,24.41,24.49,3047264
06/09/2003,24.42,24.52,24.16,24.29,1765469
06/10/2003,24.31,24.48,24.16,24.47,1438109
06/11/2003,24.36,24.95,24.33,24.93,1849011
06/12/2003,25.03,25.33,24.94,25.1,2151641
06/13/2003,25.17,25.26,24.59,24.92,1256996
06/16/2003,24.96,25.66,24.96,25.53,1845943
06/17/2003,25.54,25.74,25.42,25.42,1747728
06/18/2003,25.42,25.61,25.18,25.28,1531464
06/19/2003,25.29,25.29,24.23,24.25,1981752
06/20/2003,24.25,24.7,24.22,24.33,4102762
06/23/2003,24.25,24.57,24.15,24.28,2510022
06/24/2003,24.35,24.74,24.25,24.62,2730300
06/25/2003,24.4,24.8,24.37,24.43,2207477
06/26/2003,24.54,25.1,24.5,24.9,2661265
06/27/2003,25.04,25.26,24.93,25.02,1936820
06/30/2003,25.02,25.25,24.81,24.93,3694187
07/01/2003,24.92,25.22,24.82,25.18,3632982
07/02/2003,25.26,25.92,25.2,25.81,3485039
07/03/2003,25.74,25.92,25.48,25.79,1527374
07/07/2003,25.87,26.24,25.77,26.19,2493314
07/08/2003,25.97,26.28,25.83,26.26,2969296
07/09/2003,26.31,26.57,26.16,26.23,2760220
07/10/2003,26.12,26.18,25.75,25.89,1851564
07/11/2003,25.9,26.17,25.82,26.07,1583598
07/14/2003,26.25,26.72,26.17,26.53,3127939
07/15/2003,26.99,27.01,26.14,26.25,1925863
07/16/2003,26.33,26.52,25.72,25.92,3504057
07/17/2003,25.93,26.22,25.92,26.02,2118003
07/18/2003,26.28,26.89,26.14,26.83,2152552
07/21/2003,26.92,26.92,26.1,26.37,1589483
07/22/2003,26.3,26.36,25.93,26.13,2371241
07/23/2003,26.14,26.28,26.08,26.16,1299824
07/24/2003,26.52,26.75,26.13,26.18,1671059
07/25/2003,26.16,26.8,26.11,26.73,1677696
07/28/2003,26.72,27.35,26.55,27.18,2279921
07/29/2003,27.05,27.11,26.61,26.79,1641621
07/30/2003,26.71,26.86,26.47,26.67,1997321
07/31/2003,26.7,26.76,26.25,26.36,2074588
08/01/2003,26.39,26.46,25.97,26.12,1758725
08/04/2003,25.96,25.99,25.42,25.67,1947914
08/05/2003,25.74,26.23,25.6,25.63,1548330
08/06/2003,26.08,26.63,26.03,26.32,2759709
08/07/2003,26.2,26.67,26.1,26.57,1608640
08/08/2003,26.65,27.02,26.64,26.93,1585345
08/11/2003,27.02,27.18,26.49,26.59,2290190
08/12/2003,26.69,27.1,26.47,27.09,1561434
08/13/2003,27.16,27.2,26.55,26.62,1377842
08/14/2003,26.75,27.02,26.46,26.9,1354085
08/15/2003,26.91,27.21,26.66,27.07,764673
08/18/2003,27.05,27.35,27.04,27.32,1237961
08/19/2003,27.5,27.5,27.14,27.38,1615408
08/20/2003,27.36,27.67,27.3,27.56,2890261
08/21/2003,27.55,27.57,26.98,27,1892903
08/22/2003,27.17,27.2,26.51,26.53,1594417
08/25/2003,26.57,26.72,26.46,26.6,1706033
08/26/2003,26.55,27.02,26.25,26.89,1415971
08/27/2003,26.73,26.96,26.43,26.47,1157709
08/28/2003,26.54,26.62,26.4,26.57,1480181
08/29/2003,26.53,27.09,26.52,26.96,1292616
09/02/2003,27.05,27.76,26.88,27.54,1862864
09/03/2003,27.48,27.78,27.41,27.73,1941974
09/04/2003,27.73,27.79,26.27,27.27,3756193
09/05/2003,27.04,27.2,26.93,26.99,1765292
09/08/2003,26.99,27.47,26.98,27.36,1142818
09/09/2003,27.34,27.34,26.8,26.85,1497220
09/10/2003,26.81,26.94,26.54,26.64,1884271
09/11/2003,26.9,26.96,26.72,26.75,1270172
09/12/2003,26.97,27.49,26.94,27.46,2259331
09/15/2003,27.42,27.42,27.1,27.38,1379147
09/16/2003,27.37,27.76,27.33,27.69,1789155
09/17/2003,27.43,27.63,27.43,27.57,978180
09/18/2003,27.81,28.16,27.7,27.96,1522129
09/19/2003,27.81,27.96,27.3,27.92,2559708
09/22/2003,27.56,27.8,27.42,27.75,1464299
09/23/2003,27.86,28.11,27.78,28.07,1709442
09/24/2003,28.1,28.16,27.24,27.39,1753383
09/25/2003,27.28,27.71,27.28,27.45,1430087
09/26/2003,27.25,27.59,27.21,27.41,2214603
09/29/2003,27.51,28.33,27.47,28.19,2940250
09/30/2003,27.84,28.19,27.63,27.67,3123223
10/01/2003,27.76,28,27.72,27.83,3126323
10/02/2003,27.84,27.96,27.57,27.85,1795635
10/03/2003,27.86,28.54,27.86,27.87,2427576
10/06/2003,27.96,28.02,27.81,27.9,1297400
10/07/2003,27.54,27.9,27.5,27.84,1963532
10/08/2003,27.8,28.06,27.69,27.74,1764260
10/09/2003,27.76,28.62,27.76,28.19,1825232
10/10/2003,28.19,28.37,28.07,28.22,1241566
10/13/2003,28.19,28.45,28.17,28.39,1547505
10/14/2003,28.6,28.63,28.38,28.52,1284168
10/15/2003,28.7,28.81,28.45,28.69,1859849
10/16/2003,28.85,28.9,28.56,28.7,1553070
10/17/2003,28.92,28.92,28.34,28.53,1508131
10/20/2003,28.45,28.59,28.12,28.33,2252653
10/21/2003,28.33,28.51,28.17,28.37,2351975
10/22/2003,28.36,28.36,27.84,27.93,1802177
10/23/2003,27.88,28.64,27.82,28.46,2398768
10/24/2003,28.43,28.7,27.64,28.66,2951135
10/27/2003,28.8,28.88,28.36,28.62,2021330
10/28/2003,28.62,28.8,28.46,28.74,1814477
10/29/2003,28.6,29.07,28.33,28.95,2603332
10/30/2003,29,29.25,28.55,28.72,1759588
10/31/2003,28.72,28.89,28.45,28.64,2504542
11/03/2003,28.66,29.07,28.46,28.88,2630888
11/04/2003,28.9,28.9,27.91,28.19,3762171
11/05/2003,28.18,28.18,26.66,27.55,6790931
11/06/2003,27.25,27.73,27.24,27.67,2317605
11/07/2003,27.67,27.99,27.28,27.36,2180259
11/10/2003,27.23,27.44,27.16,27.34,1524576
11/11/2003,27.34,27.39,27.07,27.31,2643142
11/12/2003,27.22,27.67,27.21,27.63,2168772
11/13/2003,27.63,28.04,27.63,27.93,1784536
11/14/2003,27.9,28,27.34,27.34,2151186
11/17/2003,27.34,27.34,26.93,27.09,1350231
11/18/2003,27.61,27.85,27.4,27.42,2430190
11/19/2003,27.22,27.59,27.14,27.54,2024006
11/20/2003,27.14,27.75,27.07,27.54,2572915
11/21/2003,27.95,28.07,27.72,27.78,2552875
11/24/2003,28.04,28.61,27.98,28.6,2550376
11/25/2003,28.59,28.95,28.47,28.85,2381445
11/26/2003,29.22,29.43,29.11,29.36,2423820
11/28/2003,29.31,29.44,29.31,29.38,870853
12/01/2003,29.47,30.49,29.44,30.25,3382243
12/02/2003,30.1,30.12,29.85,30.06,2593219
12/03/2003,30.04,30.33,29.95,30.05,1821967
12/04/2003,30.34,30.73,30.15,30.38,2349329
12/05/2003,30.38,30.57,30.14,30.25,1675177
12/08/2003,30.03,30.51,29.92,30.47,1730401
12/09/2003,30.51,30.58,30.15,30.24,1900720
12/10/2003,30.24,30.8,30.2,30.55,1966040
12/11/2003,30.34,31.14,30.21,31.09,2564710
12/12/2003,31.05,31.13,30.89,30.94,2355644
12/15/2003,31.11,31.12,30.48,30.52,2098781
12/16/2003,30.57,30.74,30.31,30.72,2687030
12/17/2003,30.56,31.08,30.5,30.99,2146158
12/18/2003,31.14,31.44,30.92,31.41,2226563
12/19/2003,31.38,31.38,30.76,31.17,2183546
12/22/2003,31.07,31.29,30.89,31.04,1277099
12/23/2003,30.94,31.17,30.88,31.11,1591717
12/24/2003,31.06,31.34,30.69,31.24,826620
12/26/2003,31.11,31.44,31.07,31.35,417309
12/29/2003,31.37,31.7,31.2,31.66,1432913
12/30/2003,31.67,31.68,31.37,31.43,1460014
12/31/2003,31.4,31.49,31.18,31.35,1293506
01/02/2004,31.46,32.16,31.31,31.46,1706445
01/05/2004,31.7,31.88,31.35,31.54,1509635
01/06/2004,31.29,31.49,31.08,31.41,1644118
01/07/2004,31.19,31.29,30.81,31.2,2913561
01/08/2004,31.15,31.76,31.15,31.7,1583728
01/09/2004,31.46,31.89,31.31,31.49,1458417
01/12/2004,31.57,31.73,31.39,31.71,1128214
01/13/2004,31.71,31.84,31.44,31.66,1205337
01/14/2004,31.64,32.48,31.57,32.4,1709660
01/15/2004,32.65,32.8,32.25,32.37,1297541
01/16/2004,32.51,33.11,32.46,32.56,1904520
01/20/2004,32.58,32.67,32.39,32.57,1667347
01/21/2004,32.81,33.56,32.7,33.36,1542899
01/22/2004,33.44,33.87,33.22,33.31,1375869
01/23/2004,33.39,33.43,32.73,32.78,1735558
01/26/2004,32.8,33.03,32.43,32.8,2915077
01/27/2004,32.73,33.03,32.21,32.39,1946252
01/28/2004,32.39,33.01,32.33,32.6,2169108
01/29/2004,32.73,32.94,32.15,32.65,1434446
01/30/2004,32.43,32.92,32.41,32.69,1637796
02/02/2004,32.74,33.04,32.63,32.89,1584562
02/03/2004,32.91,33.47,32.85,33.37,2039910
02/04/2004,33.34,33.56,33.16,33.31,1701742
02/05/2004,33.42,33.81,33.34,33.73,1711407
02/06/2004,33.62,34.27,33.62,34.19,1253837
02/09/2004,34.05,34.27,33.57,33.67,1523407
02/10/2004,33.66,33.88,33.43,33.79,1391811
02/11/2004,34.2,35.24,33.79,35.05,2875319
02/12/2004,35.21,35.21,34.68,34.83,1121287
02/13/2004,34.6,35.21,34.51,34.63,1405966
02/17/2004,34.85,35.39,34.78,35.29,1770063
02/18/2004,35.49,35.88,35.13,35.29,2162554
02/19/2004,35.79,36.02,34.87,34.94,1965930
02/20/2004,34.92,34.94,34.47,34.7,1431296
02/23/2004,34.82,35.28,34.3,34.45,1805595
02/24/2004,34.25,34.85,34.18,34.4,1905053
02/25/2004,34.32,34.8,34.31,34.52,1618936
02/26/2004,34.38,34.57,34.07,34.47,1455799
02/27/2004,34.2,35.22,34.2,34.82,3891273
03/01/2004,35.12,35.17,34.85,35.01,2104190
03/02/2004,34.89,35.49,34.86,35.26,1534900
03/03/2004,35.04,35.98,34.96,35.72,2053265
03/04/2004,35.75,36.17,35.75,36.11,2078730
03/05/2004,35.95,36.12,35.41,35.6,1763057
03/08/2004,35.49,35.51,35.12,35.21,1432493
03/09/2004,35.06,35.15,34.73,34.88,778669
03/10/2004,34.92,35.06,34.23,34.31,1384628
03/11/2004,34.04,34.41,33.47,33.57,2170742
03/12/2004,33.33,34.44,33.11,34.32,2295995
03/15/2004,34.19,34.22,33.33,33.39,2511160
03/16/2004,33.64,33.8,33.34,33.48,2108372
03/17/2004,33.7,34.55,33.34,34.43,2327671
03/18/2004,34.44,35.35,34.3,35.3,2915662
03/19/2004,35.05,35.11,34.26,34.35,2271607
03/22/2004,33.54,34.04,33.21,33.93,3052093
03/23/2004,33.96,34.11,33.49,33.64,2132354
03/24/2004,33.53,33.74,33.1,33.14,2584318
03/25/2004,33.32,33.33,32.82,33.04,4671405
03/26/2004,32.95,33.17,32.82,33.05,4422881
03/29/2004,33.06,33.61,33.06,33.44,2682772
03/30/2004,33.42,33.74,33.4,33.57,2601491
03/31/2004,33.64,33.68,33.46,33.6,2766762
04/01/2004,33.63,34.08,33.63,34.05,2446926
04/02/2004,34.23,34.62,34.12,34.35,2315068
04/05/2004,34.3,34.64,34.3,34.59,2076922
04/06/2004,34.6,34.85,34.48,34.8,2048585
04/07/2004,34.77,34.86,34.5,34.52,2585184
04/08/2004,34.82,35.03,34.36,34.46,1927026
04/12/2004,34.75,34.94,34.64,34.7,1362154
04/13/2004,34.78,34.91,33.78,33.8,1915446
04/14/2004,33.65,33.99,33.2,33.45,1155823
04/15/2004,33.49,33.85,32.91,33.15,1268058
04/16/2004,33.44,33.46,33.04,33.18,1819164
04/19/2004,33.13,33.22,32.95,33.07,1158589
04/20/2004,33.14,33.37,32.23,32.25,2029840
04/21/2004,32.3,32.52,32.02,32.32,2344945
04/22/2004,32.32,33.73,32.24,33.59,2981424
04/23/2004,33.57,33.71,33.26,33.53,1817060
04/26/2004,33.64,33.77,33.34,33.43,1663921
04/27/2004,33.38,33.86,33.33,33.44,1915286
04/28/2004,33.42,33.51,32.9,33.05,2649015
04/29/2004,33.06,33.4,32.8,32.86,1964848
04/30/2004,33.01,33.36,32.95,32.99,1992360
05/03/2004,33.03,33.09,32.61,32.78,2153204
05/04/2004,32.97,33.81,32.83,33.39,2720552
05/05/2004,33.25,33.25,32.45,32.83,4128537
05/06/2004,32.63,32.63,31.99,32.3,2148582
05/07/2004,32.09,32.26,31.22,31.34,2222064
05/10/2004,30.79,31.04,30.13,30.81,2926681
05/11/2004,30.83,31.31,30.83,31.3,1920608
05/12/2004,31.44,32.02,31.09,31.96,2999307
05/13/2004,31.9,32.42,31.68,32.28,3128357
05/14/2004,32.24,32.53,31.81,32.28,1739153
05/17/2004,31.92,32.11,31.32,31.65,1967235
05/18/2004,31.73,32.08,31.67,31.99,2249209
05/19/2004,32.4,32.59,31.91,31.91,2040017
05/20/2004,31.9,32.14,31.74,32.04,1347331
05/21/2004,32.11,32.38,31.72,31.83,1767961
05/24/2004,31.94,32.18,31.75,31.76,2205147
05/25/2004,31.81,32.2,31.29,32.15,3158882
05/26/2004,32.1,32.77,32.1,32.69,2173053
05/27/2004,33.02,33.37,32.87,33.28,2570733
05/28/2004,33.06,33.42,32.98,33.28,1891371
06/01/2004,33.28,33.42,32.75,33.1,1788648
06/02/2004,33.11,33.33,32.99,33.27,1805823
06/03/2004,33.25,33.39,33.12,33.32,1844194
06/04/2004,33.66,33.91,33.48,33.53,1892365
06/07/2004,33.95,34.06,33.8,33.83,2135230
06/08/2004,33.82,34.28,33.78,34.25,2663164
06/09/2004,34.26,34.41,33.81,33.88,2406309
06/10/2004,33.96,34.18,33.83,33.94,1453400
06/14/2004,33.93,33.97,33.45,33.57,1939400
06/15/2004,33.55,33.74,33.43,33.55,2187436
06/16/2004,33.57,33.91,33.57,33.84,1334773
06/17/2004,33.88,34.24,33.61,34.18,2221795
06/18/2004,33.88,34.25,33.84,34.06,4049008
06/21/2004,34.02,34.38,33.92,34.04,1797640
06/22/2004,33.9,34.36,33.71,34.36,2165153
06/23/2004,34.26,34.57,34,34.54,2564800
06/24/2004,34.48,34.85,34.47,34.61,2073772
06/25/2004,34.59,34.77,34.26,34.29,3215610
06/28/2004,34.36,34.57,34.05,34.13,1332355
06/29/2004,34.07,34.95,34.05,34.74,1812060
06/30/2004,34.79,35.04,34.51,34.9,1833602
07/01/2004,34.98,35.24,34.42,34.83,1743285
07/02/2004,34.86,34.88,34.6,34.65,911032
07/06/2004,34.48,34.49,34.02,34.24,1626070
07/07/2004,34.09,34.24,33.76,33.85,1722065
07/08/2004,33.59,33.82,33.37,33.39,1871519
07/09/2004,33.47,33.72,33.43,33.65,1432973
07/12/2004,33.62,34.63,33.62,34.48,2574139
07/13/2004,34.56,34.72,34.09,34.27,1965771
07/14/2004,34.11,34.62,33.98,34.3,1417296
07/15/2004,34.2,34.27,33.85,34.05,1152332
07/16/2004,34.65,34.74,34.46,34.5,2033488
07/19/2004,34.54,34.94,34.54,34.76,1909673
07/20/2004,34.85,34.94,34.59,34.81,2373323
07/21/2004,34.88,35.07,34.48,34.51,2193699
07/22/2004,34.51,34.54,33.98,34.44,3225000
07/23/2004,34.45,34.45,33.9,34.08,1830865
07/26/2004,34.06,34.36,34.06,34.28,1148058
07/27/2004,34.3,34.54,34.21,34.47,1683948
07/28/2004,34.46,34.63,33.9,34.32,1584209
07/29/2004,34.66,35.03,34.48,34.77,1369897
07/30/2004,34.55,35,34.51,34.97,1413273
08/02/2004,34.51,34.7,34.15,34.62,2148641
08/03/2004,34.45,34.67,34.29,34.35,1339661
08/04/2004,34.19,35.09,34.03,34.8,2513024
08/05/2004,34.86,34.91,34.28,34.29,1295393
08/06/2004,34.05,34.14,33.68,33.83,1937276
08/09/2004,33.93,34.05,33.53,33.72,1674597
08/10/2004,33.78,33.84,33.49,33.84,2493307
08/11/2004,33.61,33.73,33.23,33.7,2646851
08/12/2004,33.49,33.76,33.39,33.43,1524110
08/13/2004,33.55,33.55,32.95,33.24,2048099
08/16/2004,33.34,33.77,33.3,33.67,2065843
08/17/2004,33.84,33.97,33.53,33.74,3169250
08/18/2004,33.74,34.17,33.52,34.17,2718177
08/19/2004,34.18,34.33,33.8,34.12,2177106
08/20/2004,34.13,34.51,34.09,34.5,1947248
08/23/2004,34.5,34.67,33.82,34.01,2861283
08/24/2004,34.21,34.42,33.82,34.19,3222946
08/25/2004,34.31,34.58,33.85,34.37,2696270
08/26/2004,34.39,34.77,34.23,34.7,2212620
08/27/2004,34.72,35.02,34.51,34.62,2812762
08/30/2004,34.63,34.8,34.43,34.48,1926969
08/31/2004,34.58,34.68,34.17,34.65,2982317
09/01/2004,34.66,34.9,34.33,34.54,3164457
09/02/2004,34.53,35.33,34.5,35.3,3020976
09/03/2004,35.28,35.6,35.22,35.49,2808406
09/07/2004,35.93,36.27,35.87,36.1,3368776
09/08/2004,36.11,36.16,35.51,35.56,2955487
09/09/2004,35.56,35.82,35.28,35.74,2507958
09/10/2004,35.66,36.04,35.64,35.99,2022355
09/13/2004,35.75,35.97,35.44,35.76,2816077
09/14/2004,35.91,35.91,35.42,35.71,1918939
09/15/2004,35.53,35.91,35.5,35.86,2365490
09/16/2004,35.81,36.17,35.77,36.08,2125788
09/17/2004,36.22,36.53,35.96,36.03,3416099
09/20/2004,36.02,36.02,35.6,35.7,1587788
09/21/2004,35.73,35.84,35.56,35.84,2098578
09/22/2004,35.59,35.6,35.11,35.37,2963116
09/23/2004,35.42,35.5,34.98,35.01,1891819
09/24/2004,35.1,35.53,35.04,35.5,2577927
09/27/2004,35.37,35.42,34.83,35.04,2489977
09/28/2004,35.03,35.24,34.91,35.16,2004261
09/29/2004,35.06,35.17,34.79,35.12,2181380
09/30/2004,35.13,35.42,34.98,35.31,3236051
10/01/2004,35.39,35.95,35.3,35.84,3092657
10/04/2004,35.99,36.46,35.99,36.29,2497337
10/05/2004,36.14,36.26,36.05,36.16,2290723
10/06/2004,36.23,36.44,36.03,36.28,2447876
10/07/2004,36.18,36.23,35.69,35.79,1902017
10/08/2004,35.43,35.65,35.14,35.29,2455069
10/11/2004,35.22,35.55,35.18,35.27,1351791
10/12/2004,35.15,35.24,34.91,35.09,1383978
10/13/2004,35.16,35.38,34.88,34.97,1914576
10/14/2004,34.89,35.01,34.01,34.33,3992016
10/15/2004,34.79,34.79,32.41,33.52,9599415
10/18/2004,33.41,33.87,32.85,33.71,4892956
10/19/2004,33.94,33.95,31.83,32.18,5596614
10/20/2004,32.21,33.18,32.21,32.9,6637691
10/21/2004,32.93,33.15,32.52,32.91,4326829
10/22/2004,33.03,33.63,33.03,33.27,3701706
10/25/2004,33.16,33.35,32.68,33.16,3353662
10/26/2004,33.4,34.32,33.18,34.29,3518861
10/27/2004,34.08,34.51,33.65,34.48,3764709
10/28/2004,34.32,35.14,34.23,34.83,2715439
10/29/2004,34.82,35.01,34.51,34.87,2538696
11/01/2004,35.05,35.15,34.77,35.01,2819944
11/02/2004,35.03,35.39,34.91,35.15,2137819
11/03/2004,36.78,36.85,35.64,36.03,5281276
11/04/2004,36.23,37.37,36.11,37.37,2983782
11/05/2004,37.37,37.52,36.77,37.1,2943650
11/08/2004,37.28,37.48,36.99,37.29,1715314
11/09/2004,37.24,37.39,36.59,36.86,2853272
11/10/2004,36.73,37.29,36.72,37.28,3247918
11/11/2004,37.36,37.51,37.18,37.39,2512696
11/12/2004,37.37,37.38,35.59,36.03,7410251
11/15/2004,36.3,37,36.22,36.98,3272222
11/16/2004,36.75,36.87,36.31,36.37,2410430
11/17/2004,36.47,36.97,36.38,36.74,2434816
11/18/2004,36.77,36.81,36.12,36.38,3386010
11/19/2004,36.37,36.64,36.03,36.14,3887502
11/22/2004,36.14,36.68,36.14,36.58,2194008
11/23/2004,36.75,37.4,36.57,37.36,3154467
11/24/2004,37.48,37.95,37.38,37.51,2146913
11/26/2004,37.37,37.71,37.18,37.56,754889
11/29/2004,37.48,37.67,36.81,37.23,2124551
11/30/2004,37.32,37.39,37.06,37.22,2252891
12/01/2004,37.66,38.72,37.63,38.6,3552489
12/02/2004,38.47,38.98,38.47,38.8,2230404
12/03/2004,38.81,39.35,38.66,39.28,3252755
12/06/2004,39.01,39.16,38.7,39.04,2852659
12/07/2004,38.91,39.24,38.8,38.81,2567698
12/08/2004,38.99,39.32,38.64,38.88,2301142
12/09/2004,38.68,38.98,38.51,38.9,1739463
12/10/2004,38.9,39.63,38.86,39.46,1548372
12/13/2004,39.4,39.76,39.29,39.67,1965277
12/14/2004,39.39,40.59,39.38,40.39,3007706
12/15/2004,40.43,41.06,40.33,40.93,3193906
12/16/2004,41.08,41.08,40.1,40.64,3121920
12/17/2004,40.02,41.23,39.99,41.13,5307888
12/20/2004,41.16,41.75,40.57,40.8,2916379
12/21/2004,40.73,41.14,40.19,41.06,2834383
12/22/2004,41.86,42.09,41.16,41.8,4732901
12/23/2004,41.66,41.93,41.31,41.49,1965306
12/27/2004,41.49,41.82,41.28,41.6,1444400
12/28/2004,41.59,42.1,41.56,41.89,1408071
12/29/2004,41.89,42.3,41.79,41.89,1666011
12/30/2004,41.91,42.02,41.75,41.87,1624458
12/31/2004,41.76,42,41.67,41.83,1596913
01/03/2005,41.7,41.79,40.94,40.97,2719885
01/04/2005,41.17,41.27,40.67,40.67,2378826
01/05/2005,40.78,40.97,40.2,40.28,2389014
01/06/2005,40.29,40.85,40.27,40.55,2019211
01/07/2005,40.49,40.62,39.99,40.02,2185152
01/10/2005,40.09,40.7,40.05,40.35,1758668
01/11/2005,40.31,40.52,39.6,40.31,1877441
01/12/2005,40.32,40.51,39.75,40.27,2502143
01/13/2005,40.25,40.78,40.15,40.31,1585587
01/14/2005,40.21,41.03,40.01,40.97,2153880
01/18/2005,40.65,41.92,40.62,41.83,2497298
01/19/2005,41.59,42.03,41.58,41.72,1956643
01/20/2005,41.55,41.73,41.05,41.14,2014653
01/21/2005,41.06,41.3,40.8,41.03,2576707
01/24/2005,41.03,41.08,40.87,40.89,1829744
01/25/2005,41.02,41.25,40.88,40.97,1770588
01/26/2005,40.95,41.33,40.82,41.08,1968237
01/27/2005,40.89,41.32,40.74,41.09,1029815
01/28/2005,40.93,41.14,40.32,40.64,2032221
01/31/2005,41.21,41.48,40.6,40.95,2217187
02/01/2005,41.16,41.38,40.72,41.29,2223566
02/02/2005,41.31,41.73,41.27,41.61,1521028
02/03/2005,41.44,41.98,41.42,41.89,1908140
02/04/2005,41.74,42.85,41.71,42.76,1877466
02/07/2005,42.75,42.87,42.47,42.52,2114681
02/08/2005,42.32,42.71,42.25,42.35,2168127
02/09/2005,42.62,43.54,42.62,43.31,3280296
02/10/2005,43.3,43.87,43.17,43.79,2514106
02/11/2005,43.7,44.38,43.49,44.13,2253972
02/14/2005,44.06,44.47,43.89,44.23,1467403
02/15/2005,44.04,44.86,44.01,44.56,2753903
02/16/2005,43.54,45.25,43.54,44.9,3622511
02/17/2005,44.65,44.83,44.2,44.2,2236319
02/18/2005,44.27,44.33,44.03,44.26,1485986
02/22/2005,43.89,44.09,43.21,43.31,2547190
02/23/2005,43.32,43.57,43.09,43.26,2105583
02/24/2005,43.28,43.46,42.98,43.43,1631210
02/25/2005,43.41,44.16,43.33,44.07,1387420
02/28/2005,43.95,43.95,43.23,43.27,2286371
03/01/2005,43.46,43.87,43.39,43.73,1767447
03/02/2005,43.43,43.75,43.27,43.37,1438201
03/03/2005,43.49,44,43.27,43.59,1983519
03/04/2005,43.78,44.47,43.75,44.35,1510390
03/07/2005,44.49,44.96,44.18,44.59,1450314
03/08/2005,44.37,44.51,43.79,44.02,2069647
03/09/2005,43.87,44.32,43.79,43.94,1661277
03/10/2005,43.98,44.49,43.64,44.03,1681521
03/11/2005,44.34,44.61,43.8,44.08,1943873
03/14/2005,44.22,45.36,44.07,45.06,2425415
03/15/2005,45.07,45.26,44.59,44.61,1841790
03/16/2005,44.3,44.45,43.88,44.4,1555668
03/17/2005,44.73,45,44.46,44.75,2755997
03/18/2005,44.89,45.13,44.54,45.11,4713047
03/21/2005,45,45.29,44.68,44.91,1930054
03/22/2005,44.8,44.9,43.29,43.39,3014628
03/23/2005,43.56,43.56,42.92,43.3,3020133
03/24/2005,43.3,43.63,43.03,43.04,1768688
03/28/2005,43.21,43.49,43.15,43.29,1782258
03/29/2005,43.22,43.75,42.9,42.98,2070607
03/30/2005,42.89,43.38,42.84,43.35,2079735
03/31/2005,43.56,43.73,43.27,43.62,1501448
04/01/2005,44.02,44.51,43.07,43.4,2097005
04/04/2005,43.41,44.13,42.9,43.93,1948353
04/05/2005,43.76,44.05,43.41,43.73,1956890
04/06/2005,43.7,44.13,43.62,43.71,1733382
04/07/2005,43.67,44.11,43.67,44.11,1085192
04/08/2005,44.11,44.3,43.89,43.93,1115944
04/11/2005,44.02,44.25,43.79,44.1,1151986
04/12/2005,43.95,44.64,43.33,44.44,1939660
04/13/2005,44.43,44.43,43.89,43.95,1497247
04/14/2005,44.18,44.31,43.69,43.92,2375454
04/15/2005,43.53,44.12,42.69,42.78,4249671
04/18/2005,42.89,43.31,42.75,43.08,2510359
04/19/2005,43.04,43.55,42.98,43.33,1730958
04/20/2005,43.33,43.37,42.35,42.48,2137068
04/21/2005,42.71,42.92,42.24,42.73,3179898
04/22/2005,42.48,42.91,42.17,42.53,2639973
04/25/2005,42.52,42.65,42.29,42.47,2985343
04/26/2005,42.47,42.61,42.09,42.36,2419030
04/27/2005,42.33,42.35,41.53,42.14,2504037
04/28/2005,42.12,42.49,41.84,42.01,1766761
04/29/2005,42.4,43.48,42.21,43.44,2962676
05/02/2005,43.46,43.65,43.08,43.48,2589914
05/03/2005,43.42,43.78,43.26,43.67,2574155
05/04/2005,43.82,45.49,43.8,45.07,4084538
05/05/2005,45.17,45.36,44.26,44.72,2334558
05/06/2005,44.81,45.3,44.54,45.1,2140732
05/09/2005,44.89,45.79,44.89,45.7,2440980
05/10/2005,45.42,45.42,44.59,44.82,2177315
05/11/2005,44.95,45.78,44.83,45.68,2037666
05/12/2005,45.74,45.92,45.21,45.29,1988582
05/13/2005,45.25,45.38,44.49,44.89,1955566
05/16/2005,45.19,47.03,45.1,46.93,3846931
05/17/2005,46.2,46.51,45.88,46.41,3337869
05/18/2005,46.41,46.71,46.04,46.16,2183856
05/19/2005,46.15,46.48,46,46.46,1954762
05/20/2005,46.38,46.49,46.01,46.42,1575880
05/23/2005,46.19,46.58,45.95,46.34,2025930
05/24/2005,46.32,46.51,46.12,46.47,1260943
05/25/2005,46.29,46.4,45.73,45.85,1569214
05/26/2005,46.16,47.51,46.05,47.35,2367842
05/27/2005,47.16,47.95,47.13,47.73,1493848
05/31/2005,47.64,48.37,47.36,48.14,2857662
06/01/2005,48.05,48.95,47.97,48.39,2552706
06/02/2005,47.95,47.98,47,47.28,2850711
06/03/2005,47.04,47.11,46.12,46.42,3043697
06/06/2005,46.73,48.07,46.48,47.95,2558707
06/07/2005,47.93,48.2,47.63,47.76,2207904
06/08/2005,47.89,48.33,47.77,47.83,1575540
06/09/2005,47.81,48.44,47.47,48.11,2289647
06/10/2005,48.24,48.57,47.86,48.44,1547879
06/13/2005,48.25,48.57,47.71,48.11,2061346
06/14/2005,47.65,48.56,45.88,48.43,1996625
06/15/2005,48.43,48.68,48.15,48.59,2016465
06/16/2005,48.4,48.95,48.36,48.64,2324938
06/17/2005,48.65,48.89,48.33,48.75,3227873
06/20/2005,48.38,49.46,48.3,49.26,3224179
06/21/2005,48.96,49.74,48.86,49.51,2177918
06/22/2005,49.93,50.14,49.39,49.92,2676661
06/23/2005,49.73,49.89,49.3,49.31,2468010
06/24/2005,49.19,49.6,49.15,49.28,1797619
06/27/2005,49.33,50.03,49.18,49.84,2234120
06/28/2005,49.95,50.46,49.86,50.41,2096306
06/29/2005,50.6,50.83,50.13,50.41,1651129
06/30/2005,50.42,50.47,49.84,49.88,2673119
07/01/2005,50.07,50.59,49.8,50.57,1847462
07/05/2005,50.34,51.33,50.34,51.24,2597426
07/06/2005,51.17,51.25,50.64,50.65,2211105
07/07/2005,50.15,50.54,49.62,50.42,2153009
07/08/2005,50.33,51.42,50.24,51.29,1781279
07/11/2005,51.81,51.94,51.28,51.39,2369625
07/12/2005,51.38,51.81,51.2,51.63,1972178
07/13/2005,51.51,51.84,51.41,51.73,1549367
07/14/2005,51.14,51.34,50.06,50.3,3719383
07/15/2005,50.27,50.32,49.58,50.12,2581256
07/18/2005,49.93,50.99,49.93,50.41,2907985
07/19/2005,50.82,51.6,50.72,51.22,2649241
07/20/2005,50.87,51.13,50.4,50.75,2174379
07/21/2005,50.87,51.21,50.13,50.16,1718947
07/22/2005,50.21,50.29,49.26,49.75,3115394
07/25/2005,49.67,50.08,49.67,49.77,1564132
07/26/2005,49.82,50.03,49.59,49.98,1559084
07/27/2005,50.26,51.29,50.22,51.24,2528883
07/28/2005,50.94,51.22,50.71,50.94,2103625
07/29/2005,51.05,51.46,50.87,50.87,1435996
08/01/2005,51,51.1,50.72,50.84,1734477
08/02/2005,50.86,51.41,50.78,51.07,1920742
08/03/2005,51.12,51.69,50.93,51.62,2422249
08/04/2005,51.6,51.61,50.39,50.52,1813947
08/05/2005,50.05,50.1,49.32,49.43,2101041
08/08/2005,49.7,49.95,49.05,49.26,1645889
08/09/2005,49.57,49.57,49.09,49.24,2273973
08/10/2005,49.24,49.59,48.99,49.11,2386783
08/11/2005,49.25,49.6,49.21,49.54,2051327
08/12/2005,49.16,49.69,49.05,49.46,1432301
08/15/2005,49.46,50.19,49.34,49.94,1058400
08/16/2005,49.88,49.88,48.86,48.98,1558151
08/17/2005,49.04,49.47,48.6,49.22,1404083
08/18/2005,48.95,49.26,48.8,49.07,1052432
08/19/2005,49.26,49.5,49.14,49.47,1440087
08/22/2005,49.49,49.97,49.07,49.42,1495772
08/23/2005,49.23,49.42,48.75,48.83,2313883
08/24/2005,48.72,49.17,48.65,48.71,2393604
08/25/2005,48.91,49.46,48.82,49.3,1468996
08/26/2005,49.07,49.26,48.61,48.85,2021149
08/29/2005,48.47,48.87,48.35,48.63,2296837
08/30/2005,48.53,48.73,47.75,47.99,2876714
08/31/2005,47.89,48.97,47.47,48.93,2798788
09/01/2005,49.02,50.79,48.68,50.72,4061548
09/02/2005,50.75,50.94,49.32,49.96,2241551
09/06/2005,50.38,51.25,50.38,51.21,2972933
09/07/2005,51.24,51.64,51.06,51.57,1600154
09/08/2005,51.32,51.77,51.18,51.32,1584388
09/09/2005,51.33,51.65,51.03,51.24,1579122
09/12/2005,50.85,51.19,50.36,50.94,2056157
09/13/2005,51.08,51.08,50.34,50.67,1874828
09/14/2005,50.74,51,50.17,50.33,1326654
09/15/2005,50.56,51.44,50.48,51.41,1767477
09/16/2005,51.62,52.04,51.21,51.55,2313751
09/19/2005,51.1,51.63,50.78,51.6,1590351
09/20/2005,51.58,52.76,51.21,51.95,2969259
09/21/2005,51.6,51.73,50.73,50.9,2339607
09/22/2005,50.57,50.6,49.6,49.97,3465289
09/23/2005,49.57,50.26,49.01,49.7,3262683
09/26/2005,49.87,50.17,49.17,49.41,2241568
09/27/2005,49.45,49.79,49.16,49.52,2642590
09/28/2005,49.52,50,49.28,49.77,3531348
09/29/2005,49.75,51.33,49.46,51.19,3111386
09/30/2005,51.01,51.45,50.68,51.38,1798556
10/03/2005,51.05,51.37,50.82,51.21,1623443
10/04/2005,51.55,51.69,50.76,50.8,2320205
10/05/2005,50.77,50.82,50.1,50.18,2385304
10/06/2005,50.37,50.53,49.59,49.87,2294995
10/07/2005,49.66,49.66,49.11,49.49,2814114
10/10/2005,49.85,50.02,49.12,49.16,2029347
10/11/2005,49.27,49.62,48.97,49.29,1555576
10/12/2005,49.49,49.71,48.57,48.93,1984972
10/13/2005,48.51,48.75,48.08,48.14,3001056
10/14/2005,48.27,49.83,48.27,49.21,2721457
10/17/2005,49.26,49.5,49.01,49.29,1151545
10/18/2005,49.16,49.68,48.94,49.49,1727558
10/19/2005,49.5,51.58,49.47,51.54,3600302
10/20/2005,51.73,51.78,50.49,50.62,2322235
10/21/2005,50.81,51.73,50.76,50.94,2402671
10/24/2005,51.41,52.92,51.04,52.75,1987192
10/25/2005,52.55,52.64,51.96,52.32,2342734
10/26/2005,52.3,53.89,52.17,53.38,3188862
10/27/2005,53.23,54.8,52.97,54.14,3614456
10/28/2005,54.25,54.45,53.58,54.08,2972626
10/31/2005,54.24,55.79,54.08,55.35,3771322
11/01/2005,55.46,55.56,54.63,54.73,3496030
11/02/2005,54.3,55.47,54.05,54.62,3474746
11/03/2005,56.84,58.4,56.81,57.49,5836257
11/04/2005,57.32,57.36,55.28,56.2,4521408
11/07/2005,56.49,56.82,56.15,56.44,3054621
11/08/2005,56.3,56.42,55.91,56.04,2023101
11/09/2005,56.89,56.95,56.34,56.35,2571343
11/10/2005,56.17,56.18,54.86,55.92,7439957
11/11/2005,56.09,56.81,55.81,56.74,3658353
11/14/2005,56.59,56.92,56.42,56.52,2622652
11/15/2005,56.9,57.14,56.44,56.53,3030698
11/16/2005,57.2,57.4,56.72,57.1,2834908
11/17/2005,57.3,58.18,57.24,58.17,4003229
11/18/2005,58.85,58.86,58.03,58.36,2776873
11/21/2005,58.79,58.83,58.39,58.76,2357670
11/22/2005,59.06,59.49,58.9,59.37,2625515
11/23/2005,59.42,59.52,59.08,59.23,2666309
11/25/2005,59.39,59.46,58.96,59.17,903762
11/28/2005,59.14,59.44,59.03,59.21,1999750
11/29/2005,59.59,60.37,59.55,59.93,2737864
11/30/2005,59.99,60.17,59.24,59.45,3318893
12/01/2005,59.47,60,59.22,59.3,3568624
12/02/2005,59.2,59.39,58.82,58.98,2373563
12/05/2005,58.98,59.03,58.58,58.73,2561318
12/06/2005,59.33,59.67,58.04,58.21,2766964
12/07/2005,58.28,58.37,57.65,58.02,2997429
12/08/2005,58.37,58.74,58,58.58,3309310
12/09/2005,58.77,58.78,58.15,58.26,2428697
12/12/2005,58.33,58.66,57.89,58.29,2602579
12/13/2005,58.38,58.74,57.64,58.61,3007171
12/14/2005,58.66,58.89,58.41,58.68,2347943
12/15/2005,58.61,58.9,58.11,58.41,2376020
12/16/2005,58.58,58.62,57.31,57.48,3982190
12/19/2005,57.63,57.81,57.3,57.44,1827715
12/20/2005,57.52,58.23,57.48,58.19,2419440
12/21/2005,58.5,58.53,58.18,58.26,1934701
12/22/2005,58.15,58.28,57.59,57.64,2264145
12/23/2005,57.6,57.61,56.79,57.11,1840922
12/27/2005,57.15,57.44,56.8,56.9,1669892
12/28/2005,56.9,57.13,56.87,56.89,1404518
12/29/2005,56.88,57.12,56.48,56.66,1031646
12/30/2005,56.59,56.73,55.96,56.23,1633094
01/03/2006,56.71,58.14,56.62,58.14,4438606
01/04/2006,58.44,58.85,58.33,58.71,3331005
01/05/2006,58.37,58.68,58.15,58.28,1950407
01/06/2006,58.77,58.82,57.96,58.2,2542781
01/09/2006,58,58.96,57.99,58.76,1724761
01/10/2006,58.7,58.7,57.92,58.35,2644431
01/11/2006,58.74,58.89,58.49,58.81,1826845
01/12/2006,58.79,58.89,57.94,58,1674494
01/13/2006,58.18,58.46,57.84,58.01,1885624
01/17/2006,57.61,57.72,57.31,57.66,1878301
01/18/2006,57.64,57.65,57.07,57.31,2269231
01/19/2006,57.38,57.48,56.76,56.76,3158882
01/20/2006,56.85,56.95,56.2,56.2,4145105
01/23/2006,56.28,57.39,56.07,57.18,2559261
01/24/2006,57.02,57.75,57.02,57.53,1978262
01/25/2006,57.54,57.76,57.33,57.5,2653897
01/26/2006,58.15,58.95,58.08,58.66,3007635
01/27/2006,58.78,59.17,58.34,58.38,1737650
01/30/2006,58.27,58.39,57.83,58.23,1594404
01/31/2006,58.23,58.49,57.82,57.88,2114960
02/01/2006,57.91,58.46,57.79,58.31,2091978
02/02/2006,58.15,58.24,57.47,57.63,2144738
02/03/2006,57.23,57.72,57.22,57.35,2037790
02/06/2006,57.51,58.16,57.12,57.81,1792188
02/07/2006,57.68,57.82,57.29,57.49,2530771
02/08/2006,57.94,58.11,57.28,58.1,2012364
02/09/2006,57.01,58.04,56.84,57.78,4433757
02/10/2006,57.84,58.06,57.43,57.83,2205478
02/13/2006,57.42,57.56,57.05,57.33,2247491
02/14/2006,57.53,58.99,57.51,58.49,2816751
02/15/2006,58.23,58.79,57.91,58.19,2718601
02/16/2006,58.04,58.5,57.79,58.42,1890446
02/17/2006,58.37,58.37,57.71,57.88,2031808
02/21/2006,57.79,58.37,57.73,58.02,1800808
02/22/2006,57.45,58.89,57.31,58.8,3421737
02/23/2006,58.35,59.01,58.14,58.8,1772799
02/24/2006,59.19,59.6,59.02,59.52,2305174
02/27/2006,59.24,59.64,59.22,59.54,1955236
02/28/2006,59.18,59.52,58.92,59.2,2842704
03/01/2006,59.22,59.39,58.39,58.42,2238529
03/02/2006,58.06,58.41,57.95,58.07,1946400
03/03/2006,57.67,57.93,57.35,57.4,2431141
03/06/2006,57.6,57.87,57.16,57.43,1776082
03/07/2006,57.49,58.03,57.06,57.99,2258159
03/08/2006,57.93,58.36,57.6,58.2,2235456
03/09/2006,58.04,58.43,57.89,58.11,1475296
03/10/2006,58.01,58.73,57.84,58.44,1810337
03/13/2006,58.32,58.6,57.71,57.83,1735544
03/14/2006,57.64,58.74,57.64,58.7,1819122
03/15/2006,58.51,59.2,58.41,59.19,1426010
03/16/2006,59.18,59.18,58.48,58.7,1610170
03/17/2006,59.06,59.07,58.19,58.79,3117612
03/20/2006,59.15,59.38,58.89,59.22,1497073
03/21/2006,59.24,59.24,58.54,58.6,1118408
03/22/2006,58.18,58.84,58.16,58.67,1267000
03/23/2006,58.56,58.85,58.06,58.72,1514647
03/24/2006,58.65,58.99,58.4,58.53,1107100
03/27/2006,58.73,59.6,58.73,59.52,3014354
03/28/2006,59.46,59.78,59,59.33,2544009
03/29/2006,59.34,59.79,59.02,59.39,1920228
03/30/2006,59.18,59.82,58.88,58.92,1849910
03/31/2006,58.83,59.02,58.19,58.26,1910849
04/03/2006,58.27,58.89,57.98,58.09,1607070
04/04/2006,58.24,59.08,57.99,58.92,1454381
04/05/2006,58.92,59.35,58.79,59.14,1322730
04/06/2006,58.72,59.15,58.69,59.03,1689396
04/07/2006,59.08,59.44,58.42,58.51,1135448
04/10/2006,58.52,58.7,58.23,58.32,1153169
04/11/2006,58.33,58.52,57.69,57.84,1930911
04/12/2006,57.65,58.03,57.47,57.58,1207690
04/13/2006,57.54,57.61,57.12,57.49,1235642
04/17/2006,57.46,57.65,57.09,57.15,1538813
04/18/2006,57.23,58.34,57.2,58.29,1967998
04/19/2006,58.23,58.72,58.03,58.66,1866071
04/20/2006,58.31,58.82,58.27,58.72,1452226
04/21/2006,59.02,59.03,58.49,58.66,1324657
04/24/2006,58.67,58.75,58.16,58.56,1011920
04/25/2006,58.53,58.6,58.24,58.4,1106659
04/26/2006,58.61,59.7,58.58,59.54,1674363
04/27/2006,59.46,60.61,59.31,60.61,2656733
04/28/2006,60.59,61.67,59.92,60.05,3284327
05/01/2006,60.07,60.77,59.3,59.68,2144252
05/02/2006,59.86,60.61,59.76,60.52,2052713
05/03/2006,60.11,60.57,59.5,60.38,2377128
05/04/2006,59.57,60.26,59.12,59.14,2963072
05/05/2006,59.51,60.35,59.22,60.22,2036215
05/08/2006,59.94,60.07,59.39,59.43,2052487
05/09/2006,59.47,59.61,59.25,59.26,1155923
05/10/2006,58.98,60.62,58.98,60.49,2029199
05/11/2006,61.08,61.08,59.57,59.69,1554079
05/12/2006,59.75,60.08,58.96,59.04,1878857
05/15/2006,59.1,60.39,59.1,60.34,2327097
05/16/2006,59.7,60.66,59.13,60.02,1179049
05/17/2006,59.34,59.82,58.36,58.44,3269292
05/18/2006,57.83,58.95,57.83,58.03,1812010
05/19/2006,58.2,59.02,58.03,58.94,2100863
05/22/2006,58.92,58.92,57.76,58.06,2469589
05/23/2006,58.54,58.76,58.03,58.09,1867136
05/24/2006,58.26,58.77,57.73,58.21,2496582
05/25/2006,58.41,58.75,58.19,58.41,1505100
05/26/2006,58.28,58.5,57.92,58.25,1859657
05/30/2006,57.64,57.9,57.48,57.64,2372243
05/31/2006,57.51,58.51,57.51,58.5,3238270
06/01/2006,58.52,59.47,58.49,59.41,1782982
06/02/2006,59.36,59.73,59.31,59.7,1717816
06/05/2006,59.7,59.7,58.81,58.81,1707609
06/06/2006,59.2,59.44,58.44,59.14,2164481
06/07/2006,59.48,59.66,58.94,58.97,1690754
06/08/2006,59.08,59.65,58.63,59.5,3089415
06/09/2006,59.34,59.8,59.12,59.15,1487876
06/12/2006,59.15,59.26,58.42,58.42,2285451
06/13/2006,58.43,58.64,57.55,57.55,2912425
06/14/2006,57.46,57.85,56.54,57.21,3376597
06/15/2006,57.23,58.74,57.04,58.53,1946794
06/16/2006,58.1,58.55,57.79,58.13,1852888
06/19/2006,58.37,58.69,57.54,57.74,1816907
06/20/2006,57.88,58.51,57.79,58.17,1764236
06/21/2006,58.09,58.92,57.93,58.65,1995597
06/22/2006,58.61,58.62,57.75,58.09,1759702
06/23/2006,57.81,58.52,57.74,57.93,1409867
06/26/2006,57.82,59.13,57.82,59.02,1891182
06/27/2006,58.37,58.98,58.19,58.24,1502620
06/28/2006,58.21,58.67,58.01,58.56,1914636
06/29/2006,58.97,59.85,58.8,59.85,1860009
06/30/2006,59.93,60,59.69,59.7,1784086
07/03/2006,59.77,60.77,59.49,60.72,861635
07/05/2006,60.3,60.4,59.34,59.94,1646923
07/06/2006,59.81,60.27,59.81,60.05,1533588
07/07/2006,60.01,60.02,59.59,59.6,1168000
07/10/2006,59.78,60.5,59.78,60.27,1573487
07/11/2006,60.26,60.8,59.85,60.76,1362970
07/12/2006,60.74,60.74,60.07,60.13,1855395
07/13/2006,59.72,60.01,59.04,59.07,2524065
07/14/2006,58.9,58.91,58.28,58.8,2351324
07/17/2006,58.77,59.3,58.66,59.15,1020093
07/18/2006,59,59.26,58.28,58.83,1762475
07/19/2006,58.83,60.02,58.83,59.44,2745574
07/20/2006,59.09,60.06,59.04,59.44,1266752
07/21/2006,58.86,59.96,58.86,59.72,1797026
07/24/2006,59.98,60.59,59.87,60.51,2008351
07/25/2006,60.46,60.9,60.18,60.59,2261840
07/26/2006,60.18,60.43,59.85,59.92,2463210
07/27/2006,60.25,60.31,59.52,59.57,1222282
07/28/2006,59.99,60.77,59.99,60.45,1309027
07/31/2006,60.26,60.5,59.97,60.39,1611310
08/01/2006,60.52,60.59,59.93,60.27,2017726
08/02/2006,60.2,60.89,60,60.14,2351178
08/03/2006,57.62,57.71,56.45,56.59,8984594
08/04/2006,56.59,57.08,55.46,55.59,4561799
08/07/2006,55.14,55.43,54.65,55.16,4107456
08/08/2006,56.6,56.6,55.23,55.27,3575244
08/09/2006,55.59,55.89,55.11,55.3,3397280
08/10/2006,55.38,55.61,55.29,55.51,2264055
08/11/2006,55.18,56.04,55.18,55.72,2175950
08/14/2006,56.19,56.45,55.26,55.3,3058401
08/15/2006,55.39,55.95,55.27,55.8,3508845
08/16/2006,56.1,56.27,55.44,55.61,2610514
08/17/2006,55.58,55.86,54.9,55.4,3276115
08/18/2006,55.41,56.14,55.34,56.08,1827284
08/21/2006,56.05,56.27,55.87,56.02,1463711
08/22/2006,56.03,56.03,54.98,55.21,2435721
08/23/2006,55.27,55.44,54.97,55.31,1951234
08/24/2006,55.87,56.07,55.52,55.91,2383555
08/25/2006,55.72,56.4,55.71,56.02,1641864
08/28/2006,55.99,56.87,55.94,56.65,1489712
08/29/2006,56.54,56.76,56.4,56.65,1870515
08/30/2006,56.65,56.75,55.99,56.12,1848111
08/31/2006,56.07,56.68,56.02,56.42,2030894
09/01/2006,56.59,56.59,55.98,56.2,1327776
09/05/2006,56.02,56.14,55.79,55.94,1718386
09/06/2006,55.95,56.03,55.09,55.37,2416816
09/07/2006,55.35,55.35,54.76,54.91,2523449
09/08/2006,55.64,55.64,55.11,55.34,3323550
09/11/2006,55.13,56.7,55.09,56.12,2924405
09/12/2006,56.52,56.52,55.98,56.14,2480542
09/13/2006,56,56.19,55.77,55.94,2291488
09/14/2006,56.01,56.29,55.95,56.09,2119109
09/15/2006,56.82,57.1,56.62,56.79,4273516
09/18/2006,57.1,57.1,56.34,56.79,2393773
09/19/2006,56.93,56.93,56.39,56.65,1777834
09/20/2006,56.78,57.6,56.63,57.54,3140044
09/21/2006,57.61,57.84,57.03,57.3,2872139
09/22/2006,57.38,57.99,57.28,57.74,2653387
09/25/2006,58.19,58.85,57.98,58.48,3046909
09/26/2006,58.08,58.57,57.87,57.88,3175087
09/27/2006,57.87,58.26,57.64,58.18,2839634
09/28/2006,58.48,59.13,58.22,59.07,3000980
09/29/2006,58.8,58.94,58.54,58.56,1808495
10/02/2006,58.56,58.65,58.16,58.65,1756537
10/03/2006,58.36,58.76,58.29,58.42,2958699
10/04/2006,58.41,59.34,58.31,59.27,2902666
10/05/2006,59.17,59.7,58.97,59.63,2243815
10/06/2006,59.38,59.55,59.14,59.46,1416959
10/09/2006,59.12,59.49,59.08,59.36,1896685
10/10/2006,59.35,59.46,58.79,59.04,1181249
10/11/2006,58.89,59.63,58.78,59.63,1938849
10/12/2006,59.58,59.89,59.29,59.34,2286642
10/13/2006,59.28,60.15,59.19,59.78,2167688
10/16/2006,59.57,59.89,59.39,59.48,1412594
10/17/2006,59.26,59.72,59.02,59.59,1989733
10/18/2006,59.77,60.29,59.73,60.26,2037370
10/19/2006,59.96,60.24,59.6,59.86,1999239
10/20/2006,59.98,60.3,59.22,59.37,2079954
10/23/2006,59.35,59.94,59.22,59.84,1189227
10/24/2006,59.7,59.83,59.31,59.57,1330005
10/25/2006,59.93,60.29,59.58,60.18,2152130
10/26/2006,60.31,60.58,59.95,60.41,1656271
10/27/2006,60.19,60.19,59.51,59.63,1836856
10/30/2006,59.61,60.1,59.44,59.58,1810000
10/31/2006,59.6,59.95,58.83,59.08,2616471
11/01/2006,59.27,59.32,58.52,58.64,2969662
11/02/2006,60.12,60.68,59.32,60.63,3796789
11/03/2006,60.93,61.19,60.13,60.32,2485561
11/06/2006,60.25,61.02,60.25,60.89,1982577
11/07/2006,60.71,61.11,60.71,61.01,1528494
11/08/2006,61.03,61.12,60.47,60.93,1482760
11/09/2006,60.81,60.92,59.97,60.01,2111058
11/10/2006,60.09,60.61,59.87,59.94,1982715
11/13/2006,60.13,61.03,60.1,60.89,1558769
11/14/2006,61.23,61.28,60.55,61.19,1536341
11/15/2006,61.18,62.57,61.18,62.24,3794701
11/16/2006,62.67,63.21,62.49,63.1,2068879
11/17/2006,62.85,63.07,62.62,62.64,1232842
11/20/2006,62.39,62.72,62.38,62.57,2921618
11/21/2006,62.54,62.66,61.99,62.02,2261510
11/22/2006,62.21,62.76,62.13,62.56,1543784
11/24/2006,62.2,62.65,62.2,62.43,419002
11/27/2006,62.13,62.34,61.52,61.62,2065232
11/28/2006,61.53,62.32,61.53,62.02,1766790
11/29/2006,62.25,62.38,61.92,62.34,1612208
11/30/2006,62.38,63.59,62.35,63.34,2442568
12/01/2006,63.31,63.65,62.99,63.62,2701889
12/04/2006,63.77,64.02,63.31,63.92,1803182
12/05/2006,63.96,66.27,63.89,65.49,6153264
12/06/2006,66.49,67.61,66.4,67.3,8231301
12/07/2006,67.51,67.78,66.95,67.51,3198190
12/08/2006,67.31,67.34,66.65,67.03,4657538
12/11/2006,67.3,67.36,66.9,67.11,1981981
12/12/2006,67.3,67.6,67.03,67.38,3141973
12/13/2006,67.39,67.58,66.84,66.95,2539967
12/14/2006,67.14,67.32,66.72,67.03,1974715
12/15/2006,67.02,67.35,66.82,66.92,1957732
12/18/2006,66.97,67.37,66.43,66.54,2659643
12/19/2006,66.96,67.07,66.72,67,3061006
12/20/2006,67.19,67.2,66.85,67.16,1669186
12/21/2006,67.3,67.31,66.31,66.34,2104313
12/22/2006,66.82,66.87,66.23,66.39,1993096
12/26/2006,66.45,66.88,66.37,66.84,1488159
12/27/2006,67.19,67.21,66.75,67,1031903
12/28/2006,66.7,67.1,66.7,66.79,853641
12/29/2006,66.7,66.97,66.55,66.68,844427
01/03/2007,66.86,67.72,66.66,67.03,2360409
01/04/2007,67.09,67.2,66.5,66.75,2030603
01/05/2007,66.5,67.03,66.48,66.65,1501815
01/08/2007,66.5,67.1,66.35,67.03,1571305
01/09/2007,67.26,67.5,66.44,66.75,2314878
01/10/2007,66.67,67.74,66.56,67.58,2903928
01/11/2007,67.56,68.32,67.56,68.21,2385439
01/12/2007,68.24,68.36,67.7,68.18,1404155
01/16/2007,68.25,69.02,68.06,68.89,2299858
01/17/2007,68.83,68.83,68.22,68.37,1803650
01/18/2007,68.75,68.78,68.29,68.48,1680022
01/19/2007,68.73,69.01,68.32,68.9,1751286
01/22/2007,68.69,68.8,68.35,68.55,1178359
01/23/2007,68.4,68.57,68.04,68.54,1391079
01/24/2007,68.55,69.01,68.52,68.92,1512190
01/25/2007,68.75,68.83,67.94,68.13,1691600
01/26/2007,68.17,68.63,67.77,68.29,1315993
01/29/2007,68.4,69.16,68.32,68.56,2100191
01/30/2007,68.78,69.18,68.74,69.18,2342049
01/31/2007,68.76,69.43,68.55,69.3,1782649
02/01/2007,69.31,70.01,69.29,69.96,2279545
02/02/2007,69.95,70.5,69.9,70.24,2057712
02/05/2007,70.29,70.29,69.66,69.88,1617875
02/06/2007,69.86,70.18,69.52,69.69,1973199
02/07/2007,69.7,70.26,69.7,70.26,2580269
02/08/2007,71.13,72.17,70.89,71.64,5824031
02/09/2007,72.08,72.11,70.59,70.99,2481331
02/12/2007,70.99,71.25,70.45,70.79,1901584
02/13/2007,70.59,71.33,70.56,71.31,1802978
02/14/2007,71.31,72.1,71.13,71.96,2525283
02/15/2007,71.51,71.62,71.15,71.42,1832998
02/16/2007,71.02,72.12,71.01,71.96,3374640
02/20/2007,71.92,72.5,71.61,72.38,2702445
02/21/2007,71.82,72.35,71.82,72.03,2104545
02/22/2007,71.91,72.33,71.78,72.06,1933661
02/23/2007,71.89,72.1,71.64,71.88,1743768
02/26/2007,71.86,72.06,71.42,71.82,1428927
02/27/2007,71.73,71.73,69.8,70.13,2481457
02/28/2007,70.14,70.91,70.08,70.7,2411622
03/01/2007,69.54,70.58,69.54,70.27,2044941
03/02/2007,70.13,70.52,69.87,69.91,1312528
03/05/2007,69.75,70.04,69.35,69.43,3045866
03/06/2007,69.81,69.95,69.44,69.74,3069395
03/07/2007,69.59,70.13,69.47,69.62,2689692
03/08/2007,69.98,70.48,69.87,70.19,1977424
03/09/2007,70.39,70.56,69.96,70.21,2189173
03/12/2007,69.91,70.25,69.39,70.09,1377569
03/13/2007,69.77,69.89,68.22,68.37,5323000
03/14/2007,68.41,69.11,67.78,68.93,4397884
03/15/2007,68.89,69.56,68.8,69.31,2162862
03/16/2007,69.49,69.87,68.61,68.9,4330549
03/19/2007,69.54,69.94,69.32,69.8,2073102
03/20/2007,69.89,70.29,69.46,70.13,3070920
03/21/2007,70.1,71.2,69.96,70.85,3316540
03/22/2007,70.87,71,70.46,70.76,2574811
03/23/2007,70.56,71.19,70.49,70.95,2094599
03/26/2007,70.93,71.05,70.37,70.79,2245190
03/27/2007,70.46,70.77,70.17,70.45,2197625
03/28/2007,69.92,70.38,69.63,69.95,3359975
03/29/2007,70.13,70.39,69.65,70.04,2290984
03/30/2007,70.19,70.65,69.67,70.17,2411128
04/02/2007,70.27,70.38,69.86,70.14,2286981
04/03/2007,70.34,71.1,70.34,71.05,2692749
04/04/2007,71.11,71.26,70.71,71.19,1831076
04/05/2007,71.22,71.44,71.01,71.26,941308
04/09/2007,71.45,71.47,71.09,71.28,1164783
04/10/2007,71.22,71.66,71.14,71.24,1480254
04/11/2007,71.33,71.57,70.88,71.02,2190663
04/12/2007,70.79,71.58,70.76,71.51,1703423
04/13/2007,71.77,71.77,71.29,71.6,1455075
04/16/2007,71.58,72.31,71.5,72.29,6876810
04/17/2007,72.34,72.69,72.21,72.46,3401546
04/18/2007,72.4,73.19,72.12,73.04,3627324
04/19/2007,72.4,72.92,72.38,72.81,3511900
04/20/2007,73.12,74.13,73.08,73.24,3037832
04/23/2007,73.08,73.41,72.92,73.01,2490721
04/24/2007,72.96,73.3,72.62,73.15,2801516
04/25/2007,73.67,74.51,73.2,74.42,4675438
04/26/2007,73.72,74.51,73.72,74.19,4356665
04/27/2007,74.18,74.36,73.9,74.21,1944374
04/30/2007,74.39,74.54,73.85,73.87,3013209
05/01/2007,74.25,74.46,73.47,74,2653485
05/02/2007,74.11,77.28,74.1,75.26,4717918
05/03/2007,76.19,77.48,75.96,77.48,10745489
05/04/2007,77.66,78.36,77.66,78.19,5657303
05/07/2007,78.41,78.72,78.06,78.71,3869872
05/08/2007,78.23,78.73,77.9,78.53,3788659
05/09/2007,78.6,79,78.23,79,3945885
05/10/2007,78.91,79.3,78.65,78.85,5130800
05/11/2007,79.04,79.58,78.74,79.56,5097525
05/14/2007,79.32,79.54,78.95,79.11,5531154
05/15/2007,79.26,79.66,78.73,78.82,5137111
05/16/2007,79.07,79.25,78.62,79.23,2957462
05/17/2007,79.29,79.65,78.9,79.53,3060427
05/18/2007,79.68,80.17,79.46,79.99,2453741
05/21/2007,80.03,80.27,79.8,80.18,1695884
05/22/2007,80.2,80.27,79.66,79.87,3158376
05/23/2007,79.85,79.94,78.72,78.81,3575490
05/24/2007,78.76,78.98,77.85,77.98,4080023
05/25/2007,77.97,78.32,77.85,77.99,2323794
05/29/2007,77.92,79.04,77.88,78.93,3336714
05/30/2007,78.48,79.18,78.3,79.09,3663043
05/31/2007,79.69,80.02,79.27,79.31,4269695
06/01/2007,79.73,79.74,78.92,79,2226982
06/04/2007,78.67,78.91,78.28,78.3,2411683
06/05/2007,78.48,78.7,78.09,78.19,2219978
06/06/2007,78.33,78.41,77.25,77.32,2541927
06/07/2007,76.98,77.21,75.73,75.77,4458019
06/08/2007,75.83,77.11,75.78,77,3755390
06/11/2007,77.07,77.91,76.68,77.32,2489988
06/12/2007,76.78,77.53,76.19,76.49,3312087
06/13/2007,77.39,78.44,76.77,78.34,4378606
06/14/2007,78.37,79,78.16,78.35,2710958
06/15/2007,78.94,79.99,78.94,79.09,3888944
06/18/2007,79.47,79.63,79,79.45,2182811
06/19/2007,79.29,79.99,79.12,79.95,2219369
06/20/2007,80.08,80.08,77.96,78.02,3110723
06/21/2007,77.34,77.49,76.58,77.36,4241316
06/22/2007,77.18,77.25,75.51,75.65,4180589
06/25/2007,75.58,77.04,74.99,75.47,3389300
06/26/2007,75.98,76.17,75.21,75.32,2514524
06/27/2007,75.15,76.54,74.75,76.53,3439557
06/28/2007,76.22,76.55,75.75,76.14,2383025
06/29/2007,76.33,76.63,75.15,75.57,2228335
