08/11/1999,23,28.38,20,26.06,33454000
08/12/1999,29,38.94,29,35.84,29339000
08/13/1999,42.56,45.34,40.12,42.93,16664963
08/16/1999,42.88,43.12,36.81,37.25,11853000
08/17/1999,37.99,38.24,31.18,33.68,12838309
08/18/1999,33.25,37.81,30.5,35.84,8347200
08/19/1999,34.6,37.66,33.63,35.66,3700089
08/20/1999,36.94,37.44,33.59,34.03,2414400
08/23/1999,32,34,31.75,31.94,2552600
08/24/1999,31.41,35.41,31.38,34.69,3590000
08/25/1999,36.88,38.25,35.12,36.75,3656000
08/26/1999,38.62,42.31,37.62,39.25,5561800
08/27/1999,41.63,41.76,38.25,40.01,2539504
08/30/1999,40.38,40.53,37.5,37.78,1247800
08/31/1999,38.32,41.26,35.25,41.04,2861474
09/01/1999,41.94,43,39.31,39.78,2431800
09/02/1999,38.81,40.75,37.5,39.94,1475800
09/03/1999,42.22,42.62,40.31,42.47,2151000
09/07/1999,43.5,54.94,41.69,54,16095200
09/08/1999,53.13,67.38,53,58.35,24181734
09/09/1999,62.65,65.74,59.25,61.62,9941007
09/10/1999,65.13,65.35,58.57,59.88,5247966
09/13/1999,59.25,59.38,52.88,54.16,5259800
09/14/1999,52.31,53.24,50.06,50.46,4928276
09/15/1999,53,53.19,48,48.38,4406400
09/16/1999,49.86,56.75,46.25,56.72,9194400
09/17/1999,57.47,60.41,53.56,53.75,8865400
09/20/1999,55.49,57.49,53.2,55.24,2762622
09/21/1999,54.56,58.62,54.25,56.12,3784800
09/22/1999,57.49,57.49,53.75,54.09,2911645
09/23/1999,55.72,55.88,50,50.5,2626000
09/24/1999,51.5,52.62,49.12,51.03,2478600
09/27/1999,53.99,54.31,50.43,51.12,1306493
09/28/1999,50.53,51.16,49.38,49.84,1270400
09/29/1999,49.49,51.99,48.75,49.12,1443923
09/30/1999,49.97,50.75,48,48,1043600
10/01/1999,47.5,47.5,42.81,43.69,3117000
10/04/1999,45.49,46.24,43.78,44.34,1609147
10/05/1999,45.5,48.75,44.62,45.31,3164400
10/06/1999,46.94,46.94,44.06,45.47,1373400
10/07/1999,46.25,46.47,42.62,43.22,2862600
10/08/1999,43.19,44.75,42.44,43.12,1377400
10/11/1999,43.18,47.74,43.18,47.46,2633453
10/12/1999,47.25,48,45,45.53,1951000
10/13/1999,44.56,46.75,43.09,44.72,1523200
10/14/1999,45.28,45.28,43.06,43.71,759256
10/15/1999,40.53,42.37,40.12,40.62,1531164
10/18/1999,40.22,42,40.03,41.88,933400
10/19/1999,43.44,43.5,38.62,38.81,1206400
10/20/1999,40.07,41.41,38.94,39.76,1202071
10/21/1999,38.5,41.5,37.5,38.5,1508800
10/22/1999,39.4,39.46,37.5,37.5,1378952
10/25/1999,37.06,39.62,36,38.41,1674200
10/26/1999,41.19,46.5,40.12,45.25,7956800
10/27/1999,44.97,46.75,42.25,42.84,3047000
10/28/1999,44.62,44.88,41.19,42.16,1081000
10/29/1999,43.5,45.06,42.5,44.31,1558000
11/01/1999,44,46.75,43.72,44.69,1323000
11/02/1999,46.07,46.13,43.79,43.91,719752
11/03/1999,44.06,45,43.25,43.94,757000
11/04/1999,44.93,44.99,42,42.62,781671
11/05/1999,44.12,46.08,41.72,43,2315000
11/08/1999,49.25,54.75,49.06,51.44,9110000
11/09/1999,51.75,52.62,47.06,48.94,3398600
11/10/1999,48.12,50.49,46.25,47.62,1925169
11/11/1999,49.22,52.44,47.75,51.53,2312800
11/12/1999,53.26,53.38,48.5,50.97,2508380
11/15/1999,52.5,55.5,51.06,52.69,3333000
11/16/1999,55.75,60,54.81,60,3869200
11/17/1999,62,65.5,61,61.75,2835400
11/18/1999,65.03,65.12,62.5,62.62,1380477
11/19/1999,63.28,63.34,58.69,61.06,1418000
11/22/1999,62.88,63.25,59.94,62.47,1083200
11/23/1999,64.38,72.99,62.94,71.88,4658902
11/24/1999,73.78,87.75,72.97,84.5,5891200
11/26/1999,92,109.97,90.5,106.75,4018000
11/29/1999,108.81,127,107.5,118.5,7620800
11/30/1999,118.5,119.5,102.5,105.5,5219200
12/01/1999,106.25,112.5,105.62,107.47,2473400
12/02/1999,108.94,112.01,103.22,105,1816751
12/03/1999,109,110.48,98,100,3340400
12/06/1999,109.5,116.75,105.09,116.03,4631600
12/07/1999,123.28,145.38,120,141.66,4986400
12/08/1999,136.24,151.31,135,135.12,5246964
12/09/1999,144.99,145.49,132.5,143.12,2914256
12/10/1999,146.94,147,136,136.5,1165200
12/13/1999,126.5,131.94,120.5,123.25,2610000
12/14/1999,117,121.03,107.5,108.5,3700800
12/15/1999,106.62,121.5,105,120.75,4315200
12/16/1999,123.76,129.26,117.54,122.75,2075161
12/17/1999,128.75,129.75,122.94,126.5,1805200
12/20/1999,125.5,134.41,122,134,2907200
12/21/1999,130.53,133,126.5,128.53,1595000
12/22/1999,125,128.5,117.25,118.31,1867800
12/23/1999,117.62,123,112.5,113.62,1477000
12/27/1999,116.38,119.75,110,117,1239600
12/28/1999,119.75,123.31,114.25,115,981400
12/29/1999,115.88,116.75,110.81,112.5,607400
12/30/1999,113.06,117.5,110.25,110.75,674400
12/31/1999,111.18,111.24,105.5,105.62,778809
01/03/2000,114.12,115.69,105.5,115.5,1469800
01/04/2000,114,114.5,107.5,107.5,1094800
01/05/2000,109.25,129,106,128.5,4124400
01/06/2000,125.49,136.21,114.12,116.24,4319560
01/07/2000,117.47,133.69,115,132.69,2491800
01/10/2000,144.5,147.75,133,140.875,2553500
01/11/2000,140,145,125.0625,129.5,1418500
01/12/2000,138,138,120.375,132,1253700
01/13/2000,139.25,143,130,130.5625,1036000
01/14/2000,139,139.75,131.5,132.75,733500
01/18/2000,123.5,125,115.5,116.5,1981000
01/19/2000,118.6875,121.5,116.0625,116.125,1243500
01/20/2000,120.4375,120.4375,110.625,114.8125,848400
01/21/2000,118.625,120,111,114.0625,815500
01/24/2000,117,118,111,111.5,756200
01/25/2000,110.0625,114.5,109.5,114.21875,697700
01/26/2000,113.4375,123.6875,111.625,113.375,1913500
01/27/2000,115.0625,120,112,114,761400
01/28/2000,112.5,114.875,105,106.875,728400
01/31/2000,103.375,105,91,95.125,2036300
02/01/2000,97.9375,100,88.9375,92.5,1295200
02/02/2000,91.375,108.625,88.3125,107.5,4626800
02/03/2000,105.75,108,98,98.6875,2868800
02/04/2000,95.0625,97.625,92,92.75,5303100
02/07/2000,90.75,92.5,87.625,88.9375,2160100
02/08/2000,93.5,94.375,89.75,90.25,2082800
02/09/2000,92,92.0625,89,89.5,891200
02/10/2000,89.5,89.75,86,87.0625,980500
02/11/2000,86,86.5,81.25,83.375,1613700
02/14/2000,83.125,84,77.1875,78.1875,1644700
02/15/2000,77.25,77.625,73,74.6875,1783800
02/16/2000,73.375,74.5,69.125,69.9375,4061000
02/17/2000,70.4375,79.75,70,75.75,6432400
02/18/2000,77.9375,78.0625,71.125,71.5625,2021300
02/22/2000,73,73.875,67,71.6875,1909500
02/23/2000,71.125,76.25,69.25,72.3125,2024500
02/24/2000,74.125,74.25,70,70.25,1085900
02/25/2000,69.75,71,67.25,68.4375,1636600
02/28/2000,65.75,66.125,63,63.375,1913300
02/29/2000,63.9375,65.75,60.5,60.75,1924300
03/01/2000,60.3125,60.5,55.25,55.5,3468700
03/02/2000,54.125,66.3125,53.75,63.5625,4886400
03/03/2000,67.875,71.6875,65.75,70.5625,4229800
03/06/2000,69.75,69.75,64,65.6875,2089100
03/07/2000,66.0625,67.5,61,61.0625,1369900
03/08/2000,63.25,64,59.8125,60.5,1659500
03/09/2000,63.75,68.75,61.5,68,3691200
03/10/2000,69.625,75.5,69.5625,70.9375,4113800
03/13/2000,65.875,77.9375,65.125,75.75,3734700
03/14/2000,79.5625,79.5625,68.625,69.25,2201900
03/15/2000,69.75,71.5,65,65.75,1491500
03/16/2000,67.9375,68.125,61.5,65,1771700
03/17/2000,65.5,66.75,62.625,62.875,1230200
03/20/2000,63.6875,63.875,58.375,59.25,2234100
03/21/2000,58.75,59.625,56,57.125,1383900
03/22/2000,57.6875,59.25,55.5,57.625,2600700
03/23/2000,57.875,61.1875,56.875,57.5,1960900
03/24/2000,59.5,61.125,58,60.5,1976300
03/27/2000,62.75,64.0625,56.125,56.6875,3634300
03/28/2000,55.875,55.9375,49.5,50.1875,4390300
03/29/2000,50.6875,50.6875,43.625,44.125,6163900
03/30/2000,41.75,43,39.625,40.25,5564600
03/31/2000,42.75,43.25,39,42.375,2427700
04/03/2000,43.25,46.6875,40.375,42,3222000
04/04/2000,47.3125,47.375,34,41.3125,4356500
04/05/2000,39.625,45.3125,38.25,40.9375,2413600
04/06/2000,41.375,43,40,40.4375,1773300
04/07/2000,41.125,41.375,37.25,38.1875,2400200
04/10/2000,38.5,38.625,33.6875,34.375,2511300
04/11/2000,33.0625,34,31.25,31.875,1693300
04/12/2000,32.9375,33.4375,26.75,27.125,2461500
04/13/2000,28.8125,32.375,26.5625,28.0625,2890900
04/14/2000,28.1875,28.5,23,23.9375,2913500
04/17/2000,23.5,26.125,22,24.1875,2887200
04/18/2000,24.75,29.625,24.4375,29.5,2442900
04/19/2000,31.75,31.75,27.75,28,1725700
04/20/2000,28.75,28.75,25.25,26.3125,1105800
04/24/2000,27.75,29.6875,26,26.5625,2772600
04/25/2000,29.875,30,27.96875,28.0625,2444000
04/26/2000,28.875,28.875,26.75,27.3125,1340800
04/27/2000,25.75,26.5,25.375,25.875,1506400
04/28/2000,27,27,24.875,25,2343300
05/01/2000,29.3125,29.375,26.75,27.9375,5895500
05/02/2000,28.4375,28.875,27,27.375,3005000
05/03/2000,27.5,27.8125,25.125,26.5,1745900
05/04/2000,26.6875,27.125,24.9375,25.125,1713900
05/05/2000,24.9375,26.375,24.625,24.8125,1153600
05/08/2000,24.78125,25.5,23.625,24.25,1130500
05/09/2000,24.5,24.5,21,21.5625,2725200
05/10/2000,21.25,21.375,19.9375,20.125,2462100
05/11/2000,21.5625,21.8125,20.5625,21.3125,2039100
05/12/2000,21.875,23.875,21.4375,21.8125,2144600
05/15/2000,22.4375,22.4375,20.5,21.5625,949900
05/16/2000,22.0625,22.5625,21,22,1558000
05/17/2000,21.125,21.4375,20.75,21.25,1135200
05/18/2000,21.125,21.25,20,20.1875,1068900
05/19/2000,20,20,18.75,19.375,1454500
05/22/2000,19.0625,19.25,17.125,18.25,1788400
05/23/2000,18,18.1875,16.75,16.75,1271200
05/24/2000,16.875,17,15,15.75,2204400
05/25/2000,16.625,18.5,16.5625,16.8125,3596400
05/26/2000,17.34375,17.375,16,16.25,1113200
05/30/2000,16.875,17.125,15.375,15.875,1812900
05/31/2000,16.25,16.875,15.9375,16.0625,1428200
06/01/2000,16.6875,18.125,16.375,17.875,2424200
06/02/2000,19.875,20.3125,19,19.1875,2743600
06/05/2000,19.5625,24.25,19.3125,23.9375,7995000
06/06/2000,24.125,24.4375,20.8125,21.0625,4089300
06/07/2000,22.5,25,22,24.8125,8970900
06/08/2000,24.625,24.75,22.5625,23.25,3855600
06/09/2000,23.875,24,22.625,22.875,1545600
06/12/2000,23.1875,23.5,22.125,22.5625,1660900
06/13/2000,22.125,22.1875,20.5,21.8125,1387500
06/14/2000,21.75,24.125,21,22.625,2701200
06/15/2000,23.75,23.90625,22.25,23.4375,2222900
06/16/2000,25.5,25.5625,24,25,6152000
06/19/2000,25.125,26.25,24.25,25.375,5006800
06/20/2000,26.25,32.4375,26,30.0625,26391900
06/21/2000,29.75,34.875,29.3125,31.75,24330100
06/22/2000,34,36,33.0625,34.375,19613200
06/23/2000,35.4375,35.5,30.5625,31.25,8240500
06/26/2000,33.0625,33.25,28.5,30,5955100
06/27/2000,29.1875,29.3125,27.1875,27.5625,6964600
06/28/2000,27.375,29.75,26.9375,27.90625,5211700
06/29/2000,27.75,27.8125,26.25,27.3125,3170500
06/30/2000,27.375,27.5,25.25,27.0625,4159000
07/03/2000,26.5,27,25.5625,25.9375,1137700
07/05/2000,25.125,25.25,24,24.1875,2497800
07/06/2000,24.0625,25.5,22.5625,25.0625,4110400
07/07/2000,25.875,26,24.375,24.625,1766000
07/10/2000,24.875,26.125,23.5625,23.75,3022300
07/11/2000,23.3125,23.4375,22.0625,22.1875,2819000
07/12/2000,22.75,23.6875,22.625,23.125,2056800
07/13/2000,23.875,24.75,23.5625,24.625,3236400
07/14/2000,25.25,25.5,24.5,25.125,3127200
07/17/2000,25.375,28.875,25.25,28.5625,6638700
07/18/2000,27.625,27.90625,26.125,26.9375,3152000
07/19/2000,26.75,27.125,25.25,25.375,1529300
07/20/2000,25.625,26.6875,25.375,25.5,1177400
07/21/2000,25.75,26.375,25.0625,25.3125,1033000
07/24/2000,25.625,25.9375,23.5,23.6875,1655200
07/25/2000,22.9375,22.9375,20.125,21,4103200
07/26/2000,21.125,21.6875,19.875,20.125,2975300
07/27/2000,20,20.0625,18.5,19,1759800
07/28/2000,19.375,19.5625,18,18.25,1461500
07/31/2000,18.8125,19,18.125,18.6875,1088200
08/01/2000,19.875,20,19,19.125,1340400
08/02/2000,19.3125,19.75,19,19.4375,884400
08/03/2000,18.5625,18.75,18,18.625,1489500
08/04/2000,18.75,19.75,18.6875,19,1381900
08/07/2000,19.5,21.25,19.4375,20.65625,1740700
08/08/2000,20.5625,20.5625,19.5,19.6875,1782900
08/09/2000,21,22,19.875,20.0625,3939900
08/10/2000,20.4375,20.625,19.1875,19.3125,1076200
08/11/2000,19.65625,20.1875,19.25,20.0625,1437200
08/14/2000,21,23.3125,20.8125,21.875,5928900
08/15/2000,24,25.1875,23.0625,24,10286009
08/16/2000,25.5625,26.125,24.75,24.9375,7347600
08/17/2000,24.75,24.8125,22.5625,22.9375,4209700
08/18/2000,23.5625,23.9375,23.125,23.4375,1858600
08/21/2000,23.21875,23.6875,22.4375,22.875,2189900
08/22/2000,22.875,23.0625,22.5,22.9375,1219500
08/23/2000,22.1875,22.9375,22.125,22.875,1314900
08/24/2000,25.625,25.75,24.5625,24.75,4527300
08/25/2000,24.8125,25,23.625,24.25,1642900
08/28/2000,24.4375,24.5625,24.1875,24.25,1312100
08/29/2000,24.3125,24.5625,23.75,24.125,1011200
08/30/2000,24.9375,25.5625,24.625,25.5,4120800
08/31/2000,25.875,27.125,25,25.125,3980700
09/01/2000,26.03125,27,25.0625,26.5625,4002400
09/05/2000,26.75,28,25.6875,27.25,3925300
09/06/2000,27.34375,27.625,25.25,25.75,2378200
09/07/2000,25.6875,25.75,24,24.5,2075300
09/08/2000,25.1875,25.4375,24,24.125,2179400
09/11/2000,24.09375,24.1875,22.875,23,1695500
09/12/2000,23.40625,24.375,23,23.3125,1863000
09/13/2000,23.0625,24.25,22.8125,24.125,1364600
09/14/2000,24.5625,25.9375,24.375,25.3125,2967700
09/15/2000,23.375,23.75,21,21.125,5478900
09/18/2000,20.8125,20.875,19,19.1875,3175000
09/19/2000,19.6875,21.25,19.625,20.9375,4308600
09/20/2000,21.125,21.1875,19.75,20.1875,1964200
09/21/2000,20.03125,20.125,19.375,19.5,998000
09/22/2000,18.53125,19.6875,18.3125,19.5,1739100
09/25/2000,20.15625,20.5,19.125,19.6875,1776300
09/26/2000,19.75,20.1875,18.25,18.5625,1836000
09/27/2000,18.875,19.25,17.75,17.8125,1806700
09/28/2000,17.625,18.625,17.25,18,1989600
09/29/2000,18.125,18.25,16.5625,17.0625,2712000
10/02/2000,17.21875,17.625,16.3125,16.625,1078000
10/03/2000,16.9375,17.375,15.4375,15.6875,1683000
10/04/2000,15.90625,15.9375,15,15.375,2393800
10/05/2000,15.25,16.1875,15.25,15.75,1436500
10/06/2000,15.96875,16.5,14,14.5625,1974100
10/09/2000,14.71875,14.875,13.375,14.3125,1560700
10/10/2000,14.28125,15.0625,13.9375,13.9375,1152200
10/11/2000,13.125,13.625,12.25,12.75,1859100
10/12/2000,13.0625,13.125,11.25,11.375,2055000
10/13/2000,10.75,14.9375,10.625,14.625,3500700
10/16/2000,14.8125,16,14.6875,14.9375,1957300
10/17/2000,15.1875,15.375,12.875,13.5,1406200
10/18/2000,12.3125,14.0625,12,13.625,1411100
10/19/2000,14.375,14.75,13.8125,14.375,801300
10/20/2000,14.3125,14.625,13.6875,14.0625,929400
10/23/2000,14,14.25,13.4375,13.625,653500
10/24/2000,13.625,14.125,12.875,12.9375,978600
10/25/2000,12.625,12.75,12.0625,12.09375,880700
10/26/2000,12.21875,13.125,12,12.5,864500
10/27/2000,13,13.375,12,12.5,1301200
10/30/2000,12.46875,12.8125,11.6875,11.9375,1144600
10/31/2000,12.34375,12.75,11.75,12.5,1737200
11/01/2000,12.3125,15.5,12.25,15.34375,5854000
11/02/2000,16.25,18,15.5,17.9375,6691100
11/03/2000,18.5,18.5,16.4375,16.875,2999600
11/06/2000,14.9375,16.4375,14.5,15.625,4377400
11/07/2000,15,15.0625,13.875,14,4152400
11/08/2000,14.1875,15.25,14.0625,14.9375,2120500
11/09/2000,14.6875,14.75,12.125,12.5625,3431400
11/10/2000,12.21875,12.4375,11.4375,11.5625,3012900
11/13/2000,11.5625,11.625,10.75,11.1875,2371100
11/14/2000,12.34375,12.5,11.75,12.0625,1683900
11/15/2000,12.46875,12.5,11.375,11.625,1960800
11/16/2000,11.4375,11.75,10.5625,10.9375,1734000
11/17/2000,11.25,11.25,9.625,9.875,4237600
11/20/2000,9.75,9.75,7.9375,8.03125,4514400
11/21/2000,8.6875,9.125,7.5625,7.8125,3563400
11/22/2000,7.5625,7.5625,6.5625,6.78125,2637500
11/24/2000,7.75,8.125,7.625,7.9375,2013400
11/27/2000,9.0625,9.25,7.875,8.25,2388600
11/28/2000,8,8,7,7.0625,2271300
11/29/2000,7.15625,7.25,6.53125,6.625,2520800
11/30/2000,6.3125,6.4375,5.96875,6.25,2624500
12/01/2000,6.6875,7.3125,6.375,6.53125,2927100
12/04/2000,6.84375,6.9375,6.03125,6.375,2074100
12/05/2000,6.78125,6.875,6,6.25,3402200
12/06/2000,6.3125,6.3125,5.125,5.375,3674600
12/07/2000,5.3125,5.34375,5,5.0625,2235200
12/08/2000,5.875,6.21875,5.5,5.9375,2649200
12/11/2000,6.125,7.375,6.0625,7.1875,4087300
12/12/2000,7.625,9,7.3125,8.4375,5670000
12/13/2000,9.375,10.625,8.875,9.25,8378500
12/14/2000,9.25,9.625,8,8.6875,3860500
12/15/2000,8.875,9.75,8,8.625,6825900
12/18/2000,9.5,9.5625,8,8.0625,3928600
12/19/2000,8.09375,8.125,6.75,6.96875,2998600
12/20/2000,6.5,7,6.25,6.5,2537300
12/21/2000,6.4375,6.96875,5.75,6,4035000
12/22/2000,6.1875,6.5625,5.78125,6,4366800
12/26/2000,6.0625,6.5,6.0625,6.1875,2230900
12/27/2000,6.125,6.375,6,6.25,2587600
12/28/2000,6.125,6.625,5.90625,6.5,4546600
12/29/2000,6.1875,6.5,6.0625,6.25,3705700
01/02/2001,6.25,6.5625,5.90625,6,2176100
01/03/2001,5.8125,7.375,5.75,7.15625,3326700
01/04/2001,7.4375,7.4375,6.5,6.65625,1967600
01/05/2001,6.71875,6.875,6.125,6.3125,1820900
01/08/2001,6.75,6.75,6.1875,6.625,2071300
01/09/2001,6.625,7.1875,6.375,7.03125,2516600
01/10/2001,7.125,8,6.84375,7.8125,4137300
01/11/2001,7.6875,8.46875,7.40625,7.90625,3190000
01/12/2001,8.09375,8.75,7.8125,8.6875,3506800
01/16/2001,9.03125,9.125,8.4375,8.78125,1782700
01/17/2001,9,9.125,8.1875,8.5,2555800
01/18/2001,8.21875,8.625,7.9375,8.59375,1401600
01/19/2001,8.9375,9.21875,8.875,8.9375,3200200
01/22/2001,9.03125,9.03125,8.75,8.96875,908700
01/23/2001,8.8125,8.96875,8.375,8.5625,1923100
01/24/2001,8.59375,8.96875,8.4375,8.65625,1486000
01/25/2001,8.625,8.65625,8.1875,8.375,864600
01/26/2001,8,8.125,7.5,7.875,1536100
01/29/2001,7.96875,8.75,7.78125,8.6875,2287200
01/30/2001,8.8125,9.09375,8.75,9.0625,2820300
01/31/2001,9.1875,10.125,9.03125,9.34375,7331000
02/01/2001,9.375,9.5625,8.90625,8.90625,1956900
02/02/2001,8.96875,9.03125,7.75,7.9375,1792600
02/05/2001,8.1875,8.5625,7.625,8.5,3218900
02/06/2001,8.375,9,8.375,8.53125,1699200
02/07/2001,8.25,8.5,8,8.09375,1280600
02/08/2001,8.15625,8.4375,7.9375,8.125,1060200
02/09/2001,8.0625,8.15625,7.4375,7.4375,1751300
02/12/2001,7.4375,7.75,7.1875,7.25,1763700
02/13/2001,7.15625,7.5,6.625,6.6875,2393300
02/14/2001,6.8125,6.8125,6.375,6.6875,2011800
02/15/2001,7.125,7.3125,6.875,7.0625,2130300
02/16/2001,6.9375,7.0625,6.71875,6.78125,1042400
02/20/2001,6.78125,7,6.5625,6.625,1267900
02/21/2001,6.5,6.75,6.3125,6.71875,1759600
02/22/2001,6.6875,6.875,6.375,6.625,1009900
02/23/2001,6.40625,6.625,6.375,6.53125,917700
02/26/2001,6.6875,6.875,6.59375,6.75,706100
02/27/2001,6.75,6.90625,6.625,6.65625,762400
02/28/2001,6.75,6.75,6.375,6.4375,953400
03/01/2001,6.3125,6.46875,6.03125,6.3125,1355700
03/02/2001,6.1875,6.875,6.03125,6.75,1508400
03/05/2001,6.9375,7,6.5625,6.59375,696300
03/06/2001,6.84375,7.0625,6.75,6.8125,690800
03/07/2001,6.8125,7,6.78125,6.8125,540300
03/08/2001,6.75,6.875,6.5,6.5625,734100
03/09/2001,6.53125,6.5625,6.25,6.3125,1628400
03/12/2001,6.3125,6.34375,5.75,5.9375,1551500
03/13/2001,5.78125,6.125,5.78125,6.09375,970200
03/14/2001,5.75,6,5.6875,5.75,1147200
03/15/2001,6,6.0625,5.5,5.59375,1137000
03/16/2001,5.71875,5.75,5.5,5.5625,1074300
03/19/2001,5.5625,5.75,5.53125,5.6875,889200
03/20/2001,5.5625,5.75,5.5,5.53125,1211600
03/21/2001,5.5,5.53125,5.1875,5.21875,903400
03/22/2001,5.3125,5.375,5.0625,5.21875,1186200
03/23/2001,7,7.125,5.8125,5.875,9450500
03/26/2001,6.3,6.32,6,6.1,1701500
03/27/2001,6.18,6.2,6,6.09,1202200
03/28/2001,5.99,5.99,5.55,5.67,850500
03/29/2001,5.59,5.81,5.49,5.77,902600
03/30/2001,5.75,6.2,5.7,6.2,1322100
04/02/2001,5.87,6.07,5.4,5.48,879400
04/03/2001,5.42,5.45,4.68,4.77,1451000
04/04/2001,4.82,4.82,4.05,4.29,1826800
04/05/2001,4.58,4.75,4.5,4.75,911300
04/06/2001,4.67,4.68,4.2,4.3,821300
04/09/2001,4.52,4.95,4.45,4.86,1356900
04/10/2001,5.2,5.75,5.03,5.5,1467300
04/11/2001,5.75,5.93,5.25,5.29,1418900
04/12/2001,5.35,5.88,5.3,5.75,1167500
04/16/2001,5.74,5.75,5.51,5.62,436400
04/17/2001,5.46,5.72,5.42,5.53,660000
04/18/2001,5.9,6,5.68,5.77,1818700
04/19/2001,5.97,6.05,5.8,5.92,1451800
04/20/2001,5.96,6.15,5.77,5.92,1829900
04/23/2001,5.73,5.77,5.3,5.4,1014900
04/24/2001,5.5,5.64,5.27,5.27,701700
04/25/2001,5.28,5.35,5.2,5.22,604900
04/26/2001,5.29,5.5,5.2,5.26,721000
04/27/2001,5.31,5.47,5.25,5.28,803600
04/30/2001,5.35,5.42,5.05,5.15,1549600
05/01/2001,5.25,5.75,5.1,5.75,1739700
05/02/2001,5.81,6.37,5.77,6.2,3360500
05/03/2001,6,6.05,5.65,5.73,1912500
05/04/2001,5.62,6.75,5.5,6.41,6727100
05/07/2001,6.42,6.9,6.2,6.26,2674100
05/08/2001,6.46,6.5,6.11,6.2,1126500
05/09/2001,6.02,6.06,5.85,5.86,1260200
05/10/2001,6.03,6.14,5.74,5.75,823600
05/11/2001,5.74,5.8,5.52,5.8,1056600
05/14/2001,5.77,5.88,5.63,5.87,731500
05/15/2001,5.78,5.98,5.75,5.82,1263700
05/16/2001,5.55,6.08,5.51,6,1255400
05/17/2001,6,6.15,5.86,5.86,1014100
05/18/2001,5.93,6,5.73,5.82,657400
05/21/2001,5.85,6.03,5.78,5.89,1154200
05/22/2001,6.02,6.3,5.91,6.09,3283300
05/23/2001,6.15,6.2,6,6.01,1008500
05/24/2001,6.08,6.1,5.82,5.96,1031300
05/25/2001,6,6.05,5.88,5.88,961200
05/29/2001,5.86,5.87,5.45,5.54,1365100
05/30/2001,5.52,5.57,5.22,5.34,1375200
05/31/2001,5.3,5.53,5.26,5.44,1320200
06/01/2001,5.47,5.5,5.29,5.34,516600
06/04/2001,5.48,5.5,5.21,5.28,625700
06/05/2001,5.3,5.45,5.25,5.4,1055300
06/06/2001,5.42,5.75,5.39,5.55,1550300
06/07/2001,5.58,5.6,5.37,5.47,963800
06/08/2001,5.41,5.54,5.34,5.39,519000
06/11/2001,5.38,5.4,5.25,5.35,594800
06/12/2001,5.28,5.35,5.08,5.24,719900
06/13/2001,5.32,5.32,5,5.02,505900
06/14/2001,5.01,5.02,4.61,4.74,930800
06/15/2001,4.59,4.65,4.43,4.5,1438900
06/18/2001,4.71,4.73,4.25,4.36,1120000
06/19/2001,4.56,4.78,4.4,4.76,2201800
06/20/2001,4.87,5.13,4.55,5.09,3602500
06/21/2001,5.1,5.1,4.5,4.84,1431700
06/22/2001,4.83,4.89,4.6,4.62,891700
06/25/2001,4.71,4.74,4.42,4.48,1175100
06/26/2001,4.49,4.49,4.26,4.27,1624900
06/27/2001,4.34,4.44,4.26,4.36,1623900
06/28/2001,4.42,4.43,4.13,4.25,1459400
06/29/2001,4.24,4.34,4.11,4.15,3640300
07/02/2001,4.21,4.34,4.01,4.19,1623700
07/03/2001,4.2,4.24,4.1,4.23,677300
07/05/2001,4.2,4.25,4.11,4.19,920800
07/06/2001,4.15,4.16,3.98,4.03,1183700
07/09/2001,4.04,4.07,3.95,4.03,711000
07/10/2001,4.08,4.09,3.95,4.01,664800
07/11/2001,3.9,3.96,3.65,3.83,1141300
07/12/2001,3.93,4.02,3.79,3.92,1614600
07/13/2001,3.93,4.02,3.81,3.92,1112900
07/16/2001,3.91,3.94,3.74,3.78,923000
07/17/2001,3.77,3.78,3.55,3.6,1173000
07/18/2001,3.73,3.8,3.53,3.63,1512700
07/19/2001,3.58,3.7,3.48,3.48,940600
07/20/2001,3.38,3.42,3.25,3.4,1087500
07/23/2001,3.54,3.78,3.44,3.74,1143700
07/24/2001,3.73,4.06,3.6,4,1523600
07/25/2001,4.04,4.13,3.95,4.04,1446800
07/26/2001,4.02,4.12,3.97,4.08,668200
07/27/2001,4.14,4.14,3.97,4.01,764000
07/30/2001,4,4.04,3.85,3.99,652000
07/31/2001,4,4.1,3.9,3.96,1105900
08/01/2001,4,4.02,3.8,3.95,843600
08/02/2001,3.91,4.05,3.9,4.02,561300
08/03/2001,3.98,4.04,3.9,4.03,546900
08/06/2001,3.96,4,3.93,3.96,422100
08/07/2001,3.97,4,3.9,3.95,472800
08/08/2001,3.94,3.95,3.82,3.87,580700
08/09/2001,3.81,3.84,3.7,3.73,545800
08/10/2001,3.79,3.96,3.75,3.81,655200
08/13/2001,3.81,3.83,3.69,3.74,521300
08/14/2001,3.74,3.83,3.7,3.71,532400
08/15/2001,3.76,3.91,3.7,3.89,751100
08/16/2001,3.83,4.06,3.75,4.05,951100
08/17/2001,3.83,3.97,3.8,3.86,498300
08/20/2001,3.92,3.93,3.75,3.86,494500
08/21/2001,3.86,3.88,3.72,3.75,431500
08/22/2001,3.75,3.8,3.5,3.72,1273800
08/23/2001,3.8,3.81,3.66,3.69,305200
08/24/2001,3.69,3.8,3.64,3.7,477700
08/27/2001,3.7,3.75,3.53,3.576,434100
08/28/2001,3.51,3.59,3.38,3.4,845800
08/29/2001,3.43,3.52,3.35,3.49,1131500
08/30/2001,3.5,3.54,3.36,3.46,509800
08/31/2001,3.47,3.55,3.4,3.55,443200
09/04/2001,3.48,3.69,3.48,3.5,422900
09/05/2001,3.56,3.56,3.4,3.41,667400
09/06/2001,3.32,3.4,3.03,3.16,622700
09/07/2001,3.05,3.35,3,3.32,868100
09/10/2001,3.28,3.36,3.01,3.12,407700
09/17/2001,2.5,3.12,2.4,3.12,1238700
09/18/2001,3.1,3.13,2.94,3.02,798400
09/19/2001,2.99,3.16,2.99,3.11,1225900
09/20/2001,3.07,3.4,3.03,3.37,849800
09/21/2001,3.19,3.54,3.06,3.51,1750200
09/24/2001,3.63,3.79,3.57,3.64,936500
09/25/2001,3.57,3.78,3.57,3.75,857400
09/26/2001,3.76,3.83,3.26,3.35,1642100
09/27/2001,3.26,3.56,3.2,3.5,644300
09/28/2001,3.54,3.54,3.35,3.49,536500
10/01/2001,3.4,3.85,3.4,3.85,1065300
10/02/2001,3.86,3.95,3.6,3.69,744100
10/03/2001,3.52,3.69,3.5,3.59,593300
10/04/2001,3.58,3.77,3.48,3.6,629600
10/05/2001,3.6,3.65,3.4,3.55,573900
10/08/2001,3.4,3.7,3.4,3.6,666200
10/09/2001,3.5,3.6,3.44,3.49,320500
10/10/2001,3.5,3.8,3.45,3.8,623400
10/11/2001,3.77,4.04,3.77,4.02,1505600
10/12/2001,3.9,4,3.5,3.94,822700
10/15/2001,3.72,3.99,3.71,3.9525,416400
10/16/2001,3.95,4.19,3.78,4.05,854600
10/17/2001,4.09,4.2,3.88,4,682700
10/18/2001,4.01,4.15,3.88,4.1,386100
10/19/2001,3.94,4.05,3.91,3.99,636900
10/22/2001,4.05,4.14,3.94,4.1,841900
10/23/2001,4.07,4.14,3.99,4.1,695500
10/24/2001,4.07,4.4,4.01,4.3,782200
10/25/2001,4.26,4.4,4.07,4.37,595800
10/26/2001,4.4,4.9,4.3,4.87,1863900
10/29/2001,4.85,5.06,4.59,4.84,1563800
10/30/2001,4.72,4.77,4.37,4.76,978900
10/31/2001,4.84,5.06,4.65,4.72,665300
11/01/2001,4.78,4.84,4.53,4.76,625900
11/02/2001,4.57,4.79,4.4,4.4,466400
11/05/2001,4.51,4.77,4.5,4.67,448500
11/06/2001,4.63,4.92,4.6,4.8,1285500
11/07/2001,4.87,5.07,4.74,5,952500
11/08/2001,5.07,5.3,5.05,5.27,1705200
11/09/2001,5.29,5.48,5.21,5.4,1019300
11/12/2001,5.4,5.45,4.95,5.35,1181300
11/13/2001,5.39,5.45,5,5.11,1253700
11/14/2001,5.18,5.64,5.05,5.6,1610300
11/15/2001,5.61,6.07,5.35,6.05,2852800
11/16/2001,6,6.25,5.96,6,1322900
11/19/2001,6.23,6.3,5.8,6.04,1441400
11/20/2001,5.94,5.97,5.54,5.75,1011900
11/21/2001,5.76,5.88,5.57,5.63,388300
11/23/2001,5.51,5.94,5.449,5.84,287200
11/26/2001,5.96,6.12,5.8,6.01,697400
11/27/2001,6.66,7.87,6.6,7.67,11194400
11/28/2001,7.7,7.85,6.86,7.28,6026200
11/29/2001,7.23,7.89,7.1,7.89,3525800
11/30/2001,7.7,8.43,7.68,7.98,4573800
12/03/2001,7.91,7.91,7.2,7.22,2893900
12/04/2001,7.37,7.49,6.75,7,2047800
12/05/2001,7,7.73,7,7.45,2945200
12/06/2001,7.58,8.35,7.5,7.7,4263800
12/07/2001,7.88,8.15,7.84,8,1467100
12/10/2001,7.85,8,7.65,7.76,1494500
12/11/2001,7.83,8.39,7.81,8.198,3178000
12/12/2001,8.37,8.6,8.1,8.5,3496400
12/13/2001,8.19,8.45,7.95,8.28,1676400
12/14/2001,7.99,8.24,7.82,7.98,1740600
12/17/2001,7.85,8.09,7.75,7.85,1310400
12/18/2001,7.71,8.1,7.3,7.9,2939600
12/19/2001,8.15,8.34,7.45,7.55,3867800
12/20/2001,7.36,7.45,6.54,7.026,2645200
12/21/2001,6.85,7.3,6.6,6.95,2003200
12/24/2001,6.78,7.15,6.75,7.05,473200
12/26/2001,6.93,7.45,6.93,6.98,1051200
12/27/2001,6.97,7.18,6.75,6.81,1051900
12/28/2001,6.85,7.1,6.62,7.01,1351400
12/31/2001,6.96,7.2,6.91,7.08,1622000
01/02/2002,7.14,7.2,6.81,7.15,1248400
01/03/2002,7.1,7.43,7,7.1,1307200
01/04/2002,7.46,8.25,7.41,8.25,4121900
01/07/2002,8.35,9.15,8,8.95,6143000
01/08/2002,8.95,9.14,8.55,8.85,3857600
01/09/2002,8.95,9.18,8.9,9,2776300
01/10/2002,9.05,9.09,8.56,8.7,1706700
01/11/2002,8.7,8.96,8.6,8.71,1297100
01/14/2002,8.64,8.8,8.3,8.8,2719900
01/15/2002,8.73,8.88,8.54,8.68,1245600
01/16/2002,8.33,8.55,8,8.01,1622800
01/17/2002,8.09,8.63,8.05,8.55,1216000
01/18/2002,8.19,8.43,7.98,8.361,1159300
01/22/2002,9.35,9.46,7.34,7.44,8111400
01/23/2002,7.66,8.23,7.55,8.08,2323800
01/24/2002,8.19,8.3,7.88,7.96,1551500
01/25/2002,7.99,8.66,7.82,8.56,2508100
01/28/2002,8.58,8.76,8.25,8.5,1810000
01/29/2002,8.47,8.55,8.33,8.49,1573600
01/30/2002,8.58,8.6,7.9,8.09,1400000
01/31/2002,8.15,8.31,7.94,8.12,1037600
02/01/2002,8.14,8.73,8.1,8.48,1594500
02/04/2002,8.37,8.75,8.11,8.65,1328200
02/05/2002,8.29,8.6,7.95,8,1424800
02/06/2002,8.03,8.05,7.59,7.61,1913000
02/07/2002,7.66,7.66,6.85,7.2,2307600
02/08/2002,7.21,7.9,7.15,7.82,1381800
02/11/2002,7.75,7.75,7.42,7.55,1530500
02/12/2002,7.36,7.5,7.26,7.42,788500
02/13/2002,7.53,7.65,7.37,7.44,886800
02/14/2002,7.4,7.73,7.28,7.51,759500
02/15/2002,7.44,7.55,7.3,7.39,1075700
02/19/2002,7.3,7.32,6.83,6.9801,1834500
02/20/2002,6.82,6.9,6.25,6.34,1878000
02/21/2002,6.3,6.31,5.85,6.11,1662600
02/22/2002,6.06,6.24,5.87,6.15,719600
02/25/2002,6.16,6.31,6.1,6.24,580500
02/26/2002,6.4,6.45,6.15,6.29,697600
02/27/2002,6.3,6.4,6,6.07,665500
02/28/2002,6.01,6.07,5.75,5.87,630400
03/01/2002,5.77,6.5,5.71,6.5,1282900
03/04/2002,6.59,6.99,6.53,6.821,913200
03/05/2002,6.8,7.13,6.64,7.09,763600
03/06/2002,7.1,7.2156,6.9,7.15,463400
03/07/2002,7.24,7.24,7,7.06,466500
03/08/2002,7.18,7.25,6.75,6.79,1210100
03/11/2002,6.85,6.91,6.4,6.7,1107200
03/12/2002,7.05,7.5,6.85,7.32,1947300
03/13/2002,7.31,7.31,7,7.1,721400
03/14/2002,7.1,7.23,6.76,7.2,852900
03/15/2002,7.1,7.2,6.83,7.1,904400
03/18/2002,7.1,7.2,6.97,7.03,915100
03/19/2002,7.05,7.1,6.65,6.8,1123700
03/20/2002,5.95,6,5.06,5.58,8541800
03/21/2002,5.69,5.88,5.6,5.78,1154100
03/22/2002,5.86,6,5.75,5.95,942800
03/25/2002,5.89,5.98,5.69,5.71,865900
03/26/2002,5.83,5.84,5.7,5.77,446400
03/27/2002,5.75,5.78,5.63,5.71,940700
03/28/2002,5.71,5.76,5.63,5.709,479900
04/01/2002,5.67,5.82,5.6,5.819,602600
04/02/2002,5.73,5.78,5.531,5.54,1095100
04/03/2002,5.54,5.56,5.08,5.1,1487100
04/04/2002,5.01,5.2,4.92,5.18,1313600
04/05/2002,5.16,5.18,5.01,5.01,739000
04/08/2002,5.01,5.29,4.69,5.24,666300
04/09/2002,5.3,5.4,5.1,5.22,538900
04/10/2002,5.28,5.32,5,5.18,298400
04/11/2002,5.09,5.16,4.96,5.15,721800
04/12/2002,5.24,5.25,5,5.1,388900
04/15/2002,5.06,5.14,5.01,5.12,316500
04/16/2002,5.1,5.45,5.09,5.28,517000
04/17/2002,5.45,5.46,5.252,5.43,382700
04/18/2002,5.44,5.45,5.27,5.34,369100
04/19/2002,5.33,5.39,5.16,5.18,200600
04/22/2002,5.11,5.166,4.75,4.9,671800
04/23/2002,4.7,4.85,4.5,4.6,596700
04/24/2002,4.61,5,4.6,4.99,403500
04/25/2002,4.94,5,4.5,4.71,536100
04/26/2002,4.64,4.75,4.5,4.62,1039600
04/29/2002,4.61,4.82,4.51,4.6,773800
04/30/2002,4.48,4.64,4.4,4.6,670200
05/01/2002,4.6,4.789,4.4,4.72,654500
05/02/2002,4.67,5.09,4.58,4.98,784200
05/03/2002,5,5.16,4.8,5.16,809700
05/06/2002,5.19,5.29,4.65,4.7,457800
05/07/2002,4.69,4.75,4.38,4.56,540900
05/08/2002,4.6,5.06,4.6,5.06,516800
05/09/2002,5,5.01,4.83,4.91,286900
05/10/2002,4.83,5.1,4.8,5.03,1757900
05/13/2002,4.9,5.45,4.9,5.35,1453900
05/14/2002,5.51,5.6,5.3,5.31,1613200
05/15/2002,5.28,5.32,5.1,5.13,373600
05/16/2002,5.13,5.2,5.01,5.11,482300
05/17/2002,5.21,5.22,5.07,5.12,498300
05/20/2002,5.12,5.13,4.84,4.93,316500
05/21/2002,5,5.05,4.81,5.02,431600
05/22/2002,4.85,5.08,4.75,4.94,959200
05/23/2002,4.9,4.96,4.52,4.627,767000
05/24/2002,4.55,4.64,4.5,4.59,596900
05/28/2002,4.58,4.6,4.4,4.51,379200
05/29/2002,4.4,4.489,4.23,4.37,386200
05/30/2002,4.34,4.87,4.3,4.74,732700
05/31/2002,4.77,4.82,4.66,4.81,467300
06/03/2002,4.74,4.93,4.52,4.62,795200
06/04/2002,4.56,4.93,4.55,4.86,577400
06/05/2002,5.02,5.139,4.68,5,797200
06/06/2002,4.95,5,4.65,4.81,361100
06/07/2002,4.61,5.14,4.52,5.03,706400
06/10/2002,4.99,5.5,4.94,5.26,1160800
06/11/2002,5.42,5.5,5.19,5.23,824100
06/12/2002,5.27,5.3,5.02,5.2,574000
06/13/2002,5.11,5.29,5.05,5.29,365500
06/14/2002,5.26,5.6,4.99,5.44,853200
06/17/2002,5.35,5.75,5.35,5.49,1563000
06/18/2002,5.44,5.7,5.4,5.5,706600
06/19/2002,5.28,5.6,5.27,5.3,835500
06/20/2002,5.29,5.63,5.16,5.36,668300
06/21/2002,5.36,5.58,5.12,5.29,792300
06/24/2002,5.15,5.53,5.05,5.3,1196100
06/25/2002,5.3,5.77,5.25,5.5,1217000
06/26/2002,5.04,5.49,5.02,5.49,1153400
06/27/2002,5.52,5.8,5.43,5.69,1143300
06/28/2002,5.55,6.04,5.5,5.85,6349600
07/01/2002,5.69,5.83,5.55,5.63,971200
07/02/2002,5.53,5.53,5.1,5.16,1082300
07/03/2002,5.16,5.3,5.07,5.29,551600
07/05/2002,5.17,5.4,5.13,5.39,338200
07/08/2002,5.41,5.61,5.27,5.28,469900
07/09/2002,5.27,5.45,5.15,5.44,657700
07/10/2002,5.47,5.55,5.25,5.5,503600
07/11/2002,5.3,5.5,5.1,5.49,1252200
07/12/2002,5.49,5.8,5.35,5.701,711600
07/15/2002,5.54,5.8,5.5,5.6,1024800
07/16/2002,5.55,5.74,5.54,5.68,1135300
07/17/2002,5.78,5.83,5.43,5.72,499300
07/18/2002,5.49,5.7,5.35,5.36,330200
07/19/2002,5.3,5.69,5.29,5.64,509000
07/22/2002,5.76,5.76,5.34,5.57,862774
07/23/2002,5.47,5.55,5.35,5.49,803586
07/24/2002,5.25,5.55,5.2,5.55,733357
07/25/2002,5.43,5.49,5.25,5.27,725093
07/26/2002,5.18,5.2,4.51,4.69,1290273
07/29/2002,4.8,4.91,4.5,4.81,1888899
07/30/2002,4.85,5,4.74,5,833560
07/31/2002,4.94,4.97,4.61,4.68,593850
08/01/2002,4.6,4.81,4.55,4.66,307970
08/02/2002,4.65,4.71,4.3,4.4,766732
08/05/2002,4.26,4.45,4.25,4.33,857397
08/06/2002,4.29,4.56,4.25,4.55,655265
08/07/2002,4.66,4.94,4.37,4.92,874350
08/08/2002,4.76,5,4.74,5,422622
08/09/2002,4.86,5.04,4.72,4.94,253951
08/12/2002,5.07,5.29,5.04,5.15,927992
08/13/2002,5.19,5.19,4.69,4.79,852546
08/14/2002,4.82,5.11,4.67,5.08,785364
08/15/2002,5.09,5.16,4.73,4.85,1033362
08/16/2002,4.88,5.12,4.69,5.09,874678
08/19/2002,5.09,5.31,5,5.3,811925
08/20/2002,5.32,5.32,5.07,5.28,209858
08/21/2002,5.29,5.37,5.09,5.35,343429
08/22/2002,5.3,5.39,5.21,5.28,316166
08/23/2002,5.25,5.38,5.2,5.25,284397
08/26/2002,5.24,5.32,4.95,5.27,424558
08/27/2002,5.25,5.32,5,5.1,207511
08/28/2002,5.1,5.1,4.8,4.8,341780
08/29/2002,4.81,5.009,4.6,4.97,549642
08/30/2002,4.98,5,4.71,4.74,239692
09/03/2002,4.75,4.8,4.5,4.71,617572
09/04/2002,4.73,4.98,4.56,4.98,485679
09/05/2002,4.92,5.03,4.83,4.9,552364
09/06/2002,5.08,5.15,4.94,5.1,801471
09/09/2002,5.05,5.39,5,5.36,546996
09/10/2002,5.38,5.62,5.15,5.55,859415
09/11/2002,5.59,5.6,5.3,5.31,384686
09/12/2002,5.3,5.369,5.12,5.31,438963
09/13/2002,5.3,5.309,5.2,5.25,306465
09/16/2002,6.14,6.19,5.75,5.839,6196323
09/17/2002,5.95,5.97,5.5,5.59,2037216
09/18/2002,5.31,5.33,5,5.23,1857389
09/19/2002,5.09,5.24,5.04,5.16,850854
09/20/2002,5.19,5.25,4.95,4.98,969788
09/23/2002,5,5,4.82,4.89,471852
09/24/2002,4.8,5.13,4.79,4.98,477166
09/25/2002,4.91,5.05,4.9,4.95,811083
09/26/2002,5,5,4.765,4.9,442604
09/27/2002,4.9,4.96,4.78,4.78,311814
09/30/2002,4.78,4.9,4.75,4.75,325644
10/01/2002,4.8,4.85,4.65,4.7,871440
10/02/2002,4.7,4.75,4.38,4.4,930333
10/03/2002,4.4,4.51,4.26,4.48,579334
10/04/2002,4.47,4.48,4.32,4.36,321506
10/07/2002,4.28,4.29,3.6,3.71,1263544
10/08/2002,3.75,3.9,3.46,3.89,1219066
10/09/2002,3.88,3.94,3.75,3.84,412065
10/10/2002,3.7,3.84,3.7,3.78,539175
10/11/2002,3.95,4.12,3.821,4.08,822211
10/14/2002,4.08,4.09,3.84,3.91,315204
10/15/2002,4.11,4.3,4.01,4.15,446017
10/16/2002,4.09,4.09,3.87,3.87,335584
10/17/2002,4.07,4.5,4,4.343,509974
10/18/2002,4.311,4.5,4.25,4.48,445771
10/21/2002,4.5,4.59,4.29,4.49,322031
10/22/2002,4.48,4.49,4.27,4.27,604200
10/23/2002,4.28,4.65,4.21,4.59,559088
10/24/2002,4.6,4.75,4.58,4.6,537515
10/25/2002,4.57,4.6,4.37,4.5,299179
10/28/2002,4.51,4.77,4.501,4.74,1018995
10/29/2002,4.7,4.7,4.33,4.46,686901
10/30/2002,4.45,4.71,4.38,4.67,488884
10/31/2002,4.63,4.7,4.48,4.49,359957
11/01/2002,4.49,4.7,4.45,4.69,425885
11/04/2002,4.75,5,4.71,4.95,1194054
11/05/2002,4.95,5.1,4.79,4.89,446600
11/06/2002,4.92,5.06,4.79,5.06,638850
11/07/2002,4.9,4.99,4.75,4.8,462232
11/08/2002,4.76,4.78,4.5,4.55,318112
11/11/2002,4.51,4.59,4.28,4.28,335809
11/12/2002,4.29,4.49,4.28,4.45,470010
11/13/2002,4.42,4.53,4.3,4.46,326822
11/14/2002,4.47,4.61,4.35,4.6,810491
11/15/2002,4.48,4.6,4.4,4.5,222831
11/18/2002,4.58,15,4.55,14.06,123920
11/19/2002,13.95,14.1,13.9,13.91,195100
11/20/2002,13.92,14.59,13.6,14.5,128000
11/21/2002,14.55,14.62,14,14.05,86900
11/22/2002,14.1,14.11,13.77,14,106900
11/25/2002,14.05,14.09,13.19,13.43,114700
11/26/2002,13.4,13.62,12.62,12.8,126700
11/27/2002,12.75,13.16,12.6,12.7,143600
11/29/2002,12.45,12.6,12.3,12.3,95100
12/02/2002,12.25,12.88,12.25,12.41,149900
12/03/2002,12.51,13.36,12.51,13.27,140300
12/04/2002,13.28,13.83,13.15,13.52,69500
12/05/2002,13.45,13.75,13.3,13.33,116500
12/06/2002,13.25,13.54,12.99,13.29,146000
12/09/2002,13.2,13.72,13.16,13.65,124100
12/10/2002,13.85,14.24,13.71,13.74,69800
12/11/2002,13.81,14.19,13.8,14.05,69800
12/12/2002,14.15,14.15,13.91,14.05,63800
12/13/2002,14.02,14.19,13.9,13.9,52000
12/16/2002,13.9,13.95,12.89,12.89,93900
12/17/2002,12.55,13.35,12.55,13.28,157600
12/18/2002,13.45,14.15,13.26,14.12,211900
12/19/2002,14.15,14.24,13.51,13.51,49800
12/20/2002,13.5,13.8,13.24,13.74,74500
12/23/2002,13.5,13.75,13.42,13.43,49500
12/24/2002,13.43,13.43,12.88,13.08,55200
12/26/2002,13.1,13.26,12.85,12.89,24000
12/27/2002,12.95,13.05,12.49,12.49,93200
12/30/2002,12.55,12.83,12.35,12.83,91000
12/31/2002,12.95,13.45,12.65,13.17,214900
01/02/2003,13.05,13.15,12.56,12.7,151700
01/03/2003,12.7,12.8,12.6,12.68,57900
01/06/2003,12.7,12.74,12.45,12.69,85400
01/07/2003,12.7,12.99,12.6,12.7,93800
01/08/2003,12.6,12.69,12.15,12.42,148700
01/09/2003,12.3,12.4,11.88,12.06,162700
01/10/2003,12.05,12.4,12,12.39,142600
01/13/2003,12.45,12.49,12.05,12.25,89200
01/14/2003,12.4,12.89,12.4,12.84,166100
01/15/2003,12.75,12.79,11.9,12.26,366500
01/16/2003,12.4,12.78,12.3,12.77,96500
01/17/2003,12.5,12.78,12.31,12.42,53900
01/21/2003,12.55,12.7,12.4,12.61,71700
01/22/2003,12.58,12.83,12.58,12.74,72400
01/23/2003,12.75,12.9,12.71,12.88,49600
01/24/2003,12.89,13.3,12.76,13.21,99600
01/27/2003,13.15,13.26,12.9,12.97,96000
01/28/2003,12.9,13.05,12.89,13.02,49400
01/29/2003,12.7,13.1,12.35,13.1,116800
01/30/2003,13.12,13.2,12.99,13.1,54700
01/31/2003,13.1,13.8,13.1,13.77,163100
02/03/2003,13.71,13.72,13.27,13.45,80600
02/04/2003,13.45,13.45,13.15,13.21,205500
02/05/2003,13.12,13.34,12.95,13.28,151700
02/06/2003,13.2,13.9,13.19,13.8,165500
02/07/2003,13.84,13.85,13.6,13.75,101400
02/10/2003,13.73,13.73,12.45,12.51,675900
02/11/2003,12.45,12.7,12.25,12.46,95100
02/12/2003,12.5,12.66,12.3,12.45,106700
02/13/2003,12.55,12.62,12.2,12.48,56800
02/14/2003,12.5,12.6,12.25,12.48,41700
02/18/2003,12.6,12.65,12.28,12.37,76700
02/19/2003,12.3,12.42,11.83,11.97,94200
02/20/2003,12,12.07,11.8,11.81,59400
02/21/2003,11.65,12.27,11.57,12.21,41500
02/24/2003,12.15,12.25,12,12.02,41300
02/25/2003,12.04,12.04,11.69,11.71,110000
02/26/2003,11.6,11.6,11.2,11.56,93600
02/27/2003,11.43,11.82,11.43,11.82,35600
02/28/2003,11.87,11.99,11.6,11.69,32400
03/03/2003,11.4,11.65,11.3,11.35,169200
03/04/2003,11.35,11.75,11.26,11.65,188700
03/05/2003,11.7,12.41,11.63,12.38,91200
03/06/2003,12.3,12.4,12.25,12.26,117500
03/07/2003,12.2,12.6,12.2,12.5,143100
03/10/2003,12.6,12.65,12.11,12.57,153600
03/11/2003,12.55,12.76,12.25,12.28,115000
03/12/2003,12,12.7,12,12.66,135800
03/13/2003,12.68,13,12.65,12.9,91200
03/14/2003,12.9,13.1,12.9,13,216900
03/17/2003,12.9,13.64,12.65,13.46,110700
03/18/2003,13.4,13.73,13.32,13.47,92100
03/19/2003,13.3,13.4,13.05,13.26,83000
03/20/2003,13,13.44,13,13.3,36100
03/21/2003,13.29,13.42,13.2,13.34,73300
03/24/2003,13.07,13.3,12.87,13.22,79000
03/25/2003,13.1,13.35,13,13.2,41000
03/26/2003,13.2,13.24,12.91,13.19,90000
03/27/2003,13.2,13.2,12.85,13.15,44300
03/28/2003,13.04,13.17,12.95,13.03,25500
03/31/2003,12.95,13.3,12.95,13.05,38900
04/01/2003,12.91,12.99,12.65,12.8,96800
04/02/2003,12.7,12.99,12.7,12.9,77700
04/03/2003,12.95,12.95,12.4,12.47,98700
04/04/2003,12.5,12.7,12.36,12.65,79100
04/07/2003,12.7,13.1,12.64,12.99,83200
04/08/2003,13.03,13.03,12.8,13,42200
04/09/2003,13.1,13.1,12.5,12.5,65500
04/10/2003,12.5,12.6,12.4,12.4,49600
04/11/2003,12.4,12.94,12.4,12.71,41300
04/14/2003,12.6,13.06,12.6,13.02,40300
04/15/2003,13,13,12.75,12.94,24400
04/16/2003,13,13.1,12.74,12.74,41800
04/17/2003,12.82,12.95,12.56,12.71,65400
04/21/2003,12.65,12.85,12.6,12.65,56900
04/22/2003,12.75,13.24,12.75,13.07,43300
04/23/2003,13.1,13.25,12.8,13,48400
04/24/2003,12.95,13.05,12.71,12.83,43400
04/25/2003,12.85,13,12.6,12.7,89200
04/28/2003,13,13.24,12.42,12.42,167200
04/29/2003,12.42,12.75,12.01,12.15,134300
04/30/2003,12.4,12.65,12.25,12.5,93300
05/01/2003,12.25,12.45,12.25,12.4,37800
05/02/2003,12.5,12.76,12.43,12.7,78800
05/05/2003,12.74,12.89,12.59,12.64,42500
05/06/2003,12.64,12.69,12.53,12.54,69200
05/07/2003,12.5,12.66,12.48,12.54,145000
05/08/2003,12.54,12.54,12.24,12.32,30400
05/09/2003,12.39,12.59,12.21,12.59,66100
05/12/2003,12.66,13.15,12.65,12.86,178300
05/13/2003,12.85,12.87,12.5,12.67,123500
05/14/2003,12.7,12.75,12.5,12.53,28800
05/15/2003,12.5,12.65,12.5,12.63,26300
05/16/2003,12.54,12.55,12.15,12.29,65000
05/19/2003,12.4,12.5,12.19,12.19,53100
05/20/2003,12.2,12.4,12.11,12.11,24000
05/21/2003,12.11,12.48,12.11,12.4,25000
05/22/2003,12.4,12.54,12.3,12.32,39400
05/23/2003,12.3,12.38,12.26,12.31,28100
05/27/2003,12.41,12.7,12.29,12.63,70200
05/28/2003,12.64,13,12.46,12.88,82700
05/29/2003,13.15,13.19,12.53,12.87,85000
05/30/2003,13,13.1,12.85,12.96,53900
06/02/2003,12.99,13.15,12.5,12.52,77000
06/03/2003,12.35,12.65,12.32,12.55,53200
06/04/2003,12.5,12.6,12.36,12.48,117200
06/05/2003,12.65,13.27,12.5,12.8,216700
06/06/2003,12.9,13.16,12.81,12.92,104000
06/09/2003,13.09,13.24,12.5,12.7,103000
06/10/2003,12.65,13.2,12.65,13.05,85900
06/11/2003,13.45,13.59,13.3,13.43,145300
06/12/2003,13.52,13.84,13.5,13.71,110400
06/13/2003,13.76,13.85,13.51,13.73,78800
06/16/2003,13.76,13.9,13.53,13.85,49500
06/17/2003,13.9,13.9,13.52,13.65,58700
06/18/2003,13.7,13.9,13.6,13.86,94600
06/19/2003,13.98,13.99,13.61,13.65,50400
06/20/2003,13.62,13.83,13.59,13.7,45000
06/23/2003,13.6,13.62,13.15,13.15,39500
06/24/2003,13.05,13.56,13.05,13.54,39800
06/25/2003,13.6,13.7,12.94,13.21,69000
06/26/2003,13.3,13.79,13.09,13.4,67500
06/27/2003,13.4,13.45,13.16,13.2,29600
06/30/2003,13.05,13.05,12.73,12.73,249900
07/01/2003,12.6,12.98,12.45,12.95,175500
07/02/2003,12.95,13.67,12.73,13.59,104300
07/03/2003,13.53,13.53,13,13.14,26200
07/07/2003,13.24,13.43,12.87,13.2,77800
07/08/2003,13.1,13.35,13.05,13.09,37600
07/09/2003,13.1,13.1,12.7,12.75,84200
07/10/2003,12.75,13,12.61,12.77,73200
07/11/2003,12.8,12.99,12.8,12.9,53600
07/14/2003,12.77,13,12.77,12.95,76800
07/15/2003,12.7,13,12.7,12.95,104200
07/16/2003,12.96,12.96,12.51,12.53,107900
07/17/2003,12.55,12.95,12.55,12.8,90500
07/18/2003,12.75,12.95,12.41,12.66,85900
07/21/2003,12.65,12.8,12.4,12.4,43800
07/22/2003,12.4,12.8,12.4,12.45,38200
07/23/2003,12.65,12.95,12.6,12.89,32200
07/24/2003,12.96,13.24,12.75,12.76,63300
07/25/2003,12.76,13.3,12.75,12.95,79300
07/28/2003,13.75,14.87,13.27,14.32,514500
07/29/2003,14.17,14.39,13.83,14.07,199900
07/30/2003,14.2,14.36,13.89,13.95,89000
07/31/2003,13.9,14.08,13.7,14.02,84900
08/01/2003,14.1,14.25,13.81,14.2,159700
08/04/2003,14.25,14.32,13.4,13.51,105400
08/05/2003,13.41,13.41,12.91,12.94,125600
08/06/2003,13,13.49,13,13.4,93700
08/07/2003,13.27,13.48,13.21,13.31,77500
08/08/2003,13.35,13.51,13.1,13.33,86600
08/11/2003,13.45,14.04,13.38,14.02,326200
08/12/2003,13.97,14.1,13.73,13.99,175400
08/13/2003,14,14.07,13.86,13.93,157700
08/14/2003,14.04,14.25,13.9,14.24,28900
08/15/2003,14.3,14.37,14.08,14.11,22900
08/18/2003,14.21,14.43,14.13,14.26,77700
08/19/2003,14.37,14.73,14.12,14.7,116300
08/20/2003,14.63,14.85,14.5,14.75,118700
08/21/2003,14.85,14.9,14.72,14.76,124600
08/22/2003,14.86,14.93,14.5,14.62,90500
08/25/2003,14.6,14.83,13.95,14.03,113900
08/26/2003,13.95,13.95,13.2,13.59,99400
08/27/2003,13.58,14.1,13.57,14.1,107400
08/28/2003,14.05,14.19,13.91,14.18,54000
08/29/2003,14.12,14.36,14.1,14.17,44900
09/02/2003,14.4,14.91,14.37,14.91,140000
09/03/2003,14.91,15.27,14.82,14.88,128500
09/04/2003,14.8,15.2,14.71,14.81,62500
09/05/2003,14.7,14.89,14.41,14.44,103000
09/08/2003,14.55,14.88,14.55,14.62,74300
09/09/2003,14.52,14.61,14.38,14.38,115000
09/10/2003,14.31,14.39,13.62,13.79,110000
09/11/2003,13.83,14.34,13.75,14.26,123600
09/12/2003,14.22,14.68,13.91,14.62,80200
09/15/2003,14.65,14.72,14.37,14.6,82000
09/16/2003,14.5,15.2,14.22,15.19,184800
09/17/2003,15.2,15.83,15.17,15.64,262000
09/18/2003,15.69,15.8,15.24,15.53,396500
09/19/2003,15.47,16.29,15.47,15.79,259000
09/22/2003,15.98,16,15.39,15.91,150100
09/23/2003,15.98,18.6,15.81,18.26,1694800
09/24/2003,18.1,18.15,17.9,18.01,1646600
09/25/2003,18.05,18.13,18,18.04,789200
09/26/2003,18.02,18.23,17.97,18.17,509800
09/29/2003,18.16,18.16,18.05,18.13,209700
09/30/2003,18.1,18.16,18.06,18.09,677600
10/01/2003,18.07,18.12,18.04,18.08,300000
10/02/2003,18.07,18.17,18.05,18.1,208900
10/03/2003,18.15,18.25,18.13,18.2,173300
10/06/2003,18.15,18.47,18.15,18.42,287500
10/07/2003,18.41,18.79,18.41,18.7,277500
10/08/2003,18.75,18.75,18.58,18.7,124300
10/09/2003,18.73,18.77,18.31,18.51,250200
10/10/2003,18.55,18.6,18.35,18.52,145600
10/13/2003,18.49,18.71,18.49,18.62,119400
10/14/2003,18.61,18.7,18.58,18.7,105200
10/15/2003,18.75,18.75,18.57,18.74,139800
10/16/2003,18.67,18.85,18.63,18.75,177600
10/17/2003,18.75,18.75,18.45,18.5,173900
10/20/2003,18.5,18.55,18.25,18.45,413400
10/21/2003,18.45,18.52,18.36,18.46,447900
10/22/2003,18.4,18.42,18.33,18.36,203200
10/23/2003,18.28,18.4,18.26,18.35,203700
10/24/2003,18.31,18.38,18.15,18.32,392200
10/27/2003,18,18.15,17.67,18.07,680600
10/28/2003,18,18.07,17.78,17.84,338100
10/29/2003,17.78,18.25,17.78,18.17,213400
10/30/2003,18.16,18.16,17.92,17.98,109000
10/31/2003,17.91,18.14,17.91,18.05,126400
11/03/2003,17.95,18.04,17.4,18,259673
11/04/2003,18,18.19,18,18.13,139500
11/05/2003,18.1,18.25,18.01,18.18,101300
11/06/2003,18.15,18.2,18.09,18.11,103100
11/07/2003,18.15,18.15,17.98,17.98,257500
11/10/2003,17.97,17.97,17.64,17.65,217600
11/11/2003,17.65,17.66,17.25,17.5,164400
11/12/2003,17.5,17.75,17.43,17.69,76900
11/13/2003,17.7,17.88,17.61,17.68,121000
11/14/2003,17.7,18.26,17.66,18.03,138700
11/17/2003,17.99,18.02,17.75,17.96,128700
11/18/2003,17.8,17.93,17.71,17.91,130100
11/19/2003,17.85,18.07,17.85,18,111900
11/20/2003,17.9,17.91,17.62,17.63,150200
11/21/2003,17.8,17.93,17.74,17.92,70600
11/24/2003,17.71,17.98,17.71,17.91,150900
11/25/2003,17.94,18,17.79,17.81,138800
11/26/2003,17.8,18.02,17.76,18.01,82500
11/28/2003,18.04,18.05,17.86,17.86,41000
12/01/2003,18.12,18.12,17.8,17.96,125300
12/02/2003,18.1,18.1,17.85,17.96,74200
12/03/2003,18,18,17.75,17.85,198400
12/04/2003,17.77,17.84,17.2,17.39,226900
12/05/2003,17.2,17.36,16.77,16.81,468300
12/08/2003,12.08,17.32,12.01,17.17,388603
12/09/2003,17.25,17.35,17.25,17.27,240500
12/10/2003,17.2,17.24,17.15,17.16,117200
12/11/2003,18.32,18.49,18.32,18.39,3217500
12/12/2003,18.41,18.45,18.38,18.44,857500
12/15/2003,18.5,18.55,18.45,18.49,425400
12/16/2003,18.45,18.47,18.39,18.4,704000
12/17/2003,18.4,18.63,18.4,18.59,396500
12/18/2003,18.58,18.69,18.58,18.67,264700
12/19/2003,18.7,18.75,18.62,18.63,321900
12/22/2003,18.54,18.69,18.54,18.65,180100
12/23/2003,18.69,18.71,18.64,18.66,125300
12/24/2003,18.64,18.7,18.64,18.68,30200
12/26/2003,18.44,18.7,18.35,18.63,95540
12/29/2003,18.66,18.72,18.64,18.66,175100
12/30/2003,18.66,18.7,18.64,18.65,247200
12/31/2003,18.67,18.7,18.65,18.67,109600
01/02/2004,18.66,18.71,18.66,18.67,190700
01/05/2004,18.66,18.71,18.63,18.69,349700
01/06/2004,18.7,18.74,18.69,18.7,188300
01/07/2004,18.71,18.72,18.67,18.69,505600
01/08/2004,18.68,18.72,18.68,18.72,200400
01/09/2004,18.7,18.7,18.5,18.5,153600
01/12/2004,18.38,18.57,18.38,18.48,607100
01/13/2004,18.47,18.67,18.42,18.65,213900
01/14/2004,18.7,18.85,18.6,18.8,557600
01/15/2004,18.73,19.03,18.73,18.91,503000
01/16/2004,18.91,18.91,18.68,18.7,367500
01/20/2004,18.75,18.85,18.62,18.69,626600
01/21/2004,18.6,18.82,18.6,18.67,332300
01/22/2004,18.66,18.87,18.55,18.83,23800
01/23/2004,18.93,19.1,18.6,18.74,44300
01/26/2004,20.41,21.06,20.2,20.79,4112684
01/27/2004,20.55,20.9,20.25,20.3,2590445
01/28/2004,20.62,20.69,19.42,19.6,3548749
01/29/2004,19.51,19.98,18.5,19.19,5627070
01/30/2004,19.03,19.62,19,19.24,2372579
02/02/2004,17.5,18.85,17.46,18.29,10473425
02/03/2004,18,18.21,17.68,17.84,5293385
02/04/2004,17.33,17.81,17.26,17.45,4602522
02/05/2004,17.46,18.11,17.4,17.8,2867958
02/06/2004,18,18.46,17.81,18.42,2871869
02/09/2004,18.51,18.57,18.15,18.22,1676929
02/10/2004,18.11,18.25,17.69,17.87,2646882
02/11/2004,17.97,18.91,17.9,18.87,4913482
02/12/2004,18.76,19,18.47,18.66,2311848
02/13/2004,18.78,18.79,17.95,18.32,2819662
02/17/2004,18.63,18.64,18.35,18.59,1393694
02/18/2004,18.47,18.55,17.95,18.2,2200882
02/19/2004,18.27,18.46,17.65,17.74,2767401
02/20/2004,17.8,17.93,17.14,17.56,3893189
02/23/2004,17.75,17.84,17.09,17.1,3807575
02/24/2004,17.13,17.15,16.62,16.88,3344916
02/25/2004,16.75,17.5,16.74,17.3,3297455
02/26/2004,17.31,17.86,17.1,17.54,2661902
02/27/2004,17.7,18.25,17.66,17.95,4007933
03/01/2004,18.09,18.66,18.05,18.55,2715678
03/02/2004,18.58,18.66,18.35,18.6,3553073
03/03/2004,18.6,18.7,17.58,18.05,3696977
03/04/2004,18.09,19.31,18.01,19.23,5269282
03/05/2004,18.89,19.6,18.64,18.96,3856637
03/08/2004,19.17,19.31,18.25,18.31,2241204
03/09/2004,18.31,18.53,17.7,17.76,2565913
03/10/2004,17.83,18,17.3,17.47,2996963
03/11/2004,17.6,18.9,17.37,18.09,6266755
03/12/2004,17.74,18.49,17.67,18.02,4681852
03/15/2004,17.88,18.3,17.54,17.62,2024814
03/16/2004,17.78,18.25,17.65,17.93,3244176
03/17/2004,18.13,18.56,18.02,18.37,2966756
03/18/2004,18.38,18.92,18.24,18.86,3074657
03/19/2004,18.8,19.7,18.62,19.22,4654622
03/22/2004,19.3,19.37,18.03,18.34,5059734
03/23/2004,19.24,19.51,18.5,19.41,13451805
03/24/2004,21.56,22.11,19.52,20.02,39289480
03/25/2004,20.2,22.45,20.1,22.39,14381694
03/26/2004,22.21,22.55,21.73,22.12,8067247
03/29/2004,22.39,23.95,22.32,23.7,11763232
03/30/2004,23.48,24.15,23.42,23.93,7453890
03/31/2004,23.8,23.88,23.03,23.06,5076410
04/01/2004,22.95,23.28,22.58,23.16,5415831
04/02/2004,23.93,24,23.6,23.85,2971614
04/05/2004,23.74,24.8,23.4,24.68,6655362
04/06/2004,24.45,24.6,24.02,24.11,5245021
04/07/2004,24.08,24.13,23.63,23.96,2512447
04/08/2004,24.34,24.47,24,24.25,3074586
04/12/2004,24.29,25.2,24.14,25.06,3796027
04/13/2004,25.25,25.57,24.75,25,3741488
04/14/2004,24.66,25.34,24.5,24.66,1891694
04/15/2004,24.76,24.81,23.44,23.49,4117423
04/16/2004,23.51,23.59,22.67,23.18,2468949
04/19/2004,23.28,24.25,23.17,24.13,2304972
04/20/2004,24.34,24.66,23.68,23.84,2863179
04/21/2004,24.39,24.49,23.55,24.08,2460814
04/22/2004,24,24.9,23.85,24.58,2390536
04/23/2004,24.55,24.64,24,24.5,1699082
04/26/2004,24.34,26.68,24.1,25.99,6069227
04/27/2004,25.99,26.57,25.6,26.25,4782443
04/28/2004,26.38,26.39,24.51,24.82,3528364
04/29/2004,24.69,24.85,23.66,23.96,3791025
04/30/2004,23.65,23.85,22.38,22.71,4797347
05/03/2004,22.62,24.53,22.61,24.13,4781761
05/04/2004,23.96,25.52,23.96,25,4107006
05/05/2004,25.4,25.86,25.15,25.64,4369510
05/06/2004,25.39,25.98,25.22,25.76,3162265
05/07/2004,25.69,26,24.75,24.93,3933243
05/10/2004,24.62,24.62,23.47,24.25,3084866
05/11/2004,24.59,25.45,24.57,25.24,3632119
05/12/2004,25.09,25.25,24.08,25.07,6380673
05/13/2004,25.01,26.22,25,26.03,4077964
05/14/2004,26,26,25.04,25.52,3053358
05/17/2004,24.76,25.38,24.49,24.97,3614842
05/18/2004,25.15,25.58,25.13,25.21,3485126
05/19/2004,25.66,26.15,25.1,25.36,4514253
05/20/2004,25.37,25.38,24.7,24.71,2896002
05/21/2004,24.66,25.03,24.62,24.97,2291901
05/24/2004,25.3,26.2,25.23,26,3459933
05/25/2004,25.9,26.18,25.36,25.91,5155435
05/26/2004,26,28.08,25.73,27.71,9053015
05/27/2004,27.96,28,26.78,27.37,4163996
05/28/2004,27.53,27.68,27.28,27.43,2419946
06/01/2004,26.93,28.84,26.89,28.68,6313330
06/02/2004,28.89,29.06,28.28,28.84,5129608
06/03/2004,28.6,28.67,27.36,27.4,4226870
06/04/2004,27.94,28.12,27.29,28.03,4088546
06/07/2004,28.3,28.75,27.45,28.18,3929942
06/08/2004,26.99,27.27,26.5,27.03,6663234
06/09/2004,26.34,26.49,25.35,25.87,7435537
06/10/2004,26.1,26.12,25.4,25.63,3545181
06/14/2004,25.35,25.35,24.16,24.35,7508906
06/15/2004,23.23,24.04,21.9,22.04,36920638
06/16/2004,22.47,23.25,22.1,22.76,12429317
06/17/2004,22.76,22.8,22.3,22.4,7910085
06/18/2004,20.14,20.45,19.84,20.09,28541263
06/21/2004,20.31,20.56,20.17,20.3,6060136
06/22/2004,20.43,20.7,20,20.69,5142758
06/23/2004,20.71,22.05,20.61,22.01,8118659
06/24/2004,22.1,22.64,21.85,22.04,5441875
06/25/2004,22.01,22.5,21.66,22.06,5445407
06/28/2004,22.43,22.95,22.1,22.8,6041753
06/29/2004,22.66,22.8,22.34,22.61,3100576
06/30/2004,22.55,23.1,22.35,22.9,3098060
07/01/2004,23.01,23.01,22.46,22.75,3402370
07/02/2004,22.5,22.78,22.01,22.14,2476958
07/06/2004,21.52,22.1,21.25,21.6,4031945
07/07/2004,21.21,21.72,20.85,21.34,2743635
07/08/2004,20.8,21.12,20.36,20.38,4256384
07/09/2004,20.48,20.99,20.35,20.47,3149007
07/12/2004,20.34,21.05,19.86,20.28,4244361
07/13/2004,18.94,18.96,15.59,15.73,50781764
07/14/2004,15.45,15.71,14.77,15.06,18913812
07/15/2004,15.3,15.99,15.09,15.52,9474944
07/16/2004,15.62,16.12,15,15.15,5397611
07/19/2004,15.18,15.49,13.81,14.92,14950785
07/20/2004,15.37,16.65,15.05,16.15,11457626
07/21/2004,16.6,16.66,15.8,15.89,5598282
07/22/2004,15.64,16.37,15.44,16.29,3739190
07/23/2004,15.91,16.25,15.86,16.02,3237224
07/26/2004,16.22,16.3,15.37,15.54,3314739
07/27/2004,15.57,16.17,15.46,16.07,2435504
07/28/2004,16.03,16.45,15.54,16.01,2952587
07/29/2004,16.22,17.61,16.14,16.72,6827333
07/30/2004,16.81,17.2,16.62,17.16,2731091
08/02/2004,17.01,17.6,16.75,17.44,4163150
08/03/2004,17.74,17.75,16.74,16.79,2612155
08/04/2004,16.73,16.9,15.76,15.95,5495168
08/05/2004,16.33,17.13,16.3,16.59,7340819
08/06/2004,16.25,16.44,15.21,15.3,5637113
08/09/2004,15.22,15.57,14.65,15.02,3615845
08/10/2004,15.02,15.64,15,15.53,2707877
08/11/2004,15.04,15.05,13.86,14.7,7341676
08/12/2004,14.7,14.7,13.9,14.08,5036178
08/13/2004,14.28,14.41,13.93,14.07,2120542
08/16/2004,13.94,14.52,13.92,14.15,2786374
08/17/2004,14.3,14.63,14.2,14.43,2073137
08/18/2004,14.38,14.69,13.99,14.62,3771132
08/19/2004,14.31,14.5,12.93,12.99,10973204
08/20/2004,13.06,13.15,12.31,12.45,11795867
08/23/2004,12.66,13.29,12.58,12.99,6422479
08/24/2004,13.2,13.46,12.8,12.85,4622186
08/25/2004,12.85,12.9,12.43,12.8,5696706
08/26/2004,12.87,13.05,12.65,12.74,3040366
08/27/2004,12.9,13.27,12.86,13.19,3847063
08/30/2004,13.15,13.19,12.58,12.79,3529336
08/31/2004,12.72,12.77,11.86,12.25,8118931
09/01/2004,12.18,12.71,11.89,12.55,5377100
09/02/2004,12.76,13.41,12.6,13.32,5413468
09/03/2004,13.31,13.67,12.94,12.94,3665311
09/07/2004,13.38,13.54,13.1,13.29,2998388
09/08/2004,13.31,13.5,12.96,12.96,3083707
09/09/2004,13.24,13.69,13.11,13.55,2804434
09/10/2004,13.62,14.4,13.56,14.28,4343389
09/13/2004,14.85,15.12,14.57,14.8,5367159
09/14/2004,14.73,15.36,14.7,15.23,4924056
09/15/2004,15.29,15.31,14.9,15.04,3909494
09/16/2004,14.98,15.38,14.97,15.17,2645901
09/17/2004,15.37,15.45,14.98,15.17,3682694
09/20/2004,15.18,15.55,15.05,15.08,7912364
09/21/2004,14.28,14.28,12.85,13.23,26507582
09/22/2004,13.14,13.16,12.75,12.87,6841807
09/23/2004,13.04,13.08,12.4,12.54,7499492
09/24/2004,12.64,13.02,12.57,12.63,4273781
09/27/2004,12.45,12.9,12.4,12.62,3738983
09/28/2004,12.5,12.55,12.18,12.45,4028382
09/29/2004,12.51,12.88,12.41,12.72,3951666
09/30/2004,12.46,12.61,11.96,12.22,19075881
10/01/2004,12.54,13.79,12.5,13.77,12760947
10/04/2004,14,14.6,14,14.07,8392303
10/05/2004,14.23,14.28,13.62,13.76,3980859
10/06/2004,13.7,13.93,13.55,13.86,3290234
10/07/2004,13.97,13.97,13.58,13.6,2609511
10/08/2004,13.44,13.63,13.21,13.28,3199196
10/11/2004,13.25,13.56,13.22,13.44,2272238
10/12/2004,13.28,13.6,12.96,13.49,3149663
10/13/2004,13.68,13.91,13.28,13.3,2611022
10/14/2004,13.24,13.35,12.92,12.95,2524385
10/15/2004,13.13,13.45,13,13.31,2169975
10/18/2004,13.35,13.52,13.12,13.48,1726415
10/19/2004,13.49,13.75,13.25,13.27,1967752
10/20/2004,13.16,13.34,12.78,13.2,3451560
10/21/2004,13.37,13.99,13.31,13.91,3478990
10/22/2004,13.88,13.95,13.21,13.25,2505865
10/25/2004,13.16,13.73,13.14,13.61,2660874
10/26/2004,13.52,13.85,13.52,13.72,1801071
10/27/2004,13.8,13.94,13.38,13.4,5241378
10/28/2004,13.45,13.49,13.08,13.14,3941287
10/29/2004,13.11,13.3,12.71,12.77,7109931
11/01/2004,12.8,12.91,12.47,12.65,5072256
11/02/2004,12.66,12.75,12.21,12.28,5115574
11/03/2004,12.68,12.71,11.89,12.03,9323436
11/04/2004,11.98,12.24,11.9,12.06,4702193
11/05/2004,12.3,12.5,12.07,12.24,4413909
11/08/2004,12.28,12.49,12.23,12.24,3209001
11/09/2004,12.16,12.25,11.79,11.84,5141804
11/10/2004,11.98,11.98,11.21,11.33,9540355
11/11/2004,11.56,11.57,11.4,11.52,4113293
11/12/2004,11.69,11.73,11.42,11.55,4015757
11/15/2004,12.53,13.49,12.2,13.11,17329324
11/16/2004,12.95,13.27,12.86,12.96,5286284
11/17/2004,13.22,13.5,13.07,13.25,5345487
11/18/2004,13.28,13.35,13.15,13.18,2911162
11/19/2004,13.17,13.22,12.74,12.79,3247747
11/22/2004,12.62,12.78,12.32,12.74,3568491
11/23/2004,12.73,13,12.66,12.7,3130528
11/24/2004,12.76,13.42,12.75,13.31,4703705
11/26/2004,13.26,13.55,13.2,13.33,1994130
11/29/2004,13.51,13.69,13.33,13.44,3508560
11/30/2004,14.18,15.07,14.17,14.47,20446869
12/01/2004,14.81,15.09,14.55,14.98,10309235
12/02/2004,15.08,15.9,14.75,14.91,10595715
12/03/2004,15.25,15.25,14.82,15.13,5055271
12/06/2004,15.57,16.48,15.2,16.03,12747413
12/07/2004,16.48,16.65,15.95,16.02,10251789
12/08/2004,16.4,16.49,15.4,15.69,7214429
12/09/2004,15.52,15.98,15.31,15.76,4465224
12/10/2004,15.83,16.2,15.74,15.85,3581781
12/13/2004,16.16,16.16,15.88,15.96,2792159
12/14/2004,16,16.12,15.75,15.77,2885559
12/15/2004,16.15,16.5,15.94,15.96,7083648
12/16/2004,16.11,16.15,15.54,15.61,3321243
12/17/2004,15.59,15.86,15.41,15.53,2791614
12/20/2004,15.47,15.75,14.8,14.8,6816655
12/21/2004,14.88,15.34,14.88,15.14,3497472
12/22/2004,15.29,15.5,15.05,15.09,6284726
12/23/2004,13.86,13.94,13,13.04,32083651
12/27/2004,13.31,13.35,12.61,12.63,10597350
12/28/2004,12.78,13.16,12.55,13.14,9100978
12/29/2004,13.14,13.35,13.05,13.34,7879420
12/30/2004,13.3,13.46,13.25,13.39,4497299
12/31/2004,13.36,13.48,13.3,13.35,2465502
01/03/2005,13.41,13.45,13.03,13.08,4989729
01/04/2005,13.05,13.17,12.54,12.61,7042373
01/05/2005,12.6,12.63,12.25,12.46,6010605
01/06/2005,12.52,12.74,12.12,12.17,4896316
01/07/2005,12.21,12.38,12.14,12.16,4724632
01/10/2005,12.25,12.48,12.16,12.35,4196506
01/11/2005,12.3,12.31,11.95,12.01,5414270
01/12/2005,12.11,12.15,11.76,12.09,4305367
01/13/2005,12.17,12.19,11.85,11.93,2968223
01/14/2005,11.99,12.08,11.76,11.83,3424011
01/18/2005,11.81,11.98,11.6,11.91,2874216
01/19/2005,12,12.05,11.46,11.46,3264905
01/20/2005,11.3,11.58,11.21,11.38,5651877
01/21/2005,11.48,11.5,10.8,11,6145379
01/24/2005,11,11.13,10.57,10.6,3693413
01/25/2005,10.74,11.1,10.47,10.55,6821884
01/26/2005,10.7,11.19,10.61,11.13,5209188
01/27/2005,11.2,11.3,10.85,10.96,2454445
01/28/2005,10.96,11.05,10.4,10.49,3775573
01/31/2005,10.86,10.95,10.7,10.85,4383302
02/01/2005,10.9,11.3,10.8,11.29,6167167
02/02/2005,11.44,11.85,11.41,11.69,6939386
02/03/2005,11.79,11.85,11.41,11.47,3426388
02/04/2005,11.45,11.85,11.42,11.77,3115421
02/07/2005,11.99,12.29,11.88,11.96,5598492
02/08/2005,12.03,12.3,11.92,12.25,3910786
02/09/2005,12.73,12.85,12.24,12.26,7590129
02/10/2005,12.4,12.6,12.05,12.34,4060068
02/11/2005,12.45,12.6,12.32,12.56,2491708
02/14/2005,12.61,12.78,12.41,12.5,3023073
02/15/2005,12.58,12.75,12.42,12.73,4035952
02/16/2005,12.65,12.76,12.6,12.67,4326520
02/17/2005,12.68,12.69,11.55,11.66,10127981
02/18/2005,11.76,11.88,11.55,11.57,3913540
02/22/2005,11.45,11.5,11.13,11.15,6430916
02/23/2005,11.2,11.3,10.95,11.27,5151707
02/24/2005,11.13,11.45,11.13,11.37,3269690
02/25/2005,11.4,11.47,11.27,11.36,2412604
02/28/2005,11.37,11.58,11.27,11.47,3044635
03/01/2005,11.46,11.67,11.2,11.49,3180446
03/02/2005,11.45,11.48,11.1,11.18,3175870
03/03/2005,11.19,11.22,11.03,11.11,2805632
03/04/2005,11,11.14,10.5,11.05,9548725
03/07/2005,11.04,11.5,11.03,11.36,4034593
03/08/2005,11.33,11.38,11.15,11.26,2267770
03/09/2005,11.23,11.23,10.85,10.9,3225371
03/10/2005,10.53,10.78,10.5,10.67,4182792
03/11/2005,10.71,10.91,10.65,10.73,2906575
03/14/2005,10.72,10.85,10.7,10.8,1534100
03/15/2005,10.76,10.9,10.54,10.57,1735923
03/16/2005,10.65,10.92,10.49,10.53,4084883
03/17/2005,10.56,10.7,10.56,10.61,1858670
03/18/2005,10.71,10.74,10.37,10.47,2436839
03/21/2005,10.48,10.7,10.47,10.65,2161756
03/22/2005,10.69,10.78,10.41,10.61,3417387
03/23/2005,10.6,10.72,10.51,10.54,2016355
03/24/2005,10.56,10.72,10.51,10.64,2619310
03/28/2005,10.7,11.05,10.66,11,3821782
03/29/2005,11,11.05,10.61,10.8,4191817
03/30/2005,10.82,11.17,10.81,11.1,5068196
03/31/2005,11.15,11.35,10.7,10.91,7005576
04/01/2005,11.82,12.48,11.42,12.16,28769034
04/04/2005,12.06,12.14,11.44,11.49,9639049
04/05/2005,11.55,11.59,10.88,10.89,7261082
04/06/2005,11.03,11.25,10.84,11.23,4570601
04/07/2005,11.27,11.44,11.01,11.39,3560912
04/08/2005,11.41,11.47,11.15,11.18,2421470
04/11/2005,11.3,11.44,11.09,11.1,1531714
04/12/2005,11.1,11.2,10.75,11.19,3908243
04/13/2005,11.1,11.2,11,11.03,2600740
04/14/2005,11.02,11.12,10.9,10.93,4005705
04/15/2005,10.85,10.98,10.42,10.51,3207753
04/18/2005,10.45,10.82,10.45,10.76,2343271
04/19/2005,10.8,10.9,10.52,10.69,2394375
04/20/2005,10.72,10.8,10.55,10.6,2982002
04/21/2005,10.7,11.09,10.65,11.09,3021373
04/22/2005,11,11.23,10.95,11.1,4214384
04/25/2005,11.24,11.3,11.03,11.23,2664747
04/26/2005,11.13,11.35,11.12,11.2,2157213
04/27/2005,11.1,11.34,11.03,11.24,2236249
04/28/2005,11.24,11.25,10.91,10.97,1914509
04/29/2005,11.01,11.06,10.56,10.74,2874778
05/02/2005,10.87,11,10.7,10.75,2759109
05/03/2005,10.79,11,10.75,10.94,1626274
05/04/2005,10.85,11.12,10.8,11.04,2902055
05/05/2005,10.98,11.1,10.87,10.9,1175680
05/06/2005,10.9,11.11,10.9,11.03,1402020
05/09/2005,11.09,11.45,11.08,11.38,4076230
05/10/2005,11.39,11.57,11.17,11.24,2956092
05/11/2005,11.78,12.35,11.75,11.99,15015865
05/12/2005,11.97,12.18,11.8,11.97,4665693
05/13/2005,12.03,12.45,11.97,12.34,4411122
05/16/2005,12.4,12.77,12.27,12.51,6776851
05/17/2005,12.54,13.01,12.44,12.88,5101421
05/18/2005,12.97,13.07,12.8,12.97,4458445
05/19/2005,13.01,13.44,12.96,13.33,4825868
05/20/2005,13.4,13.5,13.18,13.4,2691986
05/23/2005,13.41,13.46,13,13.13,3742257
05/24/2005,13,13.26,12.94,13.16,4344664
05/25/2005,13.1,13.14,12.92,13,2446418
05/26/2005,12.92,13.11,12.92,12.99,2944192
05/27/2005,13.01,13.04,12.94,12.98,1589127
05/31/2005,12.74,13.04,12.45,12.62,7549263
06/01/2005,12.6,12.73,12.41,12.47,2777461
06/02/2005,12.36,12.64,12.3,12.56,3125258
06/03/2005,12.59,12.59,12.31,12.51,3596522
06/06/2005,12.51,12.55,12.21,12.46,2581021
06/07/2005,12.44,12.67,12.18,12.26,3343774
06/08/2005,12.2,12.4,11.95,11.96,3961543
06/09/2005,11.95,12.21,11.85,12.2,2273901
06/10/2005,12.2,12.56,12.15,12.45,3450897
06/13/2005,12.5,12.53,12.26,12.46,2818705
06/14/2005,12.53,13.04,12.45,12.98,6518794
06/15/2005,13.03,13.15,12.76,12.98,2526302
06/16/2005,12.98,13,12.8,12.91,1387308
06/17/2005,12.91,12.94,12.63,12.74,1440960
06/20/2005,12.69,12.75,12.58,12.69,1086757
06/21/2005,12.66,12.98,12.65,12.78,1193030
06/22/2005,12.76,12.99,12.6,12.9,1631959
06/23/2005,12.89,13.05,12.61,12.76,3540355
06/24/2005,12.75,12.8,12.3,12.44,2462805
06/27/2005,12.39,12.47,12.14,12.21,2044763
06/28/2005,12.2,12.95,12.2,12.81,3453747
06/29/2005,12.84,13.12,12.81,13.02,4122963
06/30/2005,13.03,13.7,12.89,13.12,8422542
07/01/2005,13.55,14.44,13.5,14.32,18453754
07/05/2005,14.28,14.89,14.21,14.54,7427614
07/06/2005,14.53,14.6,14.23,14.42,4086099
07/07/2005,14.01,14.56,14,14.47,2963822
07/08/2005,14.5,14.96,14.43,14.94,3837891
07/11/2005,14.97,15.37,14.97,15.22,4235971
07/12/2005,15.21,15.48,14.99,15.45,3937311
07/13/2005,15.45,15.63,15.38,15.5,3049046
07/14/2005,15.53,15.6,15.11,15.28,3606624
07/15/2005,15.1,15.42,15.05,15.34,1892729
07/18/2005,15.22,15.52,15.21,15.43,2178424
07/19/2005,15.56,15.71,15.45,15.71,2099014
07/20/2005,15.54,15.86,15.52,15.78,3284865
07/21/2005,15.77,15.84,15.34,15.44,3063909
07/22/2005,15.39,15.73,15.27,15.6,2155682
07/25/2005,15.57,15.63,15.21,15.35,2129468
07/26/2005,15.33,15.41,15.02,15.1,2601269
07/27/2005,15.06,15.5,14.83,15.38,2585216
07/28/2005,15.44,15.5,15.29,15.37,1027960
07/29/2005,15.38,15.43,15.12,15.24,1234722
08/01/2005,15.17,15.79,15.17,15.76,3277772
08/02/2005,15.7,15.92,15.58,15.68,1379273
08/03/2005,15.65,15.65,15.04,15.1,3254664
08/04/2005,14.96,15.08,14.76,14.83,1916346
08/05/2005,14.78,14.88,14.58,14.69,1171103
08/08/2005,14.7,14.88,14.26,14.39,1805122
08/09/2005,14.58,14.72,14.09,14.24,2624407
08/10/2005,14.28,14.56,14.09,14.2,2339567
08/11/2005,14.18,14.47,14.16,14.35,1077285
08/12/2005,14.28,14.33,13.99,14.13,1455818
08/15/2005,14.06,14.69,14.04,14.59,1786909
08/16/2005,14.55,14.57,14.06,14.18,1192813
08/17/2005,14.17,14.65,14.12,14.48,2158102
08/18/2005,14.48,14.5,14.23,14.24,2489279
08/19/2005,14.29,14.36,13.95,14.01,4266918
08/22/2005,14,14.2,13.95,13.98,1358989
08/23/2005,13.96,14.04,13.81,13.89,1208968
08/24/2005,13.85,14.08,13.5,13.83,1883212
08/25/2005,13.88,13.99,13.62,13.85,1488355
08/26/2005,13.81,13.93,13.76,13.85,1175368
08/29/2005,13.69,14.1,13.69,13.84,1081676
08/30/2005,13.8,14.13,13.79,14.05,971121
08/31/2005,14,14.26,13.95,14.2,1343684
09/01/2005,14.2,14.33,14.06,14.25,1026278
09/02/2005,14.32,14.36,14.17,14.2,569821
09/06/2005,14.35,14.8,14.28,14.76,1817823
09/07/2005,14.74,15.47,14.71,15.4,2264847
09/08/2005,15.62,15.8,15.2,15.22,1880030
09/09/2005,15.51,15.54,15.15,15.33,1762297
09/12/2005,15.36,15.7,15.26,15.58,2072237
09/13/2005,15.61,16.56,15.54,16.25,5525932
09/14/2005,16.24,16.49,16.14,16.3,2957712
09/15/2005,16.3,16.45,16.05,16.09,1988932
09/16/2005,16.04,16.21,15.8,16.16,1900984
09/19/2005,16.45,16.55,16.16,16.19,2685409
09/20/2005,16.3,17.15,16.25,16.98,7187611
09/21/2005,16.99,17,16.2,16.42,2745780
09/22/2005,16.32,16.44,15.91,16.25,2052694
09/23/2005,16.27,16.39,16.12,16.24,1825581
09/26/2005,16.38,16.85,16.31,16.73,2438751
09/27/2005,16.76,16.95,16.6,16.93,1760157
09/28/2005,16.97,17.23,16.29,16.52,4965257
09/29/2005,19.31,21.53,19.3,21.44,39783943
09/30/2005,21.63,22.46,20.73,21.2,19389798
10/03/2005,21.1,21.22,20.44,20.6,6355391
10/04/2005,20.48,20.99,20.45,20.5,3710536
10/05/2005,20.5,20.79,20.3,20.46,3343342
10/06/2005,20.49,20.98,20.2,20.29,6413682
10/07/2005,20.36,20.89,20.12,20.61,4189226
10/10/2005,20.7,21.2,20.64,20.87,4504909
10/11/2005,21,21.13,19.68,19.89,5410186
10/12/2005,19.77,20.28,19.59,20.04,3781322
10/13/2005,19.96,20.47,19.85,20.34,2526118
10/14/2005,20.5,20.75,20.38,20.75,2713965
10/17/2005,20.66,21.24,20.53,20.91,2913348
10/18/2005,20.89,21.57,20.75,21.31,3733989
10/19/2005,20.92,21.76,20.78,21.69,2987990
10/20/2005,21.73,22,20.92,21.32,4369976
10/21/2005,21.4,21.75,21.23,21.48,2188300
10/24/2005,21.56,21.92,21.34,21.86,3116524
10/25/2005,21.88,22.29,21.75,21.97,3079605
10/26/2005,22.02,22.2,21.88,22.12,2348210
10/27/2005,21.85,21.94,21.4,21.5,1681306
10/28/2005,21.67,22.15,21.64,22.15,2376345
10/31/2005,22.18,23.51,22.09,23.13,5733054
11/01/2005,23.05,24.17,23.03,23.88,4954843
11/02/2005,23.92,24.09,23.62,24.04,3536595
11/03/2005,24.06,24.7,24,24.63,3413408
11/04/2005,24.2,24.75,24.18,24.65,2838323
11/07/2005,24.95,25,24.54,24.76,1453493
11/08/2005,24.65,24.68,23.77,23.81,3505174
11/09/2005,23.71,24.44,23.44,24.01,3125590
11/10/2005,23.86,24.3,23.85,24.24,1596893
11/11/2005,24.35,24.61,24.23,24.49,1301804
11/14/2005,24.46,24.65,24.27,24.36,1194440
11/15/2005,23.18,23.2,22.66,22.99,5760661
11/16/2005,22.79,22.87,22.41,22.53,2685835
11/17/2005,22.25,23.12,22.12,23.05,3755609
11/18/2005,23.08,23.25,22.78,22.93,1553533
11/21/2005,22.85,23.51,22.55,23.48,1739740
11/22/2005,23.3,23.77,23.3,23.5,1988332
11/23/2005,23.5,24.04,23.4,23.78,1158490
11/25/2005,23.75,23.8,23.51,23.79,327134
11/28/2005,23.79,23.79,23.1,23.15,943710
11/29/2005,23.15,23.41,22.85,22.95,1847921
11/30/2005,22.9,23.55,22.81,23.55,1287360
12/01/2005,23.75,24.54,23.74,24.3,2939896
12/02/2005,24.39,25.66,24.3,25.11,3714169
12/05/2005,25.11,25.16,24.84,24.98,2172174
12/06/2005,25.27,25.73,25.2,25.7,3327351
12/07/2005,25.96,25.96,25.29,25.42,2376809
12/08/2005,25.4,25.42,24.85,25.3,1798486
12/09/2005,25.22,25.59,24.68,24.7,2336877
12/12/2005,25,25.01,24.23,24.3,2740805
12/13/2005,24.2,24.56,24.04,24.35,1930590
12/14/2005,24.85,25.98,24.85,25.77,6853205
12/15/2005,25.9,26.2,25.43,26.17,3085353
12/16/2005,26.19,26.31,25.8,26.3,6135663
12/19/2005,26.2,26.25,25.75,26.03,3942659
12/20/2005,26.34,26.5,25.66,25.68,3497655
12/21/2005,25.73,26.6,25.5,26.57,7858117
12/22/2005,27.38,28.1,26.77,27.8,12803847
12/23/2005,28.28,28.29,27.68,28.01,4083181
12/27/2005,28,28.28,27.84,28.16,3668292
12/28/2005,28.18,28.65,28.01,28.25,3634401
12/29/2005,28.26,28.48,27.78,27.88,1907491
12/30/2005,27.64,27.85,27.22,27.25,2429048
01/03/2006,27.15,28.15,27.12,28.08,4708452
01/04/2006,28.01,28.83,27.8,28.8,4142174
01/05/2006,28.8,29.79,28.8,29.04,5081880
01/06/2006,29.41,30.08,29.15,30.04,4073081
01/09/2006,30.24,30.26,29.36,29.69,4196219
01/10/2006,29.4,30.97,29.4,30.47,4355468
01/11/2006,30.45,31.05,30.08,30.86,2936145
01/12/2006,30.66,30.8,29.77,29.88,2684991
01/13/2006,29.37,29.44,28.43,28.82,13919135
01/17/2006,28.25,29.28,28.14,29.27,4893919
01/18/2006,28.27,29.06,28.27,28.9,2935575
01/19/2006,29.14,29.34,28.85,29.24,1942477
01/20/2006,29.67,30.11,28.52,28.6,4730353
01/23/2006,28.74,28.74,27.72,27.91,3558420
01/24/2006,27.91,28.01,26.7,27.21,5146817
01/25/2006,27.22,27.57,26.51,27.31,5561469
01/26/2006,27.64,28.56,27.46,28.35,4179615
01/27/2006,28.61,29.03,28.25,28.3,2665983
01/30/2006,28.14,29.04,27.85,28.66,3442711
01/31/2006,28.52,29.06,27.92,28.9,3285878
02/01/2006,28.46,29.71,28.37,29.2,3119547
02/02/2006,29.22,29.48,28,28.08,3377073
02/03/2006,28.03,28.64,27.49,28.36,2667862
02/06/2006,28.54,28.68,28.13,28.2,2492856
02/07/2006,28.1,28.13,26.52,27.04,4680029
02/08/2006,27.13,27.5,26.65,27.36,2410216
02/09/2006,27.43,27.7,26.74,26.91,3463089
02/10/2006,26.9,26.94,26.06,26.49,2828220
02/13/2006,26.15,26.73,26.06,26.53,2551871
02/14/2006,26.57,27.09,26.25,26.28,2518488
02/15/2006,26.23,26.28,25.8,25.97,2485616
02/16/2006,25.88,25.97,25.25,25.55,3892006
02/17/2006,25.42,25.5,24.92,25.02,3412355
02/21/2006,25,25.24,24.85,25.02,2215559
02/22/2006,25,25.35,24.78,25.32,2907792
02/23/2006,25.25,26.82,25.25,26.51,4066765
02/24/2006,26.5,26.75,26.2,26.43,1240205
02/27/2006,26.41,26.91,26.15,26.47,1939361
02/28/2006,26.33,26.95,26.2,26.84,2070804
03/01/2006,26.95,28.36,26.92,28.14,3903979
03/02/2006,28.38,28.99,27.89,28.29,3002877
03/03/2006,28,29.28,28,29.01,2888536
03/06/2006,29,29.07,28.2,28.48,1799224
03/07/2006,28.31,28.34,27.2,27.56,1650246
03/08/2006,27.36,28.21,27.35,27.98,1803568
03/09/2006,28.08,28.49,27.19,27.19,1849524
03/10/2006,26.88,27.56,26.48,27.3,2118375
03/13/2006,27.26,27.78,27.26,27.47,968202
03/14/2006,27.43,27.46,26.95,27.34,1903829
03/15/2006,27.44,27.82,27.25,27.71,1963741
03/16/2006,27.85,28.97,27.71,28.5,3442374
03/17/2006,29,29.31,28.53,29.28,3321572
03/20/2006,29.66,29.77,29.36,29.48,3098023
03/21/2006,29.55,29.6,28.33,28.55,2677311
03/22/2006,28.41,29.26,28.3,29.1,3288020
03/23/2006,29.1,29.65,28.82,29.32,2030782
03/24/2006,29.42,29.45,28.5,28.61,2790658
03/27/2006,28.5,29.05,28.5,28.82,2139734
03/28/2006,28.88,29.48,28.71,28.76,5579114
03/29/2006,27.97,28.27,27.53,28.2,10767005
03/30/2006,28.05,28.18,27.6,27.72,3723602
03/31/2006,27.68,28.1,27.55,27.95,2330810
04/03/2006,27.98,28.1,27.8,27.91,2506601
04/04/2006,28,28.1,27.21,27.4,2523923
04/05/2006,27.39,28.2,27.31,28.16,3171315
04/06/2006,28.03,28.15,27.77,27.97,1774838
04/07/2006,27.95,28.02,27.25,27.4,2387691
04/10/2006,27.33,30.35,27.29,29.83,10720774
04/11/2006,29.78,30.98,29.35,29.74,6752257
04/12/2006,29.7,29.75,29.28,29.7,1562846
04/13/2006,29.55,31.03,29.35,30.51,3177805
04/17/2006,28.92,29.1,28.16,28.52,6898964
04/18/2006,28.32,28.87,27.92,28.78,4957326
04/19/2006,28.6,29.85,28.6,29.7,3620005
04/20/2006,29.76,30.3,29.63,30.16,2988358
04/21/2006,30.09,30.3,29.12,29.31,2097668
04/24/2006,29.21,29.99,28.85,29.67,2040434
04/25/2006,29.97,31,29.8,30.39,3834068
04/26/2006,30.32,30.46,29.88,30.25,1828924
04/27/2006,30.2,30.39,29.76,29.82,1798756
04/28/2006,29.78,30.14,29.23,29.39,1449142
05/01/2006,29.55,30.28,29.48,29.94,1696736
05/02/2006,30.01,30.05,29.42,29.76,2281542
05/03/2006,29.81,30.86,29.7,30.85,2541979
05/04/2006,30.76,31.45,30.13,30.97,3861397
05/05/2006,31.29,32.09,31.18,31.34,3201549
05/08/2006,31.4,32.46,31.25,32.25,3038925
05/09/2006,32.06,32.2,31.75,32,2632645
05/10/2006,31.97,32.01,31.38,31.53,1979100
05/11/2006,31.73,31.8,29.7,30.01,2804734
05/12/2006,29.85,29.94,29.37,29.54,2139738
05/15/2006,29.3,29.81,28.88,29.14,1825752
05/16/2006,28.99,29.36,28.74,29.17,1431556
05/17/2006,29.18,29.3,28.01,28.14,2395250
05/18/2006,28.28,28.42,26.99,27.06,3962615
05/19/2006,27.05,28.26,26.84,27.94,3980971
05/22/2006,27.77,27.77,26.26,26.62,2892783
05/23/2006,26.67,27.36,26.62,26.63,2461128
05/24/2006,26.52,26.73,25.24,26.24,3178683
05/25/2006,26.01,26.84,25.6,26.65,2887254
05/26/2006,26.8,26.8,26.01,26.47,1327424
05/30/2006,26.32,27.11,26.06,26.53,2276163
05/31/2006,26.6,27,26.11,26.21,3507614
06/01/2006,26.25,28.87,26.22,28.86,6100141
06/02/2006,29.02,29.18,28.18,28.4,2491769
06/05/2006,28.35,28.55,27.62,27.7,2181962
06/06/2006,27.8,28,26.93,27.1,2775110
06/07/2006,27.19,27.73,26.49,26.6,2581449
06/08/2006,26.42,27.06,25.6,26.95,3719787
06/09/2006,27.11,28.19,26.84,26.91,3463636
06/12/2006,27.1,27.1,26,26.05,2323328
06/13/2006,26.05,26.51,25.83,26.12,2072897
06/14/2006,26.09,26.39,24.47,25.24,6179668
06/15/2006,25.3,26.48,25.29,26.09,5411748
06/16/2006,25.96,26.15,25.66,25.93,2320836
06/19/2006,25.93,26.3,25.19,25.52,2469098
06/20/2006,25.47,25.99,24.96,24.98,2095441
06/21/2006,25.05,26.44,24.86,26.02,2909947
06/22/2006,25.92,26.16,25.39,26.14,1783231
06/23/2006,25.94,26.92,25.85,26.65,2280928
06/26/2006,26.7,26.7,25.92,26.18,2398401
06/27/2006,26.09,26.48,25.21,25.33,2084231
06/28/2006,25.49,25.49,24.54,24.99,5855212
06/29/2006,23.01,23.4,21.88,23.37,21398505
06/30/2006,23.35,23.6,22.83,23.41,5284392
07/03/2006,23.39,23.39,22.83,23.2,1626105
07/05/2006,22.92,23.16,21.97,22.27,4262002
07/06/2006,22.2,22.27,21.42,21.65,3818662
07/07/2006,21.58,22.07,21.24,21.82,4101404
07/10/2006,21.88,21.96,21.17,21.5,4584876
07/11/2006,21.41,22.23,21.4,21.95,4818687
07/12/2006,21.92,22.45,21.68,22.05,5021086
07/13/2006,21.95,23.59,21.85,23,8464648
07/14/2006,22.91,23.5,22.73,23.36,4465762
07/17/2006,23.3,23.49,22.97,23.27,2642754
07/18/2006,23.27,23.8,22.83,23.21,3284206
07/19/2006,23.34,24.3,23.25,24.17,2507105
07/20/2006,24.11,24.26,23.48,23.61,2423130
07/21/2006,23.43,23.62,22.77,23.36,3461333
07/24/2006,23.37,24.47,23.34,24.45,2306242
07/25/2006,24.43,24.89,23.92,24.38,2637407
07/26/2006,24.25,24.25,23.7,23.77,3443340
07/27/2006,23.87,24.35,23.78,23.87,2331384
07/28/2006,23.96,24.25,23.71,24.13,1723076
07/31/2006,24,24.01,23.13,23.72,2943452
08/01/2006,23.7,23.7,22.52,22.86,3251706
08/02/2006,22.95,23.72,22.79,23.31,3735801
08/03/2006,23.12,23.41,22.19,23.11,4341134
08/04/2006,23.48,23.83,22.51,22.78,2805005
08/07/2006,22.69,22.9,22.14,22.38,2466969
08/08/2006,22.46,22.46,21.75,21.97,2629142
08/09/2006,22.31,22.88,22.03,22.3,2931151
08/10/2006,22.73,22.96,22.45,22.69,3117424
08/11/2006,22.7,22.7,21.9,22.48,3406757
08/14/2006,22.7,23.27,22.58,22.88,2711862
08/15/2006,22.95,23.27,22.22,23.04,4625973
08/16/2006,23.31,23.85,22.8,22.99,7007012
08/17/2006,23.02,25.85,22.93,25.71,11363505
08/18/2006,25.62,25.87,25.05,25.46,3227176
08/21/2006,25.38,25.55,24.55,24.7,3141061
08/22/2006,24.7,25.49,24.7,25.36,2366120
08/23/2006,25.44,25.68,24.92,25.26,1747772
08/24/2006,25.5,25.62,24.79,24.95,1522798
08/25/2006,25.02,25.65,24.85,25.45,2026925
08/28/2006,24.86,25.03,23.9,24.61,3820997
08/29/2006,24.43,25.03,24.07,24.85,2591356
08/30/2006,24.82,25.1,24.25,24.47,2305446
08/31/2006,24.44,24.47,23.18,23.24,4565671
09/01/2006,23.29,24.4,23.15,24.18,3820975
09/05/2006,24.14,24.87,24.06,24.63,2601109
09/06/2006,24.75,24.93,23.79,23.84,2332534
09/07/2006,23.74,23.78,22.6,22.67,3809012
09/08/2006,22.87,22.93,22.15,22.57,5761949
09/11/2006,22.36,22.53,22,22.13,4950702
09/12/2006,22.05,22.91,21.9,22.59,4002711
09/13/2006,22.69,24.07,22.61,23.72,5056260
09/14/2006,23.77,23.77,23.15,23.39,2862519
09/15/2006,23.57,23.8,23,23.46,3366365
09/18/2006,23.63,24.75,23.61,24.2,4046573
09/19/2006,24.45,24.64,23.75,24.02,2199071
09/20/2006,24.66,25.4,24.65,25.07,3817294
09/21/2006,25.23,25.26,24.69,24.99,2250315
09/22/2006,25,25.13,24.67,25.05,2461009
09/25/2006,25.27,26.24,25.14,26,5354927
09/26/2006,26.32,26.4,25.4,26.36,8710664
09/27/2006,20.88,20.93,19.82,20.18,55378218
09/28/2006,20.62,20.82,20.31,20.58,7466088
09/29/2006,20.73,21.44,20.61,21.08,7494658
10/02/2006,21.15,21.4,20.58,20.6,4443928
10/03/2006,20.6,21.25,20.41,21.2,6222347
10/04/2006,21.44,22.2,21.09,22.15,6463905
10/05/2006,22.43,22.43,21.79,22.08,4587155
10/06/2006,21.88,22.13,21.75,21.78,2421614
10/09/2006,21.7,22,21.5,21.52,2871543
10/10/2006,21.54,21.78,21.5,21.65,2122393
10/11/2006,21.51,22.06,21.5,21.61,2948400
10/12/2006,21.71,22,21.41,21.47,6049623
10/13/2006,20.95,21,19.72,19.93,20826422
10/16/2006,19.85,20.05,19.72,19.84,5650306
10/17/2006,19.78,19.82,19.02,19.03,7083661
10/18/2006,19.22,19.52,18.93,19.07,6207658
10/19/2006,19,19,18.44,18.61,6246097
10/20/2006,18.67,18.68,18.13,18.25,5552378
10/23/2006,18.72,19.11,18.6,18.88,7345273
10/24/2006,18.9,19.53,18.51,19.4,7853455
10/25/2006,19.41,19.52,19.13,19.51,10948330
10/26/2006,15.76,15.77,13.7,14.8,103877247
10/27/2006,15,16.2,14.89,15.64,44479811
10/30/2006,15.71,16.74,15.68,16.5,17649302
10/31/2006,16.53,16.78,16.22,16.36,10872087
11/01/2006,16.56,16.59,16.31,16.43,5179551
11/02/2006,16.36,16.47,15.53,16.13,16726856
11/03/2006,15.88,16.82,15.75,16.66,11843762
11/06/2006,16.55,16.85,16.29,16.74,6068763
11/07/2006,16.68,17.17,16.58,16.86,6202551
11/08/2006,16.73,17.25,16.73,17.21,5190998
11/09/2006,17.5,17.83,17.1,17.16,6920922
11/10/2006,17.16,17.92,17.12,17.85,5797221
11/13/2006,17.83,17.88,17.49,17.54,5073196
11/14/2006,17.38,17.5,16.51,16.88,10271442
11/15/2006,16.95,17.26,16.7,16.93,6510847
11/16/2006,17.05,17.7,16.35,16.79,11585680
11/17/2006,16.68,16.75,16.41,16.66,3410124
11/20/2006,16.67,16.69,16.36,16.5,4770426
11/21/2006,16.97,17.38,16.77,16.91,6745314
11/22/2006,16.96,17.62,16.93,17.57,5382606
11/24/2006,17.59,17.59,17.3,17.49,2520646
11/27/2006,17.52,17.61,16.85,16.99,3656190
11/28/2006,16.87,17.28,16.71,17.13,4044373
11/29/2006,17.39,17.61,16.59,17.04,6387482
11/30/2006,17.02,17.49,16.94,17.38,3614621
12/01/2006,17.35,17.46,17,17.18,3353795
12/04/2006,17.25,17.45,17.07,17.11,3333036
12/05/2006,17.19,17.23,16.95,17.05,2689825
12/06/2006,16.9,17,16.74,16.83,2616509
12/07/2006,16.78,16.93,16.37,16.45,5082145
12/08/2006,16.39,16.81,16.2,16.51,2991580
12/11/2006,16.53,16.53,16.11,16.16,8574985
12/12/2006,16.12,16.55,15.53,16.52,2788800
12/13/2006,16,16.69,16,16.63,2845300
12/14/2006,16.75,17.37,16.63,17.32,3183000
12/15/2006,17.44,17.61,17.01,17.61,3462900
12/18/2006,17.25,18,17.25,18,5000900
12/19/2006,17.95,18.49,17.82,18.35,3056800
12/20/2006,18.37,19,18.27,18.76,3425400
12/21/2006,18.75,18.75,17.96,17.97,4473100
12/22/2006,20.75,22.5,20.37,22.45,19329400
12/26/2006,22.46,23.2,22.29,22.8,5295300
12/27/2006,22.45,22.85,22.31,22.73,4140000
12/28/2006,22.45,23.15,22.44,22.959,2850200
12/29/2006,23,23.05,22.82,22.9546,1768100
01/03/2007,22.91,23.1,21.76,22.13,3046800
01/04/2007,21.78,22.74,21.61,22.66,2491000
01/05/2007,22.37,22.5,22.1,22.25,1741100
01/08/2007,22.23,22.59,22.17,22.34,2249200
01/09/2007,22.09,22.39,21.9,22.11,2202600
01/10/2007,22.02,22.34,21.9601,22.15,1722100
01/11/2007,22,22.65,22,22.4,2655400
01/12/2007,22.45,22.45,21.8802,22.21,1762700
01/16/2007,21.96,22.44,21.95,22.15,1046900
01/17/2007,22.36,22.59,22.24,22.35,1445100
01/18/2007,22.48,22.48,20.75,20.96,4192100
01/19/2007,21.46,21.81,21.3,21.71,3219200
01/22/2007,21.69,22,21.58,21.79,1985300
01/23/2007,21.8,21.94,21.54,21.76,1619600
01/24/2007,21.74,22.19,21.74,21.99,942300
01/25/2007,22,22.27,21.96,22.27,1692700
01/26/2007,22.31,22.39,22,22.24,1243800
01/29/2007,22.34,22.53,21.93,22.19,1281000
01/30/2007,22.14,22.8,22.14,22.71,2093500
01/31/2007,22.22,22.75,22.05,22.73,1725600
02/01/2007,22.89,22.89,22.57,22.75,1324600
02/02/2007,22.79,22.95,22.49,22.65,1617300
02/05/2007,22.78,22.87,22.53,22.531,1767700
02/06/2007,22.98,22.98,22.48,22.87,2043000
02/07/2007,22.84,23.73,22.7,23.31,2772300
02/08/2007,23.25,24.22,23.13,24.11,2480100
02/09/2007,24.15,24.34,23.74,23.99,3421100
02/12/2007,24,24.75,23.84,24.61,3412749
02/13/2007,25,25.15,24.16,24.24,3038429
02/14/2007,24.29,24.75,24.02,24.2,2598685
02/15/2007,24.24,24.54,23.77,23.8,2604200
02/16/2007,23.67,23.98,23.55,23.97,1604000
02/20/2007,24,24.71,23.96,24.37,1661800
02/21/2007,24.27,24.48,23.92,23.95,1094000
02/22/2007,23.76,24.13,23.59,23.66,1264100
02/23/2007,24.29,24.29,23,23.6,1659000
02/26/2007,24.07,24.44,23.75,23.78,1847322
02/27/2007,23.49,23.72,22.5,22.9,1219000
02/28/2007,22.81,22.94,22.36,22.46,1396000
03/01/2007,21.9,22.79,21.33,22.71,968627
03/02/2007,22.52,22.71,21.87,22,981200
03/05/2007,21.25,21.9,21.22,21.72,1804800
03/06/2007,22.15,22.36,21.71,22.11,1673200
03/07/2007,22.31,22.35,21.55,21.71,2759200
03/08/2007,21.87,22.5,21.87,22.3,1763200
03/09/2007,22.32,22.77,22.25,22.69,1516600
03/12/2007,22.68,23.15,22.6,22.94,930300
03/13/2007,22.8,22.92,22.54,22.7,674400
03/14/2007,22.7,22.88,22.37,22.53,1403400
03/15/2007,22.41,22.831,22.27,22.47,1639800
03/16/2007,22.52,22.82,22.51,22.59,882800
03/19/2007,22.67,23.04,22.53,22.91,889300
03/20/2007,22.91,23.1,22.64,22.98,969400
03/21/2007,23.1,24.08,22.89,23.82,1922000
03/22/2007,23.77,24.48,23.64,24.15,1396500
03/23/2007,24.16,24.41,23.92,24.28,1009100
03/26/2007,24.22,24.37,23.74,23.77,1281000
03/27/2007,23.92,23.96,23.66,23.67,1544600
03/28/2007,23.63,23.63,23.14,23.52,1207900
03/29/2007,23.7,23.7,22.75,23.09,2599614
03/30/2007,23.9,24.05,22.08,22.92,4329800
04/02/2007,22.93,22.93,22.31,22.34,1752200
04/03/2007,22.5,22.5,22.04,22.14,2153700
04/04/2007,22.03,22.45,22.02,22.15,1526600
04/05/2007,22.06,22.13,21.95,21.99,1112500
04/09/2007,22.1,22.12,21.6,21.87,2052200
04/10/2007,21.88,21.89,21.35,21.69,2865752
04/11/2007,21.75,21.91,21.34,21.45,1503000
04/12/2007,21.4,22.43,21.38,22.4,3399600
04/13/2007,22.5,22.5,22.02,22.34,1982400
04/16/2007,22.14,22.34,22.05,22.2,2064820
04/17/2007,22.32,22.68,22.27,22.64,1470500
04/18/2007,22.65,22.93,22.43,22.7,1270382
04/19/2007,22.48,22.82,22.1,22.17,1508000
04/20/2007,22.28,22.36,22.01,22.16,1170900
04/23/2007,22.23,22.34,22.08,22.18,1096085
04/24/2007,22.1,22.22,21.67,21.84,1370800
04/25/2007,21.86,22.16,21.79,22.1,958850
04/26/2007,22.02,22.09,21.7,21.86,1073400
04/27/2007,21.77,21.93,21.55,21.78,744300
04/30/2007,21.74,21.94,21.12,21.18,1016200
05/01/2007,21.11,21.12,20.5,20.6,1687980
05/02/2007,20.56,20.85,20.45,20.83,1695800
05/03/2007,20.98,21.28,20.79,21.28,1521190
05/04/2007,21.29,21.66,21.15,21.61,1265100
05/07/2007,21.48,22.54,21.43,22.4,2391900
05/08/2007,22.5,22.6,21.91,22.22,1682199
05/09/2007,22.13,22.45,21.85,22.3,965632
05/10/2007,22.16,22.74,21.9,22.3,1773310
05/11/2007,22.28,22.83,22.17,22.755,1011700
05/14/2007,22.65,22.92,22.39,22.49,2847986
05/15/2007,22.49,22.5,21.95,21.95,1480980
05/16/2007,21.94,22.19,21.71,22.19,1137600
05/17/2007,22.18,22.28,21.91,22.17,866400
05/18/2007,22.12,22.57,22.12,22.53,2049200
05/21/2007,22.58,22.76,22.45,22.53,1654980
05/22/2007,23.3,23.5,22.9,23.3,3721710
05/23/2007,23.3,23.44,22.97,23.07,1247200
05/24/2007,22.96,22.96,21.83,21.93,2179806
05/25/2007,22.01,22.28,21.71,21.93,1379450
05/29/2007,22.05,22.5,22.05,22.24,1063660
05/30/2007,22.26,23.05,22.26,22.93,2067700
05/31/2007,23.75,24.73,23.6,24.56,5015780
06/01/2007,24.88,25.24,24.4,24.61,4206500
06/04/2007,24.58,24.79,24.1,24.4,2388245
06/05/2007,24.38,24.74,24.25,24.34,3010110
06/06/2007,24.21,24.59,24.13,24.19,2027198
06/07/2007,24.34,24.55,23.55,23.73,2409068
06/08/2007,23.58,23.94,23.53,23.74,1213700
06/11/2007,23.85,24.39,23.5,23.6,1580588
06/12/2007,23.5,23.83,23.03,23.23,2602542
06/13/2007,23.35,23.98,22.79,23.3,1946300
06/14/2007,23.45,23.98,23.28,23.35,2463460
06/15/2007,23.5,23.75,23.22,23.31,1183400
06/18/2007,23.24,23.46,23.16,23.27,759800
06/19/2007,23.13,23.58,23.05,23.42,2747100
06/20/2007,23.4,24.37,23.4,23.79,1947700
06/21/2007,23.8,24.16,23.71,24.15,1205100
06/22/2007,24.35,24.35,23.64,23.8,1079500
06/25/2007,23.78,24.11,23.41,23.42,954300
06/26/2007,23.42,23.75,23.17,23.29,2073100
06/27/2007,23.15,24.5,23.11,24.17,3458720
06/28/2007,23.75,23.75,22.19,22.39,8701000
06/29/2007,22.45,22.68,22,22.23,2481500
