12/11/2002,7.915,8.108,7.778,7.929,23734753
12/12/2002,7.926,7.988,7.595,7.698,12167761
12/13/2002,7.65,7.926,7.547,7.864,9642852
12/16/2002,7.795,8.001,7.664,8.001,4851733
12/17/2002,8.005,8.129,7.901,7.908,3627747
12/18/2002,7.884,7.891,7.684,7.698,2725658
12/19/2002,7.681,7.715,7.378,7.412,9081739
12/20/2002,7.478,7.54,7.278,7.443,3988131
12/23/2002,7.378,7.378,7.027,7.164,4745407
12/24/2002,7.164,7.199,6.8888,7.054,3784852
12/26/2002,6.9267,7.03,6.8922,6.906,2681866
12/27/2002,6.9025,6.9646,6.8058,6.9646,2268187
12/30/2002,7.068,7.296,6.9155,7.185,3707173
12/31/2002,7.102,7.557,7.102,7.385,4854585
01/02/2003,7.409,7.416,7.064,7.23,4736201
01/03/2003,7.237,7.409,7.119,7.402,2306436
01/06/2003,7.536,7.999,7.501,7.847,5700699
01/07/2003,7.939,8.422,7.87,8.422,9226460
01/08/2003,8.301,8.432,8.232,8.404,5851833
01/09/2003,8.473,8.921,8.439,8.68,12842938
01/10/2003,7.922,8.232,7.371,7.647,10378630
01/13/2003,7.681,7.771,6.992,7.047,3896186
01/14/2003,7.027,7.109,6.8686,7.082,2237999
01/15/2003,7.137,7.495,7.02,7.419,3266908
01/16/2003,7.567,7.65,7.429,7.581,2048764
01/17/2003,7.557,7.571,7.158,7.447,2811640
01/21/2003,7.505,7.56,7.051,7.058,1596677
01/22/2003,7.112,7.112,6.3969,6.5688,4747926
01/23/2003,6.6996,6.9538,6.6034,6.9057,3577028
01/24/2003,7.023,7.203,6.7678,6.8369,3776178
01/27/2003,6.7334,6.8021,6.4036,6.4586,1616700
01/28/2003,6.4892,6.6819,6.4686,6.4823,1775642
01/29/2003,6.4926,6.8372,6.4788,6.6994,1594377
01/30/2003,6.7406,6.8094,6.479,6.479,973097
01/31/2003,6.4066,6.4341,6.193,6.3239,1914259
02/03/2003,6.3583,6.5099,6.317,6.317,1389644
02/04/2003,6.3308,6.3308,6.1722,6.2274,1434654
02/05/2003,6.2756,6.3376,6.1793,6.2412,1744177
02/06/2003,6.2722,6.4377,6.224,6.2309,1317798
02/07/2003,6.3102,6.324,6.1791,6.1929,1479025
02/10/2003,6.0907,6.0907,5.4155,5.9932,13857661
02/11/2003,5.9932,6.1517,5.6695,6.1517,3026080
02/12/2003,6.1862,6.1862,5.654,5.7646,2375006
02/13/2003,5.7715,5.8337,5.5296,5.5711,2690253
02/14/2003,5.5711,5.8061,5.5711,5.8061,1174342
02/18/2003,5.8196,6.0483,5.8196,6.0275,2855297
02/19/2003,6.0895,6.2208,6.0411,6.2139,2049053
02/20/2003,6.1448,6.3245,6.1309,6.2277,908574
02/21/2003,6.2449,6.4732,6.2449,6.3556,2035208
02/24/2003,6.3936,6.4973,6.1378,6.2208,1456169
02/25/2003,6.2241,6.7428,6.2034,6.6875,4085786
02/26/2003,6.6666,6.7288,6.5077,6.5837,948436
02/27/2003,6.5111,6.6977,6.442,6.5318,528644
02/28/2003,6.5664,6.5664,6.3452,6.4074,1117921
03/03/2003,6.373,6.559,6.3523,6.4488,780573
03/04/2003,6.4489,6.4904,6.359,6.4074,654666
03/05/2003,6.3832,6.5146,6.321,6.4178,1347229
03/06/2003,6.342,6.7284,6.342,6.6318,1955964
03/07/2003,6.5321,6.7802,6.4701,6.7251,1251441
03/10/2003,6.5318,6.7461,6.5318,6.7461,2577690
03/11/2003,6.7046,6.7392,6.5318,6.6009,2759406
03/12/2003,6.4662,6.5008,6.1896,6.238,6267593
03/13/2003,6.2519,6.335,6.148,6.245,5926062
03/14/2003,6.245,6.3004,6.0581,6.1827,3049294
03/17/2003,6.1796,6.5038,6.1038,6.4762,1378171
03/18/2003,6.4627,6.6079,6.4627,6.594,996100
03/19/2003,6.5353,6.5768,6.3486,6.4523,1190929
03/20/2003,6.4039,6.5423,6.3692,6.5146,2195406
03/21/2003,6.563,6.9015,6.4939,6.7771,3455821
03/24/2003,6.5387,6.7532,6.5249,6.5941,2533647
03/25/2003,6.5698,7.061,6.5352,6.9086,5652203
03/26/2003,6.8086,7.0222,6.719,6.9808,3850243
03/27/2003,6.9039,7.494,6.897,7.494,6039653
03/28/2003,7.382,7.458,7.147,7.161,3343887
03/31/2003,6.912,7.216,6.8982,7.133,1518524
04/01/2003,7.206,7.386,7.143,7.303,1966078
04/02/2003,7.434,7.572,7.302,7.42,4963701
04/03/2003,7.493,7.5,7.195,7.41,2057870
04/04/2003,7.351,7.358,7.026,7.088,5083690
04/07/2003,7.123,7.247,7.054,7.123,4533399
04/08/2003,7.154,7.368,7.085,7.271,2863282
04/09/2003,7.351,7.475,7.268,7.399,2602817
04/10/2003,7.42,7.545,7.309,7.475,2580158
04/11/2003,7.5,7.569,7.479,7.569,1809758
04/14/2003,7.534,7.638,7.368,7.638,1326106
04/15/2003,7.624,7.908,7.554,7.894,3469874
04/16/2003,8.021,8.54,8.021,8.222,11041336
04/17/2003,8.205,8.467,8.156,8.467,3324793
04/21/2003,8.367,8.505,8.298,8.471,2494925
04/22/2003,8.422,8.602,8.291,8.54,1721762
04/23/2003,8.536,8.536,7.914,8.122,3396124
04/24/2003,8.049,8.104,7.918,7.952,1799244
04/25/2003,7.935,7.935,7.659,7.866,2047715
04/28/2003,7.824,8.08,7.804,7.942,2198402
04/29/2003,8.028,8.388,8.028,8.312,1972730
04/30/2003,8.246,8.343,8.017,8.343,2606173
05/01/2003,8.308,8.495,8.253,8.474,1743633
05/02/2003,8.433,8.53,8.204,8.481,2527835
05/05/2003,8.45,8.692,8.429,8.671,2954457
05/06/2003,8.467,8.668,8.467,8.64,1001595
05/07/2003,8.605,8.869,8.591,8.799,1298820
05/08/2003,8.751,8.855,8.681,8.792,847528
05/09/2003,8.834,8.848,8.626,8.723,1424820
05/12/2003,8.664,9.323,8.491,9.253,3866226
05/13/2003,9.215,9.852,9.18,9.652,6626873
05/14/2003,9.686,9.707,9.263,9.451,1603189
05/15/2003,9.461,9.53,9.121,9.281,988447
05/16/2003,9.267,9.364,8.919,9.357,1444940
05/19/2003,9.319,9.409,9.215,9.25,1364060
05/20/2003,9.233,9.267,8.941,9.059,1935242
05/21/2003,9.007,9.395,9.007,9.201,1021721
05/22/2003,9.132,9.347,9.111,9.305,1206882
05/23/2003,9.305,9.451,9.215,9.229,1540286
05/27/2003,9.298,9.728,9.236,9.665,3018653
05/28/2003,9.583,10.385,9.534,10.295,4799711
05/29/2003,10.594,11.009,10.462,10.504,7119073
05/30/2003,10.199,10.726,10.129,10.483,3496435
06/02/2003,10.729,10.902,10.715,10.777,2116159
06/03/2003,10.393,10.531,10.116,10.296,2984584
06/04/2003,10.379,10.504,10.122,10.358,2802136
06/05/2003,10.372,11.113,10.227,11.065,3177406
06/06/2003,11.079,11.468,10.614,10.656,4233240
06/09/2003,10.057,10.667,10.057,10.625,5832808
06/10/2003,10.656,10.809,10.289,10.407,5802609
06/11/2003,10.337,10.67,10.296,10.566,4042085
06/12/2003,10.535,10.826,10.41,10.792,3279285
06/13/2003,10.836,11.086,10.67,11.058,2897274
06/16/2003,11.093,11.855,10.94,11.772,4947332
06/17/2003,12.014,12.464,11.952,11.959,7786421
06/18/2003,11.959,12.201,11.855,12.201,4003093
06/19/2003,12.17,12.413,11.948,12.004,5566730
06/20/2003,12.052,12.212,11.893,11.99,2321284
06/23/2003,11.883,11.987,11.515,11.758,2634728
06/24/2003,11.768,11.845,11.532,11.636,1999205
06/25/2003,11.609,12.094,11.609,11.942,1912365
06/26/2003,11.886,12.738,11.879,12.731,4993956
06/27/2003,12.745,12.815,12.489,12.593,3302930
06/30/2003,12.288,12.565,12.184,12.239,3283965
07/01/2003,12.331,12.638,12.191,12.603,3628134
07/02/2003,12.6,13.847,12.6,13.597,6061823
07/03/2003,13.442,13.601,13.164,13.511,2696218
07/07/2003,13.795,14.19,13.698,14.093,3045421
07/08/2003,14.096,14.207,13.874,14.159,2893952
07/09/2003,14.121,14.127,13.823,14.017,4779170
07/10/2003,13.892,13.961,13.594,13.719,3207289
07/11/2003,13.739,14.093,13.739,14.093,985299
07/14/2003,14.204,14.689,14.204,14.55,3133249
07/15/2003,14.651,14.893,14.131,14.311,4385043
07/16/2003,14.685,15.427,14.408,14.935,8825971
07/17/2003,14.793,14.862,14.502,14.564,4412712
07/18/2003,14.269,14.339,13.854,13.882,7088731
07/21/2003,13.653,13.722,13.41,13.681,3892001
07/22/2003,13.757,13.861,13.701,13.798,4026336
07/23/2003,13.864,13.864,13.414,13.504,6733867
07/24/2003,13.507,13.542,13.112,13.119,9754411
07/25/2003,12.991,13.213,12.936,13.088,27133567
07/28/2003,13.192,14.183,13.192,14.176,9318103
07/29/2003,14.048,14.346,13.784,14.186,4946002
07/30/2003,14.207,14.45,14.006,14.45,3909218
07/31/2003,14.481,15.194,14.356,15.104,5640966
08/01/2003,15.094,15.101,14.588,14.671,2687351
08/04/2003,14.363,14.682,13.934,14.598,4151246
08/05/2003,14.56,14.893,14.477,14.554,3322245
08/06/2003,14.585,15.154,14.585,15.022,4861248
08/07/2003,14.915,15.04,14.546,14.88,3374714
08/08/2003,14.897,15.168,14.745,15.14,2484621
08/11/2003,15.376,15.758,15.272,15.39,4849005
08/12/2003,15.428,15.532,15.061,15.498,2606693
08/13/2003,15.48,15.654,15.05,15.064,3139663
08/14/2003,14.907,14.907,14.034,14.387,11528317
08/15/2003,14.37,14.397,14.127,14.37,2485352
08/18/2003,14.453,14.925,14.453,14.89,4983829
08/19/2003,15.164,15.338,14.998,15.269,2785201
08/20/2003,15.276,15.387,15.102,15.109,2057570
08/21/2003,15.171,15.519,15.109,15.317,2510697
08/22/2003,16.24,16.324,15.234,15.234,5246460
08/25/2003,15.3,15.411,15.064,15.133,2189040
08/26/2003,15.133,15.328,14.717,15.279,2115996
08/27/2003,15.234,16.56,15.213,16.463,4539425
08/28/2003,16.56,17.121,16.324,16.525,3323408
08/29/2003,16.386,16.386,15.866,15.97,2817072
09/02/2003,16.379,17.205,16.254,17.046,4158410
09/03/2003,17.157,17.358,16.851,16.935,3981245
09/04/2003,16.903,17.32,16.695,17.077,2172324
09/05/2003,16.99,17.212,16.588,16.636,3115367
09/08/2003,16.729,17.55,16.729,17.494,4296901
09/09/2003,17.528,17.528,17.063,17.466,3225655
09/10/2003,17.414,17.414,16.907,17.198,4276098
09/11/2003,17.216,17.348,16.417,16.473,4885870
09/12/2003,16.299,16.397,15.973,16.292,2624881
09/15/2003,16.14,16.383,15.994,16.168,1679379
09/16/2003,16.449,17.351,16.449,17.323,2720595
09/17/2003,17.195,17.847,17.174,17.729,3660454
09/18/2003,17.719,18.33,17.393,18.24,3476063
09/19/2003,18.292,18.917,18.222,18.611,4747005
09/22/2003,17.351,18.441,17.351,18.392,3695399
09/23/2003,18.858,19.149,18.726,18.989,4531698
09/24/2003,19,19.367,18.389,18.389,4068592
09/25/2003,18.437,18.852,17.78,18.043,3349748
09/26/2003,18.042,18.597,17.737,18.021,3123574
09/29/2003,18.08,19.156,18.08,18.857,3685450
09/30/2003,18.84,19.284,18.445,18.896,3511881
10/01/2003,19.26,19.566,19.156,19.51,3709918
10/02/2003,19.607,19.635,19.073,19.385,3689012
10/03/2003,19.708,19.854,19.194,19.243,3488848
10/06/2003,19.763,19.763,19.319,19.444,1210326
10/07/2003,19.347,20.13,18.895,20.12,2045005
10/08/2003,19.989,20.13,19.711,19.885,3955969
10/09/2003,20.1,20.83,19.937,20.32,5918316
10/10/2003,20.44,20.74,20.4,20.68,2949488
10/13/2003,20.69,20.9,20.55,20.78,2531456
10/14/2003,20.61,21.42,20.58,21.25,3369819
10/15/2003,21.66,21.76,21.14,21.17,5285046
10/16/2003,21.17,21.31,20.88,21.07,3084480
10/17/2003,21.08,21.08,20.42,20.55,2794551
10/20/2003,20.67,20.69,20.11,20.39,2014605
10/21/2003,20.65,20.8,20.27,20.48,2599447
10/22/2003,18.411,18.411,14.423,15.451,55403694
10/23/2003,15.321,15.425,14.694,15.362,19500157
10/24/2003,15.831,15.9,15.178,15.442,7815349
10/27/2003,15.258,15.334,14.1,14.592,13656934
10/28/2003,14.561,15.913,14.561,15.913,13974310
10/29/2003,15.913,17.352,15.566,17.199,17941840
10/30/2003,17.503,17.572,16.221,16.269,11421904
10/31/2003,16.327,16.591,15.48,15.952,7043967
11/03/2003,16.053,16.268,15.789,16.081,5858499
11/04/2003,16.063,16.133,15.501,15.612,5885206
11/05/2003,15.438,15.925,15.292,15.786,5055207
11/06/2003,15.901,16.353,15.588,16.256,3950005
11/07/2003,15.737,16.161,14.806,15.126,11310915
11/10/2003,15.087,15.296,14.044,14.093,10566036
11/11/2003,14.093,14.294,13.189,13.543,12108465
11/12/2003,13.623,14.646,13.623,14.562,10371325
11/13/2003,14.534,14.959,14.36,14.785,7617839
11/14/2003,14.763,14.93,13.839,13.86,5314616
11/17/2003,13.915,14.103,13.741,13.901,5950980
11/18/2003,14.013,14.326,13.589,13.616,6889510
11/19/2003,13.637,13.825,13.282,13.512,4733842
11/20/2003,13.487,13.702,13.245,13.245,6539654
11/21/2003,13.726,13.762,13.184,13.213,5048370
11/24/2003,13.491,13.707,13.387,13.658,6865201
11/25/2003,13.811,13.881,13.394,13.428,4419379
11/26/2003,13.627,13.87,13.613,13.745,6641554
11/28/2003,13.745,13.773,13.571,13.731,1626384
12/01/2003,14.016,14.016,13.627,13.773,2562567
12/02/2003,13.78,13.78,13.536,13.696,2175412
12/03/2003,13.686,13.686,13.005,13.199,13140602
12/04/2003,13.355,13.355,12.835,13.098,6361932
12/05/2003,13.008,13.808,12.945,13.627,7465619
12/08/2003,13.665,13.755,13.456,13.63,4452412
12/09/2003,13.686,13.735,12.977,13.004,4960743
12/10/2003,12.997,13.171,12.233,12.441,8813306
12/11/2003,12.448,13.304,12.448,13.304,10143600
12/12/2003,13.304,13.401,12.816,13.025,5140664
12/15/2003,13.279,13.286,11.986,12.146,10883002
12/16/2003,11.986,12.271,11.604,12.257,7927784
12/17/2003,12.045,12.219,11.753,12.17,5392852
12/18/2003,12.173,12.452,12.034,12.34,4186357
12/19/2003,12.003,12.316,11.794,12.253,8721495
12/22/2003,12.139,12.452,12.069,12.354,3140524
12/23/2003,12.236,12.827,12.236,12.73,3580554
12/24/2003,12.747,12.942,12.622,12.9,1976215
12/26/2003,13.039,13.074,12.726,12.865,1131124
12/29/2003,13.011,13.213,13.011,13.192,2447439
12/30/2003,13.199,13.283,13.011,13.109,4146564
12/31/2003,13.123,13.401,13.039,13.143,3247544
01/02/2004,13.321,13.634,13.147,13.425,4447225
01/05/2004,13.599,13.905,13.55,13.856,4142634
01/06/2004,13.929,14.458,13.929,14.117,8138660
01/07/2004,14.124,14.486,13.908,14.34,7060756
01/08/2004,14.6,15.087,14.531,14.962,6053871
01/09/2004,14.816,14.816,14.12,14.204,6664871
01/12/2004,14.399,14.552,14.162,14.517,3242451
01/13/2004,14.83,14.907,14.37,14.516,3448335
01/14/2004,14.572,14.641,13.795,13.94,5006341
01/15/2004,13.908,13.908,13.137,13.408,10086934
01/16/2004,13.418,14.058,13.349,13.856,6265151
01/20/2004,14.037,14.329,13.863,14.141,9740883
01/21/2004,11.44,11.594,10.701,11.161,56094511
01/22/2004,11.478,11.478,11.054,11.304,14192248
01/23/2004,11.308,11.377,11.113,11.182,12164584
01/26/2004,11.196,11.342,11.141,11.301,5500706
01/27/2004,11.307,11.586,11.203,11.474,9566624
01/28/2004,11.683,11.78,11.44,11.509,6672374
01/29/2004,11.641,11.69,11.315,11.433,7276809
01/30/2004,11.415,11.464,11.325,11.346,3831990
02/02/2004,11.342,11.516,11.175,11.189,3436520
02/03/2004,11.175,11.363,11.155,11.335,3537148
02/04/2004,11.353,11.409,11.13,11.172,9640454
02/05/2004,11.394,11.728,11.165,11.707,6382992
02/06/2004,11.787,12.156,11.718,12.045,7493887
02/09/2004,11.958,12.125,11.541,11.582,5151778
02/10/2004,11.586,11.781,11.488,11.537,4068324
02/11/2004,11.547,11.959,11.499,11.82,4403475
02/12/2004,11.757,11.966,11.513,11.799,2417254
02/13/2004,11.848,12.392,11.841,12.266,6499599
02/17/2004,12.612,12.612,12.033,12.047,4546197
02/18/2004,12.074,12.326,12.005,12.047,3695858
02/19/2004,12.148,12.636,12.134,12.427,6162920
02/20/2004,12.434,12.434,12.078,12.21,4257001
02/23/2004,12.214,12.486,11.405,11.593,7681132
02/24/2004,11.534,11.736,11.338,11.652,4309368
02/25/2004,11.704,11.893,11.684,11.781,4783950
02/26/2004,11.757,12.134,11.659,12.078,5956179
02/27/2004,12.095,12.249,12.026,12.06,3868034
03/01/2004,11.868,12.211,11.589,12.127,4595454
03/02/2004,12.074,12.109,11.677,11.677,6708867
03/03/2004,11.945,12.05,11.596,11.624,6469407
03/04/2004,11.645,11.743,11.52,11.575,4310644
03/05/2004,11.544,11.676,11.425,11.453,3085072
03/08/2004,11.446,11.481,11.104,11.132,6788657
03/09/2004,11.15,11.171,10.877,10.933,2884980
03/10/2004,11.003,11.066,10.884,10.905,3610442
03/11/2004,10.905,10.982,10.696,10.731,3932964
03/12/2004,10.752,11.171,10.717,11.024,3477241
03/15/2004,11.042,11.07,10.79,10.818,4099228
03/16/2004,10.902,11.188,10.902,11.007,3145914
03/17/2004,11.167,11.433,11.125,11.272,2641597
03/18/2004,11.286,11.37,11.195,11.237,2418826
03/19/2004,11.272,11.307,11,11.125,4307088
03/22/2004,11.062,11.062,10.748,10.762,2533310
03/23/2004,10.829,10.954,10.668,10.682,3704794
03/24/2004,10.633,11.003,10.452,10.989,4371636
03/25/2004,10.961,11.303,10.919,11.157,3776135
03/26/2004,11.146,11.265,11.055,11.174,1473805
03/29/2004,11.31,11.478,11.296,11.401,1939656
03/30/2004,11.307,11.502,11.3,11.46,1420747
03/31/2004,11.373,11.422,11.185,11.261,2932673
04/01/2004,11.272,11.439,11.265,11.335,1157974
04/02/2004,11.408,11.499,11.094,11.247,3407782
04/05/2004,11.342,11.349,10.818,10.93,8091490
04/06/2004,10.926,10.982,10.787,10.884,4045748
04/07/2004,9.14,10.682,9.07,10.458,39302981
04/08/2004,10.521,10.626,10.319,10.591,5270342
04/12/2004,10.542,10.577,10.403,10.57,2771932
04/13/2004,10.668,10.926,10.619,10.759,4548154
04/14/2004,10.699,10.79,10.651,10.672,1419678
04/15/2004,10.619,10.64,10.333,10.563,2230865
04/16/2004,10.563,10.563,10.368,10.417,1215154
04/19/2004,10.42,10.427,10.26,10.323,2057338
04/20/2004,10.298,10.319,10.005,10.131,7131803
04/21/2004,9.768,10.047,9.454,9.656,11370342
04/22/2004,9.527,9.527,8.724,8.864,14676263
04/23/2004,8.794,9.038,8.62,8.885,9381703
04/26/2004,8.871,8.969,8.724,8.766,3127190
04/27/2004,8.808,8.843,8.717,8.738,3627325
04/28/2004,8.752,8.969,8.689,8.962,4555230
04/29/2004,8.969,9.073,8.731,8.843,4716291
04/30/2004,8.805,8.902,8.728,8.728,3053455
05/03/2004,8.714,8.944,8.56,8.644,3369984
05/04/2004,8.714,8.791,8.483,8.574,2618785
05/05/2004,8.637,8.756,8.483,8.546,2475654
05/06/2004,8.476,8.518,8.056,8.238,5964858
05/07/2004,8.227,8.536,8.227,8.444,3514564
05/10/2004,8.378,8.469,8.28,8.406,2064551
05/11/2004,8.592,8.823,8.564,8.697,3442570
05/12/2004,8.736,8.736,8.56,8.637,1544179
05/13/2004,8.637,8.651,8.462,8.644,2684243
05/14/2004,8.595,8.63,8.209,8.413,2618948
05/17/2004,8.276,8.416,8.206,8.276,2400463
05/18/2004,8.346,8.458,8.339,8.444,2249047
05/19/2004,8.444,8.627,8.444,8.473,3971240
05/20/2004,8.476,8.567,8.42,8.455,2817470
05/21/2004,8.423,8.564,8.423,8.557,1325991
05/24/2004,8.707,8.806,8.63,8.778,1461230
05/25/2004,8.732,9.188,8.683,9.125,2858132
05/26/2004,9.16,9.609,9.118,9.356,3628491
05/27/2004,9.367,9.367,8.651,8.995,5740325
05/28/2004,8.995,9.079,8.623,8.63,5893976
06/01/2004,8.662,8.949,8.662,8.893,4103855
06/02/2004,8.844,8.844,8.536,8.557,6264696
06/03/2004,8.781,9.328,8.592,8.837,7461573
06/04/2004,9.058,9.235,8.988,9.016,2931243
06/07/2004,9.093,9.199,9.023,9.142,1610132
06/08/2004,9.167,9.258,9.076,9.167,2140596
06/09/2004,9.23,9.237,9.04,9.132,1977248
06/10/2004,9.433,9.763,9.412,9.518,6018389
06/14/2004,9.521,9.675,9.409,9.542,4278369
06/15/2004,9.626,9.802,9.612,9.752,3092373
06/16/2004,9.717,9.809,9.689,9.71,2435370
06/17/2004,9.714,9.819,9.553,9.784,4107126
06/18/2004,9.745,9.886,9.682,9.83,3194459
06/21/2004,9.812,9.826,9.679,9.819,1882474
06/22/2004,9.809,9.809,9.633,9.788,3954372
06/23/2004,9.738,10.033,9.717,10.033,1668882
06/24/2004,9.994,10.128,9.826,9.84,2088781
06/25/2004,9.844,9.879,9.774,9.809,900579
06/28/2004,9.77,9.854,9.679,9.686,2015351
06/29/2004,9.689,9.837,9.682,9.823,2306832
06/30/2004,9.837,10.145,9.837,10.11,2530228
07/01/2004,10.103,10.124,9.942,9.991,4172251
07/02/2004,9.994,10.107,9.812,9.966,3487475
07/06/2004,9.928,9.928,9.346,9.584,4778382
07/07/2004,9.521,9.767,9.521,9.661,3908652
07/08/2004,9.616,9.644,9.335,9.37,1959280
07/09/2004,9.409,9.648,9.409,9.486,1213840
07/12/2004,9.437,9.479,9.233,9.465,1309549
07/13/2004,9.461,9.581,9.3,9.335,881442
07/14/2004,9.3,9.3,8.732,8.767,5502535
07/15/2004,8.827,8.932,8.729,8.883,3148572
07/16/2004,8.869,8.981,8.588,8.904,2695822
07/19/2004,8.911,9.858,8.911,9.711,6458224
07/20/2004,9.679,10.233,9.581,10.03,4977559
07/21/2004,9.648,9.823,8.188,8.35,16943568
07/22/2004,8.381,8.515,8.325,8.367,3918066
07/23/2004,8.367,8.388,8.283,8.36,3158561
07/26/2004,8.346,8.395,7.982,8.094,4230027
07/27/2004,8.062,8.245,7.992,8.174,2609460
07/28/2004,8.167,8.237,7.894,8.006,2541285
07/29/2004,8.013,8.231,7.929,8.118,2296810
07/30/2004,8.048,8.097,7.936,8.048,2098243
08/02/2004,7.992,8.09,7.922,8.02,1898977
08/03/2004,7.866,7.95,7.571,7.712,3185494
08/04/2004,7.712,7.86,7.712,7.81,1585580
08/05/2004,7.824,7.867,7.74,7.81,1156096
08/06/2004,7.768,7.81,7.613,7.62,2249425
08/09/2004,7.588,7.672,7.398,7.454,1845345
08/10/2004,7.447,7.729,7.447,7.708,2308619
08/11/2004,7.652,7.687,7.362,7.567,1765411
08/12/2004,7.514,7.514,7.133,7.267,2176029
08/13/2004,7.274,7.437,7.19,7.246,1876375
08/16/2004,7.236,7.574,7.158,7.546,1644740
08/17/2004,7.549,7.683,7.465,7.556,1698673
08/18/2004,7.549,7.973,7.232,7.853,2992590
08/19/2004,7.828,8.054,7.757,7.92,4497333
08/20/2004,7.902,8.325,7.902,8.226,4206210
08/23/2004,8.23,8.286,8.004,8.025,1202760
08/24/2004,8.043,8.043,7.839,7.902,1803648
08/25/2004,7.913,8.004,7.87,7.948,1685204
08/26/2004,7.955,8.075,7.736,7.807,1652541
08/27/2004,7.849,7.877,7.772,7.793,1467212
08/30/2004,7.793,7.856,7.496,7.722,1809509
08/31/2004,7.719,7.74,7.613,7.712,1290270
09/01/2004,7.687,8.181,7.687,8.11,3167391
09/02/2004,8.121,8.424,8.099,8.417,1743956
09/03/2004,8.449,8.463,8.237,8.371,1952032
09/07/2004,9.171,9.355,8.607,8.685,10574262
09/08/2004,8.755,8.939,8.685,8.776,2500459
09/09/2004,8.815,8.886,8.702,8.801,1216940
09/10/2004,8.755,9.39,8.727,9.362,4760495
09/13/2004,9.344,9.711,9.323,9.429,3213895
09/14/2004,9.376,9.616,9.221,9.559,3237631
09/15/2004,9.52,9.52,9.372,9.408,2387927
09/16/2004,9.524,9.693,9.524,9.595,2492191
09/17/2004,9.644,9.721,9.609,9.721,3323407
09/20/2004,9.728,10.039,9.594,9.891,3323709
09/21/2004,9.732,9.732,9.513,9.626,5668477
09/22/2004,9.587,9.587,9.27,9.312,4114599
09/23/2004,9.323,9.443,9.274,9.422,2426487
09/24/2004,9.415,9.464,9.126,9.182,3243966
09/27/2004,9.108,9.129,8.988,9.059,2918826
09/28/2004,9.052,9.249,8.995,9.242,2483873
09/29/2004,9.168,9.506,9.168,9.492,4638286
09/30/2004,9.475,9.601,9.292,9.552,3207782
10/01/2004,9.7,9.806,9.616,9.785,4276547
10/04/2004,10.046,10.081,9.869,10.018,10298849
10/05/2004,10.014,10.049,9.901,10.014,3297002
10/06/2004,10.095,10.229,10.011,10.088,7316888
10/07/2004,10.063,10.155,9.838,9.901,3152022
10/08/2004,9.845,9.986,9.605,9.838,3782529
10/11/2004,9.884,9.947,9.848,9.905,2362794
10/12/2004,9.764,9.813,9.517,9.637,5109076
10/13/2004,9.767,9.824,9.535,9.633,3908154
10/14/2004,9.535,9.591,9.33,9.33,2399108
10/15/2004,9.394,9.556,9.168,9.33,3099042
10/18/2004,9.347,9.863,9.347,9.863,6916203
10/19/2004,9.954,10.215,9.919,10.025,4831378
10/20/2004,10.233,10.233,9.443,9.661,7360288
10/21/2004,9.697,9.697,9.025,9.301,8838358
10/22/2004,9.319,9.369,9.08,9.101,4076195
10/25/2004,9.073,9.073,8.777,8.896,3885865
10/26/2004,9.062,9.09,8.822,8.893,3080613
10/27/2004,8.865,9.097,8.836,9.097,3451701
10/28/2004,9.094,9.143,8.812,8.861,2740237
10/29/2004,8.935,8.992,8.822,8.907,1238502
11/01/2004,8.981,9.165,8.847,8.939,1320973
11/02/2004,8.709,9.034,8.674,8.956,2531572
11/03/2004,9.297,9.332,8.842,8.942,2029268
11/04/2004,8.914,9.134,8.843,9.084,2239793
11/05/2004,9.08,9.435,9.038,9.42,3104943
11/08/2004,9.569,9.661,9.512,9.619,3228424
11/09/2004,9.629,9.714,9.544,9.686,1877873
11/10/2004,9.644,9.644,9.303,9.332,2177272
11/11/2004,9.442,9.732,9.42,9.683,1882240
11/12/2004,9.785,10.062,9.75,10.048,3977156
11/15/2004,10.055,10.267,10.04,10.196,2072219
11/16/2004,9.948,10.04,9.785,9.927,4992366
11/17/2004,10.129,10.271,9.987,10.058,4081366
11/18/2004,10.072,10.214,9.923,9.945,1994186
11/19/2004,10.094,10.108,9.789,9.831,1826551
11/22/2004,9.665,9.955,9.608,9.927,2214053
11/23/2004,9.92,10.04,9.877,9.977,1981898
11/24/2004,10.026,10.409,10.012,10.395,3632409
11/26/2004,10.427,10.469,10.334,10.462,825068
11/29/2004,10.593,10.685,10.274,10.388,5256831
11/30/2004,10.419,10.625,10.405,10.611,4150929
12/01/2004,11.043,11.695,11.001,11.68,12244048
12/02/2004,11.532,12.049,11.418,11.957,7295644
12/03/2004,12.12,12.219,11.61,11.745,4084856
12/06/2004,11.837,12.156,11.624,12.042,3485317
12/07/2004,11.999,12.035,11.603,11.674,5851859
12/08/2004,12.9,12.907,11.921,12.042,16929121
12/09/2004,11.932,12.18,11.755,12.01,5714483
12/10/2004,11.822,11.915,11.723,11.837,16120905
12/13/2004,11.854,12.046,11.727,11.89,4375882
12/14/2004,11.89,12.039,11.84,11.911,4492166
12/15/2004,12.049,12.148,11.872,11.936,4391228
12/16/2004,11.978,12.014,11.801,11.872,3328129
12/17/2004,11.876,11.904,11.557,11.854,4383498
12/20/2004,11.854,11.975,11.514,11.543,3098946
12/21/2004,11.649,11.727,11.528,11.635,3016093
12/22/2004,11.606,11.854,11.606,11.72,2234551
12/23/2004,11.656,11.805,11.564,11.755,1237982
12/27/2004,11.932,11.932,11.62,11.776,1799973
12/28/2004,11.762,11.805,11.628,11.776,1901439
12/29/2004,11.723,12.035,11.695,12,4701189
12/30/2004,12.046,12.322,12.046,12.18,4302922
12/31/2004,12.237,12.287,12.166,12.223,3726463
01/03/2005,12.372,12.528,12.059,12.308,4706654
01/04/2005,12.726,12.726,11.762,12.088,5343387
01/05/2005,11.964,12.141,11.936,11.985,3792285
01/06/2005,12.081,12.258,11.755,11.911,5170307
01/07/2005,12.049,12.106,11.801,11.801,4490413
01/10/2005,11.879,12.255,11.851,12.177,8356818
01/11/2005,12.18,12.258,12.06,12.173,7048601
01/12/2005,12.258,12.4,12.209,12.386,6253061
01/13/2005,12.612,12.86,12.435,12.683,9201682
01/14/2005,12.485,12.669,12.386,12.641,8830442
01/18/2005,12.648,13.031,12.62,13.002,12374155
01/19/2005,12.8,12.836,12.127,12.191,15747297
01/20/2005,11.943,12.375,11.879,12.29,7668333
01/21/2005,12.361,12.467,12.226,12.297,10232065
01/24/2005,12.311,12.404,11.886,11.957,4778116
01/25/2005,12.046,12.131,11.904,12.039,5163946
01/26/2005,12.102,12.124,11.762,12.053,4500494
01/27/2005,11.904,12.336,11.904,12.216,4303768
01/28/2005,12.329,12.336,11.904,12.046,4062991
01/31/2005,12.201,12.201,11.847,11.989,4483986
02/01/2005,11.84,12.067,11.755,12.024,4260418
02/02/2005,12.124,12.195,12.053,12.117,6035603
02/03/2005,12.167,12.181,11.989,12.131,2497971
02/04/2005,12.149,12.597,12.12,12.568,6799660
02/07/2005,12.447,12.675,12.376,12.426,3437020
02/08/2005,12.465,12.607,12.223,12.316,5502328
02/09/2005,12.462,12.533,12.199,12.284,4383125
02/10/2005,12.273,12.366,12.067,12.259,5188804
02/11/2005,12.295,12.444,12.103,12.287,3524354
02/14/2005,12.302,12.302,12.124,12.131,3240982
02/15/2005,12.156,12.597,12.12,12.44,5508273
02/16/2005,12.302,12.479,12.088,12.337,4596952
02/17/2005,12.447,12.625,12.305,12.568,5027260
02/18/2005,12.76,12.917,12.476,12.483,8349077
02/22/2005,12.387,12.487,12.181,12.202,4080014
02/23/2005,12.181,12.181,11.626,11.911,7851845
02/24/2005,11.853,12.316,11.747,12.252,5987330
02/25/2005,12.419,12.632,12.27,12.576,6037338
02/28/2005,12.267,12.835,12.175,12.778,7418263
03/01/2005,12.789,12.867,12.711,12.817,5392858
03/02/2005,12.746,13.166,12.59,13.087,5283741
03/03/2005,13.052,13.208,12.846,13.066,3775342
03/04/2005,13.219,13.511,13.169,13.482,6753381
03/07/2005,13.471,13.628,13.251,13.393,5871480
03/08/2005,13.713,13.927,13.571,13.663,7512624
03/09/2005,13.642,13.756,13.414,13.628,4454201
03/10/2005,13.617,13.639,13.368,13.567,3689451
03/11/2005,13.439,13.546,12.963,13.134,4968356
03/14/2005,13.162,13.447,13.091,13.383,2789050
03/15/2005,13.5,13.514,13.123,13.194,2905643
03/16/2005,13.084,13.575,13.048,13.518,6101144
03/17/2005,13.553,13.781,13.532,13.66,4835733
03/18/2005,13.61,14.058,13.425,14.023,5292036
03/21/2005,14.051,14.179,13.724,14.094,3971243
03/22/2005,14.076,14.154,13.806,13.841,2369464
03/23/2005,13.809,14.044,13.795,13.838,2355996
03/24/2005,14.101,14.386,14.015,14.115,6373310
03/28/2005,14.076,14.14,13.557,13.564,4893944
03/29/2005,13.618,13.689,13.083,13.105,7423503
03/30/2005,13.301,13.557,13.265,13.45,5361951
03/31/2005,14.008,14.101,13.724,13.902,5438058
04/01/2005,13.991,14.083,13.699,13.784,3240468
04/04/2005,13.859,13.859,13.532,13.603,2979825
04/05/2005,13.667,13.702,13.361,13.432,4100710
04/06/2005,13.439,13.688,13.354,13.39,2733319
04/07/2005,13.39,13.681,13.361,13.653,3598741
04/08/2005,13.685,13.72,13.521,13.621,1951625
04/11/2005,13.656,13.656,13.272,13.429,2323093
04/12/2005,13.407,13.642,13.237,13.5,2785030
04/13/2005,13.432,13.446,13.12,13.176,3710136
04/14/2005,12.984,12.984,12.323,12.366,7144683
04/15/2005,12.085,12.227,11.674,11.786,8871111
04/18/2005,11.911,11.982,11.697,11.925,5474066
04/19/2005,12.408,12.43,12.159,12.33,9605370
04/20/2005,12.881,13.059,12.668,12.775,15192103
04/21/2005,12.963,13.475,12.906,13.432,6796271
04/22/2005,13.073,13.144,12.718,12.988,8965516
04/25/2005,13.066,13.23,13.038,13.187,6539686
04/26/2005,13.173,13.358,13.095,13.279,6106527
04/27/2005,13.23,13.301,12.988,13.045,3914257
04/28/2005,12.935,13.063,12.472,12.493,4679021
04/29/2005,12.622,12.728,12.302,12.501,4126260
05/02/2005,12.497,12.682,12.412,12.575,2456382
05/03/2005,12.6,12.771,12.479,12.529,3872000
05/04/2005,12.533,12.661,12.354,12.461,6049032
05/05/2005,12.458,12.515,12.108,12.258,5494970
05/06/2005,12.404,12.919,12.354,12.89,5453684
05/09/2005,12.858,12.958,12.801,12.886,2498197
05/10/2005,12.858,12.879,12.565,12.722,1856341
05/11/2005,12.722,12.836,12.572,12.758,1551846
05/12/2005,12.711,12.983,12.54,12.611,2653586
05/13/2005,12.718,13.233,12.718,13.204,7615584
05/16/2005,13.204,13.726,13.176,13.697,6720378
05/17/2005,13.572,14.108,13.536,13.872,8219674
05/18/2005,13.99,14.461,13.99,14.426,12694974
05/19/2005,14.561,14.619,14.305,14.49,6073152
05/20/2005,14.483,14.526,14.219,14.397,3937028
05/23/2005,14.508,14.722,14.486,14.665,3838520
05/24/2005,14.615,14.915,14.544,14.893,3650364
05/25/2005,14.965,15.108,14.672,15.044,4983901
05/26/2005,15.047,15.154,14.84,14.997,3951602
05/27/2005,14.958,15.094,14.894,14.965,3246462
05/31/2005,14.987,15.179,14.779,15.158,5882223
06/01/2005,15.04,15.212,14.954,15.033,4904595
06/02/2005,15.029,15.251,15.001,15.215,3580343
06/03/2005,15.158,15.158,14.679,14.715,3494925
06/06/2005,14.715,14.915,14.672,14.858,1839256
06/07/2005,15.212,15.354,14.904,15.126,3783760
06/08/2005,15.019,15.019,14.411,14.912,6950236
06/09/2005,14.961,15.233,14.526,14.59,7328821
06/10/2005,14.619,14.776,14.14,14.597,4479677
06/13/2005,14.494,14.844,14.494,14.672,4035295
06/14/2005,14.594,14.637,14.072,14.386,7059283
06/15/2005,14.351,14.422,14.101,14.265,3587691
06/16/2005,14.351,14.787,14.286,14.494,4103902
06/17/2005,14.203,14.224,13.329,13.572,18423988
06/20/2005,13.679,14.215,13.501,13.986,8403349
06/21/2005,13.947,14.09,13.84,13.926,4251016
06/22/2005,14.036,14.051,13.594,13.879,3310854
06/23/2005,13.929,13.958,13.286,13.501,8940228
06/24/2005,13.59,13.59,13.054,13.097,6962711
06/27/2005,13.176,13.176,12.797,12.918,4590081
06/28/2005,12.301,12.643,12.151,12.486,10206415
06/29/2005,12.922,13.136,12.394,12.479,5215878
06/30/2005,12.483,12.547,12.283,12.54,4785038
07/01/2005,12.544,12.679,12.372,12.394,2149761
07/05/2005,12.333,12.604,12.29,12.483,4495949
07/06/2005,12.547,13.004,12.533,12.797,6166592
07/07/2005,12.783,12.961,12.626,12.719,4548392
07/08/2005,12.858,13.179,12.786,13.029,4168170
07/11/2005,13.365,13.651,13.115,13.629,7662200
07/12/2005,13.644,13.651,13.222,13.465,5571980
07/13/2005,13.944,14.037,13.765,13.936,8630910
07/14/2005,14.283,14.34,13.676,13.733,7291952
07/15/2005,13.669,13.905,13.275,13.647,7173916
07/18/2005,13.683,13.847,13.576,13.59,4353164
07/19/2005,13.611,13.964,13.512,13.894,8521549
07/20/2005,13.147,13.676,12.861,13.619,15846846
07/21/2005,13.519,13.561,13.083,13.09,6522872
07/22/2005,13.004,13.261,12.969,13.076,3268920
07/25/2005,13.294,13.351,13.108,13.222,3405164
07/26/2005,13.244,13.394,13.058,13.372,2927030
07/27/2005,13.383,13.397,13.047,13.34,3018850
07/28/2005,13.572,13.879,13.429,13.822,6013537
07/29/2005,13.829,13.879,13.615,13.829,4708593
08/01/2005,13.84,13.84,13.561,13.626,3477765
08/02/2005,13.629,13.665,13.386,13.515,6123026
08/03/2005,13.397,13.605,13.296,13.397,7183420
08/04/2005,13.4,13.573,13.386,13.501,5964861
08/05/2005,13.58,13.659,13.458,13.515,5847832
08/08/2005,13.669,13.676,13.397,13.483,3265847
08/09/2005,13.601,13.608,13.4,13.436,4695033
08/10/2005,13.522,13.558,13.372,13.372,4222010
08/11/2005,13.361,13.519,13.239,13.49,6249192
08/12/2005,13.497,13.497,12.923,13.067,6479403
08/15/2005,13.135,13.257,13.099,13.228,3515579
08/16/2005,13.214,13.221,12.891,12.941,3966345
08/17/2005,13.02,13.336,13.02,13.257,5535032
08/18/2005,13.242,13.307,12.898,12.984,5110011
08/19/2005,13.009,13.239,13.009,13.217,4260126
08/22/2005,13.321,13.357,13.106,13.178,3923071
08/23/2005,13.278,13.293,13.113,13.149,3638044
08/24/2005,13.153,13.411,13.088,13.095,5556063
08/25/2005,13.181,13.231,13.052,13.052,2719125
08/26/2005,12.625,12.633,12.291,12.389,13878557
08/29/2005,12.399,12.601,12.356,12.522,4143715
08/30/2005,12.181,12.303,11.729,11.851,16681354
08/31/2005,11.872,12.073,11.829,11.879,10419527
09/01/2005,11.914,11.943,11.361,11.5,15252527
09/02/2005,11.514,11.772,11.442,11.449,7528872
09/06/2005,11.442,11.478,11.255,11.306,5714820
09/07/2005,11.306,12.008,11.306,11.894,13687133
09/08/2005,11.772,11.844,11.628,11.729,7977629
09/09/2005,11.743,11.758,11.564,11.585,5687640
09/12/2005,11.607,11.671,11.485,11.636,7141208
09/13/2005,11.628,11.722,11.499,11.636,6728015
09/14/2005,11.621,11.628,11.011,11.069,9810164
09/15/2005,11.025,11.147,10.718,10.761,10287413
09/16/2005,10.825,10.889,10.739,10.789,12261278
09/19/2005,10.796,10.832,10.624,10.768,11063932
09/20/2005,10.768,10.882,10.646,10.789,8310067
09/21/2005,10.793,10.864,10.477,10.527,7625548
09/22/2005,10.405,10.829,10.405,10.75,8076776
09/23/2005,10.757,10.915,10.606,10.85,4189276
09/26/2005,10.832,10.933,10.681,10.832,4062266
09/27/2005,10.811,10.868,10.689,10.689,4615117
09/28/2005,10.696,10.94,10.696,10.846,3903340
09/29/2005,10.875,11.241,10.875,11.176,5743510
09/30/2005,11.176,11.463,11.119,11.37,7348069
10/03/2005,11.585,11.844,11.37,11.6,9007789
10/04/2005,11.621,11.786,11.377,11.392,6281516
10/05/2005,11.632,11.632,11.237,11.366,5344903
10/06/2005,11.406,11.521,11.09,11.248,5245977
10/07/2005,11.334,11.449,11.291,11.32,3324396
10/10/2005,11.327,11.636,11.306,11.341,5529038
10/11/2005,11.438,11.445,11.115,11.237,5123434
10/12/2005,11.083,11.169,10.768,11.098,6249310
10/13/2005,10.968,10.968,10.395,10.753,8621639
10/14/2005,10.829,11.029,10.771,10.936,8529521
10/17/2005,11.051,11.402,11.051,11.237,6828418
10/18/2005,10.971,11.111,10.761,10.796,10640038
10/19/2005,10.617,10.66,10.294,10.545,18870638
10/20/2005,10.567,10.803,10.222,10.258,9955973
10/21/2005,10.265,10.352,10.151,10.23,6602962
10/24/2005,10.24,10.405,10.212,10.247,5510186
10/25/2005,10.33,10.43,10.244,10.373,3923555
10/26/2005,10.373,10.387,10.158,10.165,3995493
10/27/2005,10.122,10.129,9.928,10,9578884
10/28/2005,10.007,10.186,10.007,10.115,6569515
10/31/2005,10.115,10.402,10.021,10.395,7693781
11/01/2005,10.387,10.545,10.316,10.488,4616941
11/02/2005,10.679,10.874,10.491,10.823,5289886
11/03/2005,10.813,11.302,10.813,11.266,7763030
11/04/2005,11.267,11.296,11.072,11.216,2904325
11/07/2005,11.231,11.324,11.13,11.303,4016609
11/08/2005,11.27,11.386,11.105,11.141,3514217
11/09/2005,11.148,11.335,11.119,11.285,2949083
11/10/2005,11.231,11.252,11.13,11.202,2973788
11/11/2005,11.216,11.663,11.216,11.483,5138462
11/14/2005,11.49,11.49,11.223,11.267,3956983
11/15/2005,11.278,11.429,11.22,11.35,2883619
11/16/2005,11.393,11.718,11.299,11.674,7036872
11/17/2005,11.678,12.378,11.678,12.161,7384944
11/18/2005,12.262,12.327,12.176,12.248,4506009
11/21/2005,12.194,12.331,12.186,12.287,4138998
11/22/2005,12.247,12.941,12.189,12.898,6906045
11/23/2005,12.864,12.973,12.72,12.951,4245434
11/25/2005,12.98,12.98,12.85,12.872,1361465
11/28/2005,12.839,12.882,12.609,12.717,2478599
11/29/2005,12.987,13.348,12.987,13.348,11275373
11/30/2005,13.276,13.658,13.211,13.644,6995988
12/01/2005,13.705,14.39,13.489,13.712,12856572
12/02/2005,13.348,13.528,13.261,13.377,8864036
12/05/2005,13.708,13.766,13.564,13.701,11109047
12/06/2005,13.827,13.928,13.726,13.755,4743045
12/07/2005,13.615,13.687,13.485,13.651,7112335
12/08/2005,13.629,13.809,13.564,13.723,7519948
12/09/2005,13.752,13.953,13.666,13.896,6171219
12/12/2005,13.961,14.062,13.867,14.033,3083342
12/13/2005,13.972,14.015,13.777,13.871,4418862
12/14/2005,13.871,13.943,13.806,13.936,4325328
12/15/2005,14.004,14.069,13.809,13.997,3404884
12/16/2005,14.011,14.192,13.853,14.134,4559153
12/19/2005,14.13,14.166,13.964,14.109,3406742
12/20/2005,14.062,14.148,13.997,14.141,3618112
12/21/2005,13.759,14.646,13.715,14.588,46350860
12/22/2005,14.765,14.808,14.498,14.671,17230082
12/23/2005,14.668,14.797,14.619,14.682,5252223
12/27/2005,14.729,14.729,14.426,14.441,4024645
12/28/2005,14.506,14.549,14.13,14.188,5132011
12/29/2005,14.235,14.336,14.148,14.228,4239233
12/30/2005,14.271,14.495,14.112,14.408,3379239
01/03/2006,14.498,14.52,14.202,14.477,11032793
01/04/2006,14.578,15.212,14.549,15.197,15986086
01/05/2006,15.14,15.219,15.025,15.054,11586627
01/06/2006,15.205,15.472,15.061,15.429,13008929
01/09/2006,15.522,16.121,15.472,16.078,13024184
01/10/2006,16.067,16.846,15.93,16.831,18114106
01/11/2006,16.749,16.965,16.489,16.727,9752639
01/12/2006,16.554,16.893,16.525,16.59,6958223
01/13/2006,17.135,17.56,16.904,17.474,13523506
01/17/2006,17.495,17.495,17.264,17.394,9583908
01/18/2006,17.308,17.971,17.034,17.748,15705631
01/19/2006,18.934,19.273,18.429,18.458,29285684
01/20/2006,18.613,18.758,17.971,18.029,12712092
01/23/2006,18.087,18.678,17.971,18.454,9739514
01/24/2006,18.718,19.093,18.718,19.035,11737762
01/25/2006,18.725,18.768,18.228,18.509,12389042
01/26/2006,18.808,19.154,18.548,18.895,9655667
01/27/2006,19.14,19.277,18.671,18.851,8138245
01/30/2006,18.862,18.92,18.408,18.509,7584308
01/31/2006,18.527,18.872,18.354,18.75,10846074
02/01/2006,18.555,18.902,18.548,18.83,5841020
02/02/2006,18.736,18.743,18.446,18.548,4589536
02/03/2006,18.533,18.67,18.229,18.468,5110079
02/06/2006,18.511,18.664,17.809,18.041,6461599
02/07/2006,18.092,18.135,17.535,17.614,7965368
02/08/2006,17.878,18.066,17.806,18.001,6215664
02/09/2006,18.197,18.558,18.117,18.132,7053802
02/10/2006,18.139,18.218,17.748,18.204,5247216
02/13/2006,18.211,18.92,18.139,18.783,8992646
02/14/2006,18.859,19.112,18.815,18.83,12311766
02/15/2006,19.119,19.488,18.902,19.192,21137982
02/16/2006,19.224,19.521,19.21,19.39,8899765
02/17/2006,19.398,19.832,19.332,19.738,9061596
02/21/2006,19.857,19.864,19.532,19.683,6276402
02/22/2006,19.633,19.706,19.046,19.083,8676942
02/23/2006,18.935,19.022,18.247,18.363,9666002
02/24/2006,18.439,18.692,18.352,18.461,9248719
02/27/2006,18.631,19.239,18.631,18.812,4725199
02/28/2006,18.927,19.419,18.877,19.224,8011065
03/01/2006,19.368,19.789,19.107,19.68,6280881
03/02/2006,19.719,20.13,19.589,20.07,6984817
03/03/2006,19.976,20.35,19.875,20.31,9761609
03/06/2006,20.32,20.33,19.72,19.908,8635075
03/07/2006,19.571,19.571,18.479,18.92,18775603
03/08/2006,18.743,18.801,17.839,17.983,18054862
03/09/2006,18.207,18.438,17.738,17.752,16380749
03/10/2006,17.827,17.827,16.882,17.51,15661366
03/13/2006,17.657,18.026,16.84,17.267,13532493
03/14/2006,17.34,17.968,17.123,17.838,8841303
03/15/2006,18.222,18.49,18.128,18.417,10522662
03/16/2006,18.634,18.634,17.831,17.838,5979534
03/17/2006,17.78,18.143,17.439,17.94,9903976
03/20/2006,17.889,18.244,17.882,18.092,6691373
03/21/2006,18.099,18.446,17.911,18.041,7291595
03/22/2006,17.712,17.712,17.133,17.386,14777824
03/23/2006,17.701,17.737,17.303,17.513,7537053
03/24/2006,17.553,17.712,17.509,17.705,4559211
03/27/2006,17.777,17.821,17.415,17.451,5940039
03/28/2006,17.437,17.719,17.357,17.422,6592732
03/29/2006,17.571,18.591,17.563,18.439,10190425
03/30/2006,18.482,19.155,18.396,19.054,10857571
03/31/2006,19.152,19.515,18.941,19.072,8730485
04/03/2006,19.072,19.268,18.833,18.949,5523554
04/04/2006,19.448,20.07,19.448,20.03,17367079
04/05/2006,19.651,19.991,19.332,19.709,19016704
04/06/2006,19.716,19.796,19.376,19.622,6418163
04/07/2006,19.752,19.882,19.448,19.68,6011821
04/10/2006,19.546,19.669,18.952,19.126,5582583
04/11/2006,19.032,19.141,18.75,19.097,5322933
04/12/2006,19.137,19.687,19.101,19.311,7731052
04/13/2006,19.318,19.318,18.775,18.956,6728179
04/17/2006,19.003,19.466,18.996,19.423,5991630
04/18/2006,19.499,20.03,19.499,19.911,11332309
04/19/2006,18.754,18.862,18.276,18.616,25321065
04/20/2006,18.45,18.725,18.161,18.392,9468213
04/21/2006,18.32,18.472,17.958,18.146,9882213
04/24/2006,18.059,18.081,17.929,18.059,6012861
04/25/2006,18.081,18.45,17.965,18.327,5179236
04/26/2006,18.392,18.428,17.936,18.009,3655794
04/27/2006,17.991,19.046,17.803,18.801,7907943
04/28/2006,19.137,19.652,18.963,19.173,7672701
05/01/2006,19.231,19.477,19,19.304,6981796
05/02/2006,19.517,19.539,19.14,19.314,4330706
05/03/2006,19.525,19.816,18.98,19.271,7406730
05/04/2006,19.231,19.347,19.042,19.108,5510192
05/05/2006,19.242,19.336,19.14,19.205,3793386
05/08/2006,19.173,19.42,19.078,19.289,4672397
05/09/2006,19.391,19.405,19.013,19.224,4066337
05/10/2006,18.875,19.216,18.665,18.672,6994555
05/11/2006,18.661,18.668,17.674,17.856,10906202
05/12/2006,17.634,17.859,17.213,17.482,11211611
05/15/2006,17.482,17.83,17.184,17.272,7294540
05/16/2006,17.272,17.272,16.771,16.872,8259543
05/17/2006,16.872,17.177,16.415,17.112,8724621
05/18/2006,17.163,17.787,17.163,17.46,9153869
05/19/2006,17.443,18.377,17.414,18.131,14565874
05/22/2006,18.106,18.251,17.54,18.077,11767227
05/23/2006,18.491,18.89,17.155,17.184,18649719
05/24/2006,17.243,17.286,16.342,16.865,14422254
05/25/2006,16.869,17.457,16.869,17.362,9946648
05/26/2006,17.555,17.693,17.286,17.555,5734310
05/30/2006,17.475,17.482,16.981,17.061,14285633
05/31/2006,17.076,17.148,16.749,16.923,21123431
06/01/2006,17.097,17.431,16.771,17.373,9577810
06/02/2006,17.467,17.758,17.25,17.489,9641505
06/05/2006,17.5,17.5,16.644,16.695,10981064
06/06/2006,16.727,16.872,16.197,16.488,7273995
06/07/2006,16.495,16.604,15.907,16.248,20342511
06/08/2006,16.038,16.851,15.61,16.735,17670523
06/09/2006,16.837,17.281,16.11,16.733,11311476
06/12/2006,16.771,16.894,16.009,16.139,7160331
06/13/2006,15.954,16.063,15.287,15.301,14972375
06/14/2006,15.345,15.606,15.258,15.345,6901919
06/15/2006,15.563,16.324,15.563,16.128,8163151
06/16/2006,16.151,16.325,15.78,15.838,6612760
06/19/2006,15.991,16.063,15.555,15.7,5009272
06/20/2006,15.566,15.682,15.261,15.305,6843388
06/21/2006,15.316,15.759,15.25,15.432,9823085
06/22/2006,15.486,15.537,15.269,15.312,4273650
06/23/2006,15.323,15.541,15.192,15.236,7103706
06/26/2006,15.348,15.53,15.276,15.45,4135783
06/27/2006,15.428,15.552,15.196,15.298,4975236
06/28/2006,15.29,15.588,15.211,15.45,5448620
06/29/2006,15.621,16.099,15.454,16.048,6935516
06/30/2006,16.325,16.724,16.295,16.433,6354495
07/03/2006,16.466,16.742,16.306,16.35,2365458
07/05/2006,16.297,16.61,16.02,16.563,4758946
07/06/2006,16.437,16.778,16.43,16.676,6167338
07/07/2006,16.665,16.665,16.245,16.397,4285195
07/10/2006,16.546,16.56,15.849,15.944,5930750
07/11/2006,15.962,16.644,15.962,16.549,6857168
07/12/2006,16.622,16.833,16.419,16.528,7384687
07/13/2006,16.295,17.028,16.165,16.295,7021190
07/14/2006,16.477,16.513,16.187,16.274,6526243
07/17/2006,16.332,16.84,16.332,16.615,5188238
07/18/2006,16.767,17.174,16.593,17.007,8532608
07/19/2006,17.05,17.957,17.036,17.616,8413561
07/20/2006,18.146,18.269,17.253,17.369,7358341
07/21/2006,17.195,17.195,16.31,16.535,13314448
07/24/2006,16.629,17.072,16.578,17.05,6186908
07/25/2006,17.043,17.101,16.63,16.847,5734434
07/26/2006,16.648,16.757,16.19,16.546,9045816
07/27/2006,16.582,16.647,16.241,16.43,5901816
07/28/2006,16.687,17.413,16.687,17.014,7762106
07/31/2006,16.872,16.967,16.604,16.836,7767063
08/01/2006,16.621,16.679,16.224,16.332,5597991
08/02/2006,16.303,16.564,16.23,16.281,8279723
08/03/2006,16.074,16.262,16.002,16.147,8067113
08/04/2006,16.117,16.371,15.762,15.82,9842793
08/07/2006,15.769,15.929,15.53,15.595,8482162
08/08/2006,15.598,15.649,15.019,15.04,15606442
08/09/2006,13.93,14.764,13.893,14.481,26908833
08/10/2006,14.445,14.684,14.3,14.634,10668220
08/11/2006,14.507,14.717,14.449,14.492,6787745
08/14/2006,14.652,15.043,14.557,14.753,8868159
08/15/2006,14.909,15.069,14.474,15.062,16277740
08/16/2006,15.098,15.841,15.098,15.827,11145297
08/17/2006,15.83,15.874,15.415,15.583,10472845
08/18/2006,15.51,15.583,15.226,15.554,7335196
08/21/2006,15.302,15.499,15.288,15.477,5321006
08/22/2006,15.503,15.517,15.16,15.24,4779936
08/23/2006,15.244,15.535,14.756,14.945,8204980
08/24/2006,14.956,15.022,14.665,14.869,5506222
08/25/2006,14.905,15.167,14.723,14.978,3708698
08/28/2006,14.982,15.237,14.967,15.229,4803357
08/29/2006,15.302,15.426,15.222,15.419,7072272
08/30/2006,15.481,16.042,15.32,16.027,7749455
08/31/2006,15.951,16.264,15.9,16.213,6976021
09/01/2006,16.566,16.675,16.166,16.464,8911087
09/05/2006,16.391,16.391,15.765,16.195,11385682
09/06/2006,15.579,15.579,14.873,14.887,12862144
09/07/2006,14.872,14.924,14.355,14.603,11441289
09/08/2006,14.752,14.876,14.534,14.621,7034256
09/11/2006,14.647,14.931,14.588,14.843,4959086
09/12/2006,14.905,15.299,14.876,15.24,7315141
09/13/2006,15.313,15.554,15.299,15.401,5741087
09/14/2006,15.441,16.176,15.12,16.155,10028794
09/15/2006,16.034,16.304,15.576,16.107,14356925
09/18/2006,16.107,16.668,15.976,16.173,12536634
09/19/2006,16.493,16.595,16.107,16.377,9615752
09/20/2006,16.552,16.748,16.515,16.748,8543683
09/21/2006,16.635,16.708,16.395,16.621,8757819
09/22/2006,16.588,16.603,16.246,16.406,7062429
09/25/2006,16.344,16.504,16.228,16.475,6897905
09/26/2006,16.388,16.497,16.235,16.38,8326593
09/27/2006,16.402,17.087,16.388,16.796,10003667
09/28/2006,16.938,16.967,16.566,16.756,6971550
09/29/2006,16.675,17.069,16.646,16.828,6324760
10/02/2006,16.675,16.901,16.544,16.705,6877385
10/03/2006,16.391,16.865,16.311,16.624,10711958
10/04/2006,16.552,16.719,16.407,16.624,6862407
10/05/2006,16.461,16.65,16.38,16.475,6042624
10/06/2006,16.26,16.449,16.173,16.304,6132684
10/09/2006,16.235,16.352,15.753,15.841,11039390
10/10/2006,15.78,15.78,15.146,15.284,23739789
10/11/2006,15.262,15.524,15.189,15.255,12806886
10/12/2006,15.575,15.575,15.088,15.248,9178151
10/13/2006,15.24,15.787,15.138,15.765,10426084
10/16/2006,15.823,16.209,15.808,16.013,7788438
10/17/2006,16.027,16.027,15.699,15.94,5572731
10/18/2006,16.002,16.097,15.455,15.666,4332932
10/19/2006,15.554,15.823,15.415,15.772,5632775
10/20/2006,15.684,16.086,15.684,16.064,10198824
10/23/2006,16.06,16.074,15.324,15.63,10257498
10/24/2006,15.74,15.754,15.331,15.375,11232360
10/25/2006,15.597,16.581,15.59,16.333,20662948
10/26/2006,16.344,16.752,16.322,16.716,8063536
10/27/2006,16.497,16.541,15.994,16.155,9265589
10/30/2006,16.135,16.574,15.968,16.522,7765932
10/31/2006,16.515,16.712,16.369,16.435,4752260
11/01/2006,16.611,16.647,16.098,16.289,12392460
11/02/2006,16.391,16.428,16.164,16.318,5985031
11/03/2006,16.709,16.775,16.461,16.673,10471263
11/06/2006,16.673,16.987,16.541,16.9,8971415
11/07/2006,16.757,16.933,16.574,16.662,11046623
11/08/2006,16.597,16.948,16.312,16.91,11359998
11/09/2006,17.068,17.558,16.929,17.302,12666426
11/10/2006,17.134,17.397,16.995,17.148,6236167
11/13/2006,17.02,17.379,16.837,16.933,5831764
11/14/2006,16.9,17.412,16.753,17.397,9193022
11/15/2006,17.269,18.169,17.233,18.096,13105004
11/16/2006,18.246,18.67,18.202,18.539,16470946
11/17/2006,18.539,18.553,18.341,18.553,7653372
11/20/2006,18.406,19.057,18.26,18.898,8860309
11/21/2006,18.605,19.036,18.583,18.787,7147902
11/22/2006,18.714,19.307,18.685,19.249,7056726
11/24/2006,19.267,19.538,19.164,19.53,2609795
11/27/2006,19.534,19.534,18.356,18.641,10400413
11/28/2006,18.488,19.022,18.451,18.905,8383410
11/29/2006,19.011,19.025,18.703,18.777,8588116
11/30/2006,18.689,19.033,18.506,18.857,8451056
12/01/2006,18.868,19.007,18.641,18.875,5840370
12/04/2006,18.981,19.091,18.769,19.047,4817184
12/05/2006,19.047,19.318,18.894,19.201,4581418
12/06/2006,19.186,19.676,19.084,19.318,8142993
12/07/2006,19.296,19.53,19.245,19.289,5370320
12/08/2006,19.314,19.49,19.146,19.322,6298473
12/11/2006,19.216,19.34,19.099,19.15,4518117
12/12/2006,19.036,19.293,18.648,18.846,8622073
12/13/2006,18.952,19.208,18.725,19.099,5407348
12/14/2006,19.04,19.399,18.959,19.274,6829982
12/15/2006,19.398,19.626,19.267,19.538,7431236
12/18/2006,19.541,19.746,19.461,19.534,4372161
12/19/2006,19.464,19.625,19.018,19.625,5856293
12/20/2006,19.625,19.955,19.567,19.684,8993172
12/21/2006,19.585,19.79,19.139,19.278,5414533
12/22/2006,19.212,19.519,19.124,19.417,3725473
12/26/2006,19.402,19.783,19.402,19.644,2699904
12/27/2006,19.68,19.914,19.592,19.636,4190031
12/28/2006,19.57,19.673,19.351,19.373,5306541
12/29/2006,19.384,19.53,19.369,19.42,2985870
01/03/2007,18.85,19.186,18.813,19.069,7422272
01/04/2007,18.883,19.365,18.744,19.329,6344389
01/05/2007,19.157,19.194,18.799,19.047,8254840
01/08/2007,19.058,19.088,18.802,18.919,7563761
01/09/2007,19.011,19.72,18.952,19.523,11896249
01/10/2007,19.508,19.947,19.384,19.633,11465862
01/11/2007,19.464,19.991,19.442,19.618,7433476
01/12/2007,19.574,19.706,19.486,19.625,5701458
01/16/2007,19.582,19.867,19.552,19.72,7458024
01/17/2007,19.823,20.14,19.698,20.07,7559524
01/18/2007,19.768,19.775,19.168,19.234,10978561
01/19/2007,19.029,19.329,18.912,18.985,7941336
01/22/2007,19.069,19.464,18.813,19.377,7336044
01/23/2007,19.395,19.6,19.014,19.146,10498793
01/24/2007,20.08,20.86,20,20.73,19716527
01/25/2007,20.76,20.86,20.15,20.28,8407727
01/26/2007,19.801,20.2,19.75,20.02,10252864
01/29/2007,20.34,20.34,19.889,20.09,6440910
01/30/2007,20.27,20.34,20.06,20.19,4395496
01/31/2007,19.847,19.987,19.737,19.891,6212467
02/01/2007,19.917,20.05,19.579,19.638,6620188
02/02/2007,19.557,19.741,19.205,19.337,10141269
02/05/2007,19.238,19.642,19.098,19.37,6732934
02/06/2007,19.168,19.278,18.896,19.153,5113113
02/07/2007,19.223,19.429,19.12,19.304,6148749
02/08/2007,19.282,19.428,19.165,19.37,3216123
02/09/2007,19.333,19.605,19.12,19.142,4457248
02/12/2007,19.076,19.289,18.966,19.098,2271898
02/13/2007,19.19,19.256,18.889,19.124,5162537
02/14/2007,18.904,19.645,18.823,19.535,7011718
02/15/2007,19.609,19.697,19.454,19.564,3440484
02/16/2007,19.418,19.69,19.418,19.535,7677369
02/20/2007,19.348,19.781,19.025,19.708,5487106
02/21/2007,19.612,19.935,19.531,19.855,6340566
02/22/2007,20.15,20.39,19.954,20.24,11555737
02/23/2007,20.27,20.67,20.14,20.56,8004779
02/26/2007,20.53,20.78,20.45,20.72,6642355
02/27/2007,20.21,20.39,19.396,19.542,5576709
02/28/2007,19.73,19.957,19.275,19.766,7649384
03/01/2007,19.241,19.542,18.948,19.41,6738899
03/02/2007,19.422,19.422,18.026,18.084,14480226
03/05/2007,18.147,18.551,18.088,18.118,12521009
03/06/2007,18.404,18.544,18.03,18.206,9234286
03/07/2007,18.18,18.437,17.997,18.143,6859599
03/08/2007,18.364,18.459,17.769,17.835,8224924
03/09/2007,17.978,17.993,17.552,17.817,11600575
03/12/2007,17.714,18.132,17.619,18.066,4351747
03/13/2007,17.831,17.986,17.53,17.64,5188137
03/14/2007,17.537,17.897,17.427,17.853,6055051
03/15/2007,17.964,18.345,17.912,18.066,8017259
03/16/2007,18.154,18.154,17.736,17.949,3944737
03/19/2007,18.096,18.155,17.743,17.963,4551946
03/20/2007,18.088,18.154,17.912,18.074,7466429
03/21/2007,18.166,18.606,18.063,18.547,4627678
03/22/2007,17.997,18.621,17.923,18.437,4131459
03/23/2007,18.386,18.731,18.29,18.378,6663434
03/26/2007,18.39,18.39,17.927,18.184,5695118
03/27/2007,18.213,18.324,17.897,17.985,4804896
03/28/2007,17.89,17.905,17.361,17.471,7662634
03/29/2007,17.618,17.663,16.987,17.192,9734531
03/30/2007,17.086,17.13,16.858,17.101,9688281
04/02/2007,17.079,17.13,16.586,16.836,7367859
04/03/2007,16.866,17.13,16.755,17.057,6701133
04/04/2007,16.99,17.035,16.719,16.785,7161497
04/05/2007,16.748,17.189,16.586,17.086,7060942
04/09/2007,17.09,17.236,16.928,17.229,4293951
04/10/2007,16.161,16.168,15.624,16.153,46858261
04/11/2007,16.186,16.216,15.716,15.79,15738306
04/12/2007,15.786,16.072,15.749,15.97,8800788
04/13/2007,16.146,16.175,15.867,16.168,10654726
04/16/2007,16.285,16.586,16.249,16.557,10559428
04/17/2007,16.623,16.711,16.146,16.293,20371769
04/18/2007,15.331,15.69,14.817,15.661,41918882
04/19/2007,15.602,16.043,15.492,15.668,12868043
04/20/2007,15.823,15.874,15.426,15.859,16093680
04/23/2007,15.837,16.05,15.793,15.823,7014645
04/24/2007,15.849,16.26,15.819,16.23,9662335
04/25/2007,16.161,16.374,16.139,16.205,5510697
04/26/2007,16.135,16.671,15.87,16.488,13477628
04/27/2007,16.476,16.476,16.117,16.241,9267759
04/30/2007,16.201,16.509,16.135,16.267,5944581
05/01/2007,16.19,16.212,15.859,15.859,8701734
05/02/2007,15.885,16.003,15.797,15.966,8425117
05/03/2007,16.099,16.424,16.084,16.358,7394406
05/04/2007,16.402,16.527,16.195,16.284,5085059
05/07/2007,16.284,16.579,16.092,16.483,9690001
05/08/2007,16.476,16.704,16.321,16.608,5410773
05/09/2007,16.531,16.531,16.236,16.435,4670313
05/10/2007,16.361,16.391,15.918,15.992,4880420
05/11/2007,16.048,16.335,16.033,16.313,3857456
05/14/2007,16.132,16.236,15.941,16.022,3596888
05/15/2007,16.062,16.202,15.789,15.819,4724895
05/16/2007,16.007,16.007,15.631,15.705,6380831
05/17/2007,15.867,16.007,15.225,15.284,11621449
05/18/2007,15.317,15.45,15.192,15.398,9446653
05/21/2007,15.384,15.472,15.339,15.384,6982236
05/22/2007,15.391,15.797,15.369,15.752,10392526
05/23/2007,15.989,15.989,15.568,15.605,11088036
05/24/2007,15.435,15.605,15.133,15.265,15636756
05/25/2007,15.214,15.347,14.956,14.978,13201608
05/29/2007,14.985,15.361,14.985,15.317,6614228
05/30/2007,15.317,15.369,15.125,15.265,13309883
05/31/2007,15.177,15.243,15.059,15.177,10883883
06/01/2007,15.358,15.454,15.269,15.284,9322332
06/04/2007,15.31,15.465,15.251,15.295,8730020
06/05/2007,15.258,15.288,15.044,15.052,10444420
06/06/2007,14.952,15.232,14.841,15.173,9827921
06/07/2007,15.111,15.361,14.985,15.037,7726740
06/08/2007,15.048,15.432,15.026,15.417,7308070
06/11/2007,15.509,15.649,15.339,15.376,6360900
06/12/2007,15.313,15.616,15.247,15.365,14491275
06/13/2007,15.498,15.498,15.048,15.277,8838899
06/14/2007,15.336,15.49,15.269,15.328,5632417
06/15/2007,15.347,15.671,15.332,15.479,7477291
06/18/2007,15.468,15.69,15.38,15.505,6524968
06/19/2007,15.498,16.059,15.498,15.97,7425812
06/20/2007,16.018,16.018,15.745,15.775,6203278
06/21/2007,15.738,16.416,15.679,16.402,8688634
06/22/2007,16.221,16.509,15.918,16.369,35811524
06/25/2007,16.335,16.394,15.974,16.099,6623402
06/26/2007,16.158,16.306,16.033,16.232,4553642
06/27/2007,16.018,16.49,15.952,16.453,5284969
06/28/2007,16.394,16.461,15.863,15.9,10158891
06/29/2007,16.073,16.287,15.941,16.059,10014118
