06/12/2001,43.7085,45.1655,42.384,43.9734,10316400
06/13/2001,43.841,44.2383,43.7085,43.841,2008000
06/14/2001,43.7085,43.7085,42.384,42.9138,1327400
06/15/2001,42.7814,43.5761,42.384,43.5761,1014100
06/18/2001,45.033,46.0926,43.841,45.139,949400
06/19/2001,45.033,45.9602,44.3708,45.9602,616700
06/20/2001,46.0926,49.0065,46.0926,47.1522,466700
06/21/2001,47.1522,47.682,47.0198,47.1522,209600
06/22/2001,47.0992,47.0992,45.9602,46.3045,291000
06/25/2001,45.6953,47.682,43.7085,46.7549,377700
06/26/2001,46.5694,46.5694,44.98,45.033,289700
06/27/2001,45.033,46.2251,44.3708,45.8277,254700
06/28/2001,46.3575,47.2847,46.0926,46.3575,271700
06/29/2001,46.3575,47.5496,45.6953,47.0198,590400
07/02/2001,47.0198,47.1522,45.6953,46.3575,122700
07/03/2001,46.7549,46.7549,45.6953,46.0926,144100
07/05/2001,46.3575,47.2582,46.0926,47.0727,198300
07/06/2001,47.0462,47.2847,46.7549,46.9668,160500
07/09/2001,46.6224,46.6224,45.033,45.2979,310800
07/10/2001,45.4304,45.5893,44.3708,44.7681,394600
07/11/2001,45.1655,47.0198,44.6621,45.6953,402600
07/12/2001,45.6953,46.3575,44.6357,44.6886,527100
07/13/2001,44.6621,45.6953,44.6621,45.6953,297400
07/16/2001,45.8277,46.0396,45.6953,45.9602,129400
07/17/2001,45.9602,46.3575,44.7681,45.9602,172100
07/18/2001,45.8277,45.8277,45.033,45.4304,213400
07/19/2001,45.033,45.2979,44.5032,45.033,339800
07/20/2001,44.9006,45.033,44.6886,44.9006,102700
07/23/2001,44.9006,44.9006,44.6357,44.9006,158900
07/24/2001,44.9006,44.9006,43.1787,43.4436,586600
07/25/2001,43.1787,43.1787,41.0595,43.0463,984800
07/26/2001,43.0463,43.9734,43.0463,43.6025,254800
07/27/2001,43.7085,45.5628,43.7085,45.5628,314900
07/30/2001,45.1655,46.331,45.033,45.033,241600
07/31/2001,46.3575,47.0198,44.7681,45.6953,708000
08/01/2001,45.9602,46.3575,45.7482,45.7482,369700
08/02/2001,45.7482,45.8277,44.1059,44.3708,405600
08/03/2001,44.3708,47.0198,44.3708,46.7549,469100
08/06/2001,47.0198,47.682,46.7813,47.682,123300
08/07/2001,47.4171,47.8145,46.3575,46.3575,344400
08/08/2001,46.6224,46.6224,45.5628,46.49,178400
08/09/2001,46.3575,46.49,45.6953,46.1191,155300
08/10/2001,46.1191,46.8873,46.1191,46.8873,68200
08/13/2001,46.6224,48.3443,46.49,47.4436,92700
08/14/2001,47.2847,49.0065,47.2847,48.0794,190800
08/15/2001,48.4767,48.4767,47.682,48.3443,162700
08/16/2001,48.3443,48.9005,48.1058,48.7681,182200
08/17/2001,48.7416,49.7217,48.7416,49.2714,24500
08/20/2001,49.6688,51.6555,49.6688,51.6555,463400
08/21/2001,50.9933,51.2582,50.331,50.4635,286300
08/22/2001,50.8608,53.5098,50.8608,52.8476,477600
08/23/2001,52.98,52.98,52.1853,52.1853,117600
08/24/2001,51.5231,51.5231,50.5959,50.8608,408800
08/27/2001,50.9933,51.1257,50.0661,50.331,157700
08/28/2001,50.331,50.4635,49.7217,50.331,264700
08/29/2001,50.331,50.5959,49.6688,50.331,336600
08/30/2001,50.4635,50.5959,49.6688,49.7217,82700
08/31/2001,49.8012,50.1986,49.8012,49.8277,41700
09/04/2001,49.6688,49.7747,48.7416,49.4039,129300
09/05/2001,49.2714,49.2714,48.6092,48.6092,147200
09/06/2001,48.3707,48.4237,47.576,47.576,18300
09/07/2001,47.1522,47.9999,46.8873,47.0462,102600
09/10/2001,47.1522,47.1522,46.384,46.6224,197200
09/14/2001,47.15,47.15,46.41,47.02,17300
09/17/2001,45.9602,54.3045,45.9602,50.9933,1923400
09/18/2001,51.6555,52.1853,51.6555,51.9204,846300
09/19/2001,52.1853,53.6423,51.6555,53.6423,589400
09/20/2001,53.9072,59.6025,53.9072,56.6886,1083700
09/21/2001,56.9535,58.278,54.437,55.0992,815100
09/24/2001,55.629,56.1588,55.0992,55.629,443800
09/25/2001,56.1588,56.9535,55.3641,55.7615,320400
09/26/2001,56.6886,59.3111,56.5562,58.9138,914000
09/27/2001,61.5893,65.1389,60.6621,63.4436,979000
09/28/2001,63.8409,64.6091,61.6157,61.9601,373800
10/01/2001,60.927,61.8542,60.2118,61.1389,272300
10/02/2001,59.6025,61.1919,58.8343,60.1323,369400
10/03/2001,60.6621,63.4436,60.6621,61.4833,850000
10/04/2001,61.7217,62.2515,60.1323,61.1654,394400
10/05/2001,61.1919,62.2515,60.5561,62.1191,347800
10/08/2001,62.1455,62.1455,60.6621,61.2449,120700
10/09/2001,61.2714,61.7217,60.927,60.927,213200
10/10/2001,61.1919,63.2846,61.1919,62.4104,562000
10/11/2001,63.0462,63.5495,62.1191,62.225,146400
10/12/2001,61.9866,62.5164,60.1323,61.9866,216300
10/15/2001,61.3244,61.3508,59.3641,60.3972,108300
10/16/2001,60.4237,63.576,58.9932,59.4701,134200
10/17/2001,58.278,59.6025,58.278,59.576,188800
10/18/2001,59.0992,61.4568,58.8078,61.3508,268300
10/19/2001,61.3508,62.4899,61.1919,61.7217,126500
10/22/2001,62.384,67.0462,62.384,65.6952,293000
10/23/2001,66.7548,66.7548,65.4303,65.5628,215800
10/24/2001,65.5628,65.5628,62.7813,63.0727,345700
10/25/2001,63.0992,64.2118,62.0396,64.2118,385700
10/26/2001,65.1654,66.4899,64.2383,66.278,375200
10/29/2001,67.5495,69.6422,65.5628,66.225,332600
10/30/2001,62.9138,62.9138,60.2648,61.5628,534700
10/31/2001,61.9866,62.2515,60.927,61.6952,718000
11/01/2001,61.7217,61.7217,60.9535,61.7217,129900
11/02/2001,62.2515,63.682,61.6157,63.576,313700
11/05/2001,63.8409,65.7482,63.7085,64.9005,185800
11/06/2001,64.9005,66.172,64.3707,65.9336,132900
11/07/2001,66.225,68.0793,64.98,66.2515,715700
11/08/2001,66.4899,66.4899,63.3111,65.2449,716400
11/09/2001,63.576,63.576,60.7946,60.927,7972500
11/12/2001,61.0595,61.3244,58.1191,61.3244,1720700
11/13/2001,61.5893,63.0992,60.9535,62.2515,1707500
11/14/2001,62.5164,62.9138,60.98,61.0859,427400
11/15/2001,61.1919,61.9866,60.6621,60.927,370700
11/16/2001,60.927,61.2979,59.6025,59.9999,491200
11/19/2001,60.2648,60.7946,57.7482,58.8078,518500
11/20/2001,58.8078,59.6025,58.8078,58.8078,710800
11/21/2001,58.8078,60.1323,58.8078,59.2052,541500
11/23/2001,59.6025,61.8012,59.3376,61.5628,147300
11/26/2001,62.1191,62.225,60.7946,61.9866,475200
11/27/2001,61.9866,63.1787,61.9866,62.7813,351600
11/28/2001,62.7813,62.7813,61.1919,61.7747,209600
11/29/2001,61.5628,63.2316,61.5628,63.2051,283500
11/30/2001,63.3111,63.3111,62.384,62.7283,280100
12/03/2001,62.2515,63.1522,60.5826,62.384,118600
12/04/2001,62.5164,63.3111,62.1191,62.8873,274200
12/05/2001,63.523,63.7085,62.278,62.4369,537300
12/06/2001,62.4104,63.1787,61.5893,63.0462,322300
12/07/2001,63.576,63.576,61.8542,62.1191,676300
12/10/2001,61.0595,62.0926,60.7946,61.1919,304900
12/11/2001,60.927,63.1522,60.6886,61.8542,750900
12/12/2001,61.8542,62.2515,61.1919,61.7217,761000
12/13/2001,61.4833,62.3575,61.1919,61.9601,291000
12/14/2001,61.9601,62.8873,61.2184,61.5893,632200
12/17/2001,61.0595,61.8542,59.8674,61.1919,698300
12/18/2001,60.6621,61.4568,60.6621,61.0595,239800
12/19/2001,60.98,62.384,60.9535,62.1985,964900
12/20/2001,61.9866,62.8608,61.8542,62.3575,318600
12/21/2001,62.2515,62.4899,60.6621,61.0595,309500
12/24/2001,60.3972,61.7217,60.3972,61.1654,99700
12/26/2001,60.6621,61.3773,60.2648,60.927,281400
12/27/2001,61.1919,61.4303,60.3972,61.3244,423100
12/28/2001,60.927,62.225,60.927,61.9866,437500
12/31/2001,62.1191,62.5164,61.8806,62.384,710500
01/02/2002,62.384,62.6489,61.7217,62.2515,405700
01/03/2002,62.2515,64.6091,62.2515,63.0462,1435200
01/04/2002,63.0462,63.8409,62.8608,62.9138,334500
01/07/2002,62.2515,63.0462,61.0595,61.3244,590000
01/08/2002,60.927,60.927,56.9535,57.4833,1751800
01/09/2002,57.6158,59.8674,57.5098,58.9667,2014300
01/10/2002,59.3376,62.4104,59.3376,61.0595,2012900
01/11/2002,61.7217,62.7813,61.7217,62.7813,587000
01/14/2002,62.7018,64.1058,62.7018,63.3641,664200
01/15/2002,63.2846,64.0528,62.9138,64.0528,729100
01/16/2002,63.8409,64.1058,63.576,63.9734,468900
01/17/2002,64.6091,64.6091,63.576,63.6025,705200
01/18/2002,63.6025,63.9469,63.3641,63.576,369900
01/22/2002,63.5495,63.8144,62.7813,63.8144,1214100
01/23/2002,63.4436,64.4767,63.4436,63.9734,630300
01/24/2002,63.7085,64.2383,63.1787,64.1853,631600
01/25/2002,64.3442,66.2515,63.7614,65.6952,600800
01/28/2002,66.3575,66.5959,65.033,65.4833,457400
01/29/2002,65.1919,66.225,65.1919,65.1919,268800
01/30/2002,66.172,67.9204,64.9005,67.9204,577600
01/31/2002,67.47,71.523,67.47,70.9402,1383200
02/01/2002,71.7879,73.2184,70.7548,72.6621,972500
02/04/2002,72.4502,73.8011,71.7879,72.4766,501700
02/05/2002,72.4766,74.119,72.4502,74.119,1010400
02/06/2002,74.0396,74.0396,72.8475,73.0594,822100
02/07/2002,73.5098,73.5098,71.576,71.6555,430700
02/08/2002,71.9204,73.0859,71.7879,73.0859,473100
02/11/2002,73.1124,73.5892,72.6091,72.98,219000
02/12/2002,73.1124,75.0992,72.98,73.5098,1318900
02/13/2002,73.7747,74.0396,72.4502,73.9071,391000
02/14/2002,73.9071,75.2316,73.9071,75.2316,706500
02/15/2002,75.4965,75.7084,73.1124,73.2184,180200
02/19/2002,73.1124,73.6422,71.523,71.7879,648200
02/20/2002,72.3177,72.3177,69.9601,71.523,279800
02/21/2002,71.2581,72.1323,70.1455,71.8409,199600
02/22/2002,71.7879,71.8144,70.331,70.4634,283700
02/25/2002,71.3906,71.4965,70.1985,71.3641,745300
02/26/2002,71.523,71.523,70.331,70.331,247200
02/27/2002,70.8608,71.4965,70.6753,70.7018,273500
02/28/2002,70.9932,72.8475,70.9932,71.4965,337700
03/01/2002,71.523,71.523,70.1985,71.2581,191400
03/04/2002,70.5959,72.0528,70.5959,71.1257,228300
03/05/2002,71.3906,71.6555,70.225,70.9932,361200
03/06/2002,70.9932,71.2581,67.0197,69.6422,963700
03/07/2002,70.0661,70.1985,67.1786,67.9733,466700
03/08/2002,67.576,68.7416,67.576,67.9733,374100
03/11/2002,67.9733,67.9733,66.3575,66.8873,311400
03/12/2002,66.7548,69.1389,66.6488,68.6356,308800
03/13/2002,68.4767,68.5561,67.682,67.9469,158200
03/14/2002,68.0793,68.5561,68.0793,68.2118,35700
03/15/2002,68.0793,68.0793,66.8873,66.8873,213000
03/18/2002,67.2581,67.3906,65.7217,65.9601,586700
03/19/2002,66.0926,66.6488,65.8277,66.5694,388400
03/20/2002,66.9932,67.0197,66.119,66.119,348900
03/21/2002,66.225,68.5561,66.1455,67.9469,600900
03/22/2002,68.2382,68.2382,66.9932,67.4965,106500
03/25/2002,67.7879,67.7879,65.9866,66.4899,255400
03/26/2002,65.2714,65.9336,64.1058,65.7217,1544700
03/27/2002,65.7217,65.7217,65.1919,65.4303,1415800
03/28/2002,65.2979,65.5628,65.2979,65.4303,450300
04/01/2002,65.4038,65.4303,65.1654,65.2979,152200
04/02/2002,65.2979,67.4171,65.2979,67.0197,764300
04/03/2002,67.1522,67.2051,66.225,66.4899,314400
04/04/2002,66.3575,69.0859,66.3575,68.7945,1785700
04/05/2002,68.874,70.1985,68.874,69.9336,861100
04/08/2002,70.1455,70.172,68.6356,69.3243,274700
04/09/2002,69.5363,72.874,69.4303,72.6091,960000
04/10/2002,72.6091,73.5098,71.3641,73.5098,585100
04/11/2002,73.3773,73.6422,73.3243,73.3773,543100
04/12/2002,73.9071,74.172,73.1124,74.1455,841200
04/15/2002,74.172,75.3641,73.9071,74.0396,471900
04/16/2002,74.172,74.3045,73.9071,74.172,460800
04/17/2002,74.172,75.4965,74.172,75.4965,667100
04/18/2002,75.3641,76.5561,74.7548,75.1256,437200
04/19/2002,75.0992,75.7614,74.8078,74.8343,446800
04/22/2002,74.3045,74.7018,72.874,72.874,308000
04/23/2002,73.2449,74.0131,72.8475,72.874,966300
04/24/2002,72.874,72.874,71.4435,71.6555,467700
04/25/2002,70.9932,72.3177,70.1985,70.3045,459200
04/26/2002,70.4634,72.5826,70.1985,72.1853,340100
04/29/2002,72.8475,73.1389,71.3906,71.629,296600
04/30/2002,73.6422,79.3111,72.874,77.4833,2409300
05/01/2002,77.6157,78.5429,76.2647,77.7482,1062500
05/02/2002,78.0925,81.7217,77.6157,80.7945,633200
05/03/2002,80.715,83.6819,79.47,79.47,832900
05/06/2002,79.8409,82.119,79.47,80.7945,244200
05/07/2002,80.1323,80.1587,73.1124,74.7018,1671400
05/08/2002,74.4369,75.4965,73.6687,74.119,533600
05/09/2002,74.0396,74.6753,73.3773,73.8011,270400
05/10/2002,73.7747,75.2316,73.7482,75.2316,485300
05/13/2002,74.5694,76.2912,73.0064,75.2316,454800
05/14/2002,75.7614,79.0462,75.0197,77.8276,1022200
05/15/2002,77.4833,78.4104,75.6554,76.1852,1167900
05/16/2002,75.9998,82.4369,75.9998,82.119,8635200
05/17/2002,81.8541,82.3574,79.47,81.9866,1166800
05/20/2002,81.7746,81.8011,80.6621,80.9534,297700
05/21/2002,80.7945,80.927,79.47,79.8674,467800
05/22/2002,79.7614,80.2647,79.0727,79.8409,563200
05/23/2002,79.9998,81.0594,79.6025,80.927,424200
05/24/2002,80.6621,82.6488,80.1323,82.119,409100
05/28/2002,82.3839,86.066,81.4568,85.5097,741400
05/29/2002,85.2978,86.3574,83.9733,85.6952,508800
05/30/2002,84.768,85.2978,82.172,82.7018,584800
05/31/2002,83.3111,87.417,82.4369,86.172,557000
06/03/2002,86.172,86.172,84.5031,85.1918,407700
06/04/2002,85.1918,85.1918,82.7813,83.0726,419300
06/05/2002,83.3375,83.7084,83.0462,83.576,333100
06/06/2002,84.2382,85.1654,83.3111,84.2382,636000
06/07/2002,81.1919,87.2846,80.7945,86.7812,421800
06/10/2002,86.7283,87.6819,85.8276,85.9601,191100
06/11/2002,86.225,87.9468,86.225,87.417,975400
06/12/2002,87.2846,90.119,86.8872,89.6951,849700
06/13/2002,89.5362,90.066,83.4435,84.2912,664300
06/14/2002,84.2912,84.9799,79.9998,84.7945,867000
06/17/2002,84.768,85.2978,83.4435,83.8409,841300
06/18/2002,83.7614,84.9005,83.7084,84.9005,458600
06/19/2002,84.5031,87.0197,83.8673,87.0197,502000
06/20/2002,86.8872,88.4766,86.7283,87.7349,873100
06/21/2002,87.1521,87.8144,86.6223,87.7879,333000
06/24/2002,87.6024,87.6024,84.3707,87.2846,383600
06/25/2002,87.2316,87.417,86.0925,86.9402,292000
06/26/2002,84.5561,85.2978,83.9733,85.1389,779300
06/27/2002,84.768,89.1389,84.3442,88.4766,584200
06/28/2002,87.417,87.523,86.4899,87.1786,554900
07/01/2002,87.417,87.417,84.1058,84.1058,256900
07/02/2002,83.4435,84.1058,80.1587,81.1919,1045000
07/03/2002,81.4568,82.4899,80.4766,80.5296,943400
07/05/2002,80.5296,81.7746,80.3972,81.6157,229200
07/08/2002,81.4568,82.6488,81.1919,81.8541,92800
07/09/2002,81.8541,82.1455,80.7945,81.0329,367000
07/10/2002,80.927,81.5892,78.9402,78.9402,844300
07/11/2002,78.4104,79.3376,75.8939,78.4104,828100
07/12/2002,78.4369,79.47,76.5296,76.821,658600
07/15/2002,77.2184,77.2184,73.2449,74.278,417900
07/16/2002,74.172,76.821,73.1389,74.5429,412500
07/17/2002,75.2051,77.0859,73.2713,74.8607,490500
07/18/2002,74.8607,75.4435,72.8475,73.2713,714800
07/19/2002,73.2713,75.2051,71.2846,71.4965,615000
07/22/2002,71.4965,71.9204,65.6952,66.7548,717800
07/23/2002,66.7548,71.6555,66.7548,69.9601,1070400
07/24/2002,67.8144,72.8475,67.576,72.7151,1113300
07/25/2002,72.5826,75.2051,71.7879,72.7151,797800
07/26/2002,72.8475,78.0131,72.8475,76.9535,1225100
07/29/2002,78.8078,80.6621,78.7813,79.9998,1233600
07/30/2002,82.6488,86.3309,80.821,86.013,1436000
07/31/2002,84.768,85.5097,83.3111,83.8144,1624600
08/01/2002,83.7084,83.7084,78.9402,79.417,533800
08/02/2002,78.278,78.5429,76.4237,76.821,537600
08/05/2002,76.1588,76.3177,73.5362,75.0992,1442600
08/06/2002,76.9535,79.47,76.9535,77.4833,413200
08/07/2002,77.6157,78.5429,74.4634,75.7879,714900
08/08/2002,76.1852,83.576,76.0263,82.5428,814900
08/09/2002,82.5428,84.9799,80.7945,84.8475,530400
08/12/2002,84.768,86.013,83.9733,85.4567,406800
08/13/2002,85.4567,86.9932,85.2978,85.5362,381000
08/14/2002,85.4303,85.8276,83.8409,85.1654,645500
08/15/2002,85.0329,87.417,84.6356,86.3044,522300
08/16/2002,86.066,86.066,83.9733,84.5031,403900
08/19/2002,84.4766,84.5031,81.8011,81.8276,443100
08/20/2002,81.8276,83.9733,80.6621,80.7945,566300
08/21/2002,81.0594,81.0594,79.523,80.6091,1088100
08/22/2002,81.0594,81.4038,79.47,80.9005,273400
08/23/2002,80.7945,81.1124,79.8409,80.2647,278000
08/26/2002,80.3177,80.3177,78.8342,79.7349,916800
08/27/2002,79.4965,79.9998,77.7482,79.1521,322200
08/28/2002,79.1521,79.523,78.4104,78.9667,1107500
08/29/2002,78.8078,82.6488,77.7482,82.4369,444400
08/30/2002,82.119,84.662,81.5892,83.417,396000
09/03/2002,83.417,83.417,79.7349,80.1323,230000
09/04/2002,80.1323,82.5164,79.9998,82.5164,634100
09/05/2002,81.9866,82.7813,80.2647,82.172,613800
09/06/2002,83.4965,86.3839,83.1786,86.0925,541800
09/09/2002,85.8806,87.8673,85.2183,87.417,569400
09/10/2002,87.417,87.6024,86.5428,86.8872,423200
09/11/2002,87.1521,87.3375,85.8276,86.2514,350400
09/12/2002,86.0925,86.0925,84.768,84.9534,1018500
09/13/2002,84.874,86.6223,83.8409,85.0329,392600
09/16/2002,85.4303,85.8276,84.4236,85.8276,460900
09/17/2002,85.1654,85.4303,83.7084,83.9733,382700
09/18/2002,82.9137,83.6024,82.225,82.9667,506800
09/19/2002,82.9402,83.9468,81.6157,82.4899,1452400
09/20/2002,82.6488,83.6819,81.9601,83.3905,430900
09/23/2002,83.1786,83.576,82.119,83.4435,280100
09/24/2002,82.9667,84.3707,81.3773,81.4568,231500
09/25/2002,81.9071,83.9733,81.9071,83.4965,449400
09/26/2002,83.6289,87.417,83.6289,87.1521,334000
09/27/2002,87.1521,87.5495,85.8276,87.4965,559200
09/30/2002,87.2846,89.6687,86.0925,88.715,542300
10/01/2002,88.7415,91.2581,87.311,91.2581,868400
10/02/2002,90.7283,90.7283,88.3971,89.5627,806900
10/03/2002,89.3773,91.2581,89.3773,91.0196,592500
10/04/2002,91.0461,91.0461,85.6422,87.1786,681300
10/07/2002,87.0991,87.417,85.2978,85.4038,541400
10/08/2002,85.6687,87.6819,85.0594,87.1256,417200
10/09/2002,86.7548,86.7812,84.7945,84.9005,366200
10/10/2002,85.1654,89.96,85.1654,89.7481,485400
10/11/2002,89.9336,92.715,89.5627,92.4501,1034900
10/14/2002,90.7283,95.364,90.6223,94.7018,954600
10/15/2002,96.0263,98.3839,92.662,92.9799,976800
10/16/2002,91.2581,92.2117,90.1985,91.6289,412600
10/17/2002,92.715,93.7746,90.5958,90.6223,451700
10/18/2002,90.5428,92.1852,90.1985,90.6223,336200
10/21/2002,90.4634,90.7283,90.066,90.6488,471800
10/22/2002,90.2779,90.7283,89.1124,90.5428,315000
10/23/2002,90.066,90.5958,89.4038,90.066,238700
10/24/2002,90.3309,91.364,89.2978,89.7481,540200
10/25/2002,89.9336,89.9336,86.3309,86.8607,1080700
10/28/2002,87.9468,89.1389,86.6223,87.364,468200
10/29/2002,87.364,87.364,74.8343,80.927,6280700
10/30/2002,80.768,82.6488,78.9402,80.821,1659600
10/31/2002,81.0859,81.5892,79.4965,81.0594,716300
11/01/2002,80.8475,81.3243,79.4965,81.3243,305600
11/04/2002,82.3839,83.3905,80.4236,80.4501,769500
11/05/2002,80.4501,83.4435,76.9005,83.0462,1577100
11/06/2002,83.1786,83.8409,80.2647,83.1256,622200
11/07/2002,82.5958,83.0462,80.2647,80.6356,364500
11/08/2002,80.5296,81.0594,78.6753,79.576,472000
11/11/2002,79.3376,79.3376,78.1455,78.4899,272900
11/12/2002,78.6753,78.8872,78.1455,78.8342,324700
11/13/2002,78.6753,80.2647,78.1455,80.1323,798900
11/14/2002,80.5826,81.8541,79.9468,81.4568,407000
11/15/2002,81.4568,83.1786,81.1919,82.119,334500
11/18/2002,82.2515,84.5031,82.2515,83.5495,969700
11/19/2002,83.4435,84.768,82.6488,82.9137,480600
11/20/2002,82.3839,83.3111,81.1124,81.4832,431600
11/21/2002,81.5627,81.7217,77.7746,78.7283,948700
11/22/2002,78.4104,79.417,78.1455,79.0727,571500
11/25/2002,78.8078,78.8078,74.8343,75.1256,969700
11/26/2002,74.8607,74.8872,72.0528,73.6422,1635900
11/27/2002,73.2449,73.9071,72.3177,73.5098,1403500
11/29/2002,74.0396,74.119,72.8475,73.1389,213300
12/02/2002,73.7747,76.1852,73.7747,75.8144,693100
12/03/2002,75.417,77.7482,75.0992,77.6157,667900
12/04/2002,76.9535,77.0859,75.629,76.7415,409400
12/05/2002,76.821,79.3111,76.7945,78.5958,578500
12/06/2002,78.4104,81.7217,78.3574,80.9534,945100
12/09/2002,80.7945,80.9534,79.4965,80.3972,391900
12/10/2002,79.7349,82.119,79.7349,81.1919,242800
12/11/2002,81.1389,81.8806,79.47,81.8541,329900
12/12/2002,82.119,82.8077,81.5892,82.7813,521100
12/13/2002,82.3839,82.4104,80.3707,80.3707,406200
12/16/2002,79.9998,79.9998,77.7746,77.8806,853500
12/17/2002,77.2184,79.3376,77.0859,78.0131,560500
12/18/2002,77.9601,78.8872,76.6356,78.4634,223500
12/19/2002,78.4104,78.4104,75.2581,76.4237,425200
12/20/2002,76.6886,77.6157,75.629,77.1654,484200
12/23/2002,76.9535,77.1389,76.0263,76.4766,568400
12/24/2002,76.1588,76.821,76.1588,76.3177,68100
12/26/2002,76.3177,76.821,74.9667,75.523,425500
12/27/2002,75.4965,76.2912,75.2316,75.2316,219500
12/30/2002,75.1786,76.5296,74.8343,75.2581,341700
12/31/2002,74.9667,76.1852,74.5164,75.9468,377500
01/02/2003,76.0263,77.2978,75.6554,76.9535,615400
01/03/2003,76.768,76.768,76.1852,76.1852,191700
01/06/2003,76.3707,77.2978,75.8939,77.2184,888400
01/07/2003,77.2713,77.2713,76.3177,76.3177,793900
01/08/2003,76.3177,76.3177,74.5694,75.0727,551000
01/09/2003,75.0727,76.821,75.0727,76.5296,567200
01/10/2003,76.2912,76.2912,75.2316,75.3905,370500
01/13/2003,75.7614,76.1852,74.5694,74.8343,526100
01/14/2003,74.8343,74.8343,73.6422,74.5164,529300
01/15/2003,74.7018,74.7018,73.3773,73.9601,555200
01/16/2003,74.172,74.7548,71.2581,71.2581,1320600
01/17/2003,71.2581,72.3177,70.331,71.523,1063100
01/21/2003,72.0528,73.1654,70.0396,70.7283,805200
01/22/2003,70.7548,70.8608,68.3442,70.0661,1926100
01/23/2003,72.1853,73.9071,71.417,73.4303,1257200
01/24/2003,73.1654,73.1654,71.1257,71.6025,694500
01/27/2003,71.3906,71.9998,70.7548,71.1257,466500
01/28/2003,71.3906,72.1853,71.0727,71.2846,434100
01/29/2003,71.1257,71.7879,70.6753,71.7879,583200
01/30/2003,71.6555,72.1853,70.1985,70.4899,528300
01/31/2003,70.4104,70.7283,68.6356,69.0065,957600
02/03/2003,69.1389,69.1389,68.0793,68.874,813800
02/04/2003,68.8475,68.874,66.8873,67.682,1006600
02/05/2003,67.8409,69.1654,67.4171,69.1654,758400
02/06/2003,71.523,74.3045,71.3906,71.8674,4077500
02/07/2003,72.1853,73.5098,72.0528,72.3177,1360900
02/10/2003,72.0793,73.2449,71.7879,73.1124,1131200
02/11/2003,72.5826,72.98,70.1985,70.7283,849100
02/12/2003,70.331,70.331,67.9469,69.5363,680200
02/13/2003,69.5363,69.6157,67.3641,69.0859,693900
02/14/2003,68.9005,69.9601,67.9998,69.6687,805700
02/18/2003,70.1985,71.6555,69.4038,69.4038,653000
02/19/2003,69.4038,69.4038,68.4767,68.7416,386600
02/20/2003,68.768,68.874,67.4435,67.4965,266700
02/21/2003,67.2846,68.0793,65.6687,67.9469,1647200
02/24/2003,67.9469,68.6886,67.3641,68.4767,385700
02/25/2003,68.4502,68.5826,67.523,68.5031,651400
02/26/2003,68.2382,68.2912,67.5495,67.6025,187300
02/27/2003,68.0793,68.6091,67.7084,67.8674,267700
02/28/2003,67.5495,67.5495,66.3575,66.3575,623700
03/03/2003,66.7018,66.8078,64.3707,64.5826,801800
03/04/2003,63.576,64.7681,62.1985,64.1323,1612300
03/05/2003,64.2383,66.0926,64.2383,65.6952,924800
03/06/2003,65.5628,68.874,65.4303,67.8674,1455800
03/07/2003,67.5495,69.9336,67.0992,69.5363,1027600
03/10/2003,69.5363,69.5363,66.7548,66.9137,663100
03/11/2003,67.1786,67.7879,66.5694,67.0197,462400
03/12/2003,66.7548,66.8873,63.4436,65.0594,1006400
03/13/2003,65.6952,67.4171,65.1919,67.2581,821100
03/14/2003,67.1522,68.4237,66.7548,67.4435,1010600
03/17/2003,66.7813,68.4767,65.9601,67.682,961700
03/18/2003,68.0793,69.1124,67.8939,68.6886,564900
03/19/2003,68.7416,70.7813,68.7416,70.7813,616700
03/20/2003,70.7813,73.6422,69.8012,72.2912,1027300
03/21/2003,73.2449,75.4965,73.1654,75.4965,873700
03/24/2003,75.1786,75.1786,72.4502,73.0859,630300
03/25/2003,73.1124,73.9071,71.7879,73.5098,905300
03/26/2003,74.172,75.0197,74.0131,74.5694,507000
03/27/2003,74.225,74.9667,73.2713,74.6753,405600
03/28/2003,74.4369,75.2316,73.8806,75.2316,340200
03/31/2003,74.0396,74.172,73.1124,73.3773,378700
04/01/2003,74.5694,75.0727,72.5296,73.1124,587700
04/02/2003,74.0396,74.5694,73.5892,74.5694,783300
04/03/2003,74.7018,74.7813,72.98,73.3508,521700
04/04/2003,74.0131,75.0197,73.7747,74.5694,680200
04/07/2003,75.2316,77.0329,74.6488,74.6488,486700
04/08/2003,74.6488,76.7415,74.3045,76.2117,539900
04/09/2003,76.2382,77.4568,75.3905,75.417,417700
04/10/2003,75.417,76.3177,74.4369,76.2647,426300
04/11/2003,75.6025,75.6025,72.3707,74.6223,1329900
04/14/2003,74.6753,76.2912,74.6753,76.2912,512400
04/15/2003,76.821,78.6753,76.5296,78.5164,572100
04/16/2003,80.2647,80.927,79.1521,80.1058,1204100
04/17/2003,79.7349,79.7349,78.9402,79.47,400400
04/21/2003,79.8674,79.9468,79.0727,79.576,220700
04/22/2003,79.5495,82.5428,79.3376,82.4899,864500
04/23/2003,82.119,84.1058,82.119,83.8144,802500
04/24/2003,83.8144,85.0329,80.7945,81.3243,1397700
04/25/2003,81.0594,83.3111,80.9534,81.8806,1729600
04/28/2003,81.8541,82.2515,81.4832,81.5892,546700
04/29/2003,80.1587,81.7481,79.1521,81.2713,2001600
04/30/2003,80.7945,83.5495,80.7945,82.6223,2197300
05/01/2003,82.3839,83.4965,82.3839,82.8342,6730000
05/02/2003,82.6223,82.9137,81.1919,82.119,3217000
05/05/2003,82.119,82.7548,81.8541,82.066,1216500
05/06/2003,82.066,82.0925,80.4236,81.4568,1163500
05/07/2003,81.5892,81.5892,80.7945,81.4568,1157100
05/08/2003,81.0594,81.1919,80.5296,80.6621,523900
05/09/2003,80.9005,81.3508,80.4766,80.715,426300
05/12/2003,80.715,82.5693,80.6091,82.3839,831600
05/13/2003,82.3839,82.4899,81.6687,82.119,484300
05/14/2003,82.172,82.6223,81.5097,81.8541,489700
05/15/2003,81.8541,82.1455,80.9005,81.3773,678900
05/16/2003,81.3773,82.8077,80.7945,82.7813,675900
05/19/2003,82.6488,82.6488,81.7217,81.9336,801600
05/20/2003,82.119,82.3839,80.927,81.3243,262700
05/21/2003,81.1919,81.2713,80.7945,81.1654,364700
05/22/2003,81.5892,82.225,81.4303,82.1455,479900
05/23/2003,81.9866,82.4104,81.9866,82.3839,349600
05/27/2003,82.3839,83.4435,82.0925,82.5428,564300
05/28/2003,82.7813,84.1322,82.6753,84.1322,912100
05/29/2003,83.9733,84.9005,82.1985,82.9137,640700
05/30/2003,83.3905,83.7614,82.3839,83.7614,575000
06/02/2003,83.576,83.7084,82.119,83.6819,1034000
06/03/2003,83.7349,85.5892,83.7349,85.0329,942700
06/04/2003,85.1654,86.066,85.1654,85.6952,397400
06/05/2003,85.5627,86.1455,85.2978,85.9601,618900
06/06/2003,86.6223,87.523,86.6223,86.8342,736200
06/09/2003,86.4899,87.0991,83.7614,83.8144,690600
06/10/2003,84.0793,84.3971,82.9137,83.1786,620100
06/11/2003,83.4435,85.0329,83.2316,84.2382,438500
06/12/2003,83.0726,86.9932,83.0726,86.9932,540000
06/13/2003,86.6223,87.0991,85.3508,85.6157,416200
06/16/2003,85.6157,86.2514,84.5031,85.6157,490800
06/17/2003,85.9601,87.8144,85.8276,87.8144,529000
06/18/2003,87.8144,88.0793,86.8872,87.2316,441100
06/19/2003,87.8673,87.8673,85.0594,85.4303,752100
06/20/2003,85.1654,85.4303,84.2382,84.6356,1221600
06/23/2003,84.3707,84.4501,82.3309,82.3309,552300
06/24/2003,81.8541,83.0991,81.8541,82.3839,470100
06/25/2003,82.4899,82.6753,81.1124,81.1124,413000
06/26/2003,81.2978,81.4568,79.9998,80.5296,496900
06/27/2003,80.7945,81.3773,80.2647,80.5296,529700
06/30/2003,81.1919,81.4568,80.5296,81.4568,461700
07/01/2003,81.4568,81.9866,80.3442,80.6885,670800
07/02/2003,80.7945,81.4568,80.5561,81.0329,1266400
07/03/2003,80.7415,80.7945,79.47,79.6025,333600
07/07/2003,79.7349,80.4236,78.8078,78.9932,1096200
07/08/2003,78.8078,79.2581,74.5429,78.5693,3539400
07/09/2003,78.8078,80.1323,77.4833,78.5429,1203200
07/10/2003,75.2316,76.821,75.2316,76.4237,2289700
07/11/2003,76.4237,77.3508,76.2912,76.4766,1330000
07/14/2003,77.1389,77.7482,75.8674,76.1852,988800
07/15/2003,77.0859,77.8806,76.8475,76.9799,1242000
07/16/2003,76.927,76.9799,75.6554,75.8409,1025800
07/17/2003,75.6819,76.1588,73.8541,74.9137,1113100
07/18/2003,74.9932,75.6819,74.7813,75.2846,943900
07/21/2003,75.8939,76.4237,74.172,74.6223,695100
07/22/2003,74.6223,75.2316,73.7747,74.5694,1634400
07/23/2003,74.7283,77.1919,74.6488,77.1919,2249100
07/24/2003,79.7349,79.7349,77.1654,77.2978,2870200
07/25/2003,78.1455,80.7945,77.0859,80.7945,1113600
07/28/2003,80.2647,81.0594,79.7614,80.7945,792900
07/29/2003,80.5031,81.4303,80.3177,80.715,625900
07/30/2003,80.715,80.874,79.523,80.874,650800
07/31/2003,81.0064,81.1919,79.47,79.7349,809800
08/01/2003,79.47,80.0263,78.9402,79.6025,928800
08/04/2003,79.47,79.6025,77.4303,78.6753,685000
08/05/2003,78.6753,78.6753,76.6886,76.9535,650200
08/06/2003,77.0064,77.4833,75.4965,75.7614,1555200
08/07/2003,75.8939,76.4237,75.7614,76.1058,949000
08/08/2003,76.2912,76.5561,75.7614,75.9998,562000
08/11/2003,75.8939,75.9998,75.1786,75.417,1032400
08/12/2003,74.9667,75.6819,74.0925,74.9137,1039400
08/13/2003,75.0992,75.6554,74.9932,75.3641,406200
08/14/2003,75.76,75.76,75.34,75.5,468600
08/15/2003,75.5,75.6,75.23,75.23,286300
08/18/2003,75.58,76.16,74.38,75.1,861600
08/19/2003,76.74,76.74,74.44,74.7,427400
08/20/2003,74.7,74.81,74.07,74.3,1327800
08/21/2003,74.3,74.3,72,72.03,2069900
08/22/2003,72.45,74.33,72.45,73.59,1950300
08/25/2003,73.7,74.12,73.11,74.01,648600
08/26/2003,74.17,74.52,73.64,74.3,1366300
08/27/2003,74.28,75.18,74.25,75.07,1345900
08/28/2003,75.15,76.34,75.15,76.34,1367600
08/29/2003,76.24,77.35,76.16,76.79,874600
09/02/2003,76.82,77.64,76.69,77.62,812400
09/03/2003,77.85,78.44,77.19,78.44,562000
09/04/2003,78.7,80.26,78.68,79.68,1303800
09/05/2003,79.55,79.89,79.23,79.5,384000
09/08/2003,79.73,81.14,79.73,80.26,968400
09/09/2003,80.93,81.67,80,80.56,589100
09/10/2003,80.53,80.56,78.94,79.39,562600
09/11/2003,79.34,79.63,78.54,78.54,406500
09/12/2003,78.54,80.26,78.01,79.6,703400
09/15/2003,79.47,80.5,79.21,80.4,497500
09/16/2003,80,81.46,79.76,80.87,410900
09/17/2003,80.79,81.19,78.09,79.21,1154000
09/18/2003,79.21,81.19,79.21,80.45,788100
09/19/2003,80,81.32,79.39,80,576900
09/22/2003,80,80.53,79.34,79.73,525400
09/23/2003,79.84,83.18,78.81,82.38,983500
09/24/2003,82.12,82.89,81.09,82.12,802600
09/25/2003,81.99,82.65,81.32,81.72,735000
09/26/2003,81.59,81.85,80.05,80.4,864000
09/29/2003,80.93,81.24,80.64,81.19,508400
09/30/2003,81.19,82.04,80.56,81.46,315600
10/01/2003,81.32,83.97,81.06,83.97,1084300
10/02/2003,83.97,84.42,83.13,83.44,767700
10/03/2003,84.11,84.5,83.44,83.87,560500
10/06/2003,83.87,84.48,83.36,83.71,572000
10/07/2003,83.68,84.45,83.44,84.11,664800
10/08/2003,84.19,84.56,84.03,84.16,1197900
10/09/2003,84.48,85.54,83.97,85.27,1188400
10/10/2003,84.64,84.64,81.72,82.6,1684700
10/13/2003,82.91,83.89,82.38,82.57,849900
10/14/2003,82.54,82.54,79.97,81.22,2045000
10/15/2003,81.32,82.15,80.85,82.04,905200
10/16/2003,81.93,82.94,81.72,82.94,747400
10/17/2003,83.05,83.97,82.75,83.18,987900
10/20/2003,83.42,83.97,82.91,83.23,730600
10/21/2003,83.23,84.5,82.52,84.32,1018000
10/22/2003,83.97,84.77,83.18,84.77,1342300
10/23/2003,84.64,87.42,83.66,86.75,2362000
10/24/2003,86.09,87.5,86.01,87.28,1726900
10/27/2003,87.42,87.97,87.15,87.55,1162400
10/28/2003,87.71,88.08,87.36,88.08,789900
10/29/2003,87.81,88.19,87.66,88,497100
10/30/2003,87.81,88.03,87.21,87.73,842500
10/31/2003,88.4,88.61,87.47,88.21,829500
11/03/2003,88.24,90.07,88.03,89.56,606933
11/04/2003,89.56,90.99,89.27,90.04,875510
11/05/2003,89.67,90.04,89.56,89.77,650800
11/06/2003,89.93,89.93,87.81,89.64,1449800
11/07/2003,90.07,90.17,89.35,89.85,950300
11/10/2003,89.96,90.41,89.54,89.7,747800
11/11/2003,88.74,88.79,87.79,88,930200
11/12/2003,88.21,89.8,87.95,89.14,601300
11/13/2003,89.14,89.7,88.69,88.87,595000
11/14/2003,89.51,89.8,88.58,88.79,401500
11/17/2003,88.79,89.4,88.4,89.4,719500
11/18/2003,89.27,89.27,87.28,87.73,1048000
11/19/2003,87.68,88.08,86.91,87.68,851000
11/20/2003,87.68,88.21,86.97,87.84,537200
11/21/2003,88.64,88.69,86.91,87.39,833800
11/24/2003,87.39,87.68,86.62,87.28,565900
11/25/2003,87.5,87.6,86.75,86.89,847200
11/26/2003,86.75,86.86,85.03,86.78,1408200
11/28/2003,87.02,87.68,86.62,87.55,524800
12/01/2003,87.95,88.45,87.66,87.92,866700
12/02/2003,88,89.35,88,88.61,682700
12/03/2003,88.53,89.27,87.21,87.42,993700
12/04/2003,87.81,87.95,86.81,87.44,932500
12/05/2003,87.15,87.6,86.65,87.02,569000
12/08/2003,87.02,87.42,86.78,87.15,337000
12/09/2003,87.15,87.71,86.89,87.47,883700
12/10/2003,87.58,87.68,86.2,86.49,389200
12/11/2003,86.62,86.68,85.88,86.22,524200
12/12/2003,86.49,86.7,85.67,85.96,619300
12/15/2003,86.62,88.74,86.22,86.41,465700
12/16/2003,87.05,87.15,86.36,86.52,695000
12/17/2003,86.57,87.15,86.25,86.49,418000
12/18/2003,86.36,86.75,86.09,86.09,467800
12/19/2003,86.36,87.39,86.04,86.99,424400
12/22/2003,87.02,88.21,87.02,87.34,667300
12/23/2003,87.34,88.24,87.31,87.47,695000
12/24/2003,87.42,88.26,87.39,87.95,182000
12/26/2003,88.05,88.87,87.97,88.87,186900
12/29/2003,89.27,90.33,89.27,90.07,696800
12/30/2003,89.67,90.99,89.67,90.6,691900
12/31/2003,90.68,91.13,89.93,90.25,262100
01/02/2004,90.46,92.37,90.33,91.42,567400
01/05/2004,91.92,92.69,91.66,91.66,650700
01/06/2004,91.39,93.22,91.1,92.82,1379200
01/07/2004,92.72,94.68,92.72,93.64,1001800
01/08/2004,93.51,93.54,90.75,90.78,1439000
01/09/2004,90.78,91.34,90.01,90.52,884000
01/12/2004,90.6,90.75,89.91,90.01,405600
01/13/2004,90.41,90.68,89.8,90.04,276200
01/14/2004,90.07,90.25,89.83,90.07,912400
01/15/2004,90.07,90.22,89.54,90.04,782700
01/16/2004,90.33,90.86,89.75,89.8,773000
01/20/2004,89.67,90.7,89.01,90.44,1095400
01/21/2004,90.2,92.26,90.12,91.55,902300
01/22/2004,91.55,92.82,91.55,92.72,1052600
01/23/2004,93.64,93.93,93.38,93.93,773100
01/26/2004,94.09,95.68,93.91,95.68,524300
01/27/2004,95.68,97.75,95.55,97.62,867400
01/28/2004,99.34,99.34,96.29,97.35,2057300
01/29/2004,97.62,97.62,96.69,96.9,1422300
01/30/2004,96.95,98.52,96.95,98.01,939600
02/02/2004,96.03,96.37,94.17,95.55,1356200
02/03/2004,95.63,98.46,95.6,97.75,552400
02/04/2004,97.62,98.2,97.03,97.22,655300
02/05/2004,98.013,98.013,94.4369,95.9203,1163500
02/06/2004,96.29,98.94,96.05,98.15,650800
02/09/2004,98.15,98.6,97.75,98.28,286400
02/10/2004,98.65,100,98.65,99.21,879900
02/11/2004,99.21,99.97,98.6,98.6,863800
02/12/2004,98.68,98.73,97.03,98.01,821700
02/13/2004,98.01,98.01,96.4,97.24,975100
02/17/2004,96.98,99.21,96.77,99.07,618800
02/18/2004,99.07,100.4,98.73,99.79,688000
02/19/2004,99.79,102.3,99.6,101.38,1578700
02/20/2004,100.9534,102.3044,100.6885,101.3772,9354600
02/23/2004,101.38,101.99,101.38,101.43,1737400
02/24/2004,101.38,101.51,99.73,100.85,1992600
02/25/2004,100.87,100.87,99.66,100.4,587100
02/26/2004,100.13,101.54,99.84,101.35,699000
02/27/2004,100.66,101.77,100.66,101.59,742000
03/01/2004,101.59,102.78,101.32,101.62,1418100
03/02/2004,101.62,101.62,100.13,100.13,681500
03/03/2004,99.87,100.4,99.28,100.21,446300
03/04/2004,100.58,100.79,100,100.05,284500
03/05/2004,99.66,101.3,99.44,101.19,415600
03/08/2004,100.93,101.48,100.4,100.4,552600
03/09/2004,100.13,100.34,98.38,99.28,584200
03/10/2004,99.28,99.55,98.54,98.86,405100
03/11/2004,98.6,98.73,97.62,97.64,555100
03/12/2004,97.64,98.41,97.64,98.15,381300
03/15/2004,98.15,98.49,97.35,98.09,584800
03/16/2004,98.52,100.03,98.52,100,878600
03/17/2004,100,101.3,99.73,101.09,672700
03/18/2004,100.82,101.32,100.42,100.82,830700
03/19/2004,100.93,101.24,99.28,99.34,373500
03/22/2004,98.86,99.52,98.15,98.62,903700
03/23/2004,98.7,99.55,98.3,98.81,771400
03/24/2004,99.07,99.21,97.85,98.09,1209800
03/25/2004,98.12,98.41,97.38,97.93,463900
03/26/2004,97.75,97.93,96.95,96.95,572400
03/29/2004,96.95,98.15,96.95,97.88,652600
03/30/2004,97.93,98.62,97.88,98.25,755300
03/31/2004,98.09,99.42,97.96,98.54,1075300
04/01/2004,98.81,101.54,98.78,101.19,1039800
04/02/2004,101.59,101.96,100.26,101.3,500100
04/05/2004,100.64,102.07,100.4,101.24,485000
04/06/2004,101.46,101.56,100.08,100.58,296300
04/07/2004,101.17,101.17,100.26,100.29,262400
04/08/2004,100.61,100.66,99.18,99.31,446300
04/12/2004,99.87,100.66,99.87,100.13,209100
04/13/2004,100.16,100.29,98.04,98.6,255200
04/14/2004,98.6,98.75,97.09,97.09,305700
04/15/2004,97.14,97.14,94.3,96.19,974400
04/16/2004,96.03,99.63,96.03,99.5,658600
04/19/2004,99.18,99.21,98.28,98.6,278800
04/20/2004,98.15,98.54,95.02,95.63,576900
04/21/2004,95.63,96.71,94.81,96.64,640200
04/22/2004,96.64,97.88,96.58,97.35,943500
04/23/2004,94.7,95.36,94.04,94.04,1707100
04/26/2004,93.38,93.38,92.05,92.05,1237100
04/27/2004,92.05,92.72,91.97,92.32,796700
04/28/2004,92.32,92.82,91.66,92.45,1215900
04/29/2004,92.32,95.89,92.11,94.78,1590800
04/30/2004,94.78,96.48,94.78,96.19,860100
05/03/2004,96.19,98.01,95.89,97.91,1064600
05/04/2004,98.3,98.3,97.01,97.7,883600
05/05/2004,97.7,98.6,97.32,97.48,1259700
05/06/2004,97.22,97.77,96.95,96.95,588300
05/07/2004,96.69,96.71,93.48,93.93,719700
05/10/2004,93.51,93.62,91.13,91.87,691000
05/11/2004,92.32,92.85,91.68,92.66,836600
05/12/2004,92.4,93.11,90.25,91.92,1539800
05/13/2004,91.55,93.35,91.42,92.98,835300
05/14/2004,92.98,93.72,92.98,93.38,768100
05/17/2004,93.09,93.09,90.78,92.05,668800
05/18/2004,92.16,92.61,91.55,92.58,442300
05/19/2004,92.87,94.01,92.45,92.45,519600
05/20/2004,91.92,92.58,90.2,91.89,699900
05/21/2004,91.66,92.82,91.6,92.26,274600
05/24/2004,92.53,92.58,90.99,92.24,346700
05/25/2004,92.05,93.64,91.92,93.38,743400
05/26/2004,93.24,95.31,92.95,94.36,367000
05/27/2004,94.46,95.6,94.3,94.7,308800
05/28/2004,94.7,94.91,94.3,94.46,444300
06/01/2004,94.6,95.6,94.52,95.55,676200
06/02/2004,95.6,95.87,94.83,95.1,405300
06/03/2004,95.18,95.63,94.86,95.63,485300
06/04/2004,96.69,98.81,96.61,96.79,1025200
06/07/2004,96.79,98.01,96.79,97.75,730300
06/08/2004,97.35,98.17,96.48,98.17,493600
06/09/2004,97.91,98.22,97.43,97.88,524600
06/10/2004,97.62,97.67,96.5,96.71,558600
06/14/2004,96.71,97.56,95.36,97.56,355400
06/15/2004,97.72,98.17,96.87,98.09,487400
06/16/2004,98.22,98.41,95.76,95.95,1054900
06/17/2004,95.89,97.06,95.81,96.95,260300
06/18/2004,96.95,97.62,96.42,97.03,453100
06/21/2004,97.14,97.32,96.87,97.11,431100
06/22/2004,97.09,97.8,96.87,97.8,315800
06/23/2004,97.96,98.94,97.75,98.86,627800
06/24/2004,98.86,99.02,97.75,98.09,584700
06/25/2004,98.52,99.21,97.99,98.41,451900
06/28/2004,97.83,98.81,97.8,98.28,593900
06/29/2004,98.15,99.36,97.83,98.33,341500
06/30/2004,98.33,99.66,98.01,99.21,487500
07/01/2004,99.26,99.95,98.99,99.76,863500
07/02/2004,99.76,100,99.44,99.92,403200
07/06/2004,99.66,99.66,98.28,98.89,389300
07/07/2004,98.62,99.34,98.54,99.13,421900
07/08/2004,98.86,98.86,98.28,98.44,363700
07/09/2004,98.6,99.1,97.06,97.83,779400
07/12/2004,98.01,98.01,96.82,97.24,847800
07/13/2004,97.32,97.85,97.3,97.59,615500
07/14/2004,97.35,98.28,97.32,97.96,420200
07/15/2004,97.99,98.52,97.51,97.64,328900
07/16/2004,97.91,99.21,97.91,98.73,738900
07/19/2004,98.89,98.89,97.91,98.25,338800
07/20/2004,98.17,98.17,95.5,95.92,958200
07/21/2004,96.19,96.4,94.65,94.86,427100
07/22/2004,94.83,94.83,87.55,89.51,2911000
07/23/2004,88.9,89.03,87.5,88.32,2279800
07/26/2004,88.3177,89.5892,88.2647,89.3508,619800
07/27/2004,89.09,89.85,88.69,89.3,686400
07/28/2004,89.56,90.65,88.24,89.83,1138000
07/29/2004,90.07,90.28,89.88,90.07,1568000
07/30/2004,90.07,92.19,89.91,92.19,655700
08/02/2004,91.79,91.79,90.36,91.66,874600
08/03/2004,91.66,91.66,90.81,90.86,433400
08/04/2004,91.05,91.05,90.07,90.2,352500
08/05/2004,90.04,90.17,89.09,89.09,594800
08/06/2004,89.09,89.22,88.19,88.21,1074600
08/09/2004,87.95,88.42,87.92,88.03,516400
08/10/2004,88.03,90.28,87.87,89.67,868200
08/11/2004,89.67,90.33,88.42,90.22,619900
08/12/2004,90.07,90.17,89.54,89.67,316900
08/13/2004,89.67,90.09,89.62,89.77,448100
08/16/2004,89.77,90.7,89.72,90.12,365900
08/17/2004,90.3,90.62,89.75,90.12,337400
08/18/2004,90.15,91.42,89.83,91.18,565300
08/19/2004,91.15,91.15,90.41,90.52,139700
08/20/2004,90.2779,91.364,89.9336,91.0726,305100
08/23/2004,91.26,91.55,90.17,90.33,239700
08/24/2004,90.3,91.18,90.3,90.86,198000
08/25/2004,90.68,90.86,89.8,90.36,450100
08/26/2004,90.04,90.7,89.91,90.52,289100
08/27/2004,90.38,91.21,90.33,90.94,219700
08/30/2004,90.68,91.26,90.25,91.13,196400
08/31/2004,91.13,93.19,90.99,92.64,491800
09/01/2004,93.03,95.23,92.72,94.83,930500
09/02/2004,94.83,95.79,94.36,95.68,752700
09/03/2004,95.36,96.37,95.13,95.55,426900
09/07/2004,95.28,95.79,94.62,95.79,489200
09/08/2004,95.52,95.52,94.07,94.83,597800
09/09/2004,94.8342,95.7084,94.4369,94.9137,619700
09/10/2004,94.97,96.32,94.94,96.05,625300
09/13/2004,95.84,96.58,95.52,96.58,600000
09/14/2004,96.58,98.36,95.47,95.71,619800
09/15/2004,95.5,95.89,95.26,95.47,583700
09/16/2004,95.36,95.6,94.83,94.94,810400
09/17/2004,95.31,96.69,95.13,96.56,403300
09/20/2004,96.29,97.32,96.03,96.71,427800
09/21/2004,96.56,97.7,96.29,96.95,563200
09/22/2004,96.87,96.87,95.89,96.26,560400
09/23/2004,96.08,97.62,95.87,97.03,818000
09/24/2004,97.27,98.09,97.27,97.88,544300
09/27/2004,97.75,97.91,97.46,97.62,731500
09/28/2004,97.32,98.09,97.3,98.09,816600
09/29/2004,97.88,98.33,97.8,98.25,1152600
09/30/2004,98.15,99.34,98.07,99.07,1135400
10/01/2004,99.07,99.34,98.94,99.26,705000
10/04/2004,99.31,99.84,98.94,99.63,690200
10/05/2004,99.47,100.11,99.05,99.68,521800
10/06/2004,99.63,99.89,99.34,99.81,526500
10/07/2004,99.6,99.84,98.81,98.83,170700
10/08/2004,98.65,98.81,98.01,98.81,375200
10/11/2004,98.81,99.97,98.81,99.87,308900
10/12/2004,99.73,100.03,99.07,100,446400
10/13/2004,99.9998,100.1587,98.013,98.2779,417000
10/14/2004,98.54,98.91,85.43,91.34,6613100
10/15/2004,85.5627,91.1521,80.4236,88.874,11410100
10/18/2004,87.6819,89.0064,84.662,85.5627,5087300
10/19/2004,85.54,85.72,81.46,83.52,4231100
10/20/2004,83.52,89.11,83.1,87.79,3898600
10/21/2004,93.38,96.48,92.98,94.83,7657500
10/22/2004,95.1,96.95,93.8,95.79,3605700
10/25/2004,95.36,98.15,94.7,96.66,3584900
10/26/2004,97.35,97.51,95.36,96.9,3971400
10/27/2004,94.97,98.3,93.11,97.48,2706400
10/28/2004,96.16,97.09,94.52,94.78,1359000
10/29/2004,93.77,95.23,93.38,95.23,1459900
11/01/2004,95.5,96.24,94.41,95.26,1810700
11/02/2004,92.72,95.76,92.72,95.36,1782800
11/03/2004,95.5,96.03,94.57,95.31,662300
11/04/2004,95.31,96.13,93.72,94.99,1407200
11/05/2004,94.97,97.32,94.89,95.55,870800
11/08/2004,95.55,97.22,95.55,96.56,555100
11/09/2004,96.58,97.99,96.45,97.99,593000
11/10/2004,97.99,100.16,97.77,99.26,833400
11/11/2004,98.99,100.61,98.99,99.66,1094000
11/12/2004,99.6,99.63,94.75,98.28,2437800
11/15/2004,98.07,100.21,98.07,99.95,902700
11/16/2004,99.28,99.31,97.43,98.04,864000
11/17/2004,98.04,99.13,96.98,97.67,602900
11/18/2004,97.48,97.51,95.84,96.29,796400
11/19/2004,96.32,96.34,94.22,95.1,1446300
11/22/2004,94.89,95.63,94.78,95.36,794800
11/23/2004,95.13,95.58,94.83,94.86,674800
11/24/2004,94.94,96.69,94.94,95.84,709600
11/26/2004,95.36,96.13,95.23,95.89,187200
11/29/2004,95.89,100.34,95.89,99.6,1138600
11/30/2004,99.0726,100.6885,99.0726,100.2647,1392400
12/01/2004,100.66,105.67,100.66,103.52,2214100
12/02/2004,103.26,103.26,101.62,102.65,1516000
12/03/2004,102.65,103.71,101.59,102.65,1018200
12/06/2004,102.52,103.13,101.46,102.52,2795300
12/07/2004,102.25,102.62,99.23,102.36,976300
12/08/2004,101.83,103.31,101.75,102.65,371800
12/09/2004,102.46,106.38,102.12,105.77,1097000
12/10/2004,105.77,109.4,105.77,109.14,2196900
12/13/2004,108.74,108.74,106.83,107.84,1346600
12/14/2004,107.84,109.14,107.02,108.95,1787300
12/15/2004,108.82,110.33,108.74,109.27,679600
12/16/2004,110.33,110.73,109.46,110.6,932800
12/17/2004,110.6,112.66,110.6,112.48,1605000
12/20/2004,112.05,112.16,109.3,109.93,740900
12/21/2004,109.8,109.8,108.37,108.61,2035700
12/22/2004,108.21,109.01,107.42,108.9,1213600
12/23/2004,108.9,110.78,108.66,109.43,418800
12/27/2004,109.27,109.8,108.66,108.87,171000
12/28/2004,108.74,109.96,108.74,109.54,173000
12/29/2004,109.19,109.24,108.95,109.19,204900
12/30/2004,109.0858,109.4832,108.8209,109.2977,436200
12/31/2004,109.03,109.54,108.64,109.06,440400
01/03/2005,108.4,110.6,108.11,109.59,2014300
01/04/2005,109.483,111.232,109.47,110.357,1168200
01/05/2005,110.36,110.49,108.32,108.61,702300
01/06/2005,108.61,109.03,108.08,108.16,614100
01/07/2005,108.11,108.26,106.75,106.78,1013400
01/10/2005,106.33,107.15,106.33,106.62,727800
01/11/2005,106.49,106.81,105.54,105.85,724800
01/12/2005,106.22,106.3,105.67,106.15,659700
01/13/2005,106.17,106.36,104.61,104.79,785300
01/14/2005,104.79,105.88,104.24,105.75,806300
01/18/2005,105.75,107.28,105.7,106.89,781100
01/19/2005,106.94,107.02,105.91,105.96,692300
01/20/2005,105.77,105.77,104.64,105.43,849900
01/21/2005,105.56,105.8,104.34,104.64,763900
01/24/2005,104.6355,104.9004,101.6421,101.6421,866300
01/25/2005,101.56,101.96,100.29,101.62,1045700
01/26/2005,101.85,103.71,101.32,102.86,826600
01/27/2005,102.78,102.78,100.69,101.06,681400
01/28/2005,101.24,102.09,100.34,100.45,851900
01/31/2005,100.53,102.46,99.76,102.46,1203500
02/01/2005,102.46,103.31,101.46,103.21,942500
02/02/2005,103.26,104.08,102.52,103.31,921700
02/03/2005,103.31,103.44,101.99,102.22,862100
02/04/2005,101.99,102.78,101.59,102.46,472200
02/07/2005,102.25,103.58,102.25,103.18,490700
02/08/2005,105.17,105.19,102.52,102.62,690200
02/09/2005,103.1,105.17,102.94,104.42,829100
02/10/2005,100.715,101.6421,99.9998,100.5296,2030400
02/11/2005,100.53,101.32,99.6,100.64,1975300
02/14/2005,100.64,101.14,99.68,101.03,796100
02/15/2005,101.03,101.03,100.21,100.26,689900
02/16/2005,100.03,101.03,99.36,100.87,716600
02/17/2005,100.87,103.58,100.85,102.09,1189600
02/18/2005,101.99,103.13,101.59,102.78,1104800
02/22/2005,102.49,103.07,102.25,102.91,727400
02/23/2005,103.31,104.21,103.31,103.89,519800
02/24/2005,103.92,104.9,103.92,104.64,617100
02/25/2005,104.5,104.95,103.97,104.56,407100
02/28/2005,104.42,105.03,104.34,104.77,724600
03/01/2005,104.77,107.23,104.5,107.15,865600
03/02/2005,106.28,107.28,106.12,106.89,502700
03/03/2005,106.89,106.89,105.17,105.91,612900
03/04/2005,106.49,106.94,106.09,106.46,783000
03/07/2005,106.33,106.62,106.12,106.46,625400
03/08/2005,106.25,106.33,103.58,104.42,1037900
03/09/2005,103.36,104.5,102.44,103.13,732100
03/10/2005,102.65,103.44,100.5,101.67,1226600
03/11/2005,101.8,102.38,100.29,100.71,475500
03/14/2005,100.56,101.06,100,100.66,596800
03/15/2005,100.56,100.66,99.07,99.31,649700
03/16/2005,99.13,99.28,97.48,97.99,598000
03/17/2005,98.15,98.91,97.67,98.54,514800
03/18/2005,98.49,98.81,97.88,98.62,555700
03/21/2005,98.65,99.23,98.41,98.91,714000
03/22/2005,98.81,99.63,98.2,98.2,416200
03/23/2005,98.01,98.15,96.37,96.53,626800
03/24/2005,96.56,96.82,95.71,95.71,679500
03/28/2005,95.89,96.4,95.36,95.89,1261900
03/29/2005,95.36,95.71,94.97,95.23,1003200
03/30/2005,95.23,97.67,95.23,97.22,758700
03/31/2005,97.01,97.91,96.85,97.67,1303200
04/01/2005,97.88,99.23,97.51,98.04,1102900
04/04/2005,98.01,98.17,96.69,97.62,847100
04/05/2005,97.75,97.75,97.19,97.32,258500
04/06/2005,97.06,97.75,95.58,96.42,699600
04/07/2005,96.45,96.82,95.55,96.21,700500
04/08/2005,96.03,100.93,95.76,98.94,2077200
04/11/2005,98.68,99.21,96.95,97.48,692200
04/12/2005,97.48,97.75,95.5,97.01,595200
04/13/2005,96.69,96.71,94.86,95.58,587600
04/14/2005,95.39,95.39,93.4,94.04,1671200
04/15/2005,93.54,94.7,93.01,94.7,939900
04/18/2005,94.7,94.99,93.24,93.51,1086200
04/19/2005,93.51,94.22,93.51,94.09,498800
04/20/2005,94.17,94.44,92.9,93.24,1027700
04/21/2005,93.64,93.64,90.91,91.39,2197700
04/22/2005,91.5,91.95,90.52,90.97,3132100
04/25/2005,90.65,92.03,89.59,91.1,1263200
04/26/2005,90.44,91.66,90.33,91.05,2553400
04/27/2005,91.05,91.34,89.56,89.88,2117500
04/28/2005,86.7548,88.1322,83.2846,86.7018,7658200
04/29/2005,87.42,88.98,86.33,88.61,4056100
05/02/2005,88.85,92.4,88.85,91.42,3029600
05/03/2005,91.42,92.58,90.89,92.45,1398400
05/04/2005,92.8475,95.311,92.5826,93.9071,1794400
05/05/2005,93.9865,93.9865,92.2647,93.2183,2340000
05/06/2005,92.72,93.7,92.13,93.35,1460700
05/09/2005,93.35,94.17,93.09,93.99,885200
05/10/2005,93.64,93.64,92.05,92.53,1712700
05/11/2005,92.45,92.45,90.89,91.34,1282100
05/12/2005,90.91,91.18,89.56,89.85,1304200
05/13/2005,89.46,90.01,88.9,89.46,1152000
05/16/2005,89.46,89.99,89.32,89.88,613500
05/17/2005,89.35,89.46,88.48,89.35,2075300
05/18/2005,89.11,90.07,89.01,89.72,433600
05/19/2005,89.46,90.44,89.4,90.09,350300
05/20/2005,89.67,90.04,89.01,89.85,307300
05/23/2005,89.85,90.78,89.54,90.46,365000
05/24/2005,90.8077,90.9402,90.066,90.6488,345000
05/25/2005,90.6,90.6,89.35,89.8,1011400
05/26/2005,89.54,90.09,89.4,90.07,730900
05/27/2005,89.96,90.78,89.4,90.73,628600
05/31/2005,90.73,90.94,90.6,90.78,292500
06/01/2005,90.83,90.97,89.91,90.2,948100
06/02/2005,90.22,90.22,89.64,89.75,1238000
06/03/2005,90.01,90.04,89.4,89.67,686100
06/06/2005,89.4,89.72,89.01,89.22,825100
06/07/2005,89.19,89.54,88.79,88.87,865000
06/08/2005,88.77,89.27,88.21,88.21,1175100
06/09/2005,88.11,88.29,87.15,87.42,1184400
06/10/2005,87.1,87.13,83.5,85.27,1579400
06/13/2005,85.27,87.21,84.93,86.73,847800
06/14/2005,86.41,86.97,85.03,85.85,746600
06/15/2005,84.77,84.85,82.65,83.02,1352100
06/16/2005,82.75,84.93,82.75,83.58,1488300
06/17/2005,83.18,84.5,83.18,84.08,580400
06/20/2005,83.87,83.89,83.28,83.84,807900
06/21/2005,84.21,84.72,83.87,84.37,635600
06/22/2005,84.37,85.51,84.29,85.27,1055300
06/23/2005,85.38,85.75,85.03,85.7,1457200
06/24/2005,85.56,85.85,85.22,85.51,1272800
06/27/2005,82.99,85.59,82.99,85.32,712000
06/28/2005,84.74,85.83,84.72,85.59,753800
06/29/2005,85.93,86.65,85.3,86.28,1311000
06/30/2005,86.28,87.55,86.15,86.68,1128400
07/01/2005,86.57,88.56,86.57,87.39,667100
07/05/2005,87.18,87.42,86.12,86.86,380800
07/06/2005,86.65,87.07,86.09,86.33,377200
07/07/2005,85.7,86.62,85.7,86.2,934400
07/08/2005,86.33,86.81,85.43,86.6,1254000
07/11/2005,86.33,86.94,85.83,86.78,636400
07/12/2005,86.57,86.57,85.54,85.83,608300
07/13/2005,85.83,88,85.7,87.07,608400
07/14/2005,86.62,87.97,86.25,87.68,568300
07/15/2005,87.73,87.84,87.05,87.18,442100
07/18/2005,86.83,87.5,86.44,87.02,490400
07/19/2005,87.02,87.23,85.56,86.73,536900
07/20/2005,86.73,86.73,86.04,86.17,283200
07/21/2005,85.88,86.25,85.3,85.75,327800
07/22/2005,86.38,86.62,84.95,85.22,590600
07/25/2005,85.3773,85.5627,84.9269,85.0329,397100
07/26/2005,85.01,85.03,84.4,84.72,799700
07/27/2005,84.58,87.13,84.21,86.78,981000
07/28/2005,86.57,91.21,85.96,90.44,1998800
07/29/2005,90.1985,90.1985,87.47,87.8408,1081500
08/01/2005,87.58,88.42,86.22,88.4,851500
08/02/2005,88.08,88.87,87.52,88.79,1268900
08/03/2005,88.95,88.98,87.15,87.42,723100
08/04/2005,86.89,86.89,85.99,86.6,672700
08/05/2005,86.41,86.89,86.09,86.89,397400
08/08/2005,86.75,86.78,85.22,85.48,578700
08/09/2005,85.56,86.62,85.3,85.75,1072800
08/10/2005,85.96,86.25,84.45,84.64,880100
08/11/2005,84.5,85.19,83.97,85.03,414200
08/12/2005,84.77,85.09,84.56,84.82,250700
08/15/2005,84.82,85.88,84.64,85.56,267500
08/16/2005,85.24,85.46,84.53,84.72,332400
08/17/2005,84.34,85.27,84.34,84.74,532000
08/18/2005,84.74,85.64,84.19,85.56,636000
08/19/2005,85.54,85.67,84.98,85.48,356700
08/22/2005,85.43,86.73,85.43,86.57,377000
08/23/2005,86.3,87.52,86.3,87.52,656400
08/24/2005,87.42,88.29,87.42,87.76,875800
08/25/2005,87.89,88.29,87.89,88.24,712100
08/26/2005,88.16,88.42,88.11,88.24,738300
08/29/2005,88.24,91.58,88.24,90.25,1508700
08/30/2005,90.2,91.26,90.04,90.89,1197800
08/31/2005,90.7,94.04,90.7,92.72,1859900
09/01/2005,92.72,95.63,92.64,95.39,1348800
09/02/2005,95.39,97.75,95.39,96.69,1446500
09/06/2005,98.2779,99.1256,97.4037,97.8276,1589100
09/07/2005,97.56,97.59,95.76,95.84,1914600
09/08/2005,95.44,95.47,93.38,94.33,1056400
09/09/2005,94.33,100.64,94.17,98.54,2355500
09/12/2005,98.81,101.03,98.68,99.95,1976100
09/13/2005,98.94,100.03,98.89,99.39,898100
09/14/2005,99.21,99.52,97.14,97.48,827300
09/15/2005,97.51,98.54,97.24,98.17,481400
09/16/2005,98.07,98.38,97.51,97.99,404400
09/19/2005,97.88,99.6,97.88,99.52,744000
09/20/2005,99.5,100.53,98.52,98.68,1037500
09/21/2005,98.68,103.15,98.68,101.93,3307500
09/22/2005,101.59,102.15,101.06,101.85,2634500
09/23/2005,101.99,102.65,98.89,98.91,1742700
09/26/2005,99.07,99.34,96.56,98.01,1985000
09/27/2005,98.013,99.47,97.3508,99.4435,801400
09/28/2005,99.42,101.14,98.54,99.81,1395300
09/29/2005,99.95,100.66,98.62,99.71,433000
09/30/2005,99.6,99.63,98.57,99.47,285000
10/03/2005,99.26,99.52,97.56,98.3,618200
10/04/2005,99.73,101.59,99.73,100.26,1143400
10/05/2005,100.53,100.85,99.34,99.52,973900
10/06/2005,99.52,99.52,97.48,97.88,726100
10/07/2005,97.91,98.07,96.95,97.38,439000
10/10/2005,97.35,97.48,96.03,97.01,343000
10/11/2005,97.22,97.35,96.16,96.58,771500
10/12/2005,96.42,96.56,95.44,96.16,653700
10/13/2005,96.16,96.21,94.73,95.34,553400
10/14/2005,95.1786,95.8673,94.8342,95.5494,547500
10/17/2005,95.36,96.26,94.44,95.15,338600
10/18/2005,94.97,96.11,94.75,95.36,383700
10/19/2005,95.18,96.77,94.89,96.29,1618500
10/20/2005,96.29,96.42,94.36,94.49,738700
10/21/2005,94.57,95.63,94.57,95.63,533400
10/24/2005,95.76,98.81,95.76,98.68,539000
10/25/2005,98.7812,99.6289,97.7481,97.7481,817800
10/26/2005,97.91,99.07,97.72,98.2,726800
10/27/2005,98.28,100,97.88,97.99,475600
10/28/2005,98.01,98.7,97.85,98.22,614100
10/31/2005,98.28,99.13,97.75,98.38,572600
11/01/2005,98.65,99.44,98.25,98.78,917500
11/02/2005,98.78,99.58,97.93,98.57,659400
11/03/2005,98.01,98.04,95.5,96.93,1861300
11/04/2005,96.9,97.38,96.24,97.32,934800
11/07/2005,97.01,98.09,96.05,97.88,682600
11/08/2005,97.56,98.44,96.98,98.01,664200
11/09/2005,95.42,98.01,95.36,96.45,1209500
11/10/2005,96.64,97.93,96.45,97.93,3286300
11/11/2005,98.09,99.92,98.04,99.79,1449600
11/14/2005,99.76,99.84,99.02,99.39,1096500
11/15/2005,99.417,99.7349,98.7812,99.2051,881100
11/16/2005,99.47,100.37,99.34,99.73,768000
11/17/2005,99.73,100.82,99.58,100.58,585500
11/18/2005,100.8209,102.6488,100.8209,101.9865,1102300
11/21/2005,101.77,103.26,101.4,102.97,725400
11/22/2005,102.65,102.65,101.38,101.77,1082800
11/23/2005,101.96,102.75,101.17,101.48,714100
11/25/2005,100.53,102.04,100.53,101.59,189100
11/28/2005,102.25,102.25,99.28,99.63,661500
11/29/2005,99.68,100.24,97.8,98.09,1282700
11/30/2005,98.22,99.47,98.09,98.78,1013600
12/01/2005,99.21,99.84,98.99,99.44,894400
12/02/2005,98.81,99.76,98.28,99.34,515900
12/05/2005,99.34,100.56,97.91,99.87,555200
12/06/2005,99.89,101.62,99.89,100.37,672500
12/07/2005,100.32,101.19,99.79,100.19,428600
12/08/2005,100.32,100.32,99.36,99.92,332100
12/09/2005,99.8673,100.1322,98.1455,98.5958,809100
12/12/2005,98.68,99.31,97.35,98.01,485100
12/13/2005,97.99,98.73,97.54,98.57,384400
12/14/2005,98.54,100.56,98.54,99.63,662800
12/15/2005,99.47,99.47,97.99,98.41,435400
12/16/2005,98.68,99.15,98.28,98.68,421000
12/19/2005,98.49,99.66,98.33,98.65,420500
12/20/2005,98.54,98.54,96.24,97.59,467700
12/21/2005,97.8,99.26,97.8,98.3,555900
12/22/2005,98.49,98.68,96.85,97.8,501700
12/23/2005,97.72,98.36,97.72,98.36,230400
12/27/2005,98.07,98.52,97.8,98.25,312600
12/28/2005,97.85,98.78,97.75,98.54,478800
12/29/2005,98.54,99.28,97.96,98.28,301800
12/30/2005,97.88,98.3,97.22,97.85,209100
01/03/2006,98.1455,98.5958,95.8938,96.9269,778700
01/04/2006,96.93,98.3,96.71,97.93,475000
01/05/2006,97.59,97.88,96.16,96.45,584300
01/06/2006,96.71,96.71,95.28,95.28,648700
01/09/2006,95.28,99.5,95.28,99.15,1418500
01/10/2006,99.07,99.18,97.48,98.15,657200
01/11/2006,98.1455,98.9137,97.5097,97.6951,1074400
01/12/2006,98.81,99.76,98.41,99.42,1168300
01/13/2006,99.23,100,98.68,98.94,1243400
01/17/2006,98.62,98.73,97.03,97.51,577700
01/18/2006,97.51,97.51,95.89,96.95,403400
01/19/2006,96.4,96.4,93.54,93.83,1611900
01/20/2006,93.99,94.04,91.44,92.11,1350900
01/23/2006,92.5,93.03,91.13,91.79,1059100
01/24/2006,92.03,93.62,92.03,93.38,1553100
01/25/2006,93.83,94.49,93.77,94.07,1425300
01/26/2006,94.3,94.44,93.54,94.04,948600
01/27/2006,94.12,95.15,93.91,94.17,939700
01/30/2006,94.44,95.02,94.3,94.49,1734300
01/31/2006,94.49,94.52,91.73,91.95,1231400
02/01/2006,91.97,92.32,90.28,91.66,1648000
02/02/2006,91.66,92,90.89,91.13,1041300
02/03/2006,91.13,91.68,90.86,91.1,481100
02/06/2006,91.5,92.26,90.94,91.5,409500
02/07/2006,91.66,92.82,91.52,92.69,785800
02/08/2006,93.22,95.1,92.77,94.41,929400
02/09/2006,94.94,95.63,90.94,92.13,1809700
02/10/2006,92.29,92.79,91.28,92.24,1200900
02/13/2006,92.24,93.01,90.75,90.81,1120500
02/14/2006,90.7018,90.7018,89.4832,90.0925,2029800
02/15/2006,90.07,92.45,89.85,92.37,1748100
02/16/2006,92.29,93.06,91.84,92.72,1452600
02/17/2006,92.72,95.13,92.53,93.38,1134800
02/21/2006,93.35,93.93,92.05,92.69,1751600
02/22/2006,93.06,93.75,92.66,92.69,1003400
02/23/2006,92.79,92.98,92.37,92.66,670500
02/24/2006,92.72,92.87,91.55,92.34,707500
02/27/2006,92.26,93.03,92.13,92.66,747400
02/28/2006,92.72,93.27,91.05,91.23,993100
03/01/2006,91.5,92.79,91.31,92.72,1193100
03/02/2006,92.7415,93.2448,92.3177,92.6885,914600
03/03/2006,92.2647,92.9269,92.2382,92.4501,451100
03/06/2006,92.26,92.29,89.8,90.89,840600
03/07/2006,90.8872,90.8872,89.6951,89.96,450100
03/08/2006,89.7746,89.9865,89.0329,89.2713,662100
03/09/2006,89.19,89.19,88,88.77,831500
03/10/2006,88.9,89.642,88.792,89.404,621200
03/13/2006,89.64,90.99,89.59,89.96,547100
03/14/2006,89.77,90.6,89.59,90.22,384500
03/15/2006,90.25,90.99,90.17,90.89,408900
03/16/2006,91.13,92.03,90.25,90.25,780500
03/17/2006,90.38,90.38,88.85,89.14,1139400
03/20/2006,89.43,89.77,88.64,88.98,378300
03/21/2006,88.74,88.93,88,88.24,481800
03/22/2006,88.11,88.64,87.02,87.31,727000
03/23/2006,87.13,87.95,86.91,87.92,1468200
03/24/2006,88.13,89.62,88.11,89.62,696700
03/27/2006,89.54,90.38,88.85,90.22,732400
03/28/2006,90.12,90.41,89.7,89.8,1390400
03/29/2006,89.35,90.2,89.27,90.09,414700
03/30/2006,89.93,90.68,89.93,90.38,491500
03/31/2006,90.17,90.89,90.17,90.75,1459900
04/03/2006,90.7547,93.2448,90.6223,91.9203,1935400
04/04/2006,92.05,93.48,91.89,92.85,2577200
04/05/2006,93.6157,93.7478,92.9799,93.2183,474400
04/06/2006,93.24,93.24,92.42,93.01,955900
04/07/2006,93.03,93.11,92.4,92.42,814300
04/10/2006,92.5,92.66,91.52,91.71,504800
04/11/2006,91.28,91.52,90.75,90.99,240700
04/12/2006,90.91,91.13,90.15,90.54,924700
04/13/2006,90.75,90.86,90.33,90.6,210700
04/17/2006,93.77,93.77,92.19,92.24,521500
04/18/2006,92.24,94.09,92,93.64,386800
04/19/2006,93.67,94.83,93.48,94.83,470500
04/20/2006,94.6488,95.0196,93.8806,94.6753,402800
04/21/2006,94.83,95.31,93.83,93.99,545300
04/24/2006,94.17,94.36,92.37,93.88,546500
04/25/2006,94.15,94.15,91.89,92.34,508400
04/26/2006,92.37,92.95,92,92.34,661600
04/27/2006,92.5031,93.2448,91.9468,92.8739,694600
04/28/2006,92.8739,93.4832,92.3441,93.1124,418000
05/01/2006,93.38,93.8,91.87,92.74,815000
05/02/2006,92.72,93.19,92.42,92.58,1252600
05/03/2006,92.64,93.27,91.95,92.19,806100
05/04/2006,91.79,91.79,89.62,90.46,1907300
05/05/2006,90.3309,91.2581,89.0859,89.5097,1551500
05/08/2006,89.54,90.57,89.54,90.2,914300
05/09/2006,92.03,92.29,90.52,90.89,1809300
05/10/2006,90.99,91.5,90.78,91.23,1259600
05/11/2006,91.23,92.45,91.07,91.5,1066500
05/12/2006,91.39,91.81,90.83,91.21,1026800
05/15/2006,90.8342,91.3905,90.5958,91.2581,530000
05/16/2006,91.26,92.82,90.86,92.74,1072400
05/17/2006,92.45,93.09,92.16,92.19,1119900
05/18/2006,92.4,93.01,92.24,92.53,746500
05/19/2006,92.5,92.72,92.26,92.34,802400
05/22/2006,92.34,93.3,91.55,92.11,675500
05/23/2006,92.5,92.87,91.81,92.53,323900
05/24/2006,92.4,92.42,91.47,91.47,778700
05/25/2006,91.73,93.22,91.73,93.03,444900
05/26/2006,93.11,93.11,92.19,92.32,653100
05/30/2006,91.92,92.21,90.99,91.21,449300
05/31/2006,91.81,92.34,91.13,92.05,450800
06/01/2006,92.0528,93.2448,91.8938,93.1388,358600
06/02/2006,93.22,93.85,92.74,93.22,840100
06/05/2006,93.22,93.24,91.26,91.71,540600
06/06/2006,91.84,92.42,90.12,90.94,576800
06/07/2006,90.81,91.23,90.07,90.09,993300
06/08/2006,90.1985,90.7283,89.7481,89.9336,1006100
06/09/2006,90.6,90.6,89.93,90.01,1515100
06/12/2006,90.01,90.09,89.19,89.19,574300
06/13/2006,89.27,89.83,88.42,88.5,568400
06/14/2006,88.5,88.66,86.81,86.86,507200
06/15/2006,87.02,88.77,87.02,88.56,654000
06/16/2006,88.61,88.64,87.44,87.44,290000
06/19/2006,87.5,87.55,86.83,86.83,473400
06/20/2006,86.86,87.58,86.44,86.86,627300
06/21/2006,86.49,87.05,86.12,86.7,422400
06/22/2006,87.15,87.39,85.99,86.25,574200
06/23/2006,86.25,86.6,85.46,85.88,476500
06/26/2006,85.88,86.09,85.59,85.96,412400
06/27/2006,86.09,86.28,85.19,85.4,826300
06/28/2006,85.03,85.14,84.48,84.87,580700
06/29/2006,85.09,85.88,84.9,85.77,560000
06/30/2006,85.96,86.36,84.93,85.03,872400
07/03/2006,84.9,85.75,84.24,85.75,538700
07/05/2006,85.3,85.83,84.9,85.7,409900
07/06/2006,85.67,86.3,85.3,86.04,484300
07/07/2006,85.83,85.83,83.97,84.93,805200
07/10/2006,84.98,85.3,84.82,85.06,236200
07/11/2006,85.03,85.06,84,84.11,629300
07/12/2006,83.84,84.48,83.84,84.26,546300
07/13/2006,84.24,84.5,83.84,84.11,374600
07/14/2006,84.11,84.21,82.68,83.5,395700
07/17/2006,83.66,83.73,82.75,83.13,542300
07/18/2006,83.15,84.16,82.91,83.84,308000
07/19/2006,83.92,85.17,83.92,84.32,394000
07/20/2006,84.16,84.4,82.91,83.97,472700
07/21/2006,84,84.53,83.71,84.11,213900
07/24/2006,84.5826,85.7216,84.3707,85.5362,187300
07/25/2006,85.75,86.07,85.56,85.8,245700
07/26/2006,86.22,88.74,85.85,87.52,782100
07/27/2006,87.4965,87.7614,86.7548,86.9402,309600
07/28/2006,86.97,87.42,85.93,86.46,533400
07/31/2006,86.3574,86.5958,86.066,86.172,267700
08/01/2006,86.07,86.28,85.3,86.07,444800
08/02/2006,86.2,88.19,86.17,88.11,434000
08/03/2006,92.72,96.29,92.72,95.87,2193500
08/04/2006,95.9998,97.2448,94.8342,96.0263,1017000
08/07/2006,96.0527,98.1719,96.0263,96.2912,1423100
08/08/2006,96.21,97.06,94.7,95.71,879700
08/09/2006,95.7084,96.9004,95.7084,96.5031,323300
08/10/2006,96.6355,96.821,96.2119,96.7945,528900
08/11/2006,96.66,97.46,96.19,96.64,264100
08/14/2006,96.66,97.19,95.52,95.68,394700
08/15/2006,96.24,96.79,95.84,96.61,328000
08/16/2006,96.69,97.62,96.61,97.62,229900
08/17/2006,97.27,97.77,97.09,97.38,372100
08/18/2006,97.4,97.75,96.95,97.35,251300
08/21/2006,97.38,97.96,96.74,97.01,183700
08/22/2006,96.95,97.24,96.29,96.61,195900
08/23/2006,96.85,97.01,95.76,96.42,489600
08/24/2006,97.27,97.7,96.64,96.71,558600
08/25/2006,96.42,97.35,96.26,96.42,192800
08/28/2006,96.4,97.32,96.4,96.69,249700
08/29/2006,96.56,96.69,95.21,95.71,428800
08/30/2006,97.6157,97.6157,95.2845,96.1587,276700
08/31/2006,96.53,96.69,95.95,95.95,205500
09/01/2006,95.95,96.87,95.95,96.5,159400
09/05/2006,96.3971,96.9004,95.0991,95.6024,380500
09/06/2006,95.15,95.92,95.13,95.5,278000
09/07/2006,95.5,95.89,94.97,95.07,218400
09/08/2006,95.1,95.81,95.1,95.42,144300
09/11/2006,95.36,95.36,94.49,94.89,483800
09/12/2006,94.8872,95.9468,94.8077,95.47,822400
09/13/2006,95.5494,97.1388,95.5494,96.5561,284900
09/14/2006,96.58,97.7,96.34,97.38,474000
09/15/2006,97.38,100,97.38,99.81,905500
09/18/2006,99.81,100.56,99.6,100.37,591400
09/19/2006,100.34,100.4,98.46,99.21,401000
09/20/2006,99.92,100.37,99.26,99.36,345800
09/21/2006,99.6,100.05,99.28,99.28,486300
09/22/2006,99.07,99.15,97.85,98.2,187500
09/25/2006,98.57,99.05,98.52,98.78,216100
09/26/2006,98.46,99.18,98.09,98.89,675900
09/27/2006,98.41,102.46,98.41,102.25,1303600
09/28/2006,102.25,104.77,102.04,104.11,1717300
09/29/2006,104.13,104.13,99.71,100.66,1364900
10/02/2006,100.53,100.98,99.87,100.11,728900
10/03/2006,100.13,101.09,99.87,100.45,581600
10/04/2006,100.08,101.7,99.63,101.32,649200
10/05/2006,101.19,101.99,101.19,101.75,338500
10/06/2006,101.4832,102.066,101.1653,101.7746,366000
10/09/2006,101.59,101.96,100.79,101.7,387400
10/10/2006,101.9865,102.4898,100.5033,101.3243,542100
10/11/2006,100.79,100.87,98.81,100.42,442700
10/12/2006,100.53,100.95,100.05,100.69,571400
10/13/2006,100.87,102.38,100.61,101.75,380500
10/16/2006,101.83,102.94,101.83,102.57,276400
10/17/2006,102.54,102.54,101.11,101.11,500100
10/18/2006,101.11,101.11,99.6,100,462300
10/19/2006,99.68,99.68,98.73,99.1,342300
10/20/2006,98.97,100,98.75,99.47,178300
10/23/2006,99.07,100.45,98.6,100.11,197600
10/24/2006,100.11,100.42,99.81,100,236400
10/25/2006,99.8143,100.9534,98.5958,100.6885,424100
10/26/2006,100.6885,100.8209,97.3772,100.0527,865500
10/27/2006,100.26,100.4,99.02,99.36,540400
10/30/2006,101.19,102.65,100.48,100.77,363400
10/31/2006,100.13,101.51,100,100.74,382300
11/01/2006,100.56,101.72,100.37,100.77,350600
11/02/2006,101.32,102.91,101.32,102.33,482500
11/03/2006,104.3706,104.3706,102.2249,103.205,298800
11/06/2006,103.47,104.42,103.02,103.1,350700
11/07/2006,103.13,104.34,103.1,104.16,228800
11/08/2006,103.5,105.17,102.97,104.42,184000
11/09/2006,104.37,104.9,103.84,104.69,193900
11/10/2006,104.42,107.47,104.24,106.68,505600
11/13/2006,106.9931,106.9931,105.5097,105.6686,431400
11/14/2006,105.48,106.01,105.35,105.62,492300
11/15/2006,105.907,106.9401,104.7415,105.1388,552800
11/16/2006,105.4302,105.9335,104.4236,104.9269,210200
11/17/2006,105.3242,106.9401,105.3242,106.4898,584100
11/20/2006,106.2779,106.9136,105.9865,106.1984,486200
11/21/2006,106.09,106.52,105.46,105.7,448100
11/22/2006,105.6686,106.4103,105.1388,105.9335,421400
11/24/2006,105.96,106.75,105.85,106.57,185100
11/27/2006,106.62,106.7,105.4,105.64,553400
11/28/2006,105.4832,106.013,105.0329,105.5627,456300
11/29/2006,105.59,107.07,105.59,106.83,318900
11/30/2006,106.4898,107.4434,106.4103,106.6487,474900
12/01/2006,106.7,107.07,105.91,106.12,483900
12/04/2006,105.99,107.81,105.99,107.55,233400
12/05/2006,107.7613,109.9335,107.7083,109.5891,544600
12/06/2006,109.14,110.6,108.87,109.99,470800
12/07/2006,109.854,109.907,109.0328,109.2448,451300
12/08/2006,109.27,109.27,108.19,108.29,376400
12/11/2006,108.32,109.4,107.52,108.08,478700
12/12/2006,107.95,109.14,107.84,108.66,307300
12/13/2006,109.03,109.19,108.4,108.48,360200
12/14/2006,108.26,109.01,108.08,108.29,304700
12/15/2006,108.53,108.9,108.21,108.61,230600
12/18/2006,108.56,109.85,107.95,108,378300
12/19/2006,108.1057,108.5825,106.8342,107.4964,549500
12/20/2006,108.21,108.58,106.09,106.36,635400
12/21/2006,106.57,107.26,105.35,105.85,392500
12/22/2006,105.5627,106.5958,105.5627,106.0925,238100
12/26/2006,106.28,107.05,106.17,106.99,166800
12/27/2006,106.46,106.7,106.04,106.3,452600
12/28/2006,106.46,106.89,105.96,106.2,243700
12/29/2006,106.2,106.25,104.26,105.19,430900
01/03/2007,105.85,107.52,105.85,106.75,762700
01/04/2007,106.38,107.28,106.33,107.02,349900
01/05/2007,106.62,106.73,105.7,105.91,342900
01/08/2007,105.91,105.93,104.82,105.19,471700
01/09/2007,105.19,105.62,103.89,104.11,425700
01/10/2007,103.97,104.11,102.3,102.91,819300
01/11/2007,102.83,104.03,102.83,103.39,638400
01/12/2007,103.34,106.28,103.21,105.99,540500
01/16/2007,106.52,107.1,106.36,106.89,417700
01/17/2007,107.02,107.39,106.46,106.86,315000
01/18/2007,106.8607,107.1521,106.4898,107.0461,574700
01/19/2007,106.68,108.69,106.41,108.53,454600
01/22/2007,108.26,108.58,107.71,108.26,590200
01/23/2007,107.68,108.71,107.28,108.66,658000
01/24/2007,108.74,109.99,107.34,109.46,958900
01/25/2007,109.4,109.4,107.47,107.92,1188600
01/26/2007,107.52,108.32,106.62,107.42,1513500
01/29/2007,107.44,108.34,107.21,107.39,367100
01/30/2007,107.66,108.48,107.39,108.29,582700
01/31/2007,108.61,108.61,107.28,108.24,320700
02/01/2007,108.5,109.85,108.5,109.24,615800
02/02/2007,109.1123,110.6752,108.9799,110.2249,398600
02/05/2007,110.15,111.1,110.15,111.1,320300
02/06/2007,111.07,111.07,109.75,110.22,472100
02/07/2007,110.22,110.22,109.17,109.19,538600
02/08/2007,108.61,110.36,107.58,108.16,1007400
02/09/2007,108.32,109.01,106.46,106.89,596500
02/12/2007,106.94,107.44,106.49,106.86,1171300
02/13/2007,106.75,108.03,106.75,107.21,325540
02/14/2007,107.26,108.61,107.18,108.21,511900
02/15/2007,108.48,110.22,108.45,108.61,1114800
02/16/2007,108.61,108.87,108.21,108.48,396900
02/20/2007,108.45,108.71,108.03,108.13,1072900
02/21/2007,108.29,108.4,107.1,107.26,699400
02/22/2007,107.6,107.95,106.33,106.54,604800
02/23/2007,106.36,106.68,105.09,105.3,894400
02/26/2007,105.91,106.49,104.82,104.9,654073
02/27/2007,104.9,105.74,103.417,104.397,1813000
02/28/2007,104.4,105.35,103.66,105.06,510300
03/01/2007,104.24,106.15,103.81,105.46,523759
03/02/2007,105.17,105.7,104.5,104.64,350400
03/05/2007,104.37,104.37,103.31,103.34,349400
03/06/2007,104.1587,104.8474,103.6554,104.1852,501500
03/07/2007,104.85,106.62,104.58,106.09,605800
03/08/2007,106.1719,106.9666,105.854,106.0395,243000
03/09/2007,106.28,106.86,105.8,105.88,179100
03/12/2007,105.91,105.91,103.92,103.95,848800
03/13/2007,103.97,104.08,103.15,103.58,1002300
03/14/2007,103.44,104.93,103.44,104.24,781400
03/15/2007,104.05,105.93,104.05,105.62,592500
03/16/2007,105.62,106.12,104.69,105.27,466700
03/19/2007,105.0593,105.5627,104.4766,104.609,552400
03/20/2007,104.48,105.8,104.48,105.27,636600
03/21/2007,104.95,105.32,104.61,104.85,868600
03/22/2007,102.7812,105.8276,102.7812,105.7481,586800
03/23/2007,105.56,106.22,104.93,105.24,307477
03/26/2007,105.46,105.48,103.68,104.66,388900
03/27/2007,104.5,104.95,103.58,103.81,311300
03/28/2007,103.13,103.87,102.65,103.44,357766
03/29/2007,104.03,104.4,103.07,103.44,1401900
03/30/2007,102.78,105.43,102.78,104.85,1084400
04/02/2007,104.79,105.14,103.66,103.73,811300
04/03/2007,104,105.06,103.5,104.53,894900
04/04/2007,104.58,104.85,103.95,104.66,869982
04/05/2007,104.48,105.4,103.95,105.03,528100
04/09/2007,104.9,106.3,104.9,105.77,366500
04/10/2007,107.8673,107.8673,105.6156,106.0925,369400
04/11/2007,105.96,106.15,105.32,106.04,368300
04/12/2007,105.96,106.22,104.82,105.85,393100
04/13/2007,105.96,106.6,105.48,105.91,333700
04/16/2007,105.91,107.02,105.64,106.62,604600
04/17/2007,106.81,108.16,106.81,107.39,636700
04/18/2007,107.55,108.98,107.55,107.58,618300
04/19/2007,107.34,107.79,106.83,107.39,203000
04/20/2007,107.44,107.66,105.93,106.15,647600
04/23/2007,106.17,106.65,105.77,106.33,760400
04/24/2007,106.22,106.3,105.27,106.09,431900
04/25/2007,105.96,106.57,103.97,106.49,942800
04/26/2007,107.52,111.21,107.15,109.14,704300
04/27/2007,108.82,110.07,108.71,109.32,376000
04/30/2007,109.27,109.67,108.13,108.66,495400
05/01/2007,108.71,109.54,108.32,109.14,636700
05/02/2007,109.01,111.26,108.74,110.62,1200700
05/03/2007,111.26,112.85,110.99,111.79,486218
05/04/2007,111.6024,113.5361,111.5759,113.0858,696800
05/07/2007,113.24,114.52,112.77,113.96,730500
05/08/2007,116.53,116.53,113.99,114.38,1029700
05/09/2007,114.62,115.5,113.91,115.26,370700
05/10/2007,114.94,116,114.68,115.13,438282
05/11/2007,115.36,115.42,114.41,115.02,394900
05/14/2007,115.1,115.23,113.93,114.2,652550
05/15/2007,114.1984,116.7414,114.1984,115.2845,421600
05/16/2007,115.23,116.48,115.23,116.19,582600
05/17/2007,116.29,116.4,115.31,116.16,410300
05/18/2007,116.16,116.77,115.68,116.21,665100
05/21/2007,116.08,117.72,116.08,117.19,517100
05/22/2007,117.3,118.3,116.98,118.3,676600
05/23/2007,117.62,119.84,117.35,119.18,1807100
05/24/2007,118.75,118.75,117.09,117.91,925400
05/25/2007,118.15,118.83,117.59,118.73,769400
05/29/2007,120.45,120.609,118.1454,119.6024,1151800
05/30/2007,119.6,119.87,118.28,119.81,1823300
05/31/2007,120.4,123.55,120.32,122.68,4532800
06/01/2007,122.22,123.02,121.85,122.33,1127800
06/04/2007,122.12,122.44,121.06,121.7,663600
06/05/2007,121.7,121.85,120.53,121.54,639600
06/06/2007,121.7216,121.8537,120.8739,121.2977,757200
06/07/2007,120.77,120.77,119.55,120.03,802470
06/08/2007,119.52,119.87,118.17,119.58,583200
06/11/2007,118.9401,120.3971,118.6752,119.205,898900
06/12/2007,119.3375,119.5759,118.1984,118.2514,511300
06/13/2007,118.22,119.55,118.22,119.52,353000
06/14/2007,119.73,120.66,119.73,120.56,329600
06/15/2007,120.66,122.07,120.48,121.3,467500
06/18/2007,121.32,122.28,120.82,121.43,413000
06/19/2007,121.0328,121.9865,120.6884,121.2977,449200
06/20/2007,120.87,121.59,119.84,119.84,463600
06/21/2007,119.71,121.14,119.28,120.79,422500
06/22/2007,120.82,120.93,120.05,120.34,335900
06/25/2007,120.34,120.56,119.58,120.13,375200
06/26/2007,120.2646,120.3971,119.4434,119.6553,468400
06/27/2007,119.205,119.205,117.6421,118.1454,700900
06/28/2007,117.75,118.15,117.17,117.22,791165
06/29/2007,117.62,117.96,116.37,116.71,733600
