07/25/2001,28.23,29.61,28.23,28.48,2439400
07/26/2001,27.65,27.65,26.79,26.89,2675400
07/27/2001,26.98,27.76,26.98,27.17,1398200
07/30/2001,27.17,27.32,27.17,27.23,766900
07/31/2001,27.23,27.41,27.2,27.37,974600
08/01/2001,27.75,28.56,27.75,28.23,1863700
08/02/2001,28.21,28.42,27.27,27.41,785000
08/03/2001,27.17,27.22,26.7,26.79,1204500
08/06/2001,26.79,26.98,26.12,26.56,1565500
08/07/2001,27.29,29.2,27,28.63,7887804
08/08/2001,28.43,28.48,26.85,27.44,5200141
08/09/2001,26.89,27.22,26.36,27.14,3096279
08/10/2001,26.79,27.12,26.24,26.8,3274313
08/13/2001,26.6,26.7,25.74,26.07,4739737
08/14/2001,26.1,26.87,26.01,26.52,3664647
08/15/2001,26.55,27.17,26.5,26.87,2654209
08/16/2001,26.89,26.94,26.19,26.82,2195448
08/17/2001,26.53,26.81,25.41,26.77,1768932
08/20/2001,26.47,26.54,25.66,26.01,2085731
08/21/2001,26.05,26.28,25.95,26.14,1885421
08/22/2001,25.94,26.08,25.27,26.08,2623658
08/23/2001,25.98,26.02,25.58,25.6,2332521
08/24/2001,25.11,25.56,24.92,25.54,1945537
08/27/2001,25.47,25.66,25.18,25.49,1412599
08/28/2001,24.97,25.16,24.74,24.9,2420618
08/29/2001,24.9,25.6,24.83,25.26,2007859
08/30/2001,25.26,26.12,25.26,25.79,2314959
08/31/2001,25.68,25.99,25.39,25.99,1458060
09/04/2001,25.94,26.8,25.93,26.57,1711668
09/05/2001,26.48,26.65,26,26.44,1705218
09/06/2001,26.4,26.45,25.88,26.02,2101174
09/07/2001,25.36,26.67,25.26,25.51,1801090
09/10/2001,25.38,25.7,25.19,25.27,1003944
09/17/2001,24.01,24.91,23.71,24.16,1651618
09/18/2001,24.14,24.25,23.62,24.04,1748202
09/19/2001,23.72,24.98,23.72,23.95,1523756
09/20/2001,23.92,25.35,23.79,24.64,2041141
09/21/2001,23.92,25.69,23.87,24.73,1902243
09/24/2001,24.71,25.91,24.71,25.52,1860149
09/25/2001,25.55,25.82,24.88,25.16,1558409
09/26/2001,25.08,25.79,25.08,25.68,1015385
09/27/2001,25.39,26.34,25.39,25.9,1633082
09/28/2001,25.86,26.82,25.81,26.53,1024304
10/01/2001,26.56,27.43,26.32,26.89,1110392
10/02/2001,26.98,27.55,26.95,27.27,1204033
10/03/2001,27.33,27.67,27.13,27.54,836055
10/04/2001,27.54,27.73,27.07,27.63,1254397
10/05/2001,27.48,27.95,27.33,27.78,1078913
10/08/2001,27.66,27.7,27.27,27.48,411429
10/09/2001,27.27,27.5,27.27,27.47,763696
10/10/2001,27.41,28.04,27.38,27.76,717725
10/11/2001,27.76,28.47,27.76,28.15,996668
10/12/2001,27.65,28.53,27.65,28.53,1259721
10/15/2001,28.45,28.75,28.29,28.49,672981
10/16/2001,28.42,28.69,27.95,28.66,907733
10/17/2001,28.69,28.74,28.47,28.68,1705670
10/18/2001,27.24,27.76,27.23,27.61,1709166
10/19/2001,27.61,28.18,27.61,28.11,599838
10/22/2001,28.12,28.48,28.01,28.48,469433
10/23/2001,28.46,28.7,28.46,28.51,1052739
10/24/2001,28.56,28.8,28.39,28.66,551861
10/25/2001,28.56,28.91,28.13,28.32,728380
10/26/2001,28.28,28.29,27.51,27.75,932232
10/29/2001,27.74,28.07,26.73,27.95,1291167
10/30/2001,28.43,29.19,28.19,28.79,3579641
10/31/2001,29.62,29.81,29.28,29.57,1605395
11/01/2001,30.15,30.15,29.58,30.05,855847
11/02/2001,30,31.34,29.95,30.33,986903
11/05/2001,30.45,30.48,29.59,29.67,1046731
11/06/2001,29.72,30.61,28.73,30.41,1205654
11/07/2001,29.28,30.81,29.23,30.4,1490883
11/08/2001,30.44,30.45,29.23,29.34,901369
11/09/2001,28.99,29.38,28.61,28.71,1263165
11/12/2001,28.75,28.79,28.43,28.69,691392
11/13/2001,28.71,29.23,28.71,28.95,804776
11/14/2001,28.95,29.67,28.9,29.56,973503
11/15/2001,29.65,29.65,28.65,28.74,1008523
11/16/2001,28.85,29.03,28.71,28.78,851189
11/19/2001,28.9,28.99,27.51,28.66,1406136
11/20/2001,28.75,29.01,28.71,28.93,573616
11/21/2001,29.14,29.76,29.1,29.28,608931
11/23/2001,29.28,29.76,29.28,29.47,243960
11/26/2001,29.67,31.87,29.67,31.33,1183032
11/27/2001,31.36,31.71,30.32,31.13,836123
11/28/2001,31.12,31.54,31.07,31.13,625093
11/29/2001,30.72,31.4,30.65,31.19,445710
11/30/2001,30.86,31.03,30.76,30.87,409428
12/03/2001,30.91,31.04,30.63,30.79,724200
12/04/2001,30.57,31.19,30.09,31.19,587291
12/05/2001,31.11,31.44,29.67,31.26,1243583
12/06/2001,31.29,31.58,30.83,31.43,545909
12/07/2001,31.03,31.04,29.75,30.06,1199607
12/10/2001,29.89,30.17,29.79,29.99,387932
12/11/2001,29.49,29.51,28.89,29.04,823517
12/12/2001,29,29.12,28.17,28.64,1068812
12/13/2001,28.57,29.48,28.43,29.32,929227
12/14/2001,29.07,30.13,28.99,29.59,909176
12/17/2001,29.3,29.35,28.73,28.93,632699
12/18/2001,28.79,29.46,28.74,28.96,771335
12/19/2001,28.99,29.66,28.97,29.26,863848
12/20/2001,29.14,29.23,28.51,28.73,672166
12/21/2001,28.73,29.04,28.61,29.02,869224
12/24/2001,28.8,28.9,28.47,28.51,409921
12/26/2001,28.32,28.94,28.13,28.55,476379
12/27/2001,28.7,28.7,28.28,28.58,739788
12/28/2001,28.33,28.83,28.27,28.47,617078
12/31/2001,28.32,29.42,28.32,29.23,949266
01/02/2002,29.02,29.13,28.73,28.89,823071
01/03/2002,28.82,28.93,28.53,28.72,1072601
01/04/2002,28.72,28.8,28.22,28.28,819957
01/07/2002,28.23,28.42,28.06,28.27,701923
01/08/2002,28.25,29.25,28.21,29.16,893446
01/09/2002,29.17,30.24,29.06,29.34,795406
01/10/2002,29.36,29.4,28.93,29.26,387897
01/11/2002,29.38,29.38,28.57,28.63,441477
01/14/2002,28.51,30.62,28.51,30.44,569114
01/15/2002,30.34,30.37,29.3,29.85,479192
01/16/2002,29.76,30.19,29.67,29.97,412663
01/17/2002,29.78,30.45,29.49,30.4,629470
01/18/2002,30.13,30.51,29.76,29.86,416871
01/22/2002,29.65,30.27,29.03,29.72,416534
01/23/2002,29.47,31.19,29.47,30.36,519266
01/24/2002,30.29,30.91,30.24,30.85,588682
01/25/2002,30.62,31.1,30.54,30.71,357903
01/28/2002,30.57,30.76,30.14,30.76,598892
01/29/2002,31,31.96,30.89,31.19,902807
01/30/2002,30.94,32.23,30.62,31.47,618169
01/31/2002,31.23,31.4,30.63,31.11,622986
02/01/2002,31.05,31.29,30.59,30.95,363015
02/04/2002,31.01,31.53,30.59,30.86,494744
02/05/2002,29.66,32.01,29.66,31.48,1612952
02/06/2002,32.32,32.62,31.9,32.13,1518141
02/07/2002,32.15,32.87,31.93,32.6,927034
02/08/2002,32.26,32.55,31.99,32.55,660511
02/11/2002,32.56,33.25,32.48,33.01,505471
02/12/2002,33.11,33.38,32.92,33.12,571942
02/13/2002,33.51,33.51,32.46,32.94,782830
02/14/2002,32.92,33.32,32.68,33.2,839796
02/15/2002,33.35,33.58,33.06,33.3,829758
02/19/2002,33.2,33.5,32.96,33.49,690445
02/20/2002,33.49,33.95,33.39,33.95,1130533
02/21/2002,34.02,34.8,33.49,33.72,1013862
02/22/2002,33.58,33.7,33.33,33.58,731398
02/25/2002,33.57,33.69,33.1,33.56,786076
02/26/2002,33.56,34.3,33.49,34.14,1141526
02/27/2002,34.02,34.67,33.97,34.35,1997147
02/28/2002,34.38,34.53,34.09,34.23,1008866
03/01/2002,34.46,34.68,34.12,34.29,709403
03/04/2002,34.62,35.01,34.38,34.8,605813
03/05/2002,34.54,34.68,32.98,33.38,594025
03/06/2002,33.36,33.37,32.42,32.76,1265986
03/07/2002,32.29,32.48,31.79,31.81,1713809
03/08/2002,31.83,32.6,31.83,32.26,842776
03/11/2002,32.29,33.02,32.23,33.01,585524
03/12/2002,33.01,33.25,32.84,32.92,500858
03/13/2002,33.16,33.41,32.9,32.92,431993
03/14/2002,33.02,33.1,32.59,32.99,559681
03/15/2002,33.2,34.35,33.14,34.03,692533
03/18/2002,33.91,33.96,32.91,33.34,628761
03/19/2002,33.3,33.67,32.77,33.66,522595
03/20/2002,33.67,35.32,33.67,33.91,964542
03/21/2002,33.92,34.21,33.75,34.13,449038
03/22/2002,33.44,33.44,32.15,32.69,1777244
03/25/2002,32.77,32.8,31.05,31.53,1441469
03/26/2002,31.53,32.46,31.53,32.43,867697
03/27/2002,32.42,32.71,32.23,32.36,907466
03/28/2002,32.37,32.7,32.36,32.56,467016
04/01/2002,32.49,32.75,32.28,32.67,413740
04/02/2002,32.59,32.59,32.26,32.4,363934
04/03/2002,32.36,32.36,31.79,32.25,637640
04/04/2002,31.81,32.51,31.63,32.28,715834
04/05/2002,32.05,32.44,31.86,31.86,506616
04/08/2002,31.73,32.36,31.63,32.33,430646
04/09/2002,32.34,32.72,32.31,32.38,409065
04/10/2002,32.53,32.63,32.1,32.15,856200
04/11/2002,32.15,32.24,31.39,31.56,906024
04/12/2002,31.59,32.24,31.45,32.15,319125
04/15/2002,32.14,32.26,31.71,31.72,309435
04/16/2002,31.72,31.96,31,31.12,706439
04/17/2002,31.04,31.06,30.1,30.61,631572
04/18/2002,30.52,30.54,29.08,30.26,2440996
04/19/2002,30.33,30.91,30.18,30.48,1302776
04/22/2002,30.43,31.1,30.43,30.88,742499
04/23/2002,30.89,30.91,30.47,30.52,650317
04/24/2002,30.55,30.67,28.75,29.52,883573
04/25/2002,31.81,32.53,31.1,32.15,2396994
04/26/2002,32.3,32.68,31.63,32.43,861521
04/29/2002,32.52,32.62,31.74,31.79,637734
04/30/2002,31.86,33.61,31.78,33.21,1094382
05/01/2002,33.41,33.74,33.23,33.66,603299
05/02/2002,33.68,34.28,33.64,34.08,675399
05/03/2002,33.91,33.91,32.73,33.8,583856
05/06/2002,33.68,33.77,33.03,33.07,447928
05/07/2002,33.11,33.47,32.91,32.93,539442
05/08/2002,32.93,33.5,32.86,33.28,379915
05/09/2002,33.21,33.64,33.1,33.36,271391
05/10/2002,33.2,33.47,33.1,33.27,275157
05/13/2002,33.14,33.53,33.07,33.52,428589
05/14/2002,33.4,33.64,33.4,33.63,455968
05/15/2002,33.53,34.6,33.48,34.52,793606
05/16/2002,34.71,35.23,34.08,34.14,919629
05/17/2002,34.16,34.83,34.02,34.77,538409
05/20/2002,34.74,34.88,34.36,34.75,356881
05/21/2002,34.78,35.1,33.97,34.4,464294
05/22/2002,34.46,34.46,33.71,33.93,483573
05/23/2002,34.02,34.16,33.41,33.9,489469
05/24/2002,34.03,34.24,33.79,34.1,374801
05/28/2002,34.02,34.07,33.4,33.89,256780
05/29/2002,33.88,33.89,33.35,33.71,333167
05/30/2002,33.68,34.18,33.26,33.65,485174
05/31/2002,33.6,33.64,32.97,33.46,454703
06/03/2002,32.99,33.07,32.22,32.22,466422
06/04/2002,32.05,32.25,31.43,31.58,704342
06/05/2002,31.77,32.86,31.63,32.78,488241
06/06/2002,32.79,32.88,32.05,32.68,427408
06/07/2002,32.8,33,32.46,32.77,980640
06/10/2002,32.92,32.92,32.35,32.7,508198
06/11/2002,32.73,32.77,30.58,30.95,913283
06/12/2002,30.88,31.02,29.61,30.81,867818
06/13/2002,30.53,31.51,30.53,30.88,516561
06/14/2002,30.89,31.08,30.15,30.86,426667
06/17/2002,31.64,32.77,31.64,32.71,938505
06/18/2002,32.68,33.15,32.55,32.65,930404
06/19/2002,32.65,32.98,32.59,32.72,589604
06/20/2002,32.66,33.07,32.48,32.57,658769
06/21/2002,32.33,32.96,32.27,32.35,736311
06/24/2002,32.29,32.78,31.97,32.46,524766
06/25/2002,32.45,32.6,32.22,32.4,463899
06/26/2002,32.34,32.63,32.06,32.3,684179
06/27/2002,32.4,33.98,32.4,33.97,743322
06/28/2002,33.85,34.51,33.54,34.09,1533127
07/01/2002,34.02,34.04,32.96,33.41,952024
07/02/2002,33.2,33.2,31.82,32.09,938142
07/03/2002,32.1,32.23,30.96,31.69,753453
07/05/2002,31.67,32.63,31.61,32.63,259107
07/08/2002,32.54,32.99,32.49,32.78,580195
07/09/2002,32.9,33.33,30.51,31,913154
07/10/2002,30.47,31.24,28.66,28.85,1347857
07/11/2002,28.78,28.88,27.23,28.54,1737717
07/12/2002,28.49,29.31,27.78,29.13,828152
07/15/2002,28.71,28.82,27.13,28.21,650628
07/16/2002,28,28.85,27.89,28.63,809759
07/17/2002,30.23,30.66,29.56,29.57,1636298
07/18/2002,29.35,30.16,28.75,29.54,1435448
07/19/2002,29.44,29.82,28.55,29.45,1241923
07/22/2002,29.4,29.57,27.82,28.61,1261262
07/23/2002,28.57,28.67,27.97,28.09,1229669
07/24/2002,27.89,30.14,26.79,29.9,1948421
07/25/2002,30.85,32.82,30.42,32.74,1738345
07/26/2002,32.79,34.49,31.71,33.67,1551293
07/29/2002,34.96,34.96,34,34.38,1305130
07/30/2002,34.41,35.68,33.76,34.85,1675466
07/31/2002,34.79,36.01,34.33,35.64,1628854
08/01/2002,35.62,35.62,33.72,34.24,1004084
08/02/2002,33.83,35.12,33.83,34.92,945448
08/05/2002,35.49,35.53,34.48,34.55,1151395
08/06/2002,35.4,35.83,35,35.49,1070117
08/07/2002,35.5,36.33,35.3,36.28,793339
08/08/2002,36.27,37.86,36.22,37.78,1155974
08/09/2002,37.51,38.27,36.82,37.54,1063017
08/12/2002,37.42,37.57,36.75,37.23,932396
08/13/2002,37.08,37.08,35.12,35.17,1902649
08/14/2002,34.42,34.8,34.14,34.66,1766960
08/15/2002,34.68,35.48,34.68,35.19,1581526
08/16/2002,34.73,35.02,34.3,34.56,1247574
08/19/2002,34.31,34.79,34.03,34.72,1046170
08/20/2002,34.59,34.64,34.26,34.5,1086392
08/21/2002,34.56,34.85,34.32,34.75,1391740
08/22/2002,34.77,35.88,34.71,35.54,1206036
08/23/2002,35.5,35.69,35.21,35.36,1323771
08/26/2002,35.38,35.78,34.69,35.65,760883
08/27/2002,35.68,35.76,34.95,35.19,977461
08/28/2002,35.16,35.16,34.31,34.41,349847
08/29/2002,33.73,34.62,33.68,34.45,828496
08/30/2002,34.43,35.51,34.35,35.31,812938
09/03/2002,35.28,35.73,34.64,35.55,1221869
09/04/2002,35.61,36.26,35.34,35.69,997985
09/05/2002,35.77,36.69,35.3,36.51,886975
09/06/2002,37.33,37.76,36.66,37.04,1024949
09/09/2002,37.06,37.34,36.58,36.61,629194
09/10/2002,36.65,36.65,35.49,35.69,873647
09/11/2002,35.71,36.35,35.71,35.88,481144
09/12/2002,35.55,35.55,35.23,35.26,451658
09/13/2002,34.93,35.38,34.83,35.21,681985
09/16/2002,35.19,35.19,34.63,35.05,1076566
09/17/2002,35.13,35.7,34.6,34.81,1624897
09/18/2002,34.73,36.41,34.73,35.96,2146346
09/19/2002,35.95,37.16,35.18,36.7,1462587
09/20/2002,36.89,37.46,36.59,37.36,1492584
09/23/2002,37.12,37.74,37.04,37.42,1128867
09/24/2002,37.42,37.42,35.18,35.32,2978788
09/25/2002,35.71,37.44,35.58,37.26,2136281
09/26/2002,37.39,37.39,36.97,37.18,1243086
09/27/2002,37.23,37.68,37.08,37.15,1093073
09/30/2002,37.01,37.04,36.4,36.64,1213531
10/01/2002,36.64,37.1,36.24,36.95,1144215
10/02/2002,36.86,37.58,36.79,37.05,1280096
10/03/2002,37.08,37.9,36.82,37.24,1758532
10/04/2002,37.2,37.56,36.47,36.69,859033
10/07/2002,36.85,37.52,36.17,36.79,1306698
10/08/2002,36.99,37.11,36.57,36.77,1548170
10/09/2002,36.76,37.51,36.54,36.95,1513237
10/10/2002,37.32,37.47,36.86,37.07,1177302
10/11/2002,37.21,37.74,36.82,37.18,1527470
10/14/2002,37.21,39.16,37.21,39.03,1776723
10/15/2002,39.82,39.93,37.99,38.1,2595714
10/16/2002,38.14,38.72,37.59,38.27,1686411
10/17/2002,39.96,40.49,39.64,40.22,2033157
10/18/2002,41.12,41.12,39.59,39.69,1194962
10/21/2002,39.68,39.8,38.96,39.57,1418318
10/22/2002,39.63,40.45,39.15,39.46,2638714
10/23/2002,39.19,39.9,39.09,39.47,1652515
10/24/2002,39.76,40.19,38,38.24,1629881
10/25/2002,39.47,39.66,38.74,39.21,1436317
10/28/2002,39.45,39.51,38.36,38.5,575013
10/29/2002,38.56,38.81,38.03,38.2,952136
10/30/2002,38.32,38.47,38.01,38.16,661120
10/31/2002,38.75,39.72,38.75,39.44,1309446
11/01/2002,40.66,40.66,39.46,39.72,1644148
11/04/2002,40.05,40.05,39.19,39.42,951031
11/05/2002,39.46,39.75,39.18,39.49,1387880
11/06/2002,39.65,40.37,39.41,40.15,712179
11/07/2002,40.19,41.08,40.09,40.76,1055387
11/08/2002,40.2,40.87,39.3,39.5,1485605
11/11/2002,39.46,39.99,38.83,39.09,445183
11/12/2002,39.08,39.11,38.14,38.26,896134
11/13/2002,38.13,38.75,38.07,38.27,1186547
11/14/2002,38.5,38.76,38,38.26,613094
11/15/2002,38.25,39,38.25,38.73,879738
11/18/2002,38.97,39.78,38.88,39.13,569445
11/19/2002,38.97,39.47,38.97,39.35,662859
11/20/2002,39.83,40.19,39.44,39.99,577686
11/21/2002,39.89,40.07,38.13,38.33,1029369
11/22/2002,37.79,37.91,34.45,37.26,4090991
11/25/2002,37.24,37.35,34.53,35.9,3374324
11/26/2002,35.9,36.85,35.57,36.49,2379401
11/27/2002,36.53,36.87,36.52,36.73,1092882
11/29/2002,36.67,36.73,36.04,36.04,283132
12/02/2002,36.07,36.68,35.01,35.81,1492267
12/03/2002,35.78,37.5,35.73,37.47,1522172
12/04/2002,37.54,38.02,36.92,37.76,1056819
12/05/2002,37.79,37.99,37.22,37.54,781999
12/06/2002,36.99,37.61,36.76,37.6,854303
12/09/2002,37.61,38.05,37.41,37.7,1255996
12/10/2002,37.95,38.46,37.33,38.32,1360734
12/11/2002,38.35,38.96,37.71,38.83,1178128
12/12/2002,38.52,38.57,38.11,38.18,870124
12/13/2002,38.17,38.17,37.51,37.56,893600
12/16/2002,37.28,37.68,37.12,37.68,688527
12/17/2002,37.28,37.38,36.95,37.16,1042488
12/18/2002,37.13,38.03,36.98,37.89,1398281
12/19/2002,37.7,38.85,37.56,38.01,1123527
12/20/2002,38.01,38.52,37.95,38.31,1234256
12/23/2002,38.24,39.14,37.99,39.02,752206
12/24/2002,38.99,39.03,38.63,38.79,228998
12/26/2002,38.8,38.8,38.19,38.55,590710
12/27/2002,38.55,38.64,38.13,38.23,571407
12/30/2002,37.96,38.93,37.93,38.85,757636
12/31/2002,38.86,40.27,38.75,39.73,1483733
01/02/2003,39.9,40.05,38.28,38.56,1591851
01/03/2003,38.7,39.2,38.53,38.71,982712
01/06/2003,38.74,39.07,38.58,38.87,809047
01/07/2003,38.69,38.81,38.36,38.5,612565
01/08/2003,38.55,38.69,38.24,38.24,573947
01/09/2003,38.28,38.6,38.14,38.51,710192
01/10/2003,38.49,38.68,38.11,38.24,597760
01/13/2003,38.21,38.21,37.4,37.48,1115702
01/14/2003,37.2,37.24,36.58,36.91,1095463
01/15/2003,36.84,36.87,36.55,36.71,699953
01/16/2003,36.74,36.99,36.45,36.51,811886
01/17/2003,36.42,38.06,36.39,37.88,1161602
01/21/2003,38.29,38.52,37.19,37.2,608872
01/22/2003,37.21,37.67,37.13,37.32,605260
01/23/2003,37.41,37.8,37.2,37.71,495679
01/24/2003,37.65,37.89,37.33,37.45,1180343
01/27/2003,37.46,37.64,36.58,36.71,755395
01/28/2003,37.11,37.82,36.52,37.77,1390182
01/29/2003,37.74,39.45,37.46,39.23,2097396
01/30/2003,40.21,40.49,38.59,39.21,1994993
01/31/2003,39.24,39.52,38.89,39.23,1363724
02/03/2003,39.35,40.19,39.18,39.79,955987
02/04/2003,39.37,39.46,38.61,39.06,908436
02/05/2003,38.95,40.12,38.95,39.58,882891
02/06/2003,39.63,40.07,39.32,39.89,1006380
02/07/2003,40.09,41.14,40.09,40.47,2251548
02/10/2003,40.52,40.84,39.71,40.63,1047169
02/11/2003,40.63,40.96,40.07,40.28,658762
02/12/2003,40.32,40.33,39.45,39.67,759223
02/13/2003,39.69,40.04,39.22,39.79,736522
02/14/2003,39.75,40.64,39.7,40.01,1080957
02/18/2003,40.05,40.9,40.01,40.89,720705
02/19/2003,40.42,40.63,39.82,40.18,626786
02/20/2003,40.18,41.33,40.18,41.15,1158731
02/21/2003,41.3,42.14,40.97,42.05,1552658
02/24/2003,42.07,42.28,41.76,41.78,1070500
02/25/2003,41.59,43.02,41.57,42.99,2012884
02/26/2003,43.01,43.6,42.53,42.73,2206532
02/27/2003,42.81,43.24,42.44,42.9,1517431
02/28/2003,42.89,43.22,42.35,42.48,1362358
03/03/2003,42.69,43.04,41.75,41.83,1247269
03/04/2003,41.82,42.35,41.71,41.78,949907
03/05/2003,41.81,42.43,41.47,42.33,1073683
03/06/2003,42.3,42.99,41.94,42.85,1083469
03/07/2003,42.67,43.35,42.39,43.25,883137
03/10/2003,43.21,43.21,42.47,42.49,644977
03/11/2003,42.52,42.78,41.88,41.89,823769
03/12/2003,41.48,42.17,41.28,42.1,1173370
03/13/2003,42.55,42.88,41.93,42.71,1077246
03/14/2003,43.99,45.85,43.89,44.7,2841816
03/17/2003,44.61,46.89,44.49,46.82,1907820
03/18/2003,46.96,47.28,45.71,46.51,1797933
03/19/2003,45.67,46.29,45.31,46.14,1479290
03/20/2003,46.11,46.98,46.02,46.55,1103232
03/21/2003,47.15,47.78,46.96,47.55,1217859
03/24/2003,46.79,46.93,46.38,46.8,708515
03/25/2003,46.84,47.38,46.44,46.94,1175198
03/26/2003,46.96,46.96,45.89,46.16,1416926
03/27/2003,46.12,46.53,45.48,46.26,989409
03/28/2003,46.27,47.6,46.17,47.3,1143159
03/31/2003,47.13,47.21,46.44,46.49,882396
04/01/2003,46.74,47.48,46.5,47.38,848993
04/02/2003,47.44,47.44,44.32,44.38,3652666
04/03/2003,45.19,45.19,44.38,44.39,1429063
04/04/2003,44.58,44.9,43.44,44.04,1256495
04/07/2003,44.83,45.5,43.34,43.4,972613
04/08/2003,43.55,45.12,43.55,44.68,931842
04/09/2003,44.97,45.66,44.37,44.61,915132
04/10/2003,44.73,45.68,44.64,45.46,851275
04/11/2003,45.7,45.83,45.07,45.1,1062386
04/14/2003,45.29,45.71,45.07,45.33,656692
04/15/2003,45.17,45.31,44.64,44.73,1076238
04/16/2003,44.97,45.54,42.77,42.77,1694469
04/17/2003,42.75,43.87,42.75,43.49,2548321
04/21/2003,43.64,43.93,43.36,43.49,1166312
04/22/2003,43.41,44.15,42.64,44.08,1534361
04/23/2003,44.13,44.88,43.38,44.51,1224238
04/24/2003,46.28,46.28,45.04,45.77,1807601
04/25/2003,45.66,46.22,45.23,45.38,891396
04/28/2003,45.38,45.83,45.12,45.54,1075231
04/29/2003,45.63,45.66,44.8,45.16,1302586
04/30/2003,45.19,45.19,44.2,44.83,1263965
05/01/2003,44.74,44.75,44.02,44.03,994394
05/02/2003,43.87,45.85,43.87,45.46,1739598
05/05/2003,45.84,45.84,44.7,45.08,1171204
05/06/2003,45.22,46.13,44.75,45.89,1068494
05/07/2003,45.24,45.63,44.81,45.29,1139269
05/08/2003,45.33,45.72,44.79,45.06,796099
05/09/2003,44.99,44.99,44.19,44.49,1067440
05/12/2003,44.58,46.18,43.02,46.02,2211168
05/13/2003,45.81,46.51,45.3,45.95,1109436
05/14/2003,46.43,46.58,45.84,46.24,789356
05/15/2003,46.36,46.84,46.05,46.79,914578
05/16/2003,46.79,46.99,46.55,46.77,653637
05/19/2003,46.78,47.08,45.98,46.2,706109
05/20/2003,43.16,43.63,41.81,42.52,9851021
05/21/2003,42.58,42.58,41.09,41.89,5089873
05/22/2003,41.93,44.49,41.84,43.8,4015129
05/23/2003,42.6,44.09,42.5,43.93,2176416
05/27/2003,43.86,44.3,43.51,44.19,1431441
05/28/2003,44.22,44.22,43.43,43.56,1334961
05/29/2003,43.68,44.72,43.46,43.97,1756129
05/30/2003,44.11,44.39,42.58,42.92,3469396
06/02/2003,42.93,43.03,41.32,41.5,3750425
06/03/2003,41.79,42.27,41.65,42.01,3348131
06/04/2003,41.89,41.89,40.55,40.83,5457486
06/05/2003,40.68,40.78,39.44,40.66,4279357
06/06/2003,41.17,42.33,41.11,42.07,2653693
06/09/2003,41.82,42.38,41.49,42.37,1687971
06/10/2003,42.62,43.2,42.58,43.08,2185059
06/11/2003,43.25,44.1,42.77,44,1715151
06/12/2003,44.4,44.6,43.73,44.49,1863021
06/13/2003,44.73,44.93,44.32,44.64,1696863
06/16/2003,44.88,45.15,44.37,45.15,1527134
06/17/2003,44.89,44.89,43.31,44.63,2576100
06/18/2003,44.44,44.62,43.54,44.62,1408305
06/19/2003,44.61,44.61,42.14,42.51,2070703
06/20/2003,42.51,42.85,42.15,42.45,2014369
06/23/2003,42.39,42.4,41.51,42.01,1054937
06/24/2003,42.02,42.35,41.45,42.05,1042192
06/25/2003,42.05,42.28,41.62,42.25,1214561
06/26/2003,42.29,43.15,42.02,43.07,775307
06/27/2003,43.07,43.33,42.39,42.65,893086
06/30/2003,42.8,43.47,42.45,43.08,1054955
07/01/2003,43.16,43.68,42.76,43.59,1213790
07/02/2003,43.43,43.8,43.14,43.69,985191
07/03/2003,43.66,43.66,42.83,43.17,880762
07/07/2003,43.44,43.54,42.98,43.52,845846
07/08/2003,43.77,43.79,43.31,43.51,756132
07/09/2003,43.32,43.51,42.36,42.45,1233362
07/10/2003,42.62,43.41,42.33,43.19,1223861
07/11/2003,43.33,43.33,42.7,43.04,861238
07/14/2003,43.15,43.19,42.63,42.78,1209224
07/15/2003,42.92,42.92,42.31,42.58,928199
07/16/2003,42.88,42.93,41.82,42.42,1066990
07/17/2003,42.44,43.39,42.44,43.25,1429840
07/18/2003,43.44,43.47,43.2,43.37,927900
07/21/2003,43.35,43.47,43.03,43.25,635042
07/22/2003,43.23,43.43,42.69,43.32,874878
07/23/2003,43.41,43.44,42.77,43.26,992987
07/24/2003,44.3,44.64,43.71,43.77,1624750
07/25/2003,44.06,44.72,43.71,44.69,1412382
07/28/2003,44.74,45.72,44.3,45.57,1552742
07/29/2003,45.66,47.04,45.64,46.67,2262925
07/30/2003,46.66,46.85,45.65,45.77,1442241
07/31/2003,45.94,46.24,45.46,45.74,1202008
08/01/2003,45.87,46.02,45.29,45.32,955512
08/04/2003,45.18,45.63,44.51,45.37,769391
08/05/2003,45.28,45.5,44.98,45.22,894482
08/06/2003,46.08,49.09,46.08,48.25,9199653
08/07/2003,47.84,48.32,47.59,48.19,3079115
08/08/2003,47.79,47.94,47.24,47.34,1674816
08/11/2003,47.19,47.32,46.67,47.03,1103149
08/12/2003,46.98,48.23,46.57,47.91,2072358
08/13/2003,47.87,47.87,47.19,47.33,1554514
08/14/2003,47.3,47.53,46.77,47.24,1963084
08/15/2003,47.13,47.13,46.37,46.59,1118203
08/18/2003,46.33,46.86,46.12,46.78,2218870
08/19/2003,46.77,46.77,46.42,46.5,1521539
08/20/2003,46.63,47.19,45.88,46.19,3556785
08/21/2003,46.24,47.02,46.2,46.93,5031303
08/22/2003,46.87,46.88,46.4,46.7,1798929
08/25/2003,46.71,46.77,46.21,46.63,936666
08/26/2003,46.38,46.86,46.1,46.78,1404029
08/27/2003,46.84,46.94,46.46,46.62,2032447
08/28/2003,49.73,49.73,48.05,49.34,3786920
08/29/2003,49.29,49.84,49.12,49.51,1355967
09/02/2003,49.76,50.94,49.57,50.94,4847029
09/03/2003,50.95,51.24,50.71,50.79,2439517
09/04/2003,50.73,51.68,50.73,51.25,1590928
09/05/2003,51.27,51.67,50.71,50.76,1479066
09/08/2003,50.77,51.54,50.62,51.37,1022718
09/09/2003,51.33,51.33,50.65,50.75,1897534
09/10/2003,50.73,50.9,50.23,50.32,1628000
09/11/2003,50.09,50.23,49.74,49.84,1328372
09/12/2003,49.85,50.16,49.46,50.11,1061599
09/15/2003,50.27,50.49,50.1,50.18,1027073
09/16/2003,50.34,50.47,50.12,50.36,1485785
09/17/2003,50.43,51.83,50.19,51.51,2177830
09/18/2003,51.65,52.21,51.35,51.96,1498447
09/19/2003,52,52.05,50.93,51.38,1416816
09/22/2003,51.34,51.93,51.14,51.82,1388179
09/23/2003,51.96,53.43,51.67,53.2,1904928
09/24/2003,53.36,54.61,53.27,53.31,2388847
09/25/2003,53.38,53.41,51.97,52.5,1698543
09/26/2003,52.5,53.28,52.29,53.12,1443113
09/29/2003,53.12,53.68,52.78,53.15,3014742
09/30/2003,52.86,53.03,52.45,52.73,2312940
10/01/2003,52.75,53.37,52.49,53.28,1399853
10/02/2003,53.45,54.07,53.44,53.75,1129933
10/03/2003,53.75,54.54,53.75,54.24,1992946
10/06/2003,54.2,55.65,53.91,55.38,2182168
10/07/2003,55.21,55.21,54.14,54.85,1223942
10/08/2003,54.8,55.08,54.56,54.75,790897
10/09/2003,54.97,55.07,54.42,54.58,1730929
10/10/2003,54.41,54.53,53.96,54.13,1530371
10/13/2003,54.04,54.05,53.08,53.42,2144481
10/14/2003,53.25,53.98,53.23,53.82,1402744
10/15/2003,54.06,55.31,54.06,55.06,1879856
10/16/2003,55.02,55.91,54.86,55.64,1287530
10/17/2003,56.18,56.18,55.66,56.01,1809263
10/20/2003,56.04,56.79,55.87,56.65,1741503
10/21/2003,56.65,57.26,56.1,56.36,2180112
10/22/2003,56.33,56.38,55.9,56.16,1041938
10/23/2003,59.08,59.89,57.65,59.32,3669601
10/24/2003,59.29,59.29,57.19,58.56,2227892
10/27/2003,58.63,59.02,58.23,58.74,1055148
10/28/2003,59.01,60.23,58.86,60.1,1099173
10/29/2003,59.99,60.28,59.99,60.24,1093738
10/30/2003,60.24,60.54,59.71,60.02,2131928
10/31/2003,60.16,61.36,60.13,61.03,1869687
11/03/2003,61.68,62.15,60.77,61.8,1710021
11/04/2003,61.81,62.19,61.47,62.03,1057965
11/05/2003,62.03,62.18,61.51,62.02,786793
11/06/2003,62.07,62.8,61.59,62.51,809167
11/07/2003,62.51,62.74,62.07,62.27,770789
11/10/2003,62.27,62.48,61.68,61.72,767047
11/11/2003,61.71,61.71,60.26,60.46,1394404
11/12/2003,60.5,61.42,59.99,61.41,1226510
11/13/2003,61.37,61.72,60.83,61.33,1143428
11/14/2003,61.24,61.63,60.65,60.99,1080958
11/17/2003,61.07,61.53,60.67,61.39,843062
11/18/2003,61.4,61.73,60.73,61,916467
11/19/2003,60.91,60.96,60.23,60.86,798684
11/20/2003,60.72,61.55,60.28,60.97,691518
11/21/2003,61.27,61.31,60.56,60.73,612613
11/24/2003,60.87,62.58,60.87,62.52,684989
11/25/2003,62.5,62.88,62.14,62.3,820441
11/26/2003,62.48,62.89,61.59,62.66,597645
11/28/2003,62.7,63.43,62.37,63.09,373305
12/01/2003,63.64,65.07,63.54,64.86,652398
12/02/2003,64.9,65.27,64.58,64.76,824064
12/03/2003,64.98,65.18,64.48,64.56,688142
12/04/2003,64.57,64.71,62.48,63.29,1001937
12/05/2003,63.02,63.39,62.64,62.97,665490
12/08/2003,63.11,64.36,63.07,64.06,1109530
12/09/2003,64.33,64.84,62.83,62.96,937094
12/10/2003,63.68,64.04,62.62,62.8,886613
12/11/2003,62.95,63.83,62.73,63.07,969045
12/12/2003,63.23,63.68,62.89,63.55,560891
12/15/2003,64.5,64.51,63.04,63.38,963902
12/16/2003,63.74,64.09,63.09,64.08,879545
12/17/2003,63.84,65.9,63.84,65.77,1736693
12/18/2003,66.02,66.86,65.83,66.55,1302102
12/19/2003,66.55,66.93,65.88,66.36,2427878
12/22/2003,66.4,66.83,66.06,66.21,932745
12/23/2003,66.45,66.46,64.98,65.1,1457934
12/24/2003,65.16,65.97,64.92,65.71,510374
12/26/2003,65.78,66.15,65.73,66.06,248347
12/29/2003,66.24,68.14,66.24,68.12,1131453
12/30/2003,68.41,68.78,67.61,67.81,1002873
12/31/2003,68.32,68.32,67.31,67.36,1062188
01/02/2004,67.73,67.92,66.87,66.99,682618
01/05/2004,67.22,67.65,66.02,66.38,1180155
01/06/2004,66.03,66.31,65.3,66.05,1204154
01/07/2004,66.34,66.89,65.97,66.76,876359
01/08/2004,66.98,68.14,66.61,68.08,1148599
01/09/2004,68.04,68.61,67.8,67.83,790984
01/12/2004,67.8,68.61,67.6,67.79,670076
01/13/2004,68.01,68.26,66.71,66.96,1165947
01/14/2004,67.13,67.61,66.98,66.98,929409
01/15/2004,66.47,67.86,66.04,67.64,814593
01/16/2004,70.37,72.86,70.23,72.86,2982569
01/20/2004,72.82,72.82,70.91,71.06,2039329
01/21/2004,71.09,71.86,71.06,71.57,1112024
01/22/2004,71.58,72.63,71.36,71.58,803395
01/23/2004,71.84,72.17,71.18,71.4,1056858
01/26/2004,71.6,73.66,71.6,73.6,797718
01/27/2004,73.82,73.92,72.38,72.38,1080287
01/28/2004,72.46,73.05,70.06,70.16,966160
01/29/2004,70.37,72.31,70.37,71.95,974860
01/30/2004,72.01,73.33,70.73,73.15,1427005
02/02/2004,73.6,74.54,73.13,73.81,1184187
02/03/2004,74.05,74.61,73.55,74.57,790446
02/04/2004,74.33,75.02,73.92,74.48,866823
02/05/2004,74.45,74.45,72.63,73.08,939104
02/06/2004,73.6,75.9,73.18,75.76,978922
02/09/2004,75.83,76.2,74.13,74.53,1124635
02/10/2004,74.34,75.18,73.53,74.15,1694455
02/11/2004,74.17,75.52,73.71,75.33,1024082
02/12/2004,75.41,75.56,74.89,74.95,795447
02/13/2004,74.12,75.27,73.88,74.19,783761
02/17/2004,74.32,74.76,73.65,74.13,722443
02/18/2004,74.61,74.78,74.13,74.47,1261136
02/19/2004,74.56,75.08,74.1,74.76,1503769
02/20/2004,75.26,75.26,74.16,74.27,1120347
02/23/2004,74.48,74.67,73.36,73.65,1041239
02/24/2004,73.45,74.85,73.37,73.9,1060918
02/25/2004,74.04,74.32,73.52,74.1,658468
02/26/2004,74.14,74.14,73.34,73.46,561592
02/27/2004,73.34,73.37,72.22,72.42,1251078
03/01/2004,72.87,75.14,72.68,74.86,1034454
03/02/2004,74.74,75.03,73.05,73.62,921119
03/03/2004,73.05,74.23,73.05,74.11,763908
03/04/2004,73.82,74.25,73.37,74.24,665085
03/05/2004,74.27,75.96,73.93,75.7,875660
03/08/2004,75.88,78.15,75.83,77.17,1572588
03/09/2004,76.45,76.69,75.57,76.12,705518
03/10/2004,76.24,76.74,74.48,74.85,903376
03/11/2004,73.67,73.85,72.53,72.68,1029731
03/12/2004,73.09,74.15,72.45,73.93,916174
03/15/2004,73.77,73.77,71.44,73.28,1275265
03/16/2004,73.43,73.78,72.41,73.14,971108
03/17/2004,73.23,74.6,73.22,74.42,624133
03/18/2004,74.21,74.22,72.62,73.24,837261
03/19/2004,73.06,73.06,71.38,71.62,1427899
03/22/2004,70.73,70.79,67.06,69.64,3189025
03/23/2004,69.87,70.88,69.41,70.33,1346935
03/24/2004,70.26,70.37,68.44,68.86,1362140
03/25/2004,69,69.77,68.41,69.76,861622
03/26/2004,69.68,69.68,68.23,69.07,809820
03/29/2004,69.01,70.25,68.48,69.79,1160232
03/30/2004,69.83,70.1,69.44,69.95,683749
03/31/2004,70.14,70.76,69.42,70.54,858224
04/01/2004,70.68,71.12,70.47,70.77,954439
04/02/2004,73.94,75.39,73.67,74.67,2840252
04/05/2004,75.09,76.47,74.9,76.2,1346119
04/06/2004,75.69,76.01,75.02,75.63,879468
04/07/2004,75.39,75.58,74.84,75.4,886843
04/08/2004,75.99,76.01,74.86,75.25,684950
04/12/2004,75.44,75.89,75.14,75.76,576036
04/13/2004,75.88,76.01,75.05,75.27,668282
04/14/2004,74.61,75.51,74.2,75.37,966635
04/15/2004,75.44,75.84,74.29,75.09,502868
04/16/2004,76.5,77.98,76.36,77.35,1464851
04/19/2004,77.26,77.77,76.98,77.35,842504
04/20/2004,77.26,77.38,75.21,75.97,1241926
04/21/2004,75.99,79.87,75.94,78.58,1938299
04/22/2004,79.44,81.5,79.28,80.95,1586958
04/23/2004,80.72,80.79,79.1,79.28,852697
04/26/2004,79.92,80.71,79.51,80.4,1021913
04/27/2004,79.86,80.34,76.68,77.3,2301826
04/28/2004,77.26,77.88,76.25,77.05,2086262
04/29/2004,77.11,78.46,76.38,77.37,1165804
04/30/2004,77.43,78.21,76.29,76.43,759000
05/03/2004,76.69,78.8,76.49,78.49,1377351
05/04/2004,78.3,78.94,77.36,78.66,1084178
05/05/2004,78.65,80.42,78.46,80.22,1747649
05/06/2004,79.13,79.97,77.94,78.61,821596
05/07/2004,78.4,79.7,78.07,78.33,927354
05/10/2004,77.75,77.95,75.42,76.3,1159904
05/11/2004,76.5,77.54,75.6,77.46,1961218
05/12/2004,76.48,76.75,75.28,76.38,1939769
05/13/2004,76.36,78.21,76.36,77.75,1136886
05/14/2004,77.53,78.84,77.21,78.47,1106305
05/17/2004,77.5,78.69,77.17,78.49,1155394
05/18/2004,78.67,79.44,78.67,79.36,1409992
05/19/2004,79.69,80.74,78.45,78.54,1190163
05/20/2004,78.55,79.48,78.26,78.6,696641
05/21/2004,79.06,80.05,79.06,79.97,930114
05/24/2004,80.18,80.27,77.85,78.08,1271212
05/25/2004,77.36,80.37,76.54,80.14,2423568
05/26/2004,79.94,81.54,79.18,81.43,2487169
05/27/2004,81.5,81.57,80.79,81.52,1520343
05/28/2004,81.51,81.99,80.55,81.68,1135932
06/01/2004,81.46,82.16,81.14,81.9,1266334
06/02/2004,82.16,83.78,82,83.33,1346192
06/03/2004,82.96,83.07,82.05,82.65,1782235
06/04/2004,83.35,83.48,82.79,83.25,1245011
06/07/2004,83.69,84.15,82.86,83.99,901400
06/08/2004,83.88,84.16,83.11,84.04,1195774
06/09/2004,84,84.18,82.93,82.93,1002453
06/10/2004,82.92,83.73,82.92,83.36,738925
06/14/2004,83.01,83.8,82.93,83.34,525729
06/15/2004,84.1,84.1,83.26,83.86,598802
06/16/2004,83.76,83.97,83.13,83.13,648613
06/17/2004,83.07,83.1,81.69,82.32,1243167
06/18/2004,82.13,82.98,82.13,82.56,1281218
06/21/2004,82.48,83.33,82.2,82.29,745630
06/22/2004,82.35,82.57,81.38,81.59,1283895
06/23/2004,82.4,83.48,81.66,83.32,823127
06/24/2004,83.73,84.02,83.16,83.96,850001
06/25/2004,83.74,84.69,83.5,84.43,1179421
06/28/2004,84.53,84.6,81.46,82.22,1628440
06/29/2004,82.3,83.35,82.1,83.34,1371126
06/30/2004,83.84,85.13,83.56,84.37,1620508
07/01/2004,84.49,85.11,82.72,83.79,1301454
07/02/2004,84.02,84.05,82.46,82.87,856804
07/06/2004,82.93,83.98,82.55,83.89,864986
07/07/2004,83.99,85.31,83.99,85.25,1223895
07/08/2004,85.3,85.58,84.41,85.06,1031021
07/09/2004,85.08,85.18,81.49,81.56,2096387
07/12/2004,81.36,82.2,78,79.19,3504475
07/13/2004,79.48,80.1,78.22,78.49,2148724
07/14/2004,78.6,79.99,77.98,79.31,1659151
07/15/2004,79.37,80.1,78.86,79.02,915728
07/16/2004,75.39,75.82,72.57,73.87,7031876
07/19/2004,75.28,75.78,72.46,73.08,3080313
07/20/2004,73.15,74.63,72.98,74.63,1518869
07/21/2004,74.81,74.9,72.61,72.61,2060406
07/22/2004,72.52,73.01,71.49,72.21,2319570
07/23/2004,72.38,73.09,71.68,72.68,1064478
07/26/2004,72.7,72.82,70.57,70.7,1254917
07/27/2004,70.76,74.5,70.63,73.3,1749668
07/28/2004,73.56,73.56,68.34,70.63,3155099
07/29/2004,61.73,71.06,61.63,70.14,9387233
07/30/2004,69.45,74.41,69.14,73.01,4733625
08/02/2004,73.08,74.22,72.1,72.87,2187530
08/03/2004,73.49,73.51,72.65,73.07,1275151
08/04/2004,73.05,73.05,71.43,72.27,1310968
08/05/2004,72.31,72.32,68.13,68.49,3047564
08/06/2004,67.95,68.1,65.75,66.81,2327091
08/09/2004,66.51,67.98,66.51,66.84,1074994
08/10/2004,67.38,68.88,67.05,68.77,1347084
08/11/2004,68.65,69.9,67.94,69.78,1124974
08/12/2004,69.75,69.75,68.74,68.83,1015361
08/13/2004,68.38,68.66,67.73,68.3,855213
08/16/2004,68.23,69.21,67.97,68.7,1000319
08/17/2004,68.89,69.48,68.64,69.09,801051
08/18/2004,68.97,70.5,68.77,70.39,725064
08/19/2004,70.33,70.46,69.28,70.26,1017715
08/20/2004,70.05,70.72,69.81,70.1,1282643
08/23/2004,70.15,70.5,69.34,69.51,758810
08/24/2004,69.59,69.64,68.26,68.59,1187995
08/25/2004,69.01,69.7,68.56,69.63,902660
08/26/2004,69.42,69.53,68.5,68.71,678948
08/27/2004,68.68,69.38,68.3,68.98,729488
08/30/2004,68.58,68.88,67.76,67.89,554352
08/31/2004,68.17,68.43,67.51,68.18,993683
09/01/2004,68.25,70.24,68.2,70.05,917394
09/02/2004,70.13,72.63,70.04,72.46,1407136
09/03/2004,72.67,73.24,71.38,71.52,919670
09/07/2004,71.71,73.86,71.67,73.7,1553995
09/08/2004,74.63,75.03,73,73.44,1543846
09/09/2004,73.68,73.87,72.28,72.79,861803
09/10/2004,72.64,72.97,71.97,72.48,852266
09/13/2004,73,73.87,72.58,73.87,924169
09/14/2004,73.84,74.53,73.35,73.76,1479978
09/15/2004,73.82,73.82,72.35,72.54,1120384
09/16/2004,72.52,73.07,71.85,72.65,901021
09/17/2004,72.62,73.64,72.52,73.57,1223969
09/20/2004,75.1,75.47,73.87,75.29,1724250
09/21/2004,75.3,76.16,74.9,76.03,1406731
09/22/2004,75.71,76.04,73.77,74.32,1580956
09/23/2004,74.57,74.73,74.08,74.43,783887
09/24/2004,74.42,76.67,74.42,76.22,1494858
09/27/2004,75.87,75.87,73.64,73.84,1386237
09/28/2004,74.08,74.49,73.54,74.12,1055883
09/29/2004,74.38,75.66,74.01,75.12,1459478
09/30/2004,75.15,75.67,74.41,75.65,1397759
10/01/2004,75.73,76.56,74.97,75.35,1028015
10/04/2004,76.4,76.46,75.68,75.97,960009
10/05/2004,76.18,76.4,74.67,74.87,1230428
10/06/2004,74.99,75.08,74.44,74.73,928933
10/07/2004,74.77,74.94,72.37,72.45,1621394
10/08/2004,72.43,72.53,70.38,71.01,1965856
10/11/2004,71.11,72.45,70.99,71.41,1079625
10/12/2004,70.86,72.04,69.78,71.61,1576032
10/13/2004,71.83,72.14,70.67,71.23,1074422
10/14/2004,71.09,72.05,69.8,70.26,1601290
10/15/2004,70.14,70.15,67.17,68.23,4149728
10/18/2004,68.22,69.21,68.03,68.93,2314510
10/19/2004,69.86,69.92,66.56,66.89,1847158
10/20/2004,66.9,67.94,65.64,67.94,2845736
10/21/2004,68.99,69.09,66.68,67.13,3190839
10/22/2004,67.14,67.17,65.6,66.03,2902673
10/25/2004,65.55,65.55,64.45,64.96,2949127
10/26/2004,65.41,68.93,64.14,68.92,5702010
10/27/2004,70.6,73.14,70.17,72.63,3408158
10/28/2004,72.26,72.75,71.84,72.74,2510151
10/29/2004,72.62,74.49,72.45,74.24,2244493
11/01/2004,74.27,74.27,72.26,73,1980034
11/02/2004,74.16,74.43,72.49,72.81,1752897
11/03/2004,74.59,74.68,73.21,74.5,2218020
11/04/2004,76.11,76.37,74.91,76.36,2131906
11/05/2004,77.33,78.26,77.23,78.15,2128100
11/08/2004,76.8,77.41,75.71,76.15,1671667
11/09/2004,76.03,76.71,75.22,75.59,1179095
11/10/2004,75.51,75.94,75.05,75.42,1207410
11/11/2004,76.14,77.46,75.87,77.34,1053468
11/12/2004,76.76,76.78,75.6,76.28,1305336
11/15/2004,75.64,76.49,75.64,76.15,897986
11/16/2004,75.84,76.26,75.17,75.74,942156
11/17/2004,76.03,77.13,75.79,76.21,1276360
11/18/2004,76.22,76.23,74.91,75.06,1909139
11/19/2004,75.05,75.2,73.52,73.68,1199855
11/22/2004,73.66,75.44,73.24,75.07,1413584
11/23/2004,74.98,75.57,74.31,75.03,1915529
11/24/2004,75.67,76.34,75.67,76.23,832164
11/26/2004,76.39,76.73,76.1,76.13,320171
11/29/2004,76.09,77.3,75.69,77.02,1454184
11/30/2004,76.61,78.17,76.61,78.13,1567379
12/01/2004,78.15,79.79,77.67,79.78,1397192
12/02/2004,79.22,80.05,79.13,79.78,1582299
12/03/2004,79.22,80.36,78.69,79.11,1210203
12/06/2004,79.13,79.13,77.8,78.89,875199
12/07/2004,78.66,79.44,77.93,77.97,1047101
12/08/2004,77.79,79.31,77.68,79.04,814073
12/09/2004,78.57,80.76,78.46,80.7,917406
12/10/2004,79.87,80.53,79.68,80.24,720721
12/13/2004,80.43,81.04,80,80.37,806208
12/14/2004,79.98,81.31,79.42,80.67,1028151
12/15/2004,80.22,80.22,76.47,78.02,2943143
12/16/2004,77.74,77.88,75.96,76.26,2869468
12/17/2004,75.04,76.45,75.04,76.1,2570687
12/20/2004,76.32,77.51,76.24,77.08,1544938
12/21/2004,77.31,78.62,77.21,77.78,1778911
12/22/2004,78.43,79.37,78.3,78.39,1445906
12/23/2004,78.14,78.15,76.3,76.71,1402051
12/27/2004,77.03,77.33,75.85,76.06,904576
12/28/2004,76.11,77.2,75.88,77.2,1192806
12/29/2004,76.92,78.14,76.92,77.44,1081617
12/30/2004,77.38,77.92,77.13,77.4,484052
12/31/2004,77.37,77.6,76.69,76.69,557063
01/03/2005,76.79,77.49,75.94,75.95,1402248
01/04/2005,76.29,76.64,75.91,75.91,1246012
01/05/2005,76.11,76.7,75.22,75.34,1118112
01/06/2005,75.6,76.54,75.56,76.19,1089500
01/07/2005,76.43,76.98,75.51,76.07,1161250
01/10/2005,75.88,77.07,75.69,76.75,1162267
01/11/2005,76.41,76.81,76.14,76.46,1382957
01/12/2005,76.49,77.14,76.02,76.25,1774928
01/13/2005,76.28,76.76,73.54,73.85,3683214
01/14/2005,74.61,75.55,73.46,75.37,2614104
01/18/2005,75.14,77.45,74.88,77.27,1638155
01/19/2005,76.94,77.68,76.47,76.79,1962455
01/20/2005,76.9,77.83,76.54,77.59,1708657
01/21/2005,77.93,78.05,76.77,77.03,1258130
01/24/2005,76.31,77.02,75.82,76.52,1978728
01/25/2005,76.77,77.3,76.17,76.69,1480631
01/26/2005,77.03,77.67,76.98,77.5,1354530
01/27/2005,77.05,77.07,75.72,76.47,2608931
01/28/2005,76.37,76.56,76.03,76.43,1487038
01/31/2005,76.62,76.88,75.2,75.35,2522065
02/01/2005,79.21,84.17,79.21,83.63,6245287
02/02/2005,83.57,85.2,82.44,82.94,2976587
02/03/2005,82.27,83.17,82.18,82.83,1472193
02/04/2005,83.03,83.92,82.98,83.41,1592689
02/07/2005,82.96,82.96,81.39,81.78,2074246
02/08/2005,81.34,82.45,80.86,81.75,1618521
02/09/2005,80.66,81.5,80.61,80.61,1745540
02/10/2005,80.59,81.93,79.69,81.55,2496763
02/11/2005,81.47,82.24,80.58,81.42,1428473
02/14/2005,81.26,81.43,79.51,79.98,1937898
02/15/2005,79.08,79.78,78.69,79.58,2400205
02/16/2005,79.2,80.92,79.2,80.73,1623393
02/17/2005,80.16,82.94,80.16,82.37,3556400
02/18/2005,82.32,82.71,81.97,82.08,2068754
02/22/2005,81.89,82.42,80.54,81.03,2407981
02/23/2005,81.02,81.3,80.14,80.55,1890623
02/24/2005,80.57,81.35,79.93,81.18,1472414
02/25/2005,81.18,82.33,81.13,82.24,1223730
02/28/2005,82.05,82.3,80.82,82.19,1771487
03/01/2005,82.77,82.86,81.82,82,1525876
03/02/2005,81.91,82.37,81.37,81.92,1088512
03/03/2005,81.94,82.45,81.57,82.32,1653182
03/04/2005,82.38,82.64,81.49,81.79,940153
03/07/2005,81.79,81.92,80.48,80.84,1475729
03/08/2005,80.5,80.61,78.51,78.58,2239379
03/09/2005,78.51,79.39,77.03,79.09,1961744
03/10/2005,78.67,79,76.93,77.34,2717284
03/11/2005,77.32,77.32,75.48,75.59,2634574
03/14/2005,76.02,76.03,74.27,75.43,1921445
03/15/2005,75.68,76.06,74.26,75.83,1946121
03/16/2005,75.6,76.02,75.02,75.73,1568448
03/17/2005,75.72,77.28,75.67,76.79,1998456
03/18/2005,76.83,78.09,76.56,77.95,2910011
03/21/2005,77.79,77.82,76.45,76.79,954414
03/22/2005,76.71,76.97,76.08,76.26,2382974
03/23/2005,76.22,76.23,75.03,75.3,2131806
03/24/2005,75.52,76.26,75.03,76,1474492
03/28/2005,76.49,78.55,76.25,77.83,1647099
03/29/2005,77.82,78.66,77.33,78.27,1980608
03/30/2005,78.3,79.15,77.91,79.03,1243673
03/31/2005,71.77,75.27,71.06,74.45,11479757
04/01/2005,74.41,74.43,69.54,71.49,7594168
04/04/2005,71.32,71.54,70.46,71.33,3353463
04/05/2005,71.24,73.59,71.1,73.35,2610120
04/06/2005,73.36,75.71,73.3,73.51,2848461
04/07/2005,73.74,74.56,73.17,74.13,1305415
04/08/2005,74.37,74.37,72.99,73.29,1008571
04/11/2005,73.51,73.85,73.13,73.61,1337733
04/12/2005,73.58,73.59,72.35,73.56,1404953
04/13/2005,73.55,74.05,72.95,73.04,862554
04/14/2005,73.08,73.25,72.35,72.91,1487769
04/15/2005,72.77,75,72.68,74.15,2641207
04/18/2005,74.14,74.54,72.95,73.48,1891318
04/19/2005,73.48,74.06,72.51,73.66,1756627
04/20/2005,74.64,75.45,73.79,74.31,1792390
04/21/2005,74.94,75.84,74.47,75.57,1354019
04/22/2005,75.59,75.75,74.92,75.45,1280493
04/25/2005,75.4,77.17,75.4,76.66,2019655
04/26/2005,79.17,80.32,76.33,76.63,3778921
04/27/2005,76.42,78.29,76.16,78.18,2261863
04/28/2005,78.2,78.84,77.65,77.79,1457010
04/29/2005,78.02,78.32,76.56,77.92,1210290
05/02/2005,77.86,78.46,76.63,77.44,1817772
05/03/2005,77.5,77.68,76.65,76.94,1347366
05/04/2005,76.88,78.27,76.87,77.88,1079589
05/05/2005,77.83,78.11,77.11,77.51,1007202
05/06/2005,77.62,77.76,76.56,76.57,2089494
05/09/2005,76.69,77.08,75.59,76.02,1951762
05/10/2005,75.78,75.78,74.15,74.7,2474975
05/11/2005,74.89,75.67,74.18,75.45,1254541
05/12/2005,74.42,75.24,74.37,74.58,1305332
05/13/2005,73.52,73.95,72.86,73.34,1682822
05/16/2005,73.67,74.76,73.67,74.66,924158
05/17/2005,74.41,74.76,73.99,74.67,1204259
05/18/2005,74.66,75.14,73.91,74.19,1533936
05/19/2005,74.24,74.94,74.09,74.87,1413901
05/20/2005,75.32,75.32,74.22,74.5,1159664
05/23/2005,74.48,75.71,74.42,75.16,1161712
05/24/2005,75.17,75.57,74.68,75.38,832801
05/25/2005,75.1,75.17,73.82,74.47,1262354
05/26/2005,74.84,75.26,74.18,74.43,1171577
05/27/2005,74.71,74.73,74.2,74.35,1247551
05/31/2005,74.08,74.13,73.2,73.3,1365895
06/01/2005,73.04,73.82,72.55,72.95,1335411
06/02/2005,72.85,73.62,72.52,73.18,870603
06/03/2005,73.07,75.49,72.98,75.33,1757624
06/06/2005,75.33,75.36,74.47,74.99,833811
06/07/2005,75.15,76.55,74.95,76.01,1584897
06/08/2005,76.08,76.14,75.3,75.59,923225
06/09/2005,75.61,76.25,75.14,75.67,1094295
06/10/2005,75.45,75.94,75.11,75.89,1009688
06/13/2005,75.81,76.87,75.79,76.54,1318164
06/14/2005,76.63,77.81,76.58,77.62,1398090
06/15/2005,77.28,77.5,75.49,75.49,2825388
06/16/2005,75.88,77.21,75.69,76.79,1850592
06/17/2005,77.48,77.65,76.73,77.3,1501709
06/20/2005,76.88,77.05,76.32,76.9,1200383
06/21/2005,76.08,76.44,75.52,75.6,1781118
06/22/2005,73.54,74.35,72.68,72.8,6071083
06/23/2005,72.95,72.98,71.99,72.26,2664969
06/24/2005,72.26,73.36,71.93,73,1858633
06/27/2005,72.7,73.65,72.63,73.07,1288110
06/28/2005,73.32,74.36,73.29,74.28,1995928
06/29/2005,75.06,75.06,72.41,73.93,1201438
06/30/2005,74.01,74.72,72.77,72.84,1377684
07/01/2005,73.64,73.7,72.75,73.56,680576
07/05/2005,73.23,74.04,73.19,73.96,631290
07/06/2005,73.84,74,72.61,72.74,901923
07/07/2005,72,73.45,71.9,73.32,1062070
07/08/2005,73.26,74.64,72.89,74.38,1428105
07/11/2005,74.8,75.18,74.57,75.04,1017503
07/12/2005,74.81,75.21,74.68,75.11,934574
07/13/2005,75.2,75.34,74.96,75.28,649605
07/14/2005,75.29,75.8,75.26,75.71,1092792
07/15/2005,75.58,76.4,75.36,75.91,1454853
07/18/2005,75.44,75.48,74.62,74.88,1135873
07/19/2005,74.93,75.49,74.73,74.99,1326883
07/20/2005,74.99,77.49,74.99,77.31,2022029
07/21/2005,77.36,78,76.63,77.32,1088455
07/22/2005,77.33,77.84,77.24,77.7,948223
07/25/2005,77.48,78.32,77.48,77.86,1139946
07/26/2005,77.83,78.7,77.62,77.9,1122374
07/27/2005,78.35,79.89,77.98,79.53,1749830
07/28/2005,78.22,78.76,75.94,78.26,4505372
07/29/2005,78.47,78.89,77.56,78.84,2289977
08/01/2005,78.87,78.96,76.65,76.66,2102724
08/02/2005,77.02,77.81,76.96,77.59,1442071
08/03/2005,77.17,77.61,76.85,77.53,1333231
08/04/2005,77.6,78.29,77.3,77.47,995027
08/05/2005,77.7,77.7,76.78,76.89,1191314
08/08/2005,76.71,77.04,76.04,76.45,868617
08/09/2005,76.58,77.57,76.43,77.39,1030632
08/10/2005,77.62,77.94,76.41,76.58,919325
08/11/2005,76.83,77.85,76.83,77.12,956187
08/12/2005,76.92,77.11,75.91,76.84,800711
08/15/2005,76.87,78.25,76.37,78.02,993805
08/16/2005,77.61,78.41,77.6,78.19,995515
08/17/2005,77.9,78.95,77.8,78.46,985002
08/18/2005,78.46,79.29,78.2,79.07,1036567
08/19/2005,79.1,79.14,78.35,78.71,824948
08/22/2005,78.77,79.37,78.1,78.8,865197
08/23/2005,78.85,78.95,77.51,78.05,873205
08/24/2005,78.09,79.35,78.05,78.53,808325
08/25/2005,78.56,78.63,77.53,77.84,684600
08/26/2005,77.77,78.04,77.15,77.83,581443
08/29/2005,77.81,78.5,77.14,78.37,530589
08/30/2005,78.22,78.22,77.12,77.53,823049
08/31/2005,77.92,78.63,76.83,78.61,968618
09/01/2005,78.36,78.68,77.56,78.59,901226
09/02/2005,78.63,79.31,78.42,79.15,829933
09/06/2005,79.12,80.25,78.76,80.07,1006316
09/07/2005,80.01,81.44,79.28,79.5,2234132
09/08/2005,78.92,78.92,75.21,76.24,4547394
09/09/2005,76.78,76.99,74.83,75.1,2709597
09/12/2005,75,75.36,74.37,74.86,2305315
09/13/2005,74.11,74.12,70.25,70.82,8014600
09/14/2005,70.36,70.98,68.8,69.03,5633634
09/15/2005,69.15,70.34,68.96,69.21,3537191
09/16/2005,69.56,69.58,68.42,69.18,2640639
09/19/2005,69.37,69.57,67.32,67.61,2286861
09/20/2005,67.78,68.14,66.17,66.59,4219345
09/21/2005,66.82,67.04,65.91,66.47,3063884
09/22/2005,66.78,66.82,65.77,66.5,1747546
09/23/2005,66.74,67.68,66.14,67.64,1992377
09/26/2005,68.26,68.26,66.57,66.6,1823169
09/27/2005,66.01,66.78,64.95,66.24,3010280
09/28/2005,66.58,66.67,65.33,65.52,1925344
09/29/2005,65.38,65.49,64.68,65.09,1587055
09/30/2005,65.56,66.55,65.31,65.95,1798611
10/03/2005,65.79,66.33,65.04,65.19,1275091
10/04/2005,65.31,66.4,65.31,65.45,1480243
10/05/2005,64.65,65.04,63.74,63.93,2065675
10/06/2005,63.82,64.57,61.42,62.14,3282959
10/07/2005,62.4,63.3,62.4,63.08,2559093
10/10/2005,63.16,63.5,62.59,62.7,1574483
10/11/2005,64.4,64.4,61.33,61.51,3256473
10/12/2005,61.39,62.92,59.73,62.6,4444112
10/13/2005,62.61,63.77,62.55,63.29,2794975
10/14/2005,63.72,64.44,62.88,64.39,1821784
10/17/2005,64.22,65.34,63.98,65.19,2075610
10/18/2005,65.31,65.47,64.81,64.98,1401873
10/19/2005,60.47,62.19,59.64,60.52,6079107
10/20/2005,60.65,60.97,59.58,59.93,2531774
10/21/2005,59.52,59.86,57.69,59.45,4672550
10/24/2005,59.98,60.49,59.38,60.43,2458506
10/25/2005,60.62,60.62,59.94,60.45,1474152
10/26/2005,60.47,61.4,60.47,61.03,3232045
10/27/2005,60.9,61.09,58.69,58.99,3609971
10/28/2005,58.87,60.64,58.87,60.44,3871330
10/31/2005,61,61.31,60.08,61.02,2313690
11/01/2005,61.19,61.59,60.63,61.46,1739039
11/02/2005,61.46,62.93,61.46,62.81,2866681
11/03/2005,63.1,63.31,62.28,62.72,2650409
11/04/2005,62.56,62.93,62.21,62.83,1146439
11/07/2005,63.35,64.13,63.16,64.01,1681504
11/08/2005,63.9,64.51,63.61,64.08,1399510
11/09/2005,64.21,64.55,63.51,63.81,1613275
11/10/2005,63.96,64.64,63.21,64.59,1537275
11/11/2005,64.78,64.78,63.64,64.22,814797
11/14/2005,64.28,64.39,63.05,63.13,1007937
11/15/2005,62.98,63.61,62.81,63.17,1365337
11/16/2005,63.32,63.49,61.74,61.9,1931273
11/17/2005,60.99,61.28,59.55,60.27,4116404
11/18/2005,60.76,61.32,60.45,61.01,2085605
11/21/2005,61.24,61.25,60.44,60.59,1466719
11/22/2005,60.48,60.75,59.6,59.7,2332020
11/23/2005,59.72,60.03,59.19,59.45,1710401
11/25/2005,59.58,59.58,58.71,58.86,806808
11/28/2005,58.77,59.47,58.71,59.23,2080323
11/29/2005,59.35,60.2,59.35,59.81,2235471
11/30/2005,60.04,60.77,59.39,59.95,2235382
12/01/2005,59.95,61.94,59.93,61.47,2958287
12/02/2005,62.17,67.71,62.04,66.67,10410181
12/05/2005,67.28,67.94,66.66,66.84,3780645
12/06/2005,66.96,67.04,64.51,64.7,3306123
12/07/2005,64.78,65.66,64.48,64.83,2484442
12/08/2005,64.78,65.06,64.01,64.17,2591904
12/09/2005,64.51,65.75,64.43,65.69,2777665
12/12/2005,65.66,66.36,65.12,66.26,2042989
12/13/2005,66.06,66.79,65.7,65.81,2173360
12/14/2005,65.72,66.53,65.72,66.52,1525563
12/15/2005,66.72,68.06,66.13,66.98,2594308
12/16/2005,67.64,68.55,67.27,68.42,2872973
12/19/2005,68.29,68.29,66.7,67.16,2624686
12/20/2005,67.8,67.9,65.14,65.3,2654522
12/21/2005,64.64,66.36,64.34,66.31,2296541
12/22/2005,66.71,66.73,65.63,66.55,1318737
12/23/2005,66.84,67.04,65.84,66.11,689905
12/27/2005,66.05,66.45,65.13,65.39,1122226
12/28/2005,65.38,65.79,65.05,65.56,778620
12/29/2005,65.62,65.74,65.06,65.08,934959
12/30/2005,64.98,64.99,64.24,64.54,1035726
01/03/2006,64.76,65.73,63.53,65.49,1635141
01/04/2006,65.51,66.32,65.15,66.16,1082267
01/05/2006,66.15,66.31,65.28,65.44,1090243
01/06/2006,65.71,65.85,64.84,65.09,1320121
01/09/2006,65.34,67.56,64.78,67.41,1259323
01/10/2006,67.37,67.38,65.06,67.13,1710557
01/11/2006,67.57,69.49,67.52,68.86,2332552
01/12/2006,68.79,69.71,68.21,69.31,1730128
01/13/2006,69.13,69.13,67.43,67.55,1546989
01/17/2006,67.54,68.32,67.4,67.66,1922970
01/18/2006,67.46,68.52,67.46,68.32,1122432
01/19/2006,69.03,69.05,67.47,67.68,1226296
01/20/2006,67.46,67.51,65.85,66.09,1981729
01/23/2006,66.31,66.69,65.6,66.02,836317
01/24/2006,65.79,66.34,63.52,63.82,3442264
01/25/2006,64.67,64.88,63.84,64.21,1455748
01/26/2006,64.67,65.85,63.69,63.73,1720766
01/27/2006,65.09,68.2,64.99,66.82,2212218
01/30/2006,67.5,67.73,66.66,66.98,1678985
01/31/2006,68.41,69.61,65.26,65.97,4898758
02/01/2006,66.16,67.02,65.1,65.3,2528628
02/02/2006,64.89,65.51,64.29,65,2199212
02/03/2006,64.95,65.33,63.96,64.2,1660379
02/06/2006,64.21,64.33,62.9,63.83,1514603
02/07/2006,63.92,66.17,63.66,64.36,2663791
02/08/2006,64.4,64.92,63.92,64.67,1181650
02/09/2006,64.62,66.2,64.39,65.5,1467131
02/10/2006,65.72,65.72,64.86,65.52,968468
02/13/2006,65.63,65.76,64.97,65.62,669948
02/14/2006,65.86,66.24,65.13,65.73,984527
02/15/2006,65.71,66.02,65.12,65.49,1062949
02/16/2006,65.38,65.97,65.3,65.94,936427
02/17/2006,65.89,67.09,65.68,66.77,1522076
02/21/2006,66.71,66.74,65.73,66.25,1200652
02/22/2006,66.59,67.11,66.34,66.6,1115116
02/23/2006,66.69,67.08,65.94,66.37,1312262
02/24/2006,66.12,66.59,65.57,66.39,862979
02/27/2006,66.6,67.58,66.48,67.29,797457
02/28/2006,66.92,66.96,65.73,66.2,1032100
03/01/2006,66.13,66.85,65.55,66.44,917828
03/02/2006,66.03,66.46,65.48,65.68,865866
03/03/2006,65.17,66.16,64.69,65.57,1153560
03/06/2006,65.4,66.05,64.92,65.35,714963
03/07/2006,65.09,65.56,64.69,64.81,887904
03/08/2006,64.84,65.48,63.87,65.31,1220100
03/09/2006,65.26,65.36,64.35,64.41,842582
03/10/2006,64.38,65.15,64.38,64.92,1259323
03/13/2006,64.91,65.75,64.88,65.61,1321841
03/14/2006,65.7,66.12,65.28,65.6,1192601
03/15/2006,65.77,65.96,65.42,65.75,1716491
03/16/2006,66,66.36,65.7,65.8,731900
03/17/2006,66.1,66.47,65.55,66.19,1203229
03/20/2006,66.46,67.17,66.26,66.63,1560513
03/21/2006,66.45,66.9,65.45,65.7,1098754
03/22/2006,65.62,66.52,65.53,66.41,744934
03/23/2006,66.3,66.3,64.45,65.92,1530586
03/24/2006,66.03,66.31,65.44,65.59,781445
03/27/2006,64.41,64.44,62.8,63.18,2942269
03/28/2006,62.95,63.13,62.1,62.29,1908082
03/29/2006,62.56,64,62.56,63.84,1953127
03/30/2006,63.73,64.83,63.73,64.35,1683151
03/31/2006,64.64,64.92,64.37,64.67,3162189
04/03/2006,64.68,64.88,64.18,64.67,1222903
04/04/2006,64.7,65.07,64.4,64.52,2730186
04/05/2006,64.41,64.84,64.14,64.25,2202445
04/06/2006,64.27,64.38,63.42,63.78,1384853
04/07/2006,63.6,64.18,62.92,63.11,1911595
04/10/2006,63.13,63.82,63.04,63.29,1039688
04/11/2006,63.19,63.67,62.77,63.03,1068637
04/12/2006,62.74,63.46,62.18,62.69,2336801
04/13/2006,64.52,64.52,63.02,63.26,1304247
04/17/2006,62.96,63.2,62.67,63.02,1018839
04/18/2006,62.93,64.56,62.93,64.39,1289556
04/19/2006,64.33,64.52,63.69,63.75,1290870
04/20/2006,63.63,64.13,63.11,63.49,958550
04/21/2006,64.87,65.87,63.27,63.56,2177175
04/24/2006,63.34,64.83,63.04,64.14,1895672
04/25/2006,64.01,64.02,62.98,63.32,1467483
04/26/2006,62.19,64.2,62.19,62.9,1944125
04/27/2006,60.46,60.91,57.64,59.42,7035429
04/28/2006,60.31,61.34,60.18,60.2,4850991
05/01/2006,60.75,60.86,59.98,60.21,2829192
05/02/2006,60.4,60.66,59.25,59.36,1706913
05/03/2006,59.34,59.48,58.18,58.35,3099782
05/04/2006,58.54,58.74,57.94,58.07,2187943
05/05/2006,57.82,58.53,57.81,58.33,1720344
05/08/2006,58.7,59.47,58.54,59.23,2458738
05/09/2006,59.85,59.95,58.87,58.89,1519355
05/10/2006,58.94,60.07,58.7,59.56,1743460
05/11/2006,59.63,60.18,59.14,59.92,1890619
05/12/2006,60.08,60.24,59.46,59.55,1427531
05/15/2006,59.45,60.18,59.07,59.52,1512811
05/16/2006,59.5,60.22,59.49,60.03,1542829
05/17/2006,59.58,60.03,58.88,59.24,1354750
05/18/2006,58.41,59.65,58.41,59.3,1704741
05/19/2006,59.34,59.37,58.38,58.95,1856605
05/22/2006,58.7,59.44,58.66,59.18,1846932
05/23/2006,59.2,59.57,57.78,58.06,1870427
05/24/2006,58.08,58.51,57.21,58.21,2093492
05/25/2006,58.55,59.01,58.21,58.51,2001033
05/26/2006,58.62,58.78,58.08,58.21,1314026
05/30/2006,57.9,58.84,57.73,57.79,1669708
05/31/2006,57.92,58.52,57.67,57.91,1362460
06/01/2006,57.89,58.61,57.83,58.39,1431222
06/02/2006,58.35,59.02,58.16,58.58,1538896
06/05/2006,58.68,58.85,58.22,58.44,1547069
06/06/2006,58.66,59.62,58.66,59.58,2659163
06/07/2006,59.61,60.84,59.51,60.51,3132085
06/08/2006,61.52,61.52,60.41,61.02,2492060
06/09/2006,60.96,61.53,60.7,61.05,1178261
06/12/2006,61.23,61.94,61.04,61.07,1502446
06/13/2006,61.45,62.79,61.4,62.41,2667347
06/14/2006,62.19,62.64,62.19,62.55,1535903
06/15/2006,62.95,63.36,62.57,63.08,1374840
06/16/2006,63.49,63.66,62.8,63.09,1484295
06/19/2006,63.41,63.69,62.02,62.27,2052601
06/20/2006,62.15,62.15,60.91,61.16,2071386
06/21/2006,61.01,61.31,60.65,60.85,1866134
06/22/2006,60.94,60.94,59.7,60.39,2526530
06/23/2006,60.12,60.7,59.94,60.32,698114
06/26/2006,55.41,56.44,54.24,56.09,12560658
06/27/2006,55.14,55.15,53.28,53.4,6859420
06/28/2006,53.85,54.31,53.62,54.29,4003517
06/29/2006,54.28,55.53,54.28,55.49,2611769
06/30/2006,55.45,55.5,54.16,54.28,2114448
07/03/2006,53.82,54.68,53.8,54.59,702431
07/05/2006,54.43,54.62,53.74,54.21,2027110
07/06/2006,54.61,55.15,54.53,54.87,1306839
07/07/2006,54.56,54.86,54.35,54.65,1697169
07/10/2006,54.91,55.17,54.46,54.67,951758
07/11/2006,54.46,54.85,54.39,54.57,1656028
07/12/2006,54.54,54.69,53.74,54.06,2286884
07/13/2006,53.89,54.17,52.97,53.06,2083865
07/14/2006,53.1,53.33,52.29,52.48,1452446
07/17/2006,52.63,53.2,52.48,52.73,1307656
07/18/2006,52.92,52.98,51.2,51.65,3060496
07/19/2006,51.65,52.87,51.59,52.12,3312999
07/20/2006,52.01,52.16,50.72,50.75,2902250
07/21/2006,49.92,52.7,49.92,52.17,2401327
07/24/2006,52.64,53.24,52.5,53.08,3226631
07/25/2006,53.08,54.93,52.81,54.58,4263443
07/26/2006,54.56,57.35,54.31,57.27,4871677
07/27/2006,57.38,58.28,56.3,57.97,3274041
07/28/2006,58.27,60.23,57.58,60.2,3604456
07/31/2006,59.92,60.68,59.79,60.49,2681530
08/01/2006,60.41,61.84,60.17,61.45,3558470
08/02/2006,62.91,63.63,62.44,62.78,4673564
08/03/2006,60.97,62.44,60.68,62.3,3864954
08/04/2006,62.38,63.04,62.29,62.94,2175663
08/07/2006,62.93,63.09,62.21,62.97,1781345
08/08/2006,63.16,64.02,62.84,63.41,2201722
08/09/2006,63.51,64.53,63.48,64.1,2651276
08/10/2006,63.83,64.69,63.39,64.61,1702310
08/11/2006,64.19,65.68,63.96,65.26,2597995
08/14/2006,64.99,64.99,63.58,64.11,3056354
08/15/2006,64.51,64.82,64.04,64.25,1910527
08/16/2006,64.47,64.47,63.14,63.72,3785183
08/17/2006,63.5,64.56,63.49,64.44,1773496
08/18/2006,64.39,65.16,63.78,64.91,1290811
08/21/2006,64.4,64.8,64.05,64.57,1564716
08/22/2006,63.99,64.72,63.98,64.46,1378141
08/23/2006,64.44,64.47,63.92,64.35,1336233
08/24/2006,64.62,65.72,64.3,65.31,1147299
08/25/2006,64.95,65.71,64.77,65.51,756364
08/28/2006,65.5,65.61,65.21,65.41,1092888
08/29/2006,64.95,66.01,64.85,65.95,1082821
08/30/2006,65.95,66.19,65.13,65.18,1241112
08/31/2006,65.2,65.37,64.85,65.06,875411
09/01/2006,65.17,66.09,64.98,65.43,945943
09/05/2006,65.04,65.11,63.96,64.31,1673447
09/06/2006,63.74,65.46,63.72,64.81,1716312
09/07/2006,64.63,65.3,64.01,64.05,1583747
09/08/2006,63.82,64.6,63.53,64.47,979354
09/11/2006,64.26,64.56,63.89,64.29,1069728
09/12/2006,63.97,64.71,63.85,63.98,1339308
09/13/2006,64.21,64.72,63.75,64.02,1423484
09/14/2006,63.83,64.69,63.82,64.41,1536886
09/15/2006,64.41,65.7,64.02,65.38,2222350
09/18/2006,65.23,66.11,65.18,65.58,1209835
09/19/2006,65.71,66.43,65.64,66.01,1214603
09/20/2006,65.74,65.8,64.75,65.71,1402526
09/21/2006,65.65,66.09,65.15,65.48,697493
09/22/2006,65.45,65.45,64.37,64.93,931216
09/25/2006,65,65.2,64.05,65.06,886037
09/26/2006,65.05,65.1,64.4,65.03,868792
09/27/2006,64.86,65.28,64.51,64.6,836644
09/28/2006,64.83,65.16,64.45,64.58,845106
09/29/2006,64.17,64.89,64.17,64.57,891625
10/02/2006,64.7,64.7,64.01,64.25,869458
10/03/2006,64.4,65.8,64.31,65.62,1199028
10/04/2006,65.72,67.57,64.98,67.29,2024495
10/05/2006,67.23,68.04,67.19,67.87,1396536
10/06/2006,67.39,67.69,67.04,67.51,841544
10/09/2006,67.37,68.04,66.82,67.69,959003
10/10/2006,67.72,68.12,67.46,68,1246181
10/11/2006,67.95,69.28,67.8,68.02,1657699
10/12/2006,68.28,70.09,68.08,69.39,1826574
10/13/2006,68.42,68.57,67.72,68.25,2250390
10/16/2006,68.32,68.5,67.2,67.5,1003744
10/17/2006,67.02,67.17,66.41,66.55,1562174
10/18/2006,66.5,68.77,66.5,68.1,2283419
10/19/2006,67.83,68.24,67.08,67.08,1337619
10/20/2006,67.26,67.83,67.07,67.55,1248585
10/23/2006,67.27,68.86,67.26,68.61,718745
10/24/2006,68.47,69.24,67.66,68.81,1479199
10/25/2006,68.59,68.6,67.55,67.99,1316915
10/26/2006,66.98,69.64,66.01,69.02,3909149
10/27/2006,68.86,68.9,67.91,68.19,983874
10/30/2006,68.28,68.83,68.23,68.29,791110
10/31/2006,68.5,69.39,68.48,68.87,1048360
11/01/2006,68.77,69.4,68.27,68.68,1033829
11/02/2006,68.7,69.27,68.18,69.16,1302434
11/03/2006,69.44,70.44,69.44,69.71,1541646
11/06/2006,70.14,71.81,69.85,71.55,1830211
11/07/2006,71.73,71.73,71.03,71.51,1339214
11/08/2006,70.85,71.03,70.08,70.93,1551156
11/09/2006,70.72,70.8,69.81,70.05,978938
11/10/2006,70.38,71.06,69.72,70.89,1155079
11/13/2006,70.7,71.45,70.35,70.91,825970
11/14/2006,70.8,71.36,70.51,71.17,908957
11/15/2006,70.92,71.91,70.78,71.23,1095154
11/16/2006,71.3,72.16,71.3,71.99,659108
11/17/2006,71.77,71.77,71.48,71.77,903609
11/20/2006,71.01,71.04,69.78,70.51,4133529
11/21/2006,70.5,71.27,70.34,70.84,1420464
11/22/2006,70.61,70.87,69.67,70.05,1052805
11/24/2006,69.9,70.09,69.55,69.61,770516
11/27/2006,69.56,69.8,69.28,69.73,978562
11/28/2006,69.49,69.76,69.07,69.29,815987
11/29/2006,69.81,70.48,69.61,70.31,827527
11/30/2006,70.32,70.34,69.27,69.82,969482
12/01/2006,69.72,70.72,69.72,70.67,953715
12/04/2006,70.69,72.4,70.69,71.72,1403873
12/05/2006,71.76,71.93,71.3,71.32,1273712
12/06/2006,71.14,71.95,70.74,71.7,673442
12/07/2006,72.04,72.41,71.43,71.5,953974
12/08/2006,71.48,72.51,71.35,71.64,788881
12/11/2006,72.31,74.54,71.93,72.91,1516040
12/12/2006,72.88,74.6,72.88,74.27,2153492
12/13/2006,74.17,74.27,73.52,74.13,1299997
12/14/2006,73.13,74.04,72.71,73.67,2013422
12/15/2006,74.02,74.11,73.27,73.66,1458842
12/18/2006,73.68,73.85,72.69,73.16,1210154
12/19/2006,72.89,73.71,72.82,73.58,982045
12/20/2006,73.62,74.33,73.3,74.04,887276
12/21/2006,74.06,74.83,74.04,74.19,1054471
12/22/2006,74.23,74.39,73.69,74.05,1226881
12/26/2006,74.31,75.28,74.02,75.2,1045207
12/27/2006,75.28,75.67,73.79,75.28,1173414
12/28/2006,74.91,75.1,74.49,74.67,630395
12/29/2006,74.5,75.25,74.5,74.93,663730
01/03/2007,75.45,75.84,73.65,73.7,1627028
01/04/2007,74.91,75.54,74.19,75.38,1727124
01/05/2007,74.96,75.55,74.56,75.37,966486
01/08/2007,75.44,75.6,74.75,74.84,1448039
01/09/2007,75.1,75.69,74.83,74.86,1005571
01/10/2007,74.78,74.97,74.29,74.7,801562
01/11/2007,75,75.43,74.73,75.13,1156305
01/12/2007,75.09,76.11,75.03,75.21,1020553
01/16/2007,75.24,75.48,74.99,75.32,769299
01/17/2007,75.48,76.07,75.05,75.89,861416
01/18/2007,76.03,76.42,75.27,75.93,1386741
01/19/2007,76.03,76.03,74.61,75.3,1038965
01/22/2007,75.26,75.8,75.16,75.38,950191
01/23/2007,75.46,75.71,75.12,75.38,799102
01/24/2007,75.48,75.68,75.26,75.67,1056700
01/25/2007,75.8,76.06,75.22,75.28,694738
01/26/2007,75.09,75.59,74.88,75.36,1205134
01/29/2007,75.29,76.86,75.11,76.68,2344164
01/30/2007,78.48,81.3,78.1,81.23,4846782
01/31/2007,79.52,81.18,79.38,80.62,2990139
02/01/2007,79.8,80.49,79.35,79.51,2787841
02/02/2007,79.5,80.09,78.87,79.19,1188011
02/05/2007,79.2,80.33,79,80.18,2154621
02/06/2007,79.87,80.52,79.65,80.35,1536992
02/07/2007,80.05,81.48,79.91,81.44,2019690
02/08/2007,81.92,82.34,81.41,81.45,2593351
02/09/2007,80.69,81.26,79.87,80.17,1167112
02/12/2007,80.11,80.11,79.07,79.68,917672
02/13/2007,79.48,80.75,79.21,80.55,1275273
02/14/2007,80.47,81.31,80.31,80.95,1460585
02/15/2007,80.79,81.27,80.07,81.17,1450283
02/16/2007,80.83,81.31,80.25,81.28,956732
02/20/2007,81.74,83.48,81.29,83.07,2455576
02/21/2007,82.57,82.66,81.59,82.2,1330588
02/22/2007,82.18,82.5,81.58,82.25,1061097
02/23/2007,81.95,82.14,81.4,81.82,677512
02/26/2007,81.98,82.07,81.4,81.71,531630
02/27/2007,81.14,81.55,78.22,80.13,1476485
02/28/2007,80.12,81.29,79.8,80.63,1021483
03/01/2007,79.64,80.95,79.31,80.36,766463
03/02/2007,80.31,80.99,79.89,80.3,908780
03/05/2007,79.3,79.85,79.13,79.58,1751935
03/06/2007,79.8,80.37,79.22,80.16,1282847
03/07/2007,80.14,80.47,79.73,79.94,841016
03/08/2007,80.28,81.31,80.04,81.17,1468595
03/09/2007,81.22,81.31,80.66,80.97,825014
03/12/2007,81.05,81.81,80.29,81.59,926608
03/13/2007,80.92,82.45,80.92,81.28,1334830
03/14/2007,81.36,82.25,81.04,81.79,1487925
03/15/2007,81.6,82.07,81.26,81.97,741771
03/16/2007,82.25,82.57,81.48,81.77,1210085
03/19/2007,82.13,82.56,81.65,82.45,879203
03/20/2007,82.87,84.38,82.5,84.01,1991150
03/21/2007,83.67,83.67,82.3,83.26,2206296
03/22/2007,83.48,83.51,82.89,83.18,1744954
03/23/2007,83.27,83.37,82.58,83.13,949502
03/26/2007,83.1,83.31,82.18,82.51,1285404
03/27/2007,82.27,82.57,81.73,82.09,1067199
03/28/2007,81.9,82.28,81.36,81.8,890637
03/29/2007,82.44,82.67,81.63,82.02,803297
03/30/2007,81.8,82.28,81.45,81.73,1128634
04/02/2007,82.04,82.46,81.5,82.01,769943
04/03/2007,82.27,83.63,82.25,83.4,1614253
04/04/2007,83.24,84.55,82.97,84.35,1284414
04/05/2007,84.31,84.41,83.75,84.24,733495
04/09/2007,85.19,85.19,83.71,84.51,784298
04/10/2007,84.49,85.13,84.35,84.68,1077968
04/11/2007,84.81,84.81,83.73,84.39,1022748
04/12/2007,84.39,85.23,84.01,85.16,749574
04/13/2007,85.23,85.51,83.99,84.15,958999
04/16/2007,84.42,85.11,84.08,84.84,983356
04/17/2007,84.63,86.06,84.51,85.63,1115364
04/18/2007,85.09,85.29,84.09,85.04,1364457
04/19/2007,84.6,85,82.53,83.2,1655873
04/20/2007,84.2,84.2,82.91,83.3,1982011
04/23/2007,83.47,84.23,82.95,84.05,904190
04/24/2007,84.38,85.29,83.76,85.1,1529806
04/25/2007,85.59,85.59,84.71,84.89,1021527
04/26/2007,87.87,90.28,87.51,87.93,3596257
04/27/2007,87.86,89.24,86.66,87.06,2314272
04/30/2007,87.08,87.65,86.41,86.58,1358414
05/01/2007,85.8,85.85,84.09,84.79,3720153
05/02/2007,84.68,85.4,84.42,85.16,2720961
05/03/2007,85.51,87.04,85.04,86.98,2079799
05/04/2007,87.07,87.78,86.05,86.51,1630140
05/07/2007,86.54,87.16,86.51,86.84,747172
05/08/2007,86.38,87.25,85.99,87.03,1325593
05/09/2007,86.69,87.24,86.16,87.06,986911
05/10/2007,86.5,86.88,85.76,86.42,1336878
05/11/2007,86.26,86.33,85.68,86.08,796597
05/14/2007,86.02,86.88,85.23,85.45,1862610
05/15/2007,85.71,86.43,85.49,85.59,1120187
05/16/2007,85.64,86.67,85.45,86.67,855707
05/17/2007,86.58,86.67,85.8,85.97,986921
05/18/2007,86.18,86.6,85.53,86.11,1216528
05/21/2007,86.23,86.37,85.85,86.17,1006463
05/22/2007,86.75,87.53,85.88,86.35,1764272
05/23/2007,86.23,87.15,85.95,86.04,772199
05/24/2007,86.26,87.03,85.57,85.75,720031
05/25/2007,85.9,86.15,85.74,85.87,577990
05/29/2007,86.12,86.39,85.17,85.7,1023779
05/30/2007,85.7,85.71,84.93,85.16,1780177
05/31/2007,85.41,85.69,84.06,84.21,1984388
06/01/2007,84.29,84.83,83.85,84.27,1312417
06/04/2007,83.53,85.01,83.53,84.53,2223228
06/05/2007,83.28,84.51,82.65,83.56,2026853
06/06/2007,83.1,83.29,82.1,83.03,2873850
06/07/2007,82.42,83.02,80.64,80.9,2416870
06/08/2007,80.95,81.6,80.62,81.4,2142711
06/11/2007,81.52,81.58,81.1,81.29,1477463
06/12/2007,80.94,81.43,80.05,80.74,1520541
06/13/2007,80.76,81.89,80.38,81.71,1700421
06/14/2007,81.84,82.6,81.73,82.13,1850272
06/15/2007,82.83,83.23,82.15,82.37,2002576
06/18/2007,82.31,83.56,82.23,83.17,2229282
06/19/2007,82.76,83.73,82.53,83.39,1160948
06/20/2007,83.62,83.63,82.36,82.4,1583917
06/21/2007,81.96,82.77,81.81,82.22,1517202
06/22/2007,82.01,82.19,81.21,81.51,2117622
06/25/2007,81.79,81.99,80.16,80.43,1652758
06/26/2007,80.8,81.27,80.57,80.72,1900887
06/27/2007,80.1,81,80.1,80.95,1109960
06/28/2007,80.76,81.65,80.37,81.27,1285634
06/29/2007,81.29,82.18,81.05,81.2,1571610
